t,px,py,pz,vx,vy,vz,qw,qx,qy,qz
0.000000,0.000000,0.000000,3.000000,1.200000,1.600000,0.120000,0.999115,0.000000,0.042061,0.000000
0.010000,0.012000,0.016000,3.001200,1.199998,1.599987,0.120000,0.999109,0.000407,0.042196,0.000282
0.020000,0.024000,0.032000,3.002400,1.199990,1.599949,0.119999,0.999103,0.000814,0.042329,0.000564
0.030000,0.036000,0.047999,3.003600,1.199978,1.599885,0.119999,0.999097,0.001221,0.042462,0.000846
0.040000,0.047999,0.063997,3.004800,1.199962,1.599795,0.119998,0.999090,0.001627,0.042594,0.001127
0.050000,0.059999,0.079995,3.006000,1.199940,1.599680,0.119997,0.999084,0.002034,0.042726,0.001409
0.060000,0.071998,0.095991,3.007200,1.199914,1.599539,0.119995,0.999077,0.002440,0.042856,0.001690
0.070000,0.083997,0.111985,3.008400,1.199882,1.599373,0.119993,0.999070,0.002846,0.042986,0.001972
0.080000,0.095996,0.127978,3.009600,1.199846,1.599181,0.119991,0.999062,0.003252,0.043115,0.002253
0.090000,0.107994,0.143969,3.010800,1.199806,1.598963,0.119989,0.999055,0.003657,0.043242,0.002534
0.100000,0.119992,0.159957,3.012000,1.199760,1.598720,0.119987,0.999047,0.004063,0.043370,0.002815
0.110000,0.131989,0.175943,3.013199,1.199710,1.598451,0.119984,0.999039,0.004468,0.043496,0.003096
0.120000,0.143986,0.191926,3.014399,1.199654,1.598157,0.119981,0.999031,0.004872,0.043621,0.003377
0.130000,0.155982,0.207906,3.015599,1.199594,1.597837,0.119977,0.999022,0.005277,0.043746,0.003658
0.140000,0.167978,0.223883,3.016799,1.199530,1.597492,0.119974,0.999013,0.005681,0.043869,0.003938
0.150000,0.179973,0.239856,3.017998,1.199460,1.597121,0.119970,0.999004,0.006084,0.043992,0.004219
0.160000,0.191967,0.255825,3.019198,1.199386,1.596724,0.119965,0.998995,0.006488,0.044114,0.004499
0.170000,0.203961,0.271790,3.020398,1.199306,1.596302,0.119961,0.998986,0.006891,0.044235,0.004780
0.180000,0.215953,0.287751,3.021597,1.199222,1.595855,0.119956,0.998976,0.007293,0.044356,0.005060
0.190000,0.227945,0.303707,3.022797,1.199134,1.595381,0.119951,0.998967,0.007695,0.044475,0.005340
0.200000,0.239936,0.319659,3.023996,1.199040,1.594883,0.119946,0.998957,0.008097,0.044593,0.005620
0.210000,0.251926,0.335605,3.025196,1.198942,1.594359,0.119940,0.998946,0.008498,0.044711,0.005901
0.220000,0.263915,0.351546,3.026395,1.198839,1.593809,0.119935,0.998936,0.008899,0.044828,0.006180
0.230000,0.275903,0.367481,3.027595,1.198731,1.593234,0.119929,0.998925,0.009299,0.044944,0.006460
0.240000,0.287889,0.383410,3.028794,1.198618,1.592633,0.119922,0.998915,0.009698,0.045059,0.006740
0.250000,0.299875,0.399334,3.029993,1.198500,1.592007,0.119916,0.998903,0.010097,0.045173,0.007020
0.260000,0.311859,0.415250,3.031192,1.198378,1.591355,0.119909,0.998892,0.010496,0.045286,0.007300
0.270000,0.323843,0.431161,3.032391,1.198251,1.590678,0.119902,0.998881,0.010893,0.045398,0.007579
0.280000,0.335824,0.447064,3.033590,1.198119,1.589975,0.119894,0.998869,0.011291,0.045509,0.007859
0.290000,0.347805,0.462960,3.034789,1.197982,1.589247,0.119886,0.998857,0.011687,0.045620,0.008138
0.300000,0.359784,0.478849,3.035988,1.197841,1.588494,0.119879,0.998845,0.012083,0.045729,0.008418
0.310000,0.371762,0.494730,3.037187,1.197694,1.587715,0.119870,0.998833,0.012479,0.045838,0.008697
0.320000,0.383738,0.510603,3.038385,1.197543,1.586911,0.119862,0.998821,0.012873,0.045946,0.008977
0.330000,0.395713,0.526468,3.039584,1.197387,1.586081,0.119853,0.998808,0.013267,0.046052,0.009256
0.340000,0.407686,0.542325,3.040782,1.197227,1.585226,0.119844,0.998795,0.013660,0.046158,0.009535
0.350000,0.419657,0.558172,3.041981,1.197061,1.584346,0.119835,0.998782,0.014052,0.046263,0.009814
0.360000,0.431627,0.574011,3.043179,1.196891,1.583440,0.119825,0.998769,0.014444,0.046367,0.010093
0.370000,0.443595,0.589841,3.044377,1.196716,1.582509,0.119815,0.998756,0.014835,0.046470,0.010372
0.380000,0.455561,0.605661,3.045575,1.196536,1.581552,0.119805,0.998742,0.015225,0.046573,0.010652
0.390000,0.467526,0.621472,3.046773,1.196351,1.580571,0.119795,0.998728,0.015614,0.046674,0.010931
0.400000,0.479488,0.637273,3.047971,1.196162,1.579564,0.119784,0.998714,0.016003,0.046774,0.011209
0.410000,0.491449,0.653063,3.049169,1.195968,1.578531,0.119773,0.998700,0.016390,0.046873,0.011488
0.420000,0.503408,0.668843,3.050367,1.195769,1.577474,0.119762,0.998686,0.016777,0.046972,0.011767
0.430000,0.515364,0.684613,3.051564,1.195565,1.576391,0.119750,0.998672,0.017162,0.047069,0.012046
0.440000,0.527319,0.700371,3.052762,1.195357,1.575283,0.119739,0.998657,0.017547,0.047166,0.012325
0.450000,0.539271,0.716118,3.053959,1.195143,1.574150,0.119727,0.998642,0.017931,0.047261,0.012604
0.460000,0.551222,0.731854,3.055156,1.194925,1.572992,0.119714,0.998627,0.018314,0.047356,0.012883
0.470000,0.563170,0.747578,3.056353,1.194702,1.571808,0.119702,0.998612,0.018696,0.047449,0.013161
0.480000,0.575116,0.763290,3.057550,1.194475,1.570599,0.119689,0.998597,0.019077,0.047542,0.013440
0.490000,0.587059,0.778990,3.058747,1.194242,1.569365,0.119676,0.998581,0.019457,0.047633,0.013719
0.500000,0.599000,0.794677,3.059944,1.194005,1.568107,0.119663,0.998565,0.019836,0.047724,0.013997
0.510000,0.610939,0.810352,3.061140,1.193763,1.566822,0.119649,0.998550,0.020214,0.047814,0.014276
0.520000,0.622876,0.826014,3.062337,1.193516,1.565513,0.119635,0.998534,0.020591,0.047903,0.014555
0.530000,0.634810,0.841662,3.063533,1.193265,1.564179,0.119621,0.998518,0.020966,0.047990,0.014833
0.540000,0.646741,0.857297,3.064729,1.193008,1.562820,0.119607,0.998501,0.021341,0.048077,0.015112
0.550000,0.658670,0.872918,3.065925,1.192747,1.561436,0.119592,0.998485,0.021715,0.048163,0.015391
0.560000,0.670596,0.888526,3.067121,1.192481,1.560027,0.119577,0.998468,0.022087,0.048248,0.015669
0.570000,0.682519,0.904119,3.068317,1.192211,1.558593,0.119562,0.998451,0.022458,0.048331,0.015948
0.580000,0.694440,0.919698,3.069512,1.191935,1.557134,0.119546,0.998435,0.022828,0.048414,0.016227
0.590000,0.706358,0.935262,3.070708,1.191655,1.555650,0.119530,0.998418,0.023197,0.048496,0.016505
0.600000,0.718273,0.950811,3.071903,1.191370,1.554141,0.119514,0.998400,0.023565,0.048577,0.016784
0.610000,0.730186,0.966344,3.073098,1.191081,1.552607,0.119498,0.998383,0.023931,0.048656,0.017063
0.620000,0.742095,0.981863,3.074293,1.190786,1.551048,0.119481,0.998366,0.024296,0.048735,0.017341
0.630000,0.754001,0.997365,3.075488,1.190487,1.549465,0.119465,0.998348,0.024660,0.048813,0.017620
0.640000,0.765905,1.012852,3.076682,1.190183,1.547857,0.119447,0.998330,0.025023,0.048890,0.017899
0.650000,0.777805,1.028322,3.077876,1.189874,1.546224,0.119430,0.998312,0.025384,0.048965,0.018177
0.660000,0.789702,1.043776,3.079071,1.189561,1.544566,0.119412,0.998294,0.025744,0.049040,0.018456
0.670000,0.801596,1.059213,3.080265,1.189243,1.542884,0.119394,0.998276,0.026103,0.049114,0.018735
0.680000,0.813487,1.074634,3.081459,1.188919,1.541177,0.119376,0.998258,0.026461,0.049186,0.019014
0.690000,0.825374,1.090037,3.082652,1.188592,1.539445,0.119358,0.998240,0.026817,0.049258,0.019293
0.700000,0.837259,1.105423,3.083846,1.188259,1.537689,0.119339,0.998221,0.027171,0.049328,0.019571
0.710000,0.849140,1.120791,3.085039,1.187922,1.535908,0.119320,0.998202,0.027524,0.049398,0.019850
0.720000,0.861017,1.136141,3.086232,1.187580,1.534102,0.119301,0.998184,0.027876,0.049466,0.020129
0.730000,0.872891,1.151473,3.087425,1.187233,1.532272,0.119281,0.998165,0.028227,0.049534,0.020408
0.740000,0.884762,1.166786,3.088618,1.186882,1.530417,0.119261,0.998146,0.028576,0.049600,0.020687
0.750000,0.896629,1.182081,3.089810,1.186525,1.528538,0.119241,0.998127,0.028923,0.049665,0.020966
0.760000,0.908492,1.197357,3.091003,1.186164,1.526635,0.119221,0.998108,0.029269,0.049730,0.021245
0.770000,0.920352,1.212613,3.092195,1.185799,1.524707,0.119200,0.998088,0.029614,0.049793,0.021524
0.780000,0.932208,1.227851,3.093387,1.185428,1.522754,0.119180,0.998069,0.029957,0.049855,0.021803
0.790000,0.944061,1.243068,3.094578,1.185053,1.520778,0.119158,0.998049,0.030298,0.049916,0.022083
0.800000,0.955909,1.258266,3.095770,1.184673,1.518777,0.119137,0.998030,0.030638,0.049976,0.022362
0.810000,0.967754,1.273444,3.096961,1.184288,1.516751,0.119115,0.998010,0.030976,0.050035,0.022641
0.820000,0.979595,1.288601,3.098152,1.183899,1.514702,0.119093,0.997990,0.031313,0.050093,0.022920
0.830000,0.991432,1.303738,3.099343,1.183504,1.512628,0.119071,0.997971,0.031648,0.050150,0.023200
0.840000,1.003265,1.318854,3.100533,1.183105,1.510530,0.119049,0.997951,0.031982,0.050206,0.023479
0.850000,1.015094,1.333948,3.101724,1.182702,1.508407,0.119026,0.997930,0.032314,0.050261,0.023759
0.860000,1.026919,1.349022,3.102914,1.182293,1.506261,0.119003,0.997910,0.032644,0.050314,0.024038
0.870000,1.038740,1.364074,3.104104,1.181880,1.504091,0.118980,0.997890,0.032972,0.050367,0.024318
0.880000,1.050557,1.379103,3.105294,1.181462,1.501896,0.118956,0.997870,0.033299,0.050418,0.024598
0.890000,1.062369,1.394111,3.106483,1.181040,1.499677,0.118932,0.997849,0.033625,0.050469,0.024878
0.900000,1.074177,1.409097,3.107672,1.180612,1.497435,0.118908,0.997829,0.033948,0.050518,0.025157
0.910000,1.085981,1.424060,3.108861,1.180180,1.495168,0.118884,0.997808,0.034270,0.050566,0.025437
0.920000,1.097781,1.439000,3.110050,1.179744,1.492878,0.118859,0.997788,0.034590,0.050613,0.025717
0.930000,1.109576,1.453917,3.111238,1.179302,1.490564,0.118834,0.997767,0.034908,0.050659,0.025997
0.940000,1.121367,1.468811,3.112427,1.178856,1.488225,0.118809,0.997746,0.035225,0.050704,0.026278
0.950000,1.133153,1.483682,3.113615,1.178405,1.485863,0.118784,0.997726,0.035540,0.050748,0.026558
0.960000,1.144935,1.498529,3.114802,1.177949,1.483478,0.118758,0.997705,0.035853,0.050791,0.026838
0.970000,1.156712,1.513351,3.115990,1.177489,1.481068,0.118732,0.997684,0.036164,0.050832,0.027119
0.980000,1.168485,1.528150,3.117177,1.177024,1.478635,0.118706,0.997663,0.036473,0.050873,0.027399
0.990000,1.180253,1.542924,3.118364,1.176554,1.476178,0.118679,0.997642,0.036781,0.050912,0.027680
1.000000,1.192016,1.557673,3.119551,1.176080,1.473698,0.118653,0.997621,0.037086,0.050950,0.027960
1.010000,1.203774,1.572398,3.120737,1.175601,1.471194,0.118625,0.997599,0.037390,0.050987,0.028241
1.020000,1.215528,1.587097,3.121923,1.175117,1.468666,0.118598,0.997578,0.037692,0.051023,0.028522
1.030000,1.227277,1.601771,3.123109,1.174628,1.466115,0.118571,0.997557,0.037992,0.051058,0.028803
1.040000,1.239021,1.616419,3.124294,1.174135,1.463540,0.118543,0.997536,0.038290,0.051092,0.029084
1.050000,1.250759,1.631042,3.125480,1.173637,1.460942,0.118515,0.997514,0.038586,0.051125,0.029365
1.060000,1.262493,1.645638,3.126665,1.173134,1.458321,0.118486,0.997493,0.038880,0.051156,0.029646
1.070000,1.274222,1.660208,3.127849,1.172627,1.455676,0.118458,0.997472,0.039172,0.051187,0.029928
1.080000,1.285946,1.674752,3.129034,1.172115,1.453008,0.118429,0.997450,0.039463,0.051216,0.030209
1.090000,1.297664,1.689268,3.130218,1.171598,1.450317,0.118400,0.997429,0.039751,0.051244,0.030491
1.100000,1.309378,1.703758,3.131402,1.171077,1.447603,0.118370,0.997407,0.040037,0.051271,0.030772
1.110000,1.321086,1.718220,3.132585,1.170551,1.444865,0.118341,0.997386,0.040322,0.051297,0.031054
1.120000,1.332789,1.732655,3.133769,1.170020,1.442104,0.118311,0.997364,0.040604,0.051321,0.031336
1.130000,1.344486,1.747062,3.134952,1.169485,1.439321,0.118280,0.997343,0.040884,0.051345,0.031618
1.140000,1.356178,1.761441,3.136134,1.168944,1.436514,0.118250,0.997321,0.041162,0.051367,0.031900
1.150000,1.367865,1.775792,3.137317,1.168400,1.433684,0.118219,0.997300,0.041438,0.051389,0.032182
1.160000,1.379546,1.790115,3.138499,1.167850,1.430831,0.118188,0.997278,0.041712,0.051409,0.032465
1.170000,1.391222,1.804409,3.139680,1.167296,1.427956,0.118157,0.997256,0.041984,0.051428,0.032747
1.180000,1.402892,1.818674,3.140862,1.166737,1.425057,0.118125,0.997235,0.042254,0.051445,0.033030
1.190000,1.414557,1.832910,3.142043,1.166174,1.422136,0.118093,0.997213,0.042522,0.051462,0.033313
1.200000,1.426216,1.847117,3.143224,1.165606,1.419192,0.118061,0.997191,0.042787,0.051478,0.033595
1.210000,1.437869,1.861294,3.144404,1.165033,1.416225,0.118029,0.997170,0.043051,0.051492,0.033878
1.220000,1.449516,1.875441,3.145584,1.164455,1.413236,0.117996,0.997148,0.043312,0.051505,0.034162
1.230000,1.461158,1.889558,3.146764,1.163873,1.410224,0.117963,0.997126,0.043571,0.051517,0.034445
1.240000,1.472794,1.903646,3.147944,1.163286,1.407189,0.117930,0.997105,0.043828,0.051528,0.034728
1.250000,1.484424,1.917702,3.149123,1.162695,1.404132,0.117897,0.997083,0.044083,0.051537,0.035012
1.260000,1.496048,1.931728,3.150301,1.162099,1.401053,0.117863,0.997062,0.044335,0.051546,0.035295
1.270000,1.507666,1.945723,3.151480,1.161498,1.397951,0.117829,0.997040,0.044585,0.051553,0.035579
1.280000,1.519278,1.959687,3.152658,1.160893,1.394826,0.117795,0.997018,0.044834,0.051559,0.035863
1.290000,1.530884,1.973620,3.153836,1.160283,1.391680,0.117760,0.996997,0.045079,0.051564,0.036147
1.300000,1.542483,1.987521,3.155013,1.159668,1.388511,0.117726,0.996975,0.045323,0.051568,0.036431
1.310000,1.554077,2.001390,3.156190,1.159049,1.385320,0.117691,0.996954,0.045564,0.051570,0.036715
1.320000,1.565664,2.015227,3.157367,1.158425,1.382106,0.117655,0.996932,0.045803,0.051572,0.037000
1.330000,1.577245,2.029032,3.158543,1.157796,1.378871,0.117620,0.996910,0.046040,0.051572,0.037285
1.340000,1.588820,2.042804,3.159719,1.157163,1.375613,0.117584,0.996889,0.046275,0.051571,0.037569
1.350000,1.600389,2.056544,3.160895,1.156525,1.372334,0.117548,0.996868,0.046507,0.051569,0.037854
1.360000,1.611951,2.070251,3.162070,1.155883,1.369032,0.117512,0.996846,0.046737,0.051565,0.038139
1.370000,1.623506,2.083925,3.163245,1.155236,1.365709,0.117475,0.996825,0.046964,0.051561,0.038424
1.380000,1.635055,2.097565,3.164420,1.154584,1.362364,0.117438,0.996803,0.047189,0.051555,0.038710
1.390000,1.646598,2.111172,3.165594,1.153927,1.358997,0.117401,0.996782,0.047412,0.051548,0.038995
1.400000,1.658134,2.124745,3.166768,1.153267,1.355608,0.117364,0.996761,0.047633,0.051540,0.039281
1.410000,1.669663,2.138284,3.167941,1.152601,1.352198,0.117326,0.996739,0.047851,0.051531,0.039567
1.420000,1.681186,2.151789,3.169114,1.151931,1.348766,0.117288,0.996718,0.048067,0.051520,0.039853
1.430000,1.692702,2.165259,3.170287,1.151256,1.345312,0.117250,0.996697,0.048280,0.051508,0.040139
1.440000,1.704211,2.178695,3.171459,1.150577,1.341837,0.117212,0.996676,0.048491,0.051495,0.040425
1.450000,1.715713,2.192096,3.172631,1.149893,1.338340,0.117173,0.996655,0.048699,0.051481,0.040711
1.460000,1.727209,2.205462,3.173803,1.149204,1.334822,0.117134,0.996634,0.048906,0.051466,0.040998
1.470000,1.738697,2.218792,3.174974,1.148511,1.331283,0.117095,0.996613,0.049109,0.051449,0.041285
1.480000,1.750179,2.232087,3.176145,1.147813,1.327722,0.117055,0.996592,0.049311,0.051431,0.041572
1.490000,1.761654,2.245346,3.177315,1.147111,1.324140,0.117015,0.996571,0.049509,0.051412,0.041859
1.500000,1.773121,2.258570,3.178485,1.146404,1.320537,0.116975,0.996550,0.049706,0.051392,0.042146
1.510000,1.784582,2.271757,3.179655,1.145692,1.316913,0.116935,0.996529,0.049900,0.051371,0.042433
1.520000,1.796035,2.284908,3.180824,1.144976,1.313267,0.116894,0.996509,0.050091,0.051348,0.042721
1.530000,1.807481,2.298022,3.181993,1.144255,1.309601,0.116854,0.996488,0.050280,0.051324,0.043008
1.540000,1.818920,2.311100,3.183161,1.143530,1.305914,0.116813,0.996467,0.050466,0.051299,0.043296
1.550000,1.830352,2.324141,3.184329,1.142800,1.302206,0.116771,0.996447,0.050650,0.051273,0.043584
1.560000,1.841776,2.337144,3.185496,1.142066,1.298476,0.116730,0.996426,0.050832,0.051245,0.043872
1.570000,1.853193,2.350110,3.186663,1.141327,1.294727,0.116688,0.996406,0.051011,0.051216,0.044161
1.580000,1.864603,2.363039,3.187830,1.140583,1.290956,0.116646,0.996386,0.051187,0.051186,0.044449
1.590000,1.876005,2.375929,3.188996,1.139835,1.287165,0.116603,0.996365,0.051361,0.051155,0.044738
1.600000,1.887399,2.388782,3.190162,1.139083,1.283353,0.116561,0.996345,0.051532,0.051123,0.045027
1.610000,1.898786,2.401596,3.191327,1.138325,1.279521,0.116518,0.996325,0.051701,0.051089,0.045316
1.620000,1.910166,2.414372,3.192492,1.137563,1.275668,0.116474,0.996305,0.051867,0.051054,0.045605
1.630000,1.921538,2.427109,3.193657,1.136797,1.271795,0.116431,0.996285,0.052031,0.051018,0.045894
1.640000,1.932902,2.439808,3.194821,1.136026,1.267901,0.116387,0.996265,0.052192,0.050980,0.046184
1.650000,1.944258,2.452467,3.195985,1.135251,1.263988,0.116343,0.996245,0.052350,0.050942,0.046473
1.660000,1.955607,2.465088,3.197148,1.134471,1.260054,0.116299,0.996226,0.052506,0.050902,0.046763
1.670000,1.966948,2.477668,3.198311,1.133686,1.256099,0.116255,0.996206,0.052659,0.050861,0.047053
1.680000,1.978280,2.490210,3.199473,1.132897,1.252125,0.116210,0.996186,0.052810,0.050819,0.047343
1.690000,1.989606,2.502711,3.200635,1.132104,1.248131,0.116165,0.996167,0.052958,0.050775,0.047634
1.700000,2.000923,2.515172,3.201796,1.131306,1.244116,0.116120,0.996147,0.053104,0.050730,0.047924
1.710000,2.012232,2.527593,3.202957,1.130503,1.240082,0.116074,0.996128,0.053247,0.050684,0.048215
1.720000,2.023533,2.539974,3.204118,1.129696,1.236028,0.116028,0.996109,0.053387,0.050637,0.048506
1.730000,2.034826,2.552314,3.205278,1.128884,1.231954,0.115982,0.996090,0.053524,0.050588,0.048797
1.740000,2.046110,2.564613,3.206437,1.128068,1.227861,0.115936,0.996071,0.053659,0.050539,0.049088
1.750000,2.057387,2.576871,3.207597,1.127247,1.223747,0.115889,0.996052,0.053792,0.050487,0.049380
1.760000,2.068655,2.589088,3.208755,1.126422,1.219615,0.115842,0.996033,0.053921,0.050435,0.049671
1.770000,2.079915,2.601263,3.209913,1.125592,1.215462,0.115795,0.996014,0.054048,0.050382,0.049963
1.780000,2.091167,2.613397,3.211071,1.124758,1.211291,0.115748,0.995995,0.054173,0.050327,0.050255
1.790000,2.102410,2.625489,3.212228,1.123919,1.207100,0.115700,0.995977,0.054294,0.050271,0.050547
1.800000,2.113645,2.637539,3.213385,1.123076,1.202889,0.115653,0.995958,0.054413,0.050214,0.050839
1.810000,2.124872,2.649546,3.214541,1.122228,1.198659,0.115604,0.995940,0.054530,0.050155,0.051131
1.820000,2.136090,2.661512,3.215697,1.121376,1.194411,0.115556,0.995922,0.054643,0.050095,0.051424
1.830000,2.147299,2.673435,3.216853,1.120520,1.190143,0.115507,0.995904,0.054754,0.050034,0.051717
1.840000,2.158500,2.685315,3.218007,1.119658,1.185856,0.115458,0.995885,0.054862,0.049972,0.052010
1.850000,2.169693,2.697152,3.219162,1.118793,1.181550,0.115409,0.995868,0.054968,0.049909,0.052303
1.860000,2.180876,2.708946,3.220316,1.117923,1.177225,0.115360,0.995850,0.055071,0.049844,0.052596
1.870000,2.192051,2.720696,3.221469,1.117048,1.172881,0.115310,0.995832,0.055171,0.049778,0.052889
1.880000,2.203217,2.732403,3.222622,1.116169,1.168519,0.115260,0.995814,0.055268,0.049711,0.053183
1.890000,2.214374,2.744066,3.223774,1.115286,1.164137,0.115210,0.995797,0.055363,0.049642,0.053477
1.900000,2.225523,2.755686,3.224926,1.114398,1.159738,0.115159,0.995779,0.055455,0.049572,0.053771
1.910000,2.236662,2.767261,3.226077,1.113505,1.155319,0.115109,0.995762,0.055544,0.049501,0.054065
1.920000,2.247793,2.778792,3.227228,1.112608,1.150882,0.115058,0.995744,0.055631,0.049429,0.054359
1.930000,2.258914,2.790279,3.228378,1.111707,1.146427,0.115006,0.995727,0.055715,0.049355,0.054653
1.940000,2.270027,2.801721,3.229528,1.110801,1.141954,0.114955,0.995710,0.055796,0.049281,0.054948
1.950000,2.281130,2.813118,3.230678,1.109891,1.137462,0.114903,0.995693,0.055874,0.049205,0.055243
1.960000,2.292225,2.824470,3.231826,1.108976,1.132952,0.114851,0.995677,0.055949,0.049127,0.055538
1.970000,2.303310,2.835777,3.232975,1.108057,1.128423,0.114799,0.995660,0.056022,0.049049,0.055833
1.980000,2.314386,2.847038,3.234122,1.107134,1.123877,0.114746,0.995643,0.056092,0.048969,0.056128
1.990000,2.325453,2.858254,3.235269,1.106206,1.119313,0.114693,0.995627,0.056160,0.048888,0.056423
2.000000,2.336510,2.869424,3.236416,1.105273,1.114731,0.114640,0.995610,0.056224,0.048805,0.056719
2.010000,2.347558,2.880549,3.237562,1.104336,1.110131,0.114587,0.995594,0.056286,0.048722,0.057015
2.020000,2.358597,2.891627,3.238708,1.103395,1.105513,0.114533,0.995578,0.056345,0.048637,0.057311
2.030000,2.369626,2.902659,3.239853,1.102450,1.100878,0.114480,0.995562,0.056401,0.048551,0.057607
2.040000,2.380646,2.913644,3.240997,1.101499,1.096225,0.114426,0.995546,0.056455,0.048464,0.057903
2.050000,2.391656,2.924583,3.242141,1.100545,1.091554,0.114371,0.995530,0.056506,0.048375,0.058199
2.060000,2.402657,2.935475,3.243285,1.099586,1.086866,0.114317,0.995514,0.056554,0.048285,0.058496
2.070000,2.413648,2.946321,3.244428,1.098623,1.082160,0.114262,0.995499,0.056599,0.048194,0.058793
2.080000,2.424629,2.957119,3.245570,1.097655,1.077438,0.114207,0.995483,0.056641,0.048101,0.059089
2.090000,2.435601,2.967869,3.246712,1.096683,1.072698,0.114151,0.995468,0.056681,0.048008,0.059386
2.100000,2.446563,2.978572,3.247853,1.095707,1.067941,0.114096,0.995452,0.056718,0.047913,0.059684
2.110000,2.457515,2.989228,3.248994,1.094726,1.063166,0.114040,0.995437,0.056752,0.047817,0.059981
2.120000,2.468457,2.999836,3.250134,1.093741,1.058375,0.113984,0.995422,0.056783,0.047719,0.060278
2.130000,2.479390,3.010395,3.251274,1.092751,1.053567,0.113927,0.995407,0.056812,0.047621,0.060576
2.140000,2.490312,3.020907,3.252413,1.091757,1.048742,0.113870,0.995392,0.056838,0.047521,0.060874
2.150000,2.501225,3.031370,3.253551,1.090759,1.043900,0.113814,0.995377,0.056861,0.047420,0.061172
2.160000,2.512127,3.041785,3.254689,1.089756,1.039041,0.113756,0.995363,0.056881,0.047317,0.061470
2.170000,2.523020,3.052151,3.255826,1.088749,1.034166,0.113699,0.995348,0.056898,0.047213,0.061768
2.180000,2.533902,3.062468,3.256963,1.087738,1.029275,0.113641,0.995334,0.056913,0.047108,0.062066
2.190000,2.544775,3.072736,3.258099,1.086722,1.024366,0.113583,0.995320,0.056925,0.047002,0.062365
2.200000,2.555637,3.082956,3.259234,1.085702,1.019442,0.113525,0.995305,0.056934,0.046895,0.062663
2.210000,2.566489,3.093125,3.260369,1.084678,1.014501,0.113467,0.995291,0.056940,0.046786,0.062962
2.220000,2.577330,3.103245,3.261504,1.083649,1.009544,0.113408,0.995277,0.056944,0.046676,0.063261
2.230000,2.588162,3.113316,3.262638,1.082616,1.004571,0.113349,0.995263,0.056944,0.046565,0.063560
2.240000,2.598983,3.123337,3.263771,1.081578,0.999581,0.113290,0.995250,0.056942,0.046452,0.063859
2.250000,2.609793,3.133308,3.264903,1.080537,0.994576,0.113230,0.995236,0.056938,0.046339,0.064158
2.260000,2.620593,3.143228,3.266035,1.079490,0.989555,0.113171,0.995222,0.056930,0.046224,0.064458
2.270000,2.631383,3.153099,3.267167,1.078440,0.984518,0.113111,0.995209,0.056920,0.046107,0.064757
2.280000,2.642162,3.162919,3.268298,1.077385,0.979465,0.113050,0.995196,0.056906,0.045990,0.065057
2.290000,2.652931,3.172688,3.269428,1.076326,0.974396,0.112990,0.995182,0.056891,0.045871,0.065357
2.300000,2.663689,3.182406,3.270557,1.075263,0.969312,0.112929,0.995169,0.056872,0.045751,0.065657
2.310000,2.674436,3.192074,3.271686,1.074195,0.964213,0.112868,0.995156,0.056850,0.045630,0.065957
2.320000,2.685173,3.201691,3.272815,1.073123,0.959098,0.112807,0.995143,0.056826,0.045507,0.066257
2.330000,2.695898,3.211256,3.273942,1.072047,0.953967,0.112745,0.995130,0.056799,0.045384,0.066557
2.340000,2.706613,3.220770,3.275070,1.070967,0.948822,0.112684,0.995118,0.056769,0.045259,0.066858
2.350000,2.717318,3.230232,3.276196,1.069882,0.943661,0.112622,0.995105,0.056737,0.045133,0.067158
2.360000,2.728011,3.239643,3.277322,1.068793,0.938485,0.112559,0.995092,0.056702,0.045005,0.067459
2.370000,2.738694,3.249002,3.278447,1.067700,0.933294,0.112497,0.995080,0.056664,0.044876,0.067760
2.380000,2.749365,3.258309,3.279572,1.066602,0.928088,0.112434,0.995068,0.056623,0.044747,0.068061
2.390000,2.760026,3.267564,3.280696,1.065500,0.922867,0.112371,0.995055,0.056579,0.044615,0.068362
2.400000,2.770675,3.276766,3.281819,1.064394,0.917632,0.112308,0.995043,0.056533,0.044483,0.068663
2.410000,2.781313,3.285916,3.282942,1.063284,0.912382,0.112244,0.995031,0.056484,0.044349,0.068964
2.420000,2.791941,3.295014,3.284064,1.062169,0.907117,0.112180,0.995019,0.056432,0.044214,0.069265
2.430000,2.802557,3.304059,3.285186,1.061050,0.901838,0.112116,0.995007,0.056377,0.044078,0.069567
2.440000,2.813162,3.313051,3.286307,1.059927,0.896544,0.112052,0.994995,0.056320,0.043941,0.069868
2.450000,2.823755,3.321989,3.287427,1.058799,0.891236,0.111987,0.994984,0.056260,0.043802,0.070170
2.460000,2.834338,3.330875,3.288546,1.057668,0.885914,0.111923,0.994972,0.056197,0.043663,0.070472
2.470000,2.844909,3.339708,3.289665,1.056532,0.880577,0.111858,0.994960,0.056132,0.043522,0.070773
2.480000,2.855468,3.348487,3.290783,1.055392,0.875227,0.111792,0.994949,0.056063,0.043379,0.071075
2.490000,2.866016,3.357212,3.291901,1.054248,0.869862,0.111727,0.994938,0.055992,0.043236,0.071377
2.500000,2.876553,3.365884,3.293018,1.053099,0.864484,0.111661,0.994926,0.055919,0.043091,0.071679
2.510000,2.887078,3.374502,3.294134,1.051946,0.859091,0.111595,0.994915,0.055842,0.042945,0.071981
2.520000,2.897592,3.383066,3.295250,1.050789,0.853685,0.111529,0.994904,0.055763,0.042798,0.072284
2.530000,2.908094,3.391575,3.296365,1.049628,0.848266,0.111462,0.994893,0.055682,0.042650,0.072586
2.540000,2.918585,3.400031,3.297479,1.048463,0.842832,0.111395,0.994882,0.055597,0.042500,0.072888
2.550000,2.929063,3.408432,3.298593,1.047293,0.837386,0.111328,0.994871,0.055510,0.042350,0.073191
2.560000,2.939531,3.416779,3.299706,1.046120,0.831925,0.111261,0.994860,0.055420,0.042198,0.073493
2.570000,2.949986,3.425071,3.300818,1.044942,0.826452,0.111193,0.994849,0.055327,0.042044,0.073796
2.580000,2.960429,3.433308,3.301930,1.043760,0.820965,0.111125,0.994839,0.055232,0.041890,0.074099
2.590000,2.970861,3.441490,3.303040,1.042573,0.815465,0.111057,0.994828,0.055134,0.041734,0.074401
2.600000,2.981281,3.449617,3.304151,1.041383,0.809952,0.110989,0.994818,0.055034,0.041577,0.074704
2.610000,2.991689,3.457689,3.305260,1.040188,0.804427,0.110921,0.994807,0.054930,0.041419,0.075007
2.620000,3.002085,3.465705,3.306369,1.038990,0.798888,0.110852,0.994797,0.054824,0.041260,0.075310
2.630000,3.012468,3.473667,3.307477,1.037787,0.793336,0.110783,0.994786,0.054716,0.041100,0.075613
2.640000,3.022840,3.481572,3.308585,1.036580,0.787772,0.110713,0.994776,0.054605,0.040938,0.075916
2.650000,3.033200,3.489422,3.309692,1.035368,0.782195,0.110644,0.994766,0.054491,0.040775,0.076219
2.660000,3.043548,3.497216,3.310798,1.034153,0.776606,0.110574,0.994756,0.054374,0.040611,0.076522
2.670000,3.053883,3.504954,3.311903,1.032934,0.771004,0.110504,0.994745,0.054255,0.040446,0.076825
2.680000,3.064206,3.512636,3.313008,1.031710,0.765390,0.110434,0.994735,0.054133,0.040280,0.077129
2.690000,3.074517,3.520262,3.314112,1.030482,0.759764,0.110363,0.994725,0.054009,0.040112,0.077432
2.700000,3.084816,3.527831,3.315215,1.029250,0.754125,0.110292,0.994715,0.053882,0.039943,0.077735
2.710000,3.095102,3.535344,3.316318,1.028014,0.748475,0.110221,0.994705,0.053752,0.039773,0.078039
2.720000,3.105376,3.542801,3.317419,1.026774,0.742812,0.110150,0.994695,0.053620,0.039602,0.078342
2.730000,3.115638,3.550200,3.318521,1.025530,0.737138,0.110078,0.994686,0.053485,0.039430,0.078645
2.740000,3.125887,3.557543,3.319621,1.024282,0.731452,0.110007,0.994676,0.053348,0.039256,0.078949
2.750000,3.136123,3.564829,3.320721,1.023029,0.725754,0.109935,0.994666,0.053208,0.039082,0.079252
2.760000,3.146347,3.572058,3.321820,1.021773,0.720044,0.109862,0.994656,0.053066,0.038906,0.079556
2.770000,3.156559,3.579230,3.322918,1.020512,0.714323,0.109790,0.994647,0.052921,0.038729,0.079859
2.780000,3.166758,3.586345,3.324015,1.019248,0.708591,0.109717,0.994637,0.052773,0.038551,0.080163
2.790000,3.176944,3.593402,3.325112,1.017979,0.702847,0.109644,0.994627,0.052623,0.038372,0.080466
2.800000,3.187117,3.600402,3.326208,1.016706,0.697092,0.109571,0.994618,0.052470,0.038191,0.080770
2.810000,3.197278,3.607344,3.327304,1.015429,0.691326,0.109497,0.994608,0.052315,0.038009,0.081074
2.820000,3.207426,3.614228,3.328398,1.014148,0.685548,0.109423,0.994599,0.052157,0.037827,0.081377
2.830000,3.217561,3.621055,3.329492,1.012863,0.679760,0.109349,0.994589,0.051997,0.037643,0.081681
2.840000,3.227683,3.627823,3.330585,1.011574,0.673961,0.109275,0.994580,0.051834,0.037458,0.081984
2.850000,3.237792,3.634534,3.331678,1.010281,0.668151,0.109201,0.994570,0.051669,0.037271,0.082288
2.860000,3.247889,3.641186,3.332769,1.008984,0.662331,0.109126,0.994561,0.051501,0.037084,0.082591
2.870000,3.257972,3.647781,3.333860,1.007683,0.656499,0.109051,0.994551,0.051331,0.036896,0.082895
2.880000,3.268042,3.654316,3.334950,1.006378,0.650658,0.108976,0.994542,0.051158,0.036706,0.083198
2.890000,3.278099,3.660794,3.336040,1.005068,0.644806,0.108900,0.994532,0.050983,0.036515,0.083502
2.900000,3.288144,3.667212,3.337128,1.003755,0.638943,0.108824,0.994523,0.050806,0.036323,0.083805
2.910000,3.298175,3.673573,3.338216,1.002438,0.633071,0.108748,0.994514,0.050626,0.036130,0.084109
2.920000,3.308192,3.679874,3.339303,1.001117,0.627188,0.108672,0.994504,0.050443,0.035936,0.084412
2.930000,3.318197,3.686116,3.340390,0.999791,0.621295,0.108596,0.994495,0.050258,0.035741,0.084716
2.940000,3.328188,3.692300,3.341475,0.998462,0.615392,0.108519,0.994485,0.050071,0.035545,0.085019
2.950000,3.338166,3.698424,3.342560,0.997129,0.609480,0.108442,0.994476,0.049881,0.035347,0.085323
2.960000,3.348131,3.704489,3.343644,0.995792,0.603557,0.108365,0.994467,0.049689,0.035149,0.085626
2.970000,3.358082,3.710495,3.344727,0.994450,0.597625,0.108287,0.994457,0.049495,0.034949,0.085929
2.980000,3.368020,3.716442,3.345810,0.993105,0.591684,0.108210,0.994448,0.049298,0.034748,0.086232
2.990000,3.377944,3.722329,3.346891,0.991756,0.585733,0.108132,0.994438,0.049099,0.034546,0.086536
3.000000,3.387855,3.728156,3.347972,0.990403,0.579772,0.108054,0.994429,0.048898,0.034343,0.086839
3.010000,3.397752,3.733924,3.349053,0.989046,0.573803,0.107975,0.994419,0.048694,0.034139,0.087142
3.020000,3.407636,3.739632,3.350132,0.987685,0.567824,0.107897,0.994410,0.048487,0.033934,0.087445
3.030000,3.417506,3.745281,3.351211,0.986320,0.561836,0.107818,0.994400,0.048279,0.033728,0.087748
3.040000,3.427362,3.750869,3.352288,0.984951,0.555839,0.107739,0.994391,0.048068,0.033521,0.088051
3.050000,3.437205,3.756397,3.353365,0.983578,0.549833,0.107659,0.994381,0.047855,0.033312,0.088354
3.060000,3.447034,3.761866,3.354441,0.982201,0.543819,0.107580,0.994371,0.047640,0.033103,0.088657
3.070000,3.456849,3.767274,3.355517,0.980820,0.537795,0.107500,0.994362,0.047422,0.032892,0.088959
3.080000,3.466650,3.772622,3.356591,0.979435,0.531763,0.107420,0.994352,0.047202,0.032681,0.089262
3.090000,3.476437,3.777909,3.357665,0.978047,0.525723,0.107339,0.994342,0.046980,0.032468,0.089565
3.100000,3.486211,3.783136,3.358738,0.976654,0.519674,0.107259,0.994333,0.046756,0.032254,0.089867
3.110000,3.495971,3.788302,3.359810,0.975258,0.513617,0.107178,0.994323,0.046529,0.032040,0.090170
3.120000,3.505716,3.793408,3.360882,0.973857,0.507552,0.107097,0.994313,0.046300,0.031824,0.090472
3.130000,3.515448,3.798453,3.361952,0.972453,0.501478,0.107015,0.994303,0.046069,0.031607,0.090774
3.140000,3.525165,3.803438,3.363022,0.971045,0.495397,0.106934,0.994293,0.045836,0.031389,0.091076
3.150000,3.534869,3.808361,3.364091,0.969633,0.489307,0.106852,0.994283,0.045600,0.031170,0.091379
3.160000,3.544558,3.813224,3.365159,0.968217,0.483210,0.106770,0.994273,0.045363,0.030950,0.091680
3.170000,3.554233,3.818026,3.366226,0.966797,0.477105,0.106688,0.994263,0.045123,0.030729,0.091982
3.180000,3.563894,3.822766,3.367293,0.965374,0.470992,0.106605,0.994253,0.044881,0.030507,0.092284
3.190000,3.573540,3.827445,3.368359,0.963946,0.464872,0.106522,0.994243,0.044637,0.030284,0.092586
3.200000,3.583173,3.832063,3.369423,0.962515,0.458744,0.106439,0.994232,0.044391,0.030060,0.092887
3.210000,3.592791,3.836620,3.370487,0.961080,0.452609,0.106356,0.994222,0.044143,0.029835,0.093189
3.220000,3.602394,3.841116,3.371550,0.959641,0.446467,0.106273,0.994211,0.043892,0.029609,0.093490
3.230000,3.611983,3.845550,3.372613,0.958198,0.440318,0.106189,0.994201,0.043640,0.029382,0.093791
3.240000,3.621558,3.849922,3.373674,0.956751,0.434161,0.106105,0.994190,0.043385,0.029154,0.094093
3.250000,3.631118,3.854233,3.374735,0.955301,0.427998,0.106021,0.994180,0.043129,0.028925,0.094393
3.260000,3.640664,3.858482,3.375795,0.953846,0.421828,0.105936,0.994169,0.042870,0.028695,0.094694
3.270000,3.650195,3.862669,3.376854,0.952388,0.415651,0.105852,0.994158,0.042610,0.028465,0.094995
3.280000,3.659712,3.866795,3.377912,0.950926,0.409467,0.105767,0.994147,0.042347,0.028233,0.095296
3.290000,3.669214,3.870859,3.378969,0.949460,0.403277,0.105682,0.994136,0.042083,0.028000,0.095596
3.300000,3.678701,3.874860,3.380025,0.947991,0.397081,0.105596,0.994125,0.041816,0.027766,0.095896
3.310000,3.688174,3.878800,3.381081,0.946517,0.390878,0.105511,0.994114,0.041547,0.027531,0.096196
3.320000,3.697631,3.882678,3.382136,0.945040,0.384669,0.105425,0.994102,0.041277,0.027295,0.096497
3.330000,3.707074,3.886494,3.383189,0.943559,0.378453,0.105339,0.994091,0.041004,0.027059,0.096796
3.340000,3.716503,3.890247,3.384242,0.942074,0.372232,0.105252,0.994080,0.040730,0.026821,0.097096
3.350000,3.725916,3.893938,3.385294,0.940586,0.366004,0.105166,0.994068,0.040454,0.026582,0.097396
3.360000,3.735314,3.897567,3.386346,0.939094,0.359771,0.105079,0.994056,0.040175,0.026343,0.097695
3.370000,3.744698,3.901134,3.387396,0.937598,0.353532,0.104992,0.994044,0.039895,0.026102,0.097994
3.380000,3.754066,3.904638,3.388445,0.936098,0.347288,0.104905,0.994032,0.039613,0.025861,0.098293
3.390000,3.763420,3.908079,3.389494,0.934594,0.341038,0.104817,0.994020,0.039330,0.025619,0.098592
3.400000,3.772758,3.911458,3.390542,0.933087,0.334782,0.104729,0.994008,0.039044,0.025376,0.098891
3.410000,3.782081,3.914775,3.391589,0.931576,0.328521,0.104641,0.993996,0.038756,0.025132,0.099189
3.420000,3.791390,3.918029,3.392635,0.930062,0.322255,0.104553,0.993983,0.038467,0.024887,0.099488
3.430000,3.800683,3.921220,3.393680,0.928543,0.315983,0.104465,0.993971,0.038176,0.024641,0.099786
3.440000,3.809961,3.924348,3.394724,0.927021,0.309707,0.104376,0.993958,0.037883,0.024394,0.100084
3.450000,3.819223,3.927414,3.395767,0.925495,0.303425,0.104287,0.993945,0.037589,0.024146,0.100382
3.460000,3.828470,3.930417,3.396810,0.923966,0.297139,0.104198,0.993933,0.037292,0.023898,0.100679
3.470000,3.837702,3.933357,3.397851,0.922432,0.290848,0.104108,0.993919,0.036994,0.023648,0.100977
3.480000,3.846919,3.936234,3.398892,0.920896,0.284552,0.104019,0.993906,0.036694,0.023398,0.101274
3.490000,3.856120,3.939048,3.399932,0.919355,0.278252,0.103929,0.993893,0.036393,0.023147,0.101571
3.500000,3.865306,3.941799,3.400970,0.917811,0.271947,0.103839,0.993879,0.036089,0.022895,0.101868
3.510000,3.874476,3.944487,3.402008,0.916263,0.265638,0.103749,0.993866,0.035784,0.022642,0.102165
3.520000,3.883631,3.947112,3.403045,0.914711,0.259325,0.103658,0.993852,0.035478,0.022388,0.102461
3.530000,3.892771,3.949673,3.404081,0.913156,0.253008,0.103567,0.993838,0.035170,0.022134,0.102757
3.540000,3.901894,3.952172,3.405117,0.911597,0.246686,0.103476,0.993824,0.034860,0.021879,0.103053
3.550000,3.911003,3.954607,3.406151,0.910034,0.240361,0.103385,0.993810,0.034548,0.021622,0.103349
3.560000,3.920095,3.956979,3.407184,0.908468,0.234031,0.103293,0.993795,0.034235,0.021365,0.103645
3.570000,3.929172,3.959288,3.408217,0.906898,0.227698,0.103202,0.993781,0.033921,0.021108,0.103940
3.580000,3.938233,3.961533,3.409248,0.905325,0.221362,0.103110,0.993766,0.033604,0.020849,0.104235
3.590000,3.947278,3.963715,3.410279,0.903748,0.215022,0.103017,0.993751,0.033287,0.020590,0.104530
3.600000,3.956308,3.965833,3.411309,0.902167,0.208678,0.102925,0.993736,0.032967,0.020329,0.104825
3.610000,3.965322,3.967888,3.412338,0.900583,0.202331,0.102832,0.993721,0.032647,0.020068,0.105119
3.620000,3.974320,3.969880,3.413365,0.898995,0.195981,0.102739,0.993706,0.032324,0.019807,0.105413
3.630000,3.983302,3.971808,3.414392,0.897403,0.189627,0.102646,0.993690,0.032000,0.019544,0.105707
3.640000,3.992268,3.973673,3.415418,0.895808,0.183271,0.102553,0.993674,0.031675,0.019281,0.106001
3.650000,4.001218,3.975473,3.416443,0.894209,0.176912,0.102459,0.993658,0.031349,0.019017,0.106294
3.660000,4.010152,3.977211,3.417468,0.892607,0.170549,0.102366,0.993642,0.031020,0.018752,0.106588
3.670000,4.019070,3.978884,3.418491,0.891001,0.164185,0.102272,0.993626,0.030691,0.018486,0.106881
3.680000,4.027972,3.980494,3.419513,0.889392,0.157817,0.102177,0.993610,0.030360,0.018220,0.107173
3.690000,4.036858,3.982041,3.420534,0.887779,0.151447,0.102083,0.993593,0.030028,0.017953,0.107466
3.700000,4.045727,3.983523,3.421555,0.886162,0.145075,0.101988,0.993576,0.029694,0.017685,0.107758
3.710000,4.054581,3.984942,3.422574,0.884542,0.138700,0.101893,0.993559,0.029359,0.017417,0.108050
3.720000,4.063418,3.986297,3.423593,0.882919,0.132323,0.101798,0.993542,0.029023,0.017148,0.108342
3.730000,4.072239,3.987589,3.424610,0.881291,0.125944,0.101702,0.993525,0.028685,0.016878,0.108633
3.740000,4.081044,3.988816,3.425627,0.879661,0.119563,0.101607,0.993507,0.028346,0.016607,0.108924
3.750000,4.089833,3.989980,3.426642,0.878027,0.113180,0.101511,0.993489,0.028006,0.016336,0.109215
3.760000,4.098605,3.991080,3.427657,0.876389,0.106795,0.101415,0.993471,0.027664,0.016064,0.109506
3.770000,4.107360,3.992116,3.428670,0.874748,0.100408,0.101318,0.993453,0.027322,0.015791,0.109796
3.780000,4.116100,3.993088,3.429683,0.873103,0.094020,0.101222,0.993435,0.026978,0.015518,0.110086
3.790000,4.124822,3.993996,3.430695,0.871455,0.087630,0.101125,0.993416,0.026633,0.015244,0.110376
3.800000,4.133529,3.994841,3.431706,0.869803,0.081239,0.101028,0.993397,0.026286,0.014969,0.110665
3.810000,4.142218,3.995621,3.432715,0.868148,0.074847,0.100931,0.993378,0.025939,0.014694,0.110955
3.820000,4.150892,3.996338,3.433724,0.866489,0.068453,0.100833,0.993359,0.025590,0.014418,0.111244
3.830000,4.159548,3.996990,3.434732,0.864827,0.062059,0.100736,0.993340,0.025240,0.014141,0.111532
3.840000,4.168188,3.997579,3.435739,0.863162,0.055663,0.100638,0.993320,0.024889,0.013864,0.111821
3.850000,4.176811,3.998103,3.436745,0.861493,0.049266,0.100540,0.993300,0.024537,0.013586,0.112109
3.860000,4.185418,3.998564,3.437750,0.859820,0.042869,0.100441,0.993280,0.024184,0.013308,0.112396
3.870000,4.194008,3.998961,3.438754,0.858144,0.036471,0.100343,0.993260,0.023830,0.013029,0.112684
3.880000,4.202581,3.999293,3.439757,0.856465,0.030072,0.100244,0.993239,0.023475,0.012749,0.112971
3.890000,4.211137,3.999562,3.440759,0.854782,0.023673,0.100145,0.993218,0.023119,0.012469,0.113258
3.900000,4.219677,3.999767,3.441760,0.853096,0.017274,0.100045,0.993197,0.022762,0.012188,0.113544
3.910000,4.228199,3.999908,3.442759,0.851407,0.010874,0.099946,0.993176,0.022403,0.011906,0.113831
3.920000,4.236705,3.999984,3.443758,0.849714,0.004474,0.099846,0.993155,0.022044,0.011625,0.114117
3.930000,4.245193,3.999997,3.444756,0.848017,-0.001926,0.099746,0.993133,0.021684,0.011342,0.114402
3.940000,4.253665,3.999946,3.445753,0.846318,-0.008326,0.099646,0.993111,0.021323,0.011059,0.114688
3.950000,4.262120,3.999831,3.446749,0.844614,-0.014726,0.099546,0.993089,0.020961,0.010775,0.114973
3.960000,4.270557,3.999651,3.447744,0.842908,-0.021125,0.099445,0.993067,0.020598,0.010491,0.115257
3.970000,4.278978,3.999408,3.448738,0.841198,-0.027525,0.099344,0.993044,0.020234,0.010206,0.115542
3.980000,4.287381,3.999101,3.449731,0.839485,-0.033923,0.099243,0.993021,0.019870,0.009921,0.115826
3.990000,4.295767,3.998730,3.450723,0.837768,-0.040322,0.099142,0.992998,0.019504,0.009635,0.116109
4.000000,4.304137,3.998294,3.451714,0.836048,-0.046719,0.099040,0.992975,0.019138,0.009349,0.116393
4.010000,4.312488,3.997795,3.452704,0.834325,-0.053116,0.098939,0.992951,0.018771,0.009062,0.116676
4.020000,4.320823,3.997232,3.453693,0.832598,-0.059512,0.098837,0.992928,0.018403,0.008775,0.116958
4.030000,4.329140,3.996605,3.454681,0.830868,-0.065907,0.098734,0.992903,0.018035,0.008487,0.117241
4.040000,4.337440,3.995914,3.455667,0.829135,-0.072301,0.098632,0.992879,0.017665,0.008199,0.117523
4.050000,4.345723,3.995159,3.456653,0.827398,-0.078694,0.098529,0.992855,0.017295,0.007910,0.117805
4.060000,4.353988,3.994340,3.457638,0.825658,-0.085086,0.098426,0.992830,0.016924,0.007621,0.118086
4.070000,4.362236,3.993457,3.458622,0.823915,-0.091476,0.098323,0.992805,0.016553,0.007332,0.118367
4.080000,4.370467,3.992511,3.459604,0.822168,-0.097865,0.098220,0.992780,0.016181,0.007041,0.118648
4.090000,4.378680,3.991500,3.460586,0.820419,-0.104252,0.098117,0.992754,0.015808,0.006751,0.118928
4.100000,4.386875,3.990426,3.461567,0.818665,-0.110638,0.098013,0.992728,0.015435,0.006460,0.119208
4.110000,4.395053,3.989287,3.462546,0.816909,-0.117021,0.097909,0.992702,0.015061,0.006169,0.119488
4.120000,4.403213,3.988085,3.463525,0.815149,-0.123403,0.097805,0.992676,0.014686,0.005877,0.119767
4.130000,4.411356,3.986819,3.464503,0.813386,-0.129783,0.097700,0.992649,0.014311,0.005585,0.120046
4.140000,4.419481,3.985489,3.465479,0.811620,-0.136161,0.097596,0.992623,0.013935,0.005292,0.120325
4.150000,4.427588,3.984096,3.466454,0.809851,-0.142537,0.097491,0.992596,0.013559,0.004999,0.120603
4.160000,4.435678,3.982639,3.467429,0.808078,-0.148910,0.097386,0.992568,0.013182,0.004706,0.120881
4.170000,4.443750,3.981118,3.468402,0.806302,-0.155281,0.097280,0.992541,0.012805,0.004412,0.121159
4.180000,4.451804,3.979533,3.469374,0.804523,-0.161650,0.097175,0.992513,0.012427,0.004118,0.121436
4.190000,4.459840,3.977885,3.470346,0.802741,-0.168016,0.097069,0.992485,0.012049,0.003824,0.121713
4.200000,4.467859,3.976173,3.471316,0.800955,-0.174379,0.096963,0.992457,0.011670,0.003529,0.121989
4.210000,4.475859,3.974397,3.472285,0.799167,-0.180739,0.096857,0.992428,0.011291,0.003234,0.122266
4.220000,4.483842,3.972558,3.473253,0.797375,-0.187097,0.096751,0.992399,0.010911,0.002939,0.122541
4.230000,4.491807,3.970655,3.474220,0.795580,-0.193451,0.096644,0.992370,0.010532,0.002643,0.122817
4.240000,4.499754,3.968689,3.475186,0.793781,-0.199803,0.096537,0.992341,0.010151,0.002347,0.123092
4.250000,4.507682,3.966659,3.476151,0.791980,-0.206151,0.096430,0.992311,0.009771,0.002051,0.123367
4.260000,4.515593,3.964566,3.477114,0.790175,-0.212496,0.096323,0.992281,0.009390,0.001754,0.123641
4.270000,4.523486,3.962409,3.478077,0.788367,-0.218838,0.096216,0.992251,0.009009,0.001457,0.123915
4.280000,4.531361,3.960189,3.479039,0.786556,-0.225176,0.096108,0.992220,0.008627,0.001160,0.124189
4.290000,4.539217,3.957906,3.479999,0.784742,-0.231510,0.096000,0.992190,0.008246,0.000863,0.124462
4.300000,4.547055,3.955559,3.480959,0.782925,-0.237841,0.095892,0.992159,0.007864,0.000565,0.124735
4.310000,4.554876,3.953149,3.481917,0.781105,-0.244168,0.095784,0.992128,0.007481,0.000267,0.125007
4.320000,4.562677,3.950676,3.482874,0.779281,-0.250491,0.095675,0.992096,0.007099,-0.000031,0.125280
4.330000,4.570461,3.948139,3.483831,0.777454,-0.256810,0.095566,0.992064,0.006717,-0.000330,0.125551
4.340000,4.578227,3.945540,3.484786,0.775625,-0.263125,0.095457,0.992032,0.006334,-0.000628,0.125823
4.350000,4.585974,3.942877,3.485740,0.773792,-0.269436,0.095348,0.992000,0.005951,-0.000927,0.126094
4.360000,4.593702,3.940151,3.486693,0.771956,-0.275742,0.095239,0.991967,0.005568,-0.001226,0.126365
4.370000,4.601413,3.937362,3.487645,0.770117,-0.282044,0.095129,0.991935,0.005185,-0.001525,0.126635
4.380000,4.609105,3.934510,3.488595,0.768275,-0.288342,0.095019,0.991902,0.004802,-0.001825,0.126905
4.390000,4.616778,3.931595,3.489545,0.766430,-0.294635,0.094909,0.991868,0.004418,-0.002124,0.127174
4.400000,4.624433,3.928617,3.490493,0.764581,-0.300923,0.094799,0.991835,0.004035,-0.002424,0.127444
4.410000,4.632070,3.925577,3.491441,0.762730,-0.307206,0.094689,0.991801,0.003652,-0.002724,0.127712
4.420000,4.639688,3.922473,3.492387,0.760876,-0.313485,0.094578,0.991767,0.003268,-0.003024,0.127981
4.430000,4.647287,3.919307,3.493332,0.759018,-0.319758,0.094467,0.991732,0.002885,-0.003325,0.128249
4.440000,4.654868,3.916078,3.494277,0.757158,-0.326027,0.094356,0.991698,0.002502,-0.003625,0.128517
4.450000,4.662430,3.912786,3.495220,0.755294,-0.332290,0.094245,0.991663,0.002119,-0.003925,0.128784
4.460000,4.669974,3.909432,3.496161,0.753428,-0.338547,0.094133,0.991627,0.001735,-0.004226,0.129051
4.470000,4.677499,3.906015,3.497102,0.751558,-0.344800,0.094021,0.991592,0.001352,-0.004527,0.129318
4.480000,4.685005,3.902536,3.498042,0.749686,-0.351047,0.093909,0.991556,0.000969,-0.004828,0.129584
4.490000,4.692493,3.898995,3.498980,0.747810,-0.357288,0.093797,0.991520,0.000586,-0.005128,0.129850
4.500000,4.699961,3.895391,3.499918,0.745932,-0.363523,0.093685,0.991484,0.000204,-0.005429,0.130115
4.510000,4.707411,3.891724,3.500854,0.744050,-0.369753,0.093572,0.991448,-0.000179,-0.005730,0.130380
4.520000,4.714842,3.887995,3.501789,0.742166,-0.375977,0.093459,0.991411,-0.000561,-0.006032,0.130645
4.530000,4.722255,3.884205,3.502723,0.740279,-0.382195,0.093346,0.991374,-0.000943,-0.006333,0.130909
4.540000,4.729648,3.880352,3.503656,0.738388,-0.388406,0.093233,0.991336,-0.001325,-0.006634,0.131173
4.550000,4.737022,3.876437,3.504588,0.736495,-0.394612,0.093120,0.991299,-0.001707,-0.006935,0.131437
4.560000,4.744378,3.872459,3.505519,0.734599,-0.400811,0.093006,0.991261,-0.002088,-0.007236,0.131700
4.570000,4.751714,3.868420,3.506448,0.732699,-0.407004,0.092892,0.991223,-0.002469,-0.007538,0.131963
4.580000,4.759032,3.864319,3.507376,0.730797,-0.413190,0.092778,0.991185,-0.002850,-0.007839,0.132225
4.590000,4.766330,3.860157,3.508304,0.728892,-0.419369,0.092664,0.991146,-0.003230,-0.008140,0.132487
4.600000,4.773610,3.855932,3.509230,0.726984,-0.425542,0.092550,0.991107,-0.003611,-0.008441,0.132749
4.610000,4.780870,3.851646,3.510155,0.725073,-0.431708,0.092435,0.991068,-0.003990,-0.008743,0.133010
4.620000,4.788111,3.847298,3.511078,0.723159,-0.437867,0.092320,0.991029,-0.004370,-0.009044,0.133271
4.630000,4.795333,3.842888,3.512001,0.721243,-0.444020,0.092205,0.990989,-0.004749,-0.009345,0.133531
4.640000,4.802536,3.838417,3.512923,0.719323,-0.450165,0.092090,0.990949,-0.005127,-0.009646,0.133792
4.650000,4.809720,3.833885,3.513843,0.717401,-0.456302,0.091974,0.990909,-0.005505,-0.009947,0.134051
4.660000,4.816884,3.829291,3.514762,0.715475,-0.462433,0.091858,0.990869,-0.005883,-0.010248,0.134311
4.670000,4.824029,3.824636,3.515680,0.713547,-0.468556,0.091742,0.990828,-0.006260,-0.010549,0.134570
4.680000,4.831155,3.819920,3.516597,0.711616,-0.474672,0.091626,0.990787,-0.006637,-0.010850,0.134829
4.690000,4.838261,3.815143,3.517513,0.709682,-0.480780,0.091510,0.990746,-0.007013,-0.011150,0.135087
4.700000,4.845349,3.810305,3.518427,0.707746,-0.486880,0.091393,0.990705,-0.007388,-0.011451,0.135345
4.710000,4.852416,3.805406,3.519340,0.705806,-0.492973,0.091277,0.990663,-0.007763,-0.011751,0.135602
4.720000,4.859465,3.800445,3.520253,0.703864,-0.499058,0.091160,0.990621,-0.008138,-0.012052,0.135859
4.730000,4.866494,3.795424,3.521164,0.701919,-0.505134,0.091043,0.990579,-0.008512,-0.012352,0.136116
4.740000,4.873503,3.790343,3.522073,0.699971,-0.511203,0.090925,0.990537,-0.008885,-0.012652,0.136373
4.750000,4.880493,3.785200,3.522982,0.698020,-0.517263,0.090808,0.990494,-0.009257,-0.012952,0.136629
4.760000,4.887463,3.779997,3.523890,0.696066,-0.523315,0.090690,0.990452,-0.009629,-0.013251,0.136884
4.770000,4.894414,3.774734,3.524796,0.694110,-0.529359,0.090572,0.990409,-0.010001,-0.013551,0.137140
4.780000,4.901346,3.769410,3.525701,0.692151,-0.535395,0.090454,0.990365,-0.010371,-0.013850,0.137395
4.790000,4.908257,3.764026,3.526605,0.690189,-0.541421,0.090335,0.990322,-0.010741,-0.014149,0.137649
4.800000,4.915149,3.758582,3.527508,0.688224,-0.547439,0.090217,0.990278,-0.011110,-0.014448,0.137904
4.810000,4.922022,3.753077,3.528409,0.686257,-0.553449,0.090098,0.990234,-0.011479,-0.014747,0.138157
4.820000,4.928875,3.747513,3.529310,0.684286,-0.559449,0.089979,0.990190,-0.011846,-0.015046,0.138411
4.830000,4.935708,3.741888,3.530209,0.682313,-0.565441,0.089860,0.990145,-0.012213,-0.015344,0.138664
4.840000,4.942521,3.736204,3.531107,0.680338,-0.571423,0.089740,0.990101,-0.012579,-0.015642,0.138917
4.850000,4.949314,3.730460,3.532004,0.678359,-0.577397,0.089621,0.990056,-0.012945,-0.015940,0.139169
4.860000,4.956088,3.724656,3.532899,0.676378,-0.583361,0.089501,0.990011,-0.013309,-0.016237,0.139421
4.870000,4.962842,3.718793,3.533794,0.674395,-0.589315,0.089381,0.989965,-0.013672,-0.016534,0.139673
4.880000,4.969576,3.712870,3.534687,0.672408,-0.595261,0.089261,0.989920,-0.014035,-0.016831,0.139924
4.890000,4.976290,3.706888,3.535579,0.670419,-0.601197,0.089140,0.989874,-0.014397,-0.017128,0.140175
4.900000,4.982984,3.700846,3.536470,0.668427,-0.607123,0.089020,0.989828,-0.014758,-0.017424,0.140426
4.910000,4.989659,3.694745,3.537359,0.666433,-0.613039,0.088899,0.989782,-0.015118,-0.017720,0.140676
4.920000,4.996313,3.688585,3.538248,0.664435,-0.618946,0.088778,0.989735,-0.015477,-0.018016,0.140926
4.930000,5.002947,3.682366,3.539135,0.662435,-0.624843,0.088657,0.989689,-0.015834,-0.018312,0.141176
4.940000,5.009562,3.676089,3.540021,0.660433,-0.630730,0.088535,0.989642,-0.016191,-0.018607,0.141425
4.950000,5.016156,3.669752,3.540906,0.658428,-0.636606,0.088414,0.989595,-0.016547,-0.018901,0.141674
4.960000,5.022730,3.663356,3.541789,0.656420,-0.642473,0.088292,0.989547,-0.016902,-0.019196,0.141923
4.970000,5.029284,3.656902,3.542671,0.654410,-0.648329,0.088170,0.989500,-0.017256,-0.019490,0.142171
4.980000,5.035818,3.650390,3.543553,0.652397,-0.654175,0.088048,0.989452,-0.017609,-0.019783,0.142419
4.990000,5.042332,3.643819,3.544432,0.650381,-0.660010,0.087925,0.989404,-0.017961,-0.020077,0.142666
5.000000,5.048826,3.637190,3.545311,0.648363,-0.665835,0.087803,0.989356,-0.018312,-0.020369,0.142913
5.010000,5.055299,3.630502,3.546188,0.646342,-0.671649,0.087680,0.989308,-0.018661,-0.020662,0.143160
5.020000,5.061753,3.623757,3.547065,0.644319,-0.677453,0.087557,0.989259,-0.019010,-0.020954,0.143407
5.030000,5.068186,3.616953,3.547940,0.642293,-0.683245,0.087434,0.989211,-0.019357,-0.021245,0.143653
5.040000,5.074599,3.610092,3.548813,0.640264,-0.689027,0.087310,0.989162,-0.019703,-0.021537,0.143899
5.050000,5.080991,3.603173,3.549686,0.638233,-0.694797,0.087187,0.989113,-0.020048,-0.021827,0.144144
5.060000,5.087363,3.596196,3.550557,0.636199,-0.700557,0.087063,0.989064,-0.020392,-0.022117,0.144389
5.070000,5.093715,3.589162,3.551427,0.634163,-0.706305,0.086939,0.989014,-0.020734,-0.022407,0.144634
5.080000,5.100046,3.582070,3.552296,0.632124,-0.712042,0.086815,0.988965,-0.021076,-0.022697,0.144879
5.090000,5.106358,3.574921,3.553163,0.630083,-0.717768,0.086690,0.988915,-0.021416,-0.022985,0.145123
5.100000,5.112648,3.567715,3.554030,0.628039,-0.723482,0.086566,0.988865,-0.021754,-0.023274,0.145367
5.110000,5.118918,3.560451,3.554895,0.625993,-0.729184,0.086441,0.988815,-0.022092,-0.023562,0.145610
5.120000,5.125168,3.553131,3.555758,0.623944,-0.734875,0.086316,0.988764,-0.022428,-0.023849,0.145853
5.130000,5.131397,3.545754,3.556621,0.621893,-0.740554,0.086191,0.988714,-0.022763,-0.024136,0.146096
5.140000,5.137606,3.538320,3.557482,0.619839,-0.746222,0.086066,0.988663,-0.023096,-0.024422,0.146339
5.150000,5.143794,3.530829,3.558342,0.617783,-0.751877,0.085940,0.988612,-0.023429,-0.024708,0.146581
5.160000,5.149961,3.523282,3.559201,0.615724,-0.757520,0.085814,0.988562,-0.023759,-0.024993,0.146823
5.170000,5.156108,3.515679,3.560059,0.613663,-0.763151,0.085689,0.988510,-0.024089,-0.025277,0.147065
5.180000,5.162235,3.508019,3.560915,0.611599,-0.768770,0.085562,0.988459,-0.024417,-0.025561,0.147306
5.190000,5.168340,3.500304,3.561770,0.609533,-0.774377,0.085436,0.988408,-0.024743,-0.025845,0.147547
5.200000,5.174425,3.492532,3.562624,0.607464,-0.779971,0.085310,0.988356,-0.025068,-0.026128,0.147788
5.210000,5.180490,3.484704,3.563476,0.605393,-0.785553,0.085183,0.988304,-0.025392,-0.026410,0.148028
5.220000,5.186533,3.476821,3.564327,0.603320,-0.791122,0.085056,0.988252,-0.025714,-0.026692,0.148268
5.230000,5.192556,3.468882,3.565177,0.601244,-0.796679,0.084929,0.988200,-0.026035,-0.026973,0.148508
5.240000,5.198558,3.460887,3.566026,0.599166,-0.802223,0.084802,0.988148,-0.026354,-0.027253,0.148748
5.250000,5.204539,3.452837,3.566873,0.597085,-0.807754,0.084674,0.988096,-0.026672,-0.027533,0.148987
5.260000,5.210500,3.444732,3.567719,0.595002,-0.813272,0.084547,0.988043,-0.026988,-0.027812,0.149226
5.270000,5.216439,3.436572,3.568564,0.592917,-0.818777,0.084419,0.987991,-0.027303,-0.028091,0.149465
5.280000,5.222358,3.428357,3.569408,0.590829,-0.824269,0.084291,0.987938,-0.027616,-0.028369,0.149703
5.290000,5.228256,3.420087,3.570250,0.588739,-0.829748,0.084163,0.987885,-0.027927,-0.028646,0.149941
5.300000,5.234133,3.411762,3.571091,0.586646,-0.835213,0.084034,0.987832,-0.028237,-0.028922,0.150179
5.310000,5.239989,3.403383,3.571931,0.584552,-0.840665,0.083906,0.987779,-0.028545,-0.029198,0.150416
5.320000,5.245824,3.394949,3.572769,0.582455,-0.846104,0.083777,0.987726,-0.028852,-0.029473,0.150654
5.330000,5.251638,3.386460,3.573606,0.580355,-0.851529,0.083648,0.987673,-0.029157,-0.029747,0.150891
5.340000,5.257431,3.377918,3.574442,0.578253,-0.856941,0.083519,0.987619,-0.029460,-0.030021,0.151127
5.350000,5.263203,3.369322,3.575276,0.576149,-0.862338,0.083389,0.987565,-0.029761,-0.030294,0.151364
5.360000,5.268954,3.360671,3.576110,0.574043,-0.867722,0.083260,0.987512,-0.030061,-0.030566,0.151600
5.370000,5.274684,3.351967,3.576942,0.571934,-0.873092,0.083130,0.987458,-0.030360,-0.030838,0.151836
5.380000,5.280393,3.343210,3.577772,0.569823,-0.878449,0.083000,0.987404,-0.030656,-0.031108,0.152072
5.390000,5.286080,3.334398,3.578602,0.567710,-0.883791,0.082870,0.987350,-0.030951,-0.031378,0.152307
5.400000,5.291747,3.325534,3.579430,0.565594,-0.889119,0.082740,0.987296,-0.031244,-0.031647,0.152542
5.410000,5.297392,3.316616,3.580256,0.563476,-0.894432,0.082609,0.987242,-0.031535,-0.031916,0.152777
5.420000,5.303016,3.307645,3.581082,0.561356,-0.899732,0.082479,0.987187,-0.031824,-0.032183,0.153012
5.430000,5.308619,3.298621,3.581906,0.559234,-0.905017,0.082348,0.987133,-0.032112,-0.032450,0.153246
5.440000,5.314201,3.289545,3.582729,0.557109,-0.910287,0.082217,0.987078,-0.032398,-0.032716,0.153480
5.450000,5.319761,3.280416,3.583550,0.554982,-0.915543,0.082086,0.987024,-0.032682,-0.032981,0.153714
5.460000,5.325301,3.271234,3.584371,0.552853,-0.920785,0.081954,0.986969,-0.032964,-0.033246,0.153948
5.470000,5.330819,3.262000,3.585189,0.550722,-0.926011,0.081823,0.986914,-0.033244,-0.033509,0.154181
5.480000,5.336315,3.252714,3.586007,0.548589,-0.931223,0.081691,0.986860,-0.033523,-0.033772,0.154414
5.490000,5.341790,3.243376,3.586823,0.546453,-0.936420,0.081559,0.986805,-0.033799,-0.034033,0.154647
5.500000,5.347244,3.233986,3.587638,0.544315,-0.941602,0.081427,0.986750,-0.034074,-0.034294,0.154880
5.510000,5.352677,3.224544,3.588452,0.542175,-0.946769,0.081295,0.986695,-0.034347,-0.034554,0.155113
5.520000,5.358088,3.215050,3.589264,0.540033,-0.951920,0.081162,0.986640,-0.034618,-0.034813,0.155345
5.530000,5.363477,3.205505,3.590075,0.537889,-0.957057,0.081029,0.986584,-0.034887,-0.035072,0.155577
5.540000,5.368845,3.195909,3.590885,0.535742,-0.962178,0.080896,0.986529,-0.035154,-0.035329,0.155809
5.550000,5.374192,3.186262,3.591693,0.533594,-0.967284,0.080763,0.986474,-0.035419,-0.035586,0.156040
5.560000,5.379517,3.176564,3.592500,0.531443,-0.972374,0.080630,0.986418,-0.035682,-0.035841,0.156272
5.570000,5.384821,3.166814,3.593306,0.529290,-0.977449,0.080497,0.986363,-0.035943,-0.036096,0.156503
5.580000,5.390103,3.157015,3.594110,0.527135,-0.982508,0.080363,0.986308,-0.036202,-0.036349,0.156734
5.590000,5.395364,3.147164,3.594913,0.524978,-0.987551,0.080229,0.986252,-0.036459,-0.036602,0.156965
5.600000,5.400603,3.137264,3.595714,0.522819,-0.992579,0.080096,0.986196,-0.036714,-0.036854,0.157195
5.610000,5.405820,3.127313,3.596515,0.520658,-0.997590,0.079961,0.986141,-0.036967,-0.037105,0.157426
5.620000,5.411016,3.117312,3.597314,0.518494,-1.002586,0.079827,0.986085,-0.037218,-0.037354,0.157656
5.630000,5.416190,3.107261,3.598111,0.516329,-1.007566,0.079693,0.986030,-0.037466,-0.037603,0.157886
5.640000,5.421342,3.097161,3.598908,0.514161,-1.012529,0.079558,0.985974,-0.037713,-0.037851,0.158116
5.650000,5.426473,3.087011,3.599702,0.511992,-1.017477,0.079423,0.985918,-0.037958,-0.038098,0.158345
5.660000,5.431582,3.076811,3.600496,0.509820,-1.022408,0.079288,0.985862,-0.038200,-0.038344,0.158575
5.670000,5.436670,3.066563,3.601288,0.507647,-1.027322,0.079153,0.985807,-0.038441,-0.038589,0.158804
5.680000,5.441735,3.056265,3.602079,0.505471,-1.032221,0.079018,0.985751,-0.038679,-0.038832,0.159033
5.690000,5.446779,3.045918,3.602869,0.503293,-1.037102,0.078882,0.985695,-0.038915,-0.039075,0.159262
5.700000,5.451801,3.035523,3.603657,0.501113,-1.041967,0.078746,0.985639,-0.039149,-0.039317,0.159490
5.710000,5.456801,3.025079,3.604444,0.498932,-1.046816,0.078610,0.985583,-0.039381,-0.039558,0.159719
5.720000,5.461780,3.014587,3.605229,0.496748,-1.051648,0.078474,0.985527,-0.039611,-0.039797,0.159947
5.730000,5.466736,3.004046,3.606013,0.494562,-1.056463,0.078338,0.985471,-0.039838,-0.040036,0.160176
5.740000,5.471671,2.993457,3.606796,0.492375,-1.061261,0.078202,0.985415,-0.040064,-0.040273,0.160404
5.750000,5.476584,2.982821,3.607577,0.490185,-1.066042,0.078065,0.985360,-0.040287,-0.040510,0.160631
5.760000,5.481475,2.972137,3.608357,0.487993,-1.070806,0.077928,0.985304,-0.040508,-0.040745,0.160859
5.770000,5.486344,2.961405,3.609136,0.485800,-1.075552,0.077791,0.985248,-0.040726,-0.040979,0.161087
5.780000,5.491191,2.950626,3.609913,0.483604,-1.080282,0.077654,0.985192,-0.040943,-0.041212,0.161314
5.790000,5.496016,2.939799,3.610689,0.481407,-1.084994,0.077517,0.985136,-0.041157,-0.041444,0.161541
5.800000,5.500819,2.928926,3.611463,0.479207,-1.089689,0.077379,0.985080,-0.041369,-0.041675,0.161768
5.810000,5.505600,2.918005,3.612236,0.477006,-1.094367,0.077242,0.985024,-0.041579,-0.041905,0.161995
5.820000,5.510359,2.907038,3.613008,0.474803,-1.099027,0.077104,0.984968,-0.041786,-0.042134,0.162222
5.830000,5.515096,2.896025,3.613778,0.472598,-1.103669,0.076966,0.984913,-0.041991,-0.042361,0.162449
5.840000,5.519811,2.884965,3.614547,0.470391,-1.108294,0.076827,0.984857,-0.042194,-0.042587,0.162675
5.850000,5.524504,2.873859,3.615315,0.468182,-1.112901,0.076689,0.984801,-0.042394,-0.042812,0.162902
5.860000,5.529174,2.862707,3.616081,0.465971,-1.117491,0.076551,0.984745,-0.042592,-0.043036,0.163128
5.870000,5.533823,2.851509,3.616846,0.463759,-1.122062,0.076412,0.984689,-0.042788,-0.043259,0.163354
5.880000,5.538450,2.840266,3.617609,0.461544,-1.126615,0.076273,0.984634,-0.042981,-0.043481,0.163580
5.890000,5.543054,2.828977,3.618371,0.459328,-1.131151,0.076134,0.984578,-0.043173,-0.043701,0.163806
5.900000,5.547636,2.817643,3.619132,0.457110,-1.135668,0.075995,0.984522,-0.043361,-0.043920,0.164032
5.910000,5.552196,2.806264,3.619891,0.454890,-1.140167,0.075855,0.984467,-0.043548,-0.044138,0.164257
5.920000,5.556734,2.794840,3.620649,0.452668,-1.144648,0.075716,0.984411,-0.043732,-0.044355,0.164483
5.930000,5.561249,2.783371,3.621406,0.450444,-1.149111,0.075576,0.984356,-0.043913,-0.044571,0.164708
5.940000,5.565743,2.771858,3.622161,0.448219,-1.153555,0.075436,0.984300,-0.044092,-0.044785,0.164934
5.950000,5.570214,2.760300,3.622914,0.445992,-1.157981,0.075296,0.984245,-0.044269,-0.044998,0.165159
5.960000,5.574663,2.748698,3.623667,0.443763,-1.162388,0.075156,0.984189,-0.044444,-0.045210,0.165384
5.970000,5.579089,2.737052,3.624417,0.441532,-1.166776,0.075015,0.984134,-0.044615,-0.045420,0.165609
5.980000,5.583493,2.725363,3.625167,0.439300,-1.171146,0.074875,0.984079,-0.044785,-0.045630,0.165834
5.990000,5.587875,2.713629,3.625915,0.437065,-1.175498,0.074734,0.984024,-0.044952,-0.045838,0.166059
6.000000,5.592235,2.701853,3.626662,0.434829,-1.179830,0.074593,0.983969,-0.045117,-0.046044,0.166284
6.010000,5.596572,2.690033,3.627407,0.432592,-1.184143,0.074452,0.983913,-0.045279,-0.046250,0.166508
6.020000,5.600886,2.678170,3.628151,0.430352,-1.188438,0.074311,0.983858,-0.045439,-0.046454,0.166733
6.030000,5.605179,2.666264,3.628893,0.428111,-1.192714,0.074169,0.983804,-0.045596,-0.046657,0.166957
6.040000,5.609449,2.654316,3.629634,0.425868,-1.196970,0.074028,0.983749,-0.045751,-0.046858,0.167182
6.050000,5.613696,2.642325,3.630374,0.423623,-1.201207,0.073886,0.983694,-0.045903,-0.047059,0.167406
6.060000,5.617921,2.630292,3.631112,0.421377,-1.205425,0.073744,0.983639,-0.046053,-0.047257,0.167630
6.070000,5.622124,2.618216,3.631848,0.419129,-1.209624,0.073602,0.983584,-0.046200,-0.047455,0.167855
6.080000,5.626304,2.606099,3.632584,0.416879,-1.213804,0.073460,0.983530,-0.046345,-0.047651,0.168079
6.090000,5.630461,2.593940,3.633318,0.414628,-1.217964,0.073317,0.983475,-0.046487,-0.047846,0.168303
6.100000,5.634596,2.581740,3.634050,0.412375,-1.222104,0.073175,0.983421,-0.046627,-0.048040,0.168527
6.110000,5.638709,2.569498,3.634781,0.410120,-1.226225,0.073032,0.983367,-0.046764,-0.048232,0.168751
6.120000,5.642799,2.557216,3.635511,0.407864,-1.230327,0.072889,0.983312,-0.046898,-0.048423,0.168974
6.130000,5.646866,2.544892,3.636239,0.405606,-1.234408,0.072746,0.983258,-0.047030,-0.048612,0.169198
6.140000,5.650911,2.532527,3.636966,0.403346,-1.238470,0.072603,0.983204,-0.047160,-0.048800,0.169422
6.150000,5.654933,2.520123,3.637691,0.401085,-1.242512,0.072460,0.983150,-0.047287,-0.048987,0.169646
6.160000,5.658932,2.507677,3.638415,0.398822,-1.246535,0.072316,0.983096,-0.047411,-0.049172,0.169869
6.170000,5.662909,2.495192,3.639137,0.396558,-1.250537,0.072172,0.983043,-0.047533,-0.049356,0.170093
6.180000,5.666864,2.482667,3.639858,0.394292,-1.254519,0.072028,0.982989,-0.047653,-0.049538,0.170316
6.190000,5.670795,2.470102,3.640578,0.392025,-1.258482,0.071884,0.982936,-0.047769,-0.049719,0.170540
6.200000,5.674704,2.457497,3.641296,0.389756,-1.262424,0.071740,0.982882,-0.047883,-0.049899,0.170763
6.210000,5.678590,2.444853,3.642013,0.387485,-1.266345,0.071596,0.982829,-0.047995,-0.050077,0.170987
6.220000,5.682454,2.432170,3.642728,0.385213,-1.270247,0.071451,0.982775,-0.048104,-0.050254,0.171210
6.230000,5.686294,2.419448,3.643442,0.382939,-1.274128,0.071306,0.982722,-0.048210,-0.050429,0.171434
6.240000,5.690112,2.406688,3.644154,0.380664,-1.277989,0.071162,0.982669,-0.048314,-0.050603,0.171657
6.250000,5.693908,2.393889,3.644865,0.378387,-1.281830,0.071017,0.982616,-0.048415,-0.050776,0.171880
6.260000,5.697680,2.381051,3.645574,0.376109,-1.285650,0.070871,0.982564,-0.048514,-0.050947,0.172103
6.270000,5.701430,2.368176,3.646282,0.373829,-1.289449,0.070726,0.982511,-0.048609,-0.051116,0.172327
6.280000,5.705157,2.355262,3.646989,0.371547,-1.293228,0.070581,0.982458,-0.048703,-0.051284,0.172550
6.290000,5.708861,2.342311,3.647694,0.369265,-1.296986,0.070435,0.982406,-0.048793,-0.051451,0.172773
6.300000,5.712542,2.329323,3.648398,0.366980,-1.300723,0.070289,0.982354,-0.048881,-0.051616,0.172996
6.310000,5.716200,2.316297,3.649100,0.364695,-1.304440,0.070143,0.982301,-0.048967,-0.051779,0.173219
6.320000,5.719836,2.303234,3.649800,0.362407,-1.308135,0.069997,0.982249,-0.049049,-0.051942,0.173443
6.330000,5.723449,2.290134,3.650500,0.360119,-1.311810,0.069851,0.982197,-0.049129,-0.052102,0.173666
6.340000,5.727038,2.276998,3.651197,0.357829,-1.315464,0.069704,0.982146,-0.049207,-0.052261,0.173889
6.350000,5.730605,2.263825,3.651894,0.355537,-1.319096,0.069558,0.982094,-0.049282,-0.052419,0.174112
6.360000,5.734149,2.250616,3.652589,0.353244,-1.322708,0.069411,0.982042,-0.049354,-0.052575,0.174335
6.370000,5.737670,2.237371,3.653282,0.350950,-1.326298,0.069264,0.981991,-0.049423,-0.052729,0.174558
6.380000,5.741168,2.224090,3.653974,0.348654,-1.329868,0.069117,0.981940,-0.049490,-0.052882,0.174781
6.390000,5.744643,2.210774,3.654664,0.346357,-1.333415,0.068970,0.981889,-0.049554,-0.053034,0.175005
6.400000,5.748095,2.197422,3.655353,0.344058,-1.336942,0.068822,0.981838,-0.049615,-0.053184,0.175228
6.410000,5.751524,2.184035,3.656041,0.341758,-1.340447,0.068675,0.981787,-0.049674,-0.053332,0.175451
6.420000,5.754930,2.170613,3.656727,0.339457,-1.343931,0.068527,0.981736,-0.049730,-0.053479,0.175674
6.430000,5.758313,2.157156,3.657411,0.337154,-1.347393,0.068379,0.981685,-0.049784,-0.053624,0.175897
6.440000,5.761673,2.143665,3.658094,0.334850,-1.350834,0.068231,0.981635,-0.049834,-0.053768,0.176120
6.450000,5.765010,2.130140,3.658776,0.332545,-1.354253,0.068083,0.981585,-0.049882,-0.053910,0.176343
6.460000,5.768324,2.116580,3.659456,0.330238,-1.357650,0.067935,0.981535,-0.049928,-0.054050,0.176567
6.470000,5.771615,2.102987,3.660135,0.327930,-1.361026,0.067786,0.981485,-0.049970,-0.054189,0.176790
6.480000,5.774883,2.089360,3.660812,0.325621,-1.364380,0.067638,0.981435,-0.050010,-0.054326,0.177013
6.490000,5.778128,2.075699,3.661487,0.323310,-1.367712,0.067489,0.981385,-0.050047,-0.054462,0.177236
6.500000,5.781349,2.062005,3.662162,0.320999,-1.371022,0.067340,0.981335,-0.050082,-0.054596,0.177460
6.510000,5.784548,2.048279,3.662834,0.318685,-1.374310,0.067191,0.981286,-0.050114,-0.054729,0.177683
6.520000,5.787723,2.034519,3.663505,0.316371,-1.377576,0.067042,0.981237,-0.050143,-0.054860,0.177906
6.530000,5.790875,2.020727,3.664175,0.314055,-1.380821,0.066893,0.981188,-0.050170,-0.054989,0.178130
6.540000,5.794004,2.006903,3.664843,0.311738,-1.384043,0.066743,0.981139,-0.050193,-0.055117,0.178353
6.550000,5.797110,1.993047,3.665510,0.309420,-1.387243,0.066593,0.981090,-0.050214,-0.055243,0.178576
6.560000,5.800192,1.979158,3.666175,0.307101,-1.390421,0.066444,0.981041,-0.050233,-0.055367,0.178800
6.570000,5.803252,1.965238,3.666839,0.304780,-1.393576,0.066294,0.980993,-0.050249,-0.055490,0.179023
6.580000,5.806288,1.951287,3.667501,0.302458,-1.396709,0.066143,0.980944,-0.050262,-0.055611,0.179247
6.590000,5.809301,1.937304,3.668162,0.300135,-1.399820,0.065993,0.980896,-0.050272,-0.055731,0.179470
6.600000,5.812291,1.923290,3.668821,0.297811,-1.402909,0.065843,0.980848,-0.050279,-0.055849,0.179694
6.610000,5.815257,1.909246,3.669478,0.295485,-1.405975,0.065692,0.980800,-0.050284,-0.055965,0.179917
6.620000,5.818200,1.895171,3.670135,0.293158,-1.409018,0.065542,0.980753,-0.050286,-0.056080,0.180141
6.630000,5.821120,1.881066,3.670789,0.290830,-1.412039,0.065391,0.980705,-0.050286,-0.056192,0.180365
6.640000,5.824017,1.866930,3.671442,0.288501,-1.415038,0.065240,0.980658,-0.050283,-0.056304,0.180588
6.650000,5.826890,1.852765,3.672094,0.286171,-1.418013,0.065089,0.980610,-0.050277,-0.056413,0.180812
6.660000,5.829740,1.838570,3.672744,0.283840,-1.420966,0.064937,0.980563,-0.050268,-0.056521,0.181036
6.670000,5.832567,1.824346,3.673393,0.281507,-1.423897,0.064786,0.980516,-0.050257,-0.056627,0.181260
6.680000,5.835370,1.810092,3.674040,0.279174,-1.426804,0.064634,0.980470,-0.050243,-0.056732,0.181484
6.690000,5.838151,1.795810,3.674686,0.276839,-1.429689,0.064482,0.980423,-0.050226,-0.056835,0.181708
6.700000,5.840907,1.781499,3.675330,0.274503,-1.432551,0.064331,0.980377,-0.050207,-0.056936,0.181932
6.710000,5.843641,1.767159,3.675972,0.272166,-1.435390,0.064179,0.980330,-0.050184,-0.057035,0.182156
6.720000,5.846351,1.752791,3.676613,0.269828,-1.438206,0.064026,0.980284,-0.050160,-0.057133,0.182380
6.730000,5.849037,1.738395,3.677253,0.267489,-1.440999,0.063874,0.980238,-0.050132,-0.057229,0.182604
6.740000,5.851700,1.723971,3.677891,0.265149,-1.443769,0.063722,0.980193,-0.050102,-0.057324,0.182828
6.750000,5.854340,1.709520,3.678527,0.262808,-1.446515,0.063569,0.980147,-0.050069,-0.057416,0.183052
6.760000,5.856957,1.695041,3.679162,0.260466,-1.449239,0.063416,0.980102,-0.050033,-0.057507,0.183277
6.770000,5.859549,1.680535,3.679795,0.258122,-1.451940,0.063263,0.980056,-0.049995,-0.057596,0.183501
6.780000,5.862119,1.666002,3.680427,0.255778,-1.454617,0.063110,0.980011,-0.049954,-0.057684,0.183725
6.790000,5.864665,1.651443,3.681058,0.253433,-1.457271,0.062957,0.979966,-0.049910,-0.057770,0.183950
6.800000,5.867188,1.636857,3.681686,0.251086,-1.459901,0.062804,0.979922,-0.049864,-0.057854,0.184174
6.810000,5.869687,1.622245,3.682314,0.248739,-1.462509,0.062650,0.979877,-0.049815,-0.057936,0.184399
6.820000,5.872162,1.607607,3.682939,0.246391,-1.465093,0.062497,0.979833,-0.049763,-0.058016,0.184624
6.830000,5.874615,1.592943,3.683564,0.244041,-1.467653,0.062343,0.979788,-0.049709,-0.058095,0.184848
6.840000,5.877043,1.578254,3.684186,0.241691,-1.470190,0.062189,0.979744,-0.049652,-0.058172,0.185073
6.850000,5.879448,1.563539,3.684807,0.239340,-1.472703,0.062035,0.979700,-0.049592,-0.058248,0.185298
6.860000,5.881830,1.548800,3.685427,0.236987,-1.475193,0.061881,0.979656,-0.049530,-0.058321,0.185523
6.870000,5.884188,1.534035,3.686045,0.234634,-1.477660,0.061727,0.979613,-0.049465,-0.058393,0.185748
6.880000,5.886523,1.519247,3.686662,0.232280,-1.480102,0.061572,0.979569,-0.049397,-0.058463,0.185973
6.890000,5.888834,1.504433,3.687276,0.229925,-1.482521,0.061418,0.979526,-0.049327,-0.058531,0.186198
6.900000,5.891121,1.489596,3.687890,0.227569,-1.484916,0.061263,0.979483,-0.049254,-0.058598,0.186423
6.910000,5.893385,1.474735,3.688502,0.225212,-1.487288,0.061108,0.979440,-0.049179,-0.058663,0.186648
6.920000,5.895625,1.459850,3.689112,0.222854,-1.489635,0.060953,0.979397,-0.049100,-0.058726,0.186873
6.930000,5.897842,1.444942,3.689721,0.220496,-1.491959,0.060798,0.979355,-0.049019,-0.058787,0.187098
6.940000,5.900035,1.430011,3.690328,0.218136,-1.494259,0.060643,0.979312,-0.048936,-0.058846,0.187324
6.950000,5.902205,1.415057,3.690934,0.215776,-1.496535,0.060488,0.979270,-0.048850,-0.058904,0.187549
6.960000,5.904351,1.400081,3.691538,0.213414,-1.498787,0.060332,0.979228,-0.048761,-0.058960,0.187775
6.970000,5.906473,1.385082,3.692140,0.211052,-1.501016,0.060176,0.979186,-0.048670,-0.059014,0.188000
6.980000,5.908572,1.370061,3.692741,0.208689,-1.503220,0.060021,0.979144,-0.048576,-0.059066,0.188226
6.990000,5.910647,1.355017,3.693341,0.206325,-1.505400,0.059865,0.979102,-0.048479,-0.059117,0.188451
7.000000,5.912698,1.339953,3.693939,0.203961,-1.507556,0.059709,0.979061,-0.048380,-0.059166,0.188677
7.010000,5.914726,1.324866,3.694535,0.201595,-1.509688,0.059552,0.979019,-0.048278,-0.059213,0.188903
7.020000,5.916730,1.309759,3.695130,0.199229,-1.511795,0.059396,0.978978,-0.048174,-0.059258,0.189129
7.030000,5.918711,1.294631,3.695723,0.196862,-1.513879,0.059240,0.978937,-0.048067,-0.059301,0.189355
7.040000,5.920668,1.279481,3.696314,0.194494,-1.515938,0.059083,0.978896,-0.047957,-0.059343,0.189581
7.050000,5.922601,1.264312,3.696904,0.192125,-1.517973,0.058926,0.978855,-0.047845,-0.059383,0.189807
7.060000,5.924510,1.249122,3.697493,0.189756,-1.519984,0.058769,0.978815,-0.047730,-0.059421,0.190033
7.070000,5.926396,1.233912,3.698080,0.187386,-1.521970,0.058612,0.978774,-0.047613,-0.059457,0.190259
7.080000,5.928258,1.218683,3.698665,0.185015,-1.523932,0.058455,0.978734,-0.047493,-0.059491,0.190485
7.090000,5.930096,1.203434,3.699249,0.182643,-1.525870,0.058298,0.978694,-0.047371,-0.059524,0.190711
7.100000,5.931911,1.188165,3.699831,0.180271,-1.527783,0.058141,0.978654,-0.047246,-0.059554,0.190938
7.110000,5.933701,1.172878,3.700412,0.177897,-1.529672,0.057983,0.978614,-0.047118,-0.059583,0.191164
7.120000,5.935469,1.157572,3.700991,0.175524,-1.531537,0.057825,0.978575,-0.046988,-0.059610,0.191390
7.130000,5.937212,1.142247,3.701568,0.173149,-1.533376,0.057668,0.978535,-0.046856,-0.059636,0.191617
7.140000,5.938932,1.126905,3.702144,0.170774,-1.535192,0.057510,0.978496,-0.046721,-0.059659,0.191843
7.150000,5.940627,1.111544,3.702718,0.168398,-1.536983,0.057352,0.978457,-0.046583,-0.059681,0.192070
7.160000,5.942299,1.096165,3.703291,0.166021,-1.538749,0.057193,0.978418,-0.046443,-0.059701,0.192297
7.170000,5.943948,1.080769,3.703862,0.163644,-1.540490,0.057035,0.978379,-0.046300,-0.059719,0.192523
7.180000,5.945572,1.065355,3.704432,0.161266,-1.542207,0.056877,0.978340,-0.046155,-0.059735,0.192750
7.190000,5.947173,1.049925,3.705000,0.158888,-1.543899,0.056718,0.978301,-0.046008,-0.059749,0.192977
7.200000,5.948750,1.034477,3.705566,0.156508,-1.545567,0.056559,0.978263,-0.045858,-0.059762,0.193204
7.210000,5.950303,1.019013,3.706131,0.154129,-1.547210,0.056401,0.978224,-0.045705,-0.059772,0.193431
7.220000,5.951833,1.003533,3.706694,0.151748,-1.548828,0.056242,0.978186,-0.045550,-0.059781,0.193658
7.230000,5.953338,0.988037,3.707256,0.149367,-1.550421,0.056083,0.978148,-0.045393,-0.059788,0.193885
7.240000,5.954820,0.972525,3.707816,0.146986,-1.551989,0.055923,0.978110,-0.045233,-0.059794,0.194112
7.250000,5.956278,0.956997,3.708374,0.144603,-1.553533,0.055764,0.978072,-0.045071,-0.059797,0.194339
7.260000,5.957712,0.941454,3.708931,0.142221,-1.555052,0.055605,0.978035,-0.044906,-0.059799,0.194566
7.270000,5.959122,0.925896,3.709486,0.139837,-1.556546,0.055445,0.977997,-0.044739,-0.059798,0.194793
7.280000,5.960509,0.910324,3.710040,0.137453,-1.558015,0.055285,0.977960,-0.044569,-0.059796,0.195020
7.290000,5.961871,0.894736,3.710592,0.135069,-1.559459,0.055126,0.977922,-0.044397,-0.059792,0.195248
7.300000,5.963210,0.879134,3.711143,0.132684,-1.560878,0.054966,0.977885,-0.044223,-0.059787,0.195475
7.310000,5.964525,0.863519,3.711691,0.130298,-1.562272,0.054806,0.977848,-0.044046,-0.059779,0.195702
7.320000,5.965816,0.847889,3.712239,0.127912,-1.563641,0.054645,0.977811,-0.043867,-0.059770,0.195930
7.330000,5.967083,0.832246,3.712784,0.125526,-1.564985,0.054485,0.977774,-0.043686,-0.059758,0.196157
7.340000,5.968327,0.816589,3.713328,0.123138,-1.566304,0.054325,0.977738,-0.043502,-0.059745,0.196385
7.350000,5.969546,0.800920,3.713871,0.120751,-1.567598,0.054164,0.977701,-0.043316,-0.059730,0.196612
7.360000,5.970742,0.785238,3.714412,0.118363,-1.568867,0.054003,0.977665,-0.043127,-0.059713,0.196840
7.370000,5.971913,0.769543,3.714951,0.115974,-1.570111,0.053843,0.977629,-0.042936,-0.059695,0.197067
7.380000,5.973061,0.753835,3.715489,0.113585,-1.571330,0.053682,0.977592,-0.042743,-0.059674,0.197295
7.390000,5.974185,0.738116,3.716025,0.111196,-1.572523,0.053521,0.977556,-0.042548,-0.059652,0.197522
7.400000,5.975285,0.722385,3.716559,0.108806,-1.573692,0.053359,0.977520,-0.042350,-0.059628,0.197750
7.410000,5.976361,0.706642,3.717092,0.106416,-1.574835,0.053198,0.977484,-0.042150,-0.059602,0.197978
7.420000,5.977413,0.690888,3.717623,0.104025,-1.575953,0.053037,0.977449,-0.041948,-0.059574,0.198205
7.430000,5.978442,0.675123,3.718152,0.101634,-1.577046,0.052875,0.977413,-0.041743,-0.059545,0.198433
7.440000,5.979446,0.659348,3.718680,0.099242,-1.578113,0.052714,0.977378,-0.041536,-0.059513,0.198661
7.450000,5.980427,0.643561,3.719207,0.096850,-1.579156,0.052552,0.977342,-0.041327,-0.059480,0.198889
7.460000,5.981383,0.627765,3.719731,0.094458,-1.580173,0.052390,0.977307,-0.041116,-0.059445,0.199116
7.470000,5.982316,0.611958,3.720255,0.092065,-1.581165,0.052228,0.977272,-0.040902,-0.059408,0.199344
7.480000,5.983224,0.596141,3.720776,0.089672,-1.582131,0.052066,0.977236,-0.040687,-0.059369,0.199572
7.490000,5.984109,0.580315,3.721296,0.087278,-1.583072,0.051904,0.977201,-0.040469,-0.059328,0.199800
7.500000,5.984970,0.564480,3.721814,0.084885,-1.583988,0.051741,0.977166,-0.040248,-0.059286,0.200028
7.510000,5.985807,0.548636,3.722331,0.082490,-1.584878,0.051579,0.977132,-0.040026,-0.059242,0.200255
7.520000,5.986620,0.532783,3.722846,0.080096,-1.585744,0.051416,0.977097,-0.039802,-0.059196,0.200483
7.530000,5.987409,0.516921,3.723359,0.077701,-1.586583,0.051253,0.977062,-0.039575,-0.059148,0.200711
7.540000,5.988174,0.501051,3.723871,0.075306,-1.587398,0.051091,0.977028,-0.039346,-0.059098,0.200939
7.550000,5.988915,0.485173,3.724381,0.072911,-1.588187,0.050928,0.976993,-0.039115,-0.059046,0.201167
7.560000,5.989632,0.469287,3.724889,0.070515,-1.588950,0.050765,0.976959,-0.038882,-0.058993,0.201394
7.570000,5.990325,0.453394,3.725396,0.068119,-1.589688,0.050601,0.976924,-0.038647,-0.058938,0.201622
7.580000,5.990994,0.437494,3.725901,0.065723,-1.590401,0.050438,0.976890,-0.038410,-0.058881,0.201850
7.590000,5.991640,0.421586,3.726405,0.063326,-1.591088,0.050275,0.976856,-0.038170,-0.058822,0.202078
7.600000,5.992261,0.405672,3.726907,0.060929,-1.591750,0.050111,0.976822,-0.037929,-0.058761,0.202306
7.610000,5.992858,0.389751,3.727407,0.058532,-1.592387,0.049948,0.976788,-0.037685,-0.058699,0.202533
7.620000,5.993432,0.373824,3.727906,0.056135,-1.592997,0.049784,0.976754,-0.037440,-0.058634,0.202761
7.630000,5.993981,0.357891,3.728403,0.053738,-1.593583,0.049620,0.976720,-0.037192,-0.058568,0.202989
7.640000,5.994506,0.341953,3.728898,0.051340,-1.594143,0.049456,0.976686,-0.036943,-0.058500,0.203217
7.650000,5.995008,0.326009,3.729392,0.048942,-1.594677,0.049292,0.976652,-0.036691,-0.058430,0.203444
7.660000,5.995485,0.310059,3.729884,0.046544,-1.595186,0.049128,0.976619,-0.036437,-0.058359,0.203672
7.670000,5.995939,0.294105,3.730374,0.044146,-1.595669,0.048964,0.976585,-0.036182,-0.058285,0.203900
7.680000,5.996368,0.278146,3.730863,0.041747,-1.596127,0.048799,0.976552,-0.035924,-0.058210,0.204127
7.690000,5.996773,0.262183,3.731350,0.039349,-1.596559,0.048635,0.976518,-0.035665,-0.058133,0.204355
7.700000,5.997155,0.246215,3.731836,0.036950,-1.596966,0.048470,0.976485,-0.035403,-0.058054,0.204582
7.710000,5.997512,0.230243,3.732320,0.034551,-1.597347,0.048306,0.976451,-0.035140,-0.057974,0.204810
7.720000,5.997846,0.214268,3.732802,0.032152,-1.597703,0.048141,0.976418,-0.034874,-0.057891,0.205037
7.730000,5.998156,0.198289,3.733283,0.029753,-1.598033,0.047976,0.976385,-0.034607,-0.057807,0.205265
7.740000,5.998441,0.182307,3.733762,0.027353,-1.598337,0.047811,0.976351,-0.034338,-0.057721,0.205492
7.750000,5.998703,0.166323,3.734239,0.024954,-1.598616,0.047646,0.976318,-0.034067,-0.057633,0.205719
7.760000,5.998940,0.150335,3.734715,0.022554,-1.598870,0.047480,0.976285,-0.033794,-0.057544,0.205947
7.770000,5.999154,0.134345,3.735188,0.020155,-1.599097,0.047315,0.976252,-0.033519,-0.057453,0.206174
7.780000,5.999343,0.118353,3.735661,0.017755,-1.599299,0.047149,0.976219,-0.033243,-0.057359,0.206401
7.790000,5.999509,0.102359,3.736131,0.015355,-1.599476,0.046984,0.976186,-0.032964,-0.057265,0.206628
7.800000,5.999650,0.086364,3.736600,0.012955,-1.599627,0.046818,0.976153,-0.032684,-0.057168,0.206855
7.810000,5.999768,0.070367,3.737068,0.010555,-1.599752,0.046652,0.976120,-0.032402,-0.057069,0.207082
7.820000,5.999861,0.054369,3.737534,0.008156,-1.599852,0.046487,0.976087,-0.032118,-0.056969,0.207309
7.830000,5.999931,0.038370,3.737998,0.005756,-1.599926,0.046321,0.976054,-0.031833,-0.056867,0.207536
7.840000,5.999977,0.022370,3.738460,0.003356,-1.599975,0.046154,0.976021,-0.031546,-0.056763,0.207762
7.850000,5.999998,0.006371,3.738921,0.000956,-1.599998,0.045988,0.975988,-0.031257,-0.056658,0.207989
7.860000,5.999996,-0.009629,3.739380,-0.001444,-1.599995,0.045822,0.975956,-0.030966,-0.056551,0.208216
7.870000,5.999969,-0.025629,3.739837,-0.003844,-1.599967,0.045655,0.975923,-0.030673,-0.056442,0.208442
7.880000,5.999919,-0.041629,3.740293,-0.006244,-1.599913,0.045489,0.975890,-0.030379,-0.056331,0.208669
7.890000,5.999844,-0.057627,3.740747,-0.008644,-1.599834,0.045322,0.975857,-0.030083,-0.056218,0.208895
7.900000,5.999746,-0.073625,3.741199,-0.011044,-1.599729,0.045156,0.975824,-0.029786,-0.056104,0.209121
7.910000,5.999623,-0.089622,3.741650,-0.013444,-1.599598,0.044989,0.975792,-0.029487,-0.055988,0.209347
7.920000,5.999477,-0.105617,3.742099,-0.015844,-1.599442,0.044822,0.975759,-0.029186,-0.055870,0.209573
7.930000,5.999307,-0.121611,3.742546,-0.018244,-1.599260,0.044655,0.975726,-0.028884,-0.055751,0.209799
7.940000,5.999112,-0.137602,3.742992,-0.020643,-1.599053,0.044488,0.975694,-0.028580,-0.055629,0.210025
7.950000,5.998894,-0.153592,3.743436,-0.023043,-1.598820,0.044321,0.975661,-0.028274,-0.055506,0.210251
7.960000,5.998651,-0.169579,3.743879,-0.025443,-1.598562,0.044153,0.975628,-0.027967,-0.055382,0.210477
7.970000,5.998385,-0.185563,3.744319,-0.027842,-1.598277,0.043986,0.975595,-0.027658,-0.055255,0.210702
7.980000,5.998094,-0.201544,3.744758,-0.030241,-1.597968,0.043818,0.975563,-0.027348,-0.055127,0.210928
7.990000,5.997780,-0.217522,3.745196,-0.032640,-1.597632,0.043651,0.975530,-0.027037,-0.054997,0.211153
8.000000,5.997442,-0.233497,3.745631,-0.035039,-1.597272,0.043483,0.975497,-0.026723,-0.054866,0.211378
8.010000,5.997079,-0.249467,3.746065,-0.037438,-1.596885,0.043315,0.975465,-0.026409,-0.054733,0.211603
8.020000,5.996693,-0.265434,3.746498,-0.039837,-1.596473,0.043147,0.975432,-0.026092,-0.054598,0.211828
8.030000,5.996282,-0.281397,3.746928,-0.042236,-1.596036,0.042979,0.975399,-0.025775,-0.054461,0.212053
8.040000,5.995848,-0.297355,3.747357,-0.044634,-1.595573,0.042811,0.975366,-0.025456,-0.054323,0.212277
8.050000,5.995390,-0.313308,3.747784,-0.047032,-1.595084,0.042643,0.975333,-0.025135,-0.054183,0.212502
8.060000,5.994907,-0.329256,3.748210,-0.049430,-1.594570,0.042475,0.975301,-0.024813,-0.054041,0.212726
8.070000,5.994401,-0.345199,3.748634,-0.051828,-1.594031,0.042306,0.975268,-0.024490,-0.053898,0.212951
8.080000,5.993871,-0.361137,3.749056,-0.054226,-1.593466,0.042138,0.975235,-0.024165,-0.053753,0.213175
8.090000,5.993317,-0.377069,3.749477,-0.056623,-1.592875,0.041969,0.975202,-0.023839,-0.053606,0.213399
8.100000,5.992738,-0.392994,3.749896,-0.059021,-1.592259,0.041800,0.975169,-0.023512,-0.053457,0.213622
8.110000,5.992136,-0.408914,3.750313,-0.061418,-1.591618,0.041632,0.975136,-0.023183,-0.053307,0.213846
8.120000,5.991510,-0.424827,3.750728,-0.063814,-1.590951,0.041463,0.975103,-0.022853,-0.053156,0.214070
8.130000,5.990860,-0.440733,3.751142,-0.066211,-1.590258,0.041294,0.975070,-0.022522,-0.053002,0.214293
8.140000,5.990186,-0.456632,3.751554,-0.068607,-1.589540,0.041125,0.975037,-0.022189,-0.052847,0.214516
8.150000,5.989488,-0.472523,3.751964,-0.071003,-1.588797,0.040956,0.975004,-0.021855,-0.052691,0.214739
8.160000,5.988766,-0.488408,3.752373,-0.073399,-1.588028,0.040786,0.974971,-0.021520,-0.052533,0.214962
8.170000,5.988020,-0.504284,3.752780,-0.075794,-1.587234,0.040617,0.974938,-0.021184,-0.052373,0.215184
8.180000,5.987250,-0.520152,3.753185,-0.078189,-1.586414,0.040448,0.974905,-0.020846,-0.052211,0.215407
8.190000,5.986456,-0.536012,3.753589,-0.080584,-1.585569,0.040278,0.974872,-0.020508,-0.052048,0.215629
8.200000,5.985638,-0.551863,3.753991,-0.082978,-1.584699,0.040109,0.974838,-0.020168,-0.051883,0.215851
8.210000,5.984797,-0.567706,3.754391,-0.085372,-1.583804,0.039939,0.974805,-0.019827,-0.051717,0.216073
8.220000,5.983931,-0.583539,3.754790,-0.087766,-1.582883,0.039769,0.974772,-0.019484,-0.051549,0.216295
8.230000,5.983041,-0.599364,3.755187,-0.090159,-1.581936,0.039599,0.974738,-0.019141,-0.051380,0.216516
8.240000,5.982128,-0.615178,3.755582,-0.092552,-1.580965,0.039429,0.974705,-0.018797,-0.051208,0.216737
8.250000,5.981190,-0.630983,3.755975,-0.094945,-1.579968,0.039259,0.974671,-0.018451,-0.051036,0.216959
8.260000,5.980229,-0.646777,3.756367,-0.097337,-1.578945,0.039089,0.974638,-0.018105,-0.050861,0.217179
8.270000,5.979243,-0.662562,3.756757,-0.099729,-1.577898,0.038919,0.974604,-0.017757,-0.050686,0.217400
8.280000,5.978234,-0.678335,3.757145,-0.102121,-1.576825,0.038748,0.974570,-0.017409,-0.050508,0.217621
8.290000,5.977201,-0.694098,3.757532,-0.104512,-1.575727,0.038578,0.974536,-0.017059,-0.050329,0.217841
8.300000,5.976144,-0.709850,3.757917,-0.106903,-1.574604,0.038408,0.974503,-0.016708,-0.050149,0.218061
8.310000,5.975063,-0.725590,3.758300,-0.109293,-1.573456,0.038237,0.974469,-0.016357,-0.049966,0.218281
8.320000,5.973958,-0.741319,3.758682,-0.111683,-1.572282,0.038066,0.974435,-0.016004,-0.049783,0.218500
8.330000,5.972829,-0.757036,3.759061,-0.114072,-1.571084,0.037896,0.974401,-0.015651,-0.049598,0.218720
8.340000,5.971677,-0.772740,3.759440,-0.116461,-1.569860,0.037725,0.974367,-0.015296,-0.049411,0.218939
8.350000,5.970500,-0.788433,3.759816,-0.118849,-1.568611,0.037554,0.974332,-0.014941,-0.049223,0.219158
8.360000,5.969300,-0.804112,3.760191,-0.121237,-1.567337,0.037383,0.974298,-0.014585,-0.049033,0.219376
8.370000,5.968075,-0.819779,3.760564,-0.123625,-1.566038,0.037212,0.974264,-0.014228,-0.048842,0.219595
8.380000,5.966827,-0.835433,3.760935,-0.126012,-1.564713,0.037041,0.974230,-0.013870,-0.048649,0.219813
8.390000,5.965555,-0.851074,3.761304,-0.128398,-1.563364,0.036869,0.974195,-0.013511,-0.048455,0.220031
8.400000,5.964259,-0.866700,3.761672,-0.130784,-1.561990,0.036698,0.974161,-0.013151,-0.048259,0.220248
8.410000,5.962939,-0.882313,3.762038,-0.133170,-1.560591,0.036527,0.974126,-0.012791,-0.048062,0.220466
8.420000,5.961596,-0.897912,3.762403,-0.135554,-1.559167,0.036355,0.974091,-0.012430,-0.047863,0.220683
8.430000,5.960228,-0.913496,3.762765,-0.137939,-1.557718,0.036184,0.974056,-0.012068,-0.047663,0.220900
8.440000,5.958837,-0.929066,3.763126,-0.140323,-1.556243,0.036012,0.974022,-0.011705,-0.047461,0.221117
8.450000,5.957422,-0.944621,3.763486,-0.142706,-1.554745,0.035840,0.973987,-0.011342,-0.047258,0.221333
8.460000,5.955983,-0.960161,3.763843,-0.145089,-1.553221,0.035668,0.973951,-0.010978,-0.047053,0.221549
8.470000,5.954520,-0.975686,3.764199,-0.147471,-1.551672,0.035496,0.973916,-0.010613,-0.046847,0.221765
8.480000,5.953034,-0.991194,3.764553,-0.149852,-1.550098,0.035324,0.973881,-0.010248,-0.046640,0.221980
8.490000,5.951523,-1.006688,3.764906,-0.152233,-1.548500,0.035152,0.973846,-0.009882,-0.046431,0.222196
8.500000,5.949989,-1.022164,3.765256,-0.154613,-1.546877,0.034980,0.973810,-0.009515,-0.046221,0.222411
8.510000,5.948431,-1.037625,3.765605,-0.156993,-1.545229,0.034808,0.973775,-0.009148,-0.046009,0.222625
8.520000,5.946849,-1.053069,3.765952,-0.159372,-1.543557,0.034636,0.973739,-0.008780,-0.045796,0.222840
8.530000,5.945243,-1.068496,3.766298,-0.161751,-1.541859,0.034463,0.973704,-0.008412,-0.045581,0.223054
8.540000,5.943614,-1.083906,3.766642,-0.164128,-1.540138,0.034291,0.973668,-0.008043,-0.045365,0.223268
8.550000,5.941961,-1.099299,3.766984,-0.166505,-1.538391,0.034118,0.973632,-0.007673,-0.045148,0.223481
8.560000,5.940284,-1.114674,3.767324,-0.168882,-1.536620,0.033946,0.973596,-0.007303,-0.044929,0.223694
8.570000,5.938583,-1.130031,3.767663,-0.171258,-1.534824,0.033773,0.973560,-0.006933,-0.044709,0.223907
8.580000,5.936859,-1.145370,3.768000,-0.173633,-1.533004,0.033600,0.973524,-0.006562,-0.044488,0.224120
8.590000,5.935111,-1.160691,3.768335,-0.176007,-1.531159,0.033427,0.973487,-0.006190,-0.044265,0.224332
8.600000,5.933339,-1.175993,3.768668,-0.178381,-1.529290,0.033255,0.973451,-0.005818,-0.044041,0.224544
8.610000,5.931543,-1.191277,3.769000,-0.180754,-1.527396,0.033082,0.973414,-0.005446,-0.043816,0.224756
8.620000,5.929724,-1.206541,3.769330,-0.183126,-1.525477,0.032908,0.973378,-0.005073,-0.043589,0.224967
8.630000,5.927880,-1.221786,3.769658,-0.185498,-1.523535,0.032735,0.973341,-0.004700,-0.043361,0.225178
8.640000,5.926014,-1.237012,3.769984,-0.187868,-1.521568,0.032562,0.973304,-0.004327,-0.043131,0.225389
8.650000,5.924123,-1.252217,3.770309,-0.190238,-1.519576,0.032389,0.973267,-0.003953,-0.042900,0.225599
8.660000,5.922209,-1.267403,3.770632,-0.192608,-1.517561,0.032215,0.973230,-0.003579,-0.042668,0.225809
8.670000,5.920271,-1.282569,3.770953,-0.194976,-1.515521,0.032042,0.973193,-0.003204,-0.042435,0.226019
8.680000,5.918309,-1.297713,3.771273,-0.197344,-1.513456,0.031869,0.973156,-0.002830,-0.042200,0.226228
8.690000,5.916324,-1.312838,3.771591,-0.199711,-1.511368,0.031695,0.973118,-0.002455,-0.041965,0.226437
8.700000,5.914315,-1.327941,3.771907,-0.202077,-1.509255,0.031521,0.973081,-0.002080,-0.041727,0.226646
8.710000,5.912282,-1.343023,3.772221,-0.204442,-1.507119,0.031348,0.973043,-0.001704,-0.041489,0.226854
8.720000,5.910226,-1.358083,3.772534,-0.206807,-1.504958,0.031174,0.973005,-0.001329,-0.041249,0.227062
8.730000,5.908146,-1.373122,3.772845,-0.209170,-1.502773,0.031000,0.972968,-0.000953,-0.041008,0.227269
8.740000,5.906043,-1.388138,3.773154,-0.211533,-1.500564,0.030826,0.972930,-0.000577,-0.040766,0.227477
8.750000,5.903916,-1.403133,3.773461,-0.213895,-1.498331,0.030652,0.972892,-0.000201,-0.040523,0.227684
8.760000,5.901765,-1.418105,3.773767,-0.216256,-1.496074,0.030478,0.972853,0.000176,-0.040278,0.227890
8.770000,5.899591,-1.433054,3.774071,-0.218617,-1.493793,0.030304,0.972815,0.000552,-0.040032,0.228096
8.780000,5.897393,-1.447981,3.774373,-0.220976,-1.491488,0.030130,0.972777,0.000928,-0.039785,0.228302
8.790000,5.895171,-1.462884,3.774673,-0.223335,-1.489159,0.029955,0.972738,0.001305,-0.039537,0.228507
8.800000,5.892926,-1.477764,3.774972,-0.225692,-1.486807,0.029781,0.972699,0.001681,-0.039288,0.228712
8.810000,5.890657,-1.492620,3.775269,-0.228049,-1.484430,0.029607,0.972661,0.002058,-0.039037,0.228917
8.820000,5.888365,-1.507452,3.775564,-0.230405,-1.482030,0.029432,0.972622,0.002435,-0.038786,0.229121
8.830000,5.886049,-1.522261,3.775858,-0.232760,-1.479607,0.029258,0.972583,0.002811,-0.038533,0.229325
8.840000,5.883710,-1.537044,3.776149,-0.235114,-1.477159,0.029083,0.972544,0.003188,-0.038279,0.229529
8.850000,5.881347,-1.551804,3.776439,-0.237467,-1.474688,0.028908,0.972504,0.003564,-0.038023,0.229732
8.860000,5.878960,-1.566538,3.776728,-0.239819,-1.472193,0.028734,0.972465,0.003941,-0.037767,0.229935
8.870000,5.876550,-1.581247,3.777014,-0.242170,-1.469675,0.028559,0.972426,0.004317,-0.037510,0.230137
8.880000,5.874117,-1.595932,3.777299,-0.244520,-1.467133,0.028384,0.972386,0.004693,-0.037251,0.230339
8.890000,5.871660,-1.610590,3.777582,-0.246869,-1.464568,0.028209,0.972346,0.005069,-0.036992,0.230540
8.900000,5.869180,-1.625223,3.777863,-0.249217,-1.461980,0.028034,0.972306,0.005445,-0.036731,0.230742
8.910000,5.866676,-1.639830,3.778142,-0.251564,-1.459367,0.027859,0.972266,0.005821,-0.036469,0.230942
8.920000,5.864148,-1.654410,3.778420,-0.253911,-1.456732,0.027684,0.972226,0.006197,-0.036206,0.231143
8.930000,5.861598,-1.668964,3.778696,-0.256256,-1.454073,0.027509,0.972186,0.006572,-0.035942,0.231343
8.940000,5.859023,-1.683491,3.778970,-0.258600,-1.451391,0.027334,0.972146,0.006947,-0.035677,0.231542
8.950000,5.856426,-1.697992,3.779243,-0.260943,-1.448686,0.027158,0.972105,0.007322,-0.035411,0.231741
8.960000,5.853804,-1.712465,3.779513,-0.263285,-1.445958,0.026983,0.972065,0.007697,-0.035144,0.231940
8.970000,5.851160,-1.726911,3.779782,-0.265626,-1.443206,0.026807,0.972024,0.008071,-0.034876,0.232138
8.980000,5.848492,-1.741329,3.780050,-0.267966,-1.440432,0.026632,0.971983,0.008445,-0.034607,0.232336
8.990000,5.845801,-1.755720,3.780315,-0.270305,-1.437634,0.026456,0.971942,0.008819,-0.034337,0.232534
9.000000,5.843086,-1.770082,3.780579,-0.272643,-1.434813,0.026281,0.971901,0.009193,-0.034066,0.232731
9.010000,5.840348,-1.784416,3.780841,-0.274979,-1.431970,0.026105,0.971860,0.009566,-0.033793,0.232927
9.020000,5.837586,-1.798721,3.781101,-0.277315,-1.429103,0.025929,0.971818,0.009939,-0.033520,0.233124
9.030000,5.834801,-1.812998,3.781359,-0.279649,-1.426214,0.025754,0.971777,0.010311,-0.033246,0.233319
9.040000,5.831993,-1.827245,3.781616,-0.281983,-1.423302,0.025578,0.971735,0.010683,-0.032971,0.233515
9.050000,5.829162,-1.841464,3.781871,-0.284315,-1.420367,0.025402,0.971694,0.011054,-0.032695,0.233710
9.060000,5.826307,-1.855653,3.782124,-0.286646,-1.417409,0.025226,0.971652,0.011425,-0.032418,0.233904
9.070000,5.823429,-1.869812,3.782375,-0.288976,-1.414429,0.025050,0.971610,0.011796,-0.032140,0.234098
9.080000,5.820527,-1.883941,3.782625,-0.291305,-1.411426,0.024874,0.971568,0.012166,-0.031862,0.234292
9.090000,5.817603,-1.898040,3.782873,-0.293632,-1.408400,0.024698,0.971526,0.012535,-0.031582,0.234485
9.100000,5.814655,-1.912109,3.783119,-0.295959,-1.405352,0.024522,0.971483,0.012904,-0.031301,0.234677
9.110000,5.811684,-1.926147,3.783363,-0.298284,-1.402281,0.024345,0.971441,0.013273,-0.031020,0.234870
9.120000,5.808689,-1.940155,3.783606,-0.300608,-1.399188,0.024169,0.971399,0.013641,-0.030737,0.235062
9.130000,5.805671,-1.954131,3.783847,-0.302931,-1.396073,0.023993,0.971356,0.014008,-0.030454,0.235253
9.140000,5.802630,-1.968076,3.784086,-0.305253,-1.392935,0.023816,0.971313,0.014375,-0.030170,0.235444
9.150000,5.799566,-1.981989,3.784323,-0.307573,-1.389775,0.023640,0.971270,0.014741,-0.029885,0.235634
9.160000,5.796479,-1.995871,3.784558,-0.309892,-1.386593,0.023463,0.971227,0.015106,-0.029599,0.235824
9.170000,5.793369,-2.009721,3.784792,-0.312210,-1.383388,0.023287,0.971184,0.015471,-0.029313,0.236014
9.180000,5.790235,-2.023539,3.785024,-0.314527,-1.380162,0.023110,0.971141,0.015835,-0.029025,0.236203
9.190000,5.787078,-2.037324,3.785254,-0.316842,-1.376913,0.022934,0.971098,0.016198,-0.028737,0.236392
9.200000,5.783898,-2.051077,3.785483,-0.319157,-1.373642,0.022757,0.971054,0.016561,-0.028448,0.236580
9.210000,5.780695,-2.064797,3.785710,-0.321470,-1.370350,0.022580,0.971011,0.016923,-0.028158,0.236768
9.220000,5.777469,-2.078484,3.785934,-0.323781,-1.367035,0.022403,0.970967,0.017284,-0.027867,0.236955
9.230000,5.774219,-2.092138,3.786158,-0.326092,-1.363698,0.022226,0.970923,0.017644,-0.027576,0.237142
9.240000,5.770947,-2.105758,3.786379,-0.328401,-1.360340,0.022050,0.970879,0.018004,-0.027284,0.237328
9.250000,5.767651,-2.119345,3.786599,-0.330708,-1.356960,0.021873,0.970835,0.018362,-0.026991,0.237514
9.260000,5.764333,-2.132897,3.786816,-0.333015,-1.353558,0.021696,0.970791,0.018720,-0.026697,0.237699
9.270000,5.760991,-2.146416,3.787032,-0.335320,-1.350135,0.021519,0.970747,0.019077,-0.026403,0.237884
9.280000,5.757626,-2.159900,3.787247,-0.337623,-1.346690,0.021341,0.970703,0.019433,-0.026108,0.238069
9.290000,5.754238,-2.173349,3.787459,-0.339926,-1.343223,0.021164,0.970658,0.019789,-0.025812,0.238253
9.300000,5.750828,-2.186764,3.787670,-0.342227,-1.339735,0.020987,0.970614,0.020143,-0.025515,0.238436
9.310000,5.747394,-2.200144,3.787879,-0.344527,-1.336226,0.020810,0.970569,0.020496,-0.025218,0.238619
9.320000,5.743937,-2.213489,3.788086,-0.346825,-1.332695,0.020633,0.970525,0.020849,-0.024920,0.238802
9.330000,5.740457,-2.226798,3.788292,-0.349122,-1.329142,0.020455,0.970480,0.021200,-0.024622,0.238984
9.340000,5.736955,-2.240071,3.788495,-0.351417,-1.325569,0.020278,0.970435,0.021551,-0.024323,0.239166
9.350000,5.733429,-2.253309,3.788697,-0.353711,-1.321974,0.020100,0.970390,0.021900,-0.024023,0.239347
9.360000,5.729881,-2.266511,3.788897,-0.356004,-1.318358,0.019923,0.970345,0.022249,-0.023722,0.239528
9.370000,5.726309,-2.279676,3.789096,-0.358295,-1.314721,0.019745,0.970299,0.022596,-0.023421,0.239708
9.380000,5.722715,-2.292805,3.789292,-0.360585,-1.311063,0.019568,0.970254,0.022943,-0.023120,0.239888
9.390000,5.719097,-2.305897,3.789487,-0.362873,-1.307384,0.019390,0.970209,0.023288,-0.022817,0.240067
9.400000,5.715457,-2.318953,3.789680,-0.365160,-1.303684,0.019213,0.970163,0.023632,-0.022515,0.240246
9.410000,5.711794,-2.331971,3.789871,-0.367446,-1.299964,0.019035,0.970118,0.023976,-0.022211,0.240424
9.420000,5.708108,-2.344952,3.790061,-0.369730,-1.296222,0.018857,0.970072,0.024318,-0.021907,0.240602
9.430000,5.704400,-2.357895,3.790248,-0.372012,-1.292460,0.018679,0.970026,0.024658,-0.021602,0.240779
9.440000,5.700668,-2.370801,3.790434,-0.374293,-1.288677,0.018501,0.969980,0.024998,-0.021297,0.240956
9.450000,5.696914,-2.383669,3.790618,-0.376573,-1.284873,0.018324,0.969934,0.025337,-0.020992,0.241132
9.460000,5.693137,-2.396499,3.790801,-0.378851,-1.281049,0.018146,0.969888,0.025674,-0.020685,0.241308
9.470000,5.689337,-2.409290,3.790981,-0.381127,-1.277205,0.017968,0.969842,0.026010,-0.020379,0.241483
9.480000,5.685514,-2.422043,3.791160,-0.383402,-1.273340,0.017790,0.969796,0.026345,-0.020072,0.241658
9.490000,5.681669,-2.434757,3.791337,-0.385676,-1.269454,0.017612,0.969750,0.026679,-0.019764,0.241833
9.500000,5.677801,-2.447432,3.791512,-0.387947,-1.265548,0.017434,0.969703,0.027011,-0.019456,0.242007
9.510000,5.673910,-2.460067,3.791686,-0.390218,-1.261622,0.017256,0.969657,0.027342,-0.019147,0.242180
9.520000,5.669996,-2.472664,3.791858,-0.392487,-1.257676,0.017077,0.969610,0.027672,-0.018838,0.242353
9.530000,5.666060,-2.485221,3.792027,-0.394754,-1.253710,0.016899,0.969564,0.028000,-0.018528,0.242525
9.540000,5.662101,-2.497738,3.792196,-0.397019,-1.249723,0.016721,0.969517,0.028327,-0.018218,0.242697
9.550000,5.658120,-2.510215,3.792362,-0.399283,-1.245717,0.016543,0.969470,0.028653,-0.017908,0.242869
9.560000,5.654115,-2.522652,3.792526,-0.401546,-1.241691,0.016364,0.969424,0.028977,-0.017597,0.243040
9.570000,5.650089,-2.535049,3.792689,-0.403807,-1.237645,0.016186,0.969377,0.029300,-0.017286,0.243210
9.580000,5.646039,-2.547405,3.792850,-0.406066,-1.233579,0.016008,0.969330,0.029622,-0.016974,0.243380
9.590000,5.641967,-2.559721,3.793009,-0.408324,-1.229493,0.015829,0.969283,0.029942,-0.016662,0.243550
9.600000,5.637873,-2.571995,3.793167,-0.410580,-1.225388,0.015651,0.969236,0.030261,-0.016350,0.243719
9.610000,5.633756,-2.584228,3.793322,-0.412834,-1.221263,0.015472,0.969189,0.030578,-0.016037,0.243887
9.620000,5.629616,-2.596420,3.793476,-0.415087,-1.217118,0.015294,0.969141,0.030894,-0.015724,0.244056
9.630000,5.625454,-2.608571,3.793628,-0.417338,-1.212954,0.015115,0.969094,0.031208,-0.015410,0.244223
9.640000,5.621269,-2.620679,3.793778,-0.419587,-1.208771,0.014937,0.969047,0.031521,-0.015096,0.244390
9.650000,5.617062,-2.632746,3.793927,-0.421835,-1.204568,0.014758,0.969000,0.031832,-0.014782,0.244557
9.660000,5.612833,-2.644770,3.794074,-0.424081,-1.200346,0.014579,0.968952,0.032142,-0.014468,0.244723
9.670000,5.608581,-2.656753,3.794218,-0.426325,-1.196105,0.014401,0.968905,0.032450,-0.014153,0.244888
9.680000,5.604306,-2.668692,3.794362,-0.428567,-1.191844,0.014222,0.968857,0.032756,-0.013838,0.245054
9.690000,5.600009,-2.680590,3.794503,-0.430808,-1.187565,0.014043,0.968810,0.033061,-0.013523,0.245218
9.700000,5.595690,-2.692444,3.794642,-0.433047,-1.183266,0.013865,0.968762,0.033365,-0.013207,0.245382
9.710000,5.591348,-2.704255,3.794780,-0.435285,-1.178949,0.013686,0.968714,0.033666,-0.012892,0.245546
9.720000,5.586984,-2.716023,3.794916,-0.437521,-1.174613,0.013507,0.968667,0.033967,-0.012576,0.245709
9.730000,5.582598,-2.727747,3.795050,-0.439754,-1.170258,0.013328,0.968619,0.034265,-0.012259,0.245872
9.740000,5.578189,-2.739428,3.795183,-0.441987,-1.165884,0.013149,0.968571,0.034562,-0.011943,0.246034
9.750000,5.573758,-2.751065,3.795313,-0.444217,-1.161492,0.012970,0.968523,0.034857,-0.011626,0.246196
9.760000,5.569305,-2.762658,3.795442,-0.446446,-1.157081,0.012791,0.968475,0.035150,-0.011309,0.246357
9.770000,5.564829,-2.774206,3.795569,-0.448672,-1.152651,0.012612,0.968428,0.035442,-0.010992,0.246518
9.780000,5.560332,-2.785710,3.795694,-0.450897,-1.148203,0.012433,0.968380,0.035732,-0.010675,0.246678
9.790000,5.555811,-2.797170,3.795818,-0.453121,-1.143737,0.012254,0.968332,0.036020,-0.010358,0.246838
9.800000,5.551269,-2.808585,3.795939,-0.455342,-1.139252,0.012075,0.968284,0.036307,-0.010040,0.246997
9.810000,5.546705,-2.819955,3.796059,-0.457562,-1.134750,0.011896,0.968236,0.036591,-0.009723,0.247156
9.820000,5.542118,-2.831280,3.796177,-0.459779,-1.130229,0.011717,0.968188,0.036874,-0.009405,0.247314
9.830000,5.537509,-2.842560,3.796294,-0.461995,-1.125689,0.011538,0.968140,0.037155,-0.009087,0.247472
9.840000,5.532878,-2.853794,3.796408,-0.464209,-1.121132,0.011359,0.968092,0.037435,-0.008769,0.247630
9.850000,5.528225,-2.864982,3.796521,-0.466422,-1.116557,0.011179,0.968044,0.037712,-0.008451,0.247786
9.860000,5.523550,-2.876125,3.796632,-0.468632,-1.111964,0.011000,0.967995,0.037987,-0.008133,0.247943
9.870000,5.518852,-2.887222,3.796741,-0.470841,-1.107354,0.010821,0.967947,0.038261,-0.007814,0.248099
9.880000,5.514133,-2.898272,3.796848,-0.473047,-1.102725,0.010642,0.967899,0.038533,-0.007496,0.248254
9.890000,5.509391,-2.909276,3.796954,-0.475252,-1.098079,0.010462,0.967851,0.038803,-0.007177,0.248409
9.900000,5.504628,-2.920233,3.797057,-0.477455,-1.093416,0.010283,0.967803,0.039071,-0.006859,0.248564
9.910000,5.499842,-2.931144,3.797159,-0.479656,-1.088735,0.010104,0.967755,0.039337,-0.006541,0.248718
9.920000,5.495035,-2.942008,3.797259,-0.481855,-1.084036,0.009924,0.967707,0.039601,-0.006222,0.248871
9.930000,5.490205,-2.952825,3.797358,-0.484052,-1.079320,0.009745,0.967658,0.039863,-0.005904,0.249025
9.940000,5.485354,-2.963594,3.797454,-0.486247,-1.074587,0.009565,0.967610,0.040124,-0.005585,0.249177
9.950000,5.480480,-2.974317,3.797549,-0.488440,-1.069837,0.009386,0.967562,0.040382,-0.005267,0.249329
9.960000,5.475585,-2.984991,3.797642,-0.490631,-1.065069,0.009207,0.967514,0.040638,-0.004948,0.249481
9.970000,5.470668,-2.995618,3.797733,-0.492820,-1.060285,0.009027,0.967466,0.040892,-0.004630,0.249632
9.980000,5.465728,-3.006197,3.797823,-0.495008,-1.055483,0.008848,0.967418,0.041145,-0.004311,0.249783
9.990000,5.460767,-3.016727,3.797910,-0.497193,-1.050665,0.008668,0.967370,0.041395,-0.003993,0.249933
10.000000,5.455785,-3.027210,3.797996,-0.499376,-1.045830,0.008488,0.967321,0.041643,-0.003675,0.250083
10.010000,5.450780,-3.037644,3.798080,-0.501558,-1.040978,0.008309,0.967273,0.041889,-0.003357,0.250233
10.020000,5.445753,-3.048029,3.798162,-0.503737,-1.036109,0.008129,0.967225,0.042133,-0.003039,0.250382
10.030000,5.440705,-3.058366,3.798243,-0.505914,-1.031224,0.007950,0.967177,0.042375,-0.002721,0.250530
10.040000,5.435635,-3.068654,3.798321,-0.508089,-1.026323,0.007770,0.967129,0.042615,-0.002403,0.250678
10.050000,5.430543,-3.078893,3.798398,-0.510263,-1.021405,0.007590,0.967081,0.042852,-0.002085,0.250826
10.060000,5.425430,-3.089082,3.798473,-0.512434,-1.016470,0.007411,0.967033,0.043088,-0.001767,0.250973
10.070000,5.420295,-3.099222,3.798546,-0.514603,-1.011520,0.007231,0.966985,0.043321,-0.001450,0.251120
10.080000,5.415138,-3.109312,3.798618,-0.516770,-1.006553,0.007051,0.966937,0.043553,-0.001133,0.251266
10.090000,5.409959,-3.119353,3.798687,-0.518935,-1.001570,0.006872,0.966889,0.043782,-0.000816,0.251412
10.100000,5.404759,-3.129344,3.798755,-0.521098,-0.996571,0.006692,0.966841,0.044009,-0.000499,0.251557
10.110000,5.399537,-3.139284,3.798821,-0.523259,-0.991556,0.006512,0.966793,0.044234,-0.000182,0.251702
10.120000,5.394294,-3.149175,3.798885,-0.525418,-0.986525,0.006333,0.966746,0.044456,0.000135,0.251846
10.130000,5.389029,-3.159015,3.798948,-0.527574,-0.981479,0.006153,0.966698,0.044676,0.000451,0.251990
10.140000,5.383742,-3.168804,3.799008,-0.529729,-0.976416,0.005973,0.966650,0.044895,0.000767,0.252134
10.150000,5.378434,-3.178543,3.799067,-0.531881,-0.971338,0.005793,0.966602,0.045110,0.001083,0.252277
10.160000,5.373105,-3.188231,3.799124,-0.534032,-0.966245,0.005614,0.966555,0.045324,0.001399,0.252420
10.170000,5.367754,-3.197868,3.799179,-0.536180,-0.961136,0.005434,0.966507,0.045535,0.001714,0.252562
10.180000,5.362381,-3.207454,3.799233,-0.538326,-0.956012,0.005254,0.966460,0.045745,0.002029,0.252704
10.190000,5.356987,-3.216988,3.799285,-0.540470,-0.950872,0.005074,0.966412,0.045951,0.002344,0.252845
10.200000,5.351572,-3.226471,3.799334,-0.542611,-0.945717,0.004894,0.966365,0.046156,0.002659,0.252986
10.210000,5.346135,-3.235902,3.799382,-0.544751,-0.940548,0.004714,0.966317,0.046358,0.002973,0.253127
10.220000,5.340677,-3.245282,3.799429,-0.546888,-0.935363,0.004534,0.966270,0.046558,0.003287,0.253267
10.230000,5.335197,-3.254610,3.799473,-0.549023,-0.930163,0.004355,0.966223,0.046756,0.003601,0.253407
10.240000,5.329696,-3.263885,3.799516,-0.551156,-0.924948,0.004175,0.966175,0.046951,0.003914,0.253546
10.250000,5.324174,-3.273108,3.799557,-0.553287,-0.919718,0.003995,0.966128,0.047144,0.004227,0.253685
10.260000,5.318631,-3.282279,3.799596,-0.555416,-0.914474,0.003815,0.966081,0.047334,0.004539,0.253823
10.270000,5.313066,-3.291398,3.799633,-0.557542,-0.909215,0.003635,0.966034,0.047522,0.004852,0.253962
10.280000,5.307480,-3.300464,3.799668,-0.559666,-0.903942,0.003455,0.965987,0.047708,0.005164,0.254099
10.290000,5.301873,-3.309477,3.799702,-0.561788,-0.898654,0.003275,0.965940,0.047892,0.005475,0.254236
10.300000,5.296244,-3.318437,3.799734,-0.563908,-0.893351,0.003095,0.965893,0.048073,0.005786,0.254373
10.310000,5.290594,-3.327344,3.799764,-0.566025,-0.888035,0.002915,0.965846,0.048251,0.006097,0.254510
10.320000,5.284924,-3.336197,3.799792,-0.568140,-0.882704,0.002735,0.965800,0.048427,0.006407,0.254646
10.330000,5.279232,-3.344998,3.799819,-0.570253,-0.877359,0.002555,0.965753,0.048601,0.006717,0.254781
10.340000,5.273519,-3.353744,3.799843,-0.572364,-0.872000,0.002375,0.965707,0.048772,0.007027,0.254917
10.350000,5.267784,-3.362438,3.799866,-0.574472,-0.866627,0.002195,0.965660,0.048941,0.007336,0.255052
10.360000,5.262029,-3.371077,3.799887,-0.576578,-0.861240,0.002015,0.965614,0.049108,0.007644,0.255186
10.370000,5.256253,-3.379662,3.799906,-0.578681,-0.855839,0.001835,0.965568,0.049271,0.007953,0.255320
10.380000,5.250456,-3.388194,3.799924,-0.580783,-0.850425,0.001656,0.965521,0.049433,0.008260,0.255454
10.390000,5.244637,-3.396671,3.799940,-0.582882,-0.844997,0.001476,0.965475,0.049592,0.008567,0.255587
10.400000,5.238798,-3.405094,3.799953,-0.584979,-0.839556,0.001296,0.965429,0.049748,0.008874,0.255720
10.410000,5.232938,-3.413462,3.799965,-0.587073,-0.834101,0.001116,0.965383,0.049902,0.009180,0.255853
10.420000,5.227056,-3.421776,3.799976,-0.589165,-0.828633,0.000936,0.965337,0.050054,0.009486,0.255985
10.430000,5.221154,-3.430035,3.799984,-0.591255,-0.823151,0.000756,0.965292,0.050203,0.009791,0.256116
10.440000,5.215231,-3.438239,3.799991,-0.593342,-0.817657,0.000576,0.965246,0.050349,0.010096,0.256248
10.450000,5.209288,-3.446388,3.799996,-0.595427,-0.812149,0.000396,0.965201,0.050493,0.010400,0.256379
10.460000,5.203323,-3.454481,3.799999,-0.597509,-0.806628,0.000216,0.965155,0.050634,0.010703,0.256510
10.470000,5.197337,-3.462520,3.800000,-0.599589,-0.801095,0.000036,0.965110,0.050773,0.011006,0.256640
10.480000,5.191331,-3.470503,3.799999,-0.601667,-0.795548,-0.000144,0.965065,0.050909,0.011308,0.256770
10.490000,5.185304,-3.478431,3.799997,-0.603742,-0.789989,-0.000324,0.965019,0.051043,0.011610,0.256899
10.500000,5.179256,-3.486303,3.799993,-0.605815,-0.784417,-0.000504,0.964974,0.051174,0.011911,0.257029
10.510000,5.173188,-3.494119,3.799987,-0.607886,-0.778833,-0.000684,0.964929,0.051302,0.012212,0.257158
10.520000,5.167098,-3.501880,3.799979,-0.609954,-0.773236,-0.000864,0.964885,0.051428,0.012512,0.257286
10.530000,5.160989,-3.509584,3.799970,-0.612019,-0.767627,-0.001044,0.964840,0.051552,0.012811,0.257414
10.540000,5.154858,-3.517232,3.799958,-0.614083,-0.762006,-0.001224,0.964795,0.051672,0.013110,0.257542
10.550000,5.148707,-3.524824,3.799945,-0.616143,-0.756372,-0.001404,0.964751,0.051790,0.013408,0.257670
10.560000,5.142535,-3.532360,3.799930,-0.618202,-0.750726,-0.001584,0.964707,0.051906,0.013706,0.257797
10.570000,5.136343,-3.539839,3.799914,-0.620257,-0.745068,-0.001764,0.964662,0.052019,0.014002,0.257924
10.580000,5.130130,-3.547261,3.799895,-0.622311,-0.739399,-0.001944,0.964618,0.052129,0.014298,0.258050
10.590000,5.123897,-3.554627,3.799875,-0.624362,-0.733717,-0.002124,0.964574,0.052236,0.014594,0.258176
10.600000,5.117643,-3.561935,3.799852,-0.626410,-0.728024,-0.002304,0.964530,0.052341,0.014889,0.258302
10.610000,5.111369,-3.569187,3.799829,-0.628456,-0.722319,-0.002484,0.964487,0.052443,0.015183,0.258427
10.620000,5.105074,-3.576382,3.799803,-0.630499,-0.716603,-0.002664,0.964443,0.052543,0.015476,0.258553
10.630000,5.098759,-3.583519,3.799775,-0.632540,-0.710875,-0.002844,0.964400,0.052640,0.015769,0.258677
10.640000,5.092423,-3.590599,3.799746,-0.634578,-0.705135,-0.003024,0.964356,0.052734,0.016060,0.258802
10.650000,5.086067,-3.597622,3.799715,-0.636614,-0.699385,-0.003204,0.964313,0.052826,0.016352,0.258926
10.660000,5.079691,-3.604587,3.799682,-0.638647,-0.693623,-0.003384,0.964270,0.052915,0.016642,0.259050
10.670000,5.073294,-3.611494,3.799647,-0.640677,-0.687850,-0.003564,0.964227,0.053001,0.016932,0.259173
10.680000,5.066877,-3.618344,3.799611,-0.642705,-0.682066,-0.003744,0.964184,0.053084,0.017221,0.259297
10.690000,5.060440,-3.625135,3.799572,-0.644731,-0.676271,-0.003924,0.964141,0.053165,0.017509,0.259420
10.700000,5.053983,-3.631869,3.799532,-0.646754,-0.670466,-0.004104,0.964099,0.053243,0.017796,0.259542
10.710000,5.047505,-3.638545,3.799490,-0.648774,-0.664649,-0.004284,0.964056,0.053319,0.018083,0.259665
10.720000,5.041007,-3.645162,3.799446,-0.650792,-0.658822,-0.004463,0.964014,0.053391,0.018368,0.259787
10.730000,5.034489,-3.651721,3.799401,-0.652807,-0.652985,-0.004643,0.963972,0.053461,0.018653,0.259908
10.740000,5.027951,-3.658222,3.799354,-0.654819,-0.647137,-0.004823,0.963930,0.053529,0.018937,0.260030
10.750000,5.021393,-3.664664,3.799304,-0.656829,-0.641279,-0.005003,0.963888,0.053593,0.019221,0.260151
10.760000,5.014814,-3.671047,3.799253,-0.658836,-0.635410,-0.005183,0.963846,0.053655,0.019503,0.260272
10.770000,5.008216,-3.677372,3.799201,-0.660841,-0.629531,-0.005363,0.963804,0.053714,0.019785,0.260393
10.780000,5.001598,-3.683638,3.799146,-0.662843,-0.623643,-0.005542,0.963763,0.053770,0.020065,0.260513
10.790000,4.994959,-3.689845,3.799090,-0.664842,-0.617744,-0.005722,0.963722,0.053824,0.020345,0.260633
10.800000,4.988301,-3.695993,3.799032,-0.666839,-0.611835,-0.005902,0.963681,0.053875,0.020624,0.260753
10.810000,4.981622,-3.702081,3.798972,-0.668833,-0.605917,-0.006082,0.963640,0.053923,0.020902,0.260872
10.820000,4.974924,-3.708111,3.798910,-0.670824,-0.599988,-0.006262,0.963599,0.053968,0.021180,0.260991
10.830000,4.968206,-3.714081,3.798847,-0.672813,-0.594051,-0.006441,0.963558,0.054011,0.021456,0.261110
10.840000,4.961468,-3.719992,3.798781,-0.674799,-0.588103,-0.006621,0.963517,0.054050,0.021732,0.261229
10.850000,4.954710,-3.725843,3.798714,-0.676782,-0.582147,-0.006801,0.963477,0.054088,0.022006,0.261347
10.860000,4.947932,-3.731635,3.798645,-0.678763,-0.576181,-0.006980,0.963437,0.054122,0.022280,0.261466
10.870000,4.941135,-3.737367,3.798575,-0.680740,-0.570206,-0.007160,0.963397,0.054153,0.022552,0.261583
10.880000,4.934317,-3.743039,3.798502,-0.682716,-0.564221,-0.007340,0.963357,0.054182,0.022824,0.261701
10.890000,4.927480,-3.748651,3.798428,-0.684688,-0.558228,-0.007520,0.963317,0.054208,0.023095,0.261819
10.900000,4.920624,-3.754203,3.798352,-0.686657,-0.552226,-0.007699,0.963277,0.054231,0.023365,0.261936
10.910000,4.913747,-3.759696,3.798274,-0.688624,-0.546214,-0.007879,0.963238,0.054252,0.023634,0.262053
10.920000,4.906851,-3.765128,3.798194,-0.690588,-0.540195,-0.008058,0.963198,0.054269,0.023902,0.262169
10.930000,4.899936,-3.770499,3.798113,-0.692550,-0.534166,-0.008238,0.963159,0.054284,0.024169,0.262286
10.940000,4.893000,-3.775811,3.798029,-0.694508,-0.528129,-0.008418,0.963120,0.054296,0.024435,0.262402
10.950000,4.886045,-3.781062,3.797944,-0.696464,-0.522083,-0.008597,0.963081,0.054306,0.024700,0.262518
10.960000,4.879071,-3.786253,3.797857,-0.698417,-0.516030,-0.008777,0.963042,0.054312,0.024963,0.262634
10.970000,4.872077,-3.791383,3.797769,-0.700367,-0.509968,-0.008956,0.963004,0.054316,0.025226,0.262749
10.980000,4.865064,-3.796452,3.797678,-0.702315,-0.503897,-0.009136,0.962965,0.054317,0.025488,0.262864
10.990000,4.858031,-3.801461,3.797586,-0.704260,-0.497819,-0.009315,0.962927,0.054315,0.025749,0.262979
11.000000,4.850978,-3.806408,3.797492,-0.706201,-0.491733,-0.009495,0.962889,0.054310,0.026009,0.263094
11.010000,4.843907,-3.811295,3.797396,-0.708140,-0.485638,-0.009674,0.962851,0.054303,0.026268,0.263209
11.020000,4.836816,-3.816121,3.797299,-0.710076,-0.479536,-0.009853,0.962813,0.054293,0.026526,0.263323
11.030000,4.829705,-3.820886,3.797199,-0.712010,-0.473427,-0.010033,0.962776,0.054280,0.026782,0.263437
11.040000,4.822575,-3.825590,3.797098,-0.713940,-0.467310,-0.010212,0.962738,0.054264,0.027038,0.263551
11.050000,4.815426,-3.830232,3.796995,-0.715868,-0.461185,-0.010391,0.962701,0.054245,0.027293,0.263665
11.060000,4.808258,-3.834813,3.796890,-0.717793,-0.455053,-0.010571,0.962664,0.054224,0.027546,0.263779
11.070000,4.801071,-3.839333,3.796783,-0.719714,-0.448914,-0.010750,0.962627,0.054199,0.027799,0.263892
11.080000,4.793864,-3.843791,3.796675,-0.721633,-0.442767,-0.010929,0.962590,0.054172,0.028050,0.264005
11.090000,4.786638,-3.848188,3.796565,-0.723550,-0.436614,-0.011109,0.962554,0.054143,0.028300,0.264118
11.100000,4.779393,-3.852524,3.796453,-0.725463,-0.430453,-0.011288,0.962517,0.054110,0.028549,0.264231
11.110000,4.772129,-3.856797,3.796339,-0.727373,-0.424285,-0.011467,0.962481,0.054075,0.028797,0.264343
11.120000,4.764845,-3.861009,3.796224,-0.729280,-0.418111,-0.011646,0.962445,0.054037,0.029044,0.264456
11.130000,4.757543,-3.865160,3.796106,-0.731185,-0.411930,-0.011825,0.962409,0.053996,0.029290,0.264568
11.140000,4.750222,-3.869248,3.795987,-0.733086,-0.405743,-0.012004,0.962373,0.053952,0.029534,0.264680
11.150000,4.742881,-3.873274,3.795866,-0.734985,-0.399549,-0.012183,0.962337,0.053905,0.029778,0.264792
11.160000,4.735522,-3.877239,3.795743,-0.736881,-0.393348,-0.012362,0.962302,0.053856,0.030020,0.264903
11.170000,4.728144,-3.881141,3.795619,-0.738773,-0.387142,-0.012541,0.962266,0.053804,0.030261,0.265015
11.180000,4.720747,-3.884982,3.795493,-0.740663,-0.380929,-0.012720,0.962231,0.053749,0.030501,0.265126
11.190000,4.713330,-3.888760,3.795364,-0.742550,-0.374710,-0.012899,0.962196,0.053691,0.030740,0.265237
11.200000,4.705896,-3.892476,3.795235,-0.744434,-0.368485,-0.013078,0.962161,0.053631,0.030978,0.265348
11.210000,4.698442,-3.896130,3.795103,-0.746315,-0.362254,-0.013257,0.962127,0.053567,0.031214,0.265459
11.220000,4.690969,-3.899721,3.794969,-0.748193,-0.356017,-0.013436,0.962092,0.053501,0.031449,0.265570
11.230000,4.683478,-3.903250,3.794834,-0.750068,-0.349775,-0.013615,0.962058,0.053433,0.031683,0.265680
11.240000,4.675968,-3.906716,3.794697,-0.751939,-0.343527,-0.013794,0.962024,0.053361,0.031916,0.265790
11.250000,4.668439,-3.910120,3.794558,-0.753808,-0.337273,-0.013973,0.961990,0.053287,0.032148,0.265900
11.260000,4.660892,-3.913462,3.794418,-0.755674,-0.331014,-0.014151,0.961956,0.053210,0.032378,0.266010
11.270000,4.653326,-3.916741,3.794275,-0.757537,-0.324750,-0.014330,0.961922,0.053130,0.032607,0.266120
11.280000,4.645741,-3.919957,3.794131,-0.759397,-0.318481,-0.014509,0.961888,0.053047,0.032835,0.266230
11.290000,4.638138,-3.923110,3.793985,-0.761254,-0.312206,-0.014688,0.961855,0.052962,0.033062,0.266339
11.300000,4.630516,-3.926201,3.793837,-0.763107,-0.305927,-0.014866,0.961822,0.052873,0.033287,0.266449
11.310000,4.622876,-3.929229,3.793688,-0.764958,-0.299643,-0.015045,0.961789,0.052783,0.033511,0.266558
11.320000,4.615217,-3.932194,3.793536,-0.766806,-0.293353,-0.015223,0.961756,0.052689,0.033734,0.266667
11.330000,4.607540,-3.935096,3.793383,-0.768650,-0.287060,-0.015402,0.961723,0.052592,0.033956,0.266776
11.340000,4.599844,-3.937935,3.793228,-0.770492,-0.280761,-0.015580,0.961691,0.052493,0.034177,0.266885
11.350000,4.592130,-3.940711,3.793072,-0.772330,-0.274458,-0.015759,0.961658,0.052391,0.034396,0.266994
11.360000,4.584397,-3.943424,3.792913,-0.774165,-0.268151,-0.015937,0.961626,0.052287,0.034613,0.267102
11.370000,4.576646,-3.946074,3.792753,-0.775998,-0.261839,-0.016116,0.961594,0.052179,0.034830,0.267211
11.380000,4.568877,-3.948661,3.792591,-0.777827,-0.255524,-0.016294,0.961562,0.052069,0.035045,0.267319
11.390000,4.561090,-3.951185,3.792427,-0.779653,-0.249204,-0.016472,0.961530,0.051957,0.035259,0.267427
11.400000,4.553284,-3.953645,3.792261,-0.781476,-0.242880,-0.016651,0.961498,0.051841,0.035472,0.267535
11.410000,4.545460,-3.956042,3.792094,-0.783295,-0.236552,-0.016829,0.961467,0.051723,0.035683,0.267643
11.420000,4.537618,-3.958376,3.791925,-0.785112,-0.230220,-0.017007,0.961436,0.051602,0.035893,0.267751
11.430000,4.529758,-3.960647,3.791754,-0.786925,-0.223885,-0.017185,0.961404,0.051478,0.036102,0.267859
11.440000,4.521880,-3.962854,3.791581,-0.788736,-0.217546,-0.017363,0.961373,0.051352,0.036310,0.267966
11.450000,4.513983,-3.964997,3.791407,-0.790543,-0.211204,-0.017541,0.961342,0.051223,0.036516,0.268074
11.460000,4.506069,-3.967078,3.791230,-0.792347,-0.204858,-0.017719,0.961312,0.051091,0.036720,0.268181
11.470000,4.498137,-3.969095,3.791052,-0.794148,-0.198510,-0.017897,0.961281,0.050957,0.036924,0.268288
11.480000,4.490186,-3.971048,3.790872,-0.795945,-0.192157,-0.018075,0.961251,0.050820,0.037126,0.268395
11.490000,4.482218,-3.972938,3.790691,-0.797740,-0.185802,-0.018253,0.961220,0.050680,0.037326,0.268502
11.500000,4.474231,-3.974764,3.790507,-0.799531,-0.179444,-0.018431,0.961190,0.050537,0.037526,0.268609
11.510000,4.466227,-3.976527,3.790322,-0.801319,-0.173083,-0.018609,0.961160,0.050392,0.037724,0.268716
11.520000,4.458205,-3.978226,3.790135,-0.803104,-0.166719,-0.018787,0.961130,0.050244,0.037920,0.268823
11.530000,4.450165,-3.979861,3.789946,-0.804886,-0.160353,-0.018965,0.961101,0.050094,0.038116,0.268929
11.540000,4.442107,-3.981433,3.789756,-0.806664,-0.153984,-0.019142,0.961071,0.049941,0.038309,0.269036
11.550000,4.434032,-3.982941,3.789564,-0.808440,-0.147612,-0.019320,0.961042,0.049785,0.038502,0.269142
11.560000,4.425938,-3.984385,3.789369,-0.810212,-0.141238,-0.019498,0.961013,0.049627,0.038693,0.269249
11.570000,4.417827,-3.985765,3.789174,-0.811980,-0.134862,-0.019675,0.960983,0.049466,0.038883,0.269355
11.580000,4.409699,-3.987082,3.788976,-0.813746,-0.128484,-0.019853,0.960954,0.049303,0.039071,0.269461
11.590000,4.401553,-3.988335,3.788777,-0.815508,-0.122104,-0.020030,0.960926,0.049137,0.039258,0.269567
11.600000,4.393389,-3.989524,3.788575,-0.817267,-0.115721,-0.020208,0.960897,0.048968,0.039443,0.269673
11.610000,4.385207,-3.990650,3.788372,-0.819023,-0.109337,-0.020385,0.960868,0.048796,0.039627,0.269779
11.620000,4.377008,-3.991711,3.788168,-0.820775,-0.102951,-0.020562,0.960840,0.048623,0.039810,0.269885
11.630000,4.368792,-3.992709,3.787961,-0.822524,-0.096564,-0.020740,0.960812,0.048446,0.039991,0.269990
11.640000,4.360558,-3.993642,3.787753,-0.824270,-0.090175,-0.020917,0.960783,0.048267,0.040171,0.270096
11.650000,4.352306,-3.994512,3.787543,-0.826013,-0.083784,-0.021094,0.960755,0.048085,0.040349,0.270202
11.660000,4.344037,-3.995318,3.787331,-0.827752,-0.077392,-0.021271,0.960727,0.047901,0.040526,0.270307
11.670000,4.335751,-3.996060,3.787117,-0.829488,-0.070999,-0.021449,0.960700,0.047714,0.040702,0.270412
11.680000,4.327448,-3.996738,3.786902,-0.831221,-0.064605,-0.021626,0.960672,0.047525,0.040876,0.270518
11.690000,4.319127,-3.997352,3.786685,-0.832950,-0.058210,-0.021803,0.960644,0.047333,0.041049,0.270623
11.700000,4.310789,-3.997902,3.786466,-0.834676,-0.051813,-0.021980,0.960617,0.047139,0.041220,0.270728
11.710000,4.302433,-3.998388,3.786245,-0.836399,-0.045416,-0.022157,0.960590,0.046942,0.041389,0.270833
11.720000,4.294061,-3.998810,3.786023,-0.838118,-0.039019,-0.022333,0.960563,0.046743,0.041558,0.270938
11.730000,4.285671,-3.999169,3.785799,-0.839834,-0.032620,-0.022510,0.960536,0.046541,0.041725,0.271043
11.740000,4.277264,-3.999463,3.785573,-0.841546,-0.026221,-0.022687,0.960509,0.046337,0.041890,0.271148
11.750000,4.268840,-3.999693,3.785345,-0.843256,-0.019822,-0.022864,0.960482,0.046130,0.042054,0.271253
11.760000,4.260399,-3.999859,3.785115,-0.844962,-0.013422,-0.023040,0.960455,0.045921,0.042216,0.271358
11.770000,4.251941,-3.999961,3.784884,-0.846664,-0.007022,-0.023217,0.960429,0.045709,0.042377,0.271462
11.780000,4.243466,-4.000000,3.784651,-0.848363,-0.000622,-0.023394,0.960402,0.045495,0.042536,0.271567
11.790000,4.234974,-3.999974,3.784416,-0.850059,0.005778,-0.023570,0.960376,0.045278,0.042694,0.271671
11.800000,4.226465,-3.999884,3.784180,-0.851751,0.012178,-0.023747,0.960350,0.045059,0.042851,0.271776
11.810000,4.217939,-3.999730,3.783941,-0.853440,0.018577,-0.023923,0.960323,0.044838,0.043006,0.271880
11.820000,4.209396,-3.999513,3.783701,-0.855125,0.024977,-0.024099,0.960297,0.044614,0.043159,0.271985
11.830000,4.200836,-3.999231,3.783459,-0.856807,0.031376,-0.024276,0.960272,0.044388,0.043311,0.272089
11.840000,4.192260,-3.998885,3.783216,-0.858486,0.037774,-0.024452,0.960246,0.044159,0.043462,0.272193
11.850000,4.183666,-3.998475,3.782970,-0.860161,0.044172,-0.024628,0.960220,0.043928,0.043611,0.272297
11.860000,4.175056,-3.998002,3.782723,-0.861833,0.050569,-0.024804,0.960194,0.043695,0.043758,0.272401
11.870000,4.166430,-3.997464,3.782474,-0.863501,0.056966,-0.024980,0.960169,0.043459,0.043904,0.272505
11.880000,4.157786,-3.996862,3.782223,-0.865166,0.063361,-0.025156,0.960144,0.043221,0.044049,0.272609
11.890000,4.149126,-3.996197,3.781971,-0.866828,0.069756,-0.025332,0.960118,0.042980,0.044192,0.272713
11.900000,4.140450,-3.995467,3.781717,-0.868485,0.076149,-0.025508,0.960093,0.042737,0.044333,0.272817
11.910000,4.131757,-3.994674,3.781461,-0.870140,0.082541,-0.025684,0.960068,0.042492,0.044473,0.272921
11.920000,4.123047,-3.993816,3.781203,-0.871791,0.088932,-0.025860,0.960043,0.042245,0.044612,0.273025
11.930000,4.114321,-3.992895,3.780944,-0.873438,0.095321,-0.026036,0.960018,0.041995,0.044749,0.273129
11.940000,4.105578,-3.991910,3.780682,-0.875082,0.101709,-0.026211,0.959993,0.041743,0.044884,0.273232
11.950000,4.096819,-3.990861,3.780419,-0.876723,0.108095,-0.026387,0.959969,0.041489,0.045018,0.273336
11.960000,4.088044,-3.989748,3.780155,-0.878360,0.114480,-0.026563,0.959944,0.041232,0.045150,0.273439
11.970000,4.079252,-3.988571,3.779888,-0.879993,0.120862,-0.026738,0.959919,0.040974,0.045281,0.273543
11.980000,4.070444,-3.987331,3.779620,-0.881623,0.127243,-0.026914,0.959895,0.040713,0.045410,0.273646
11.990000,4.061620,-3.986027,3.779350,-0.883250,0.133622,-0.027089,0.959870,0.040449,0.045538,0.273750
12.000000,4.052779,-3.984658,3.779078,-0.884872,0.139998,-0.027264,0.959846,0.040184,0.045664,0.273853
12.010000,4.043922,-3.983227,3.778805,-0.886492,0.146373,-0.027440,0.959822,0.039916,0.045788,0.273956
12.020000,4.035049,-3.981731,3.778529,-0.888108,0.152745,-0.027615,0.959798,0.039647,0.045911,0.274060
12.030000,4.026160,-3.980172,3.778252,-0.889720,0.159114,-0.027790,0.959774,0.039375,0.046033,0.274163
12.040000,4.017255,-3.978549,3.777974,-0.891329,0.165481,-0.027965,0.959750,0.039100,0.046153,0.274266
12.050000,4.008334,-3.976862,3.777693,-0.892934,0.171846,-0.028140,0.959726,0.038824,0.046271,0.274369
12.060000,3.999396,-3.975112,3.777411,-0.894535,0.178207,-0.028315,0.959702,0.038546,0.046388,0.274472
12.070000,3.990443,-3.973298,3.777127,-0.896133,0.184566,-0.028490,0.959678,0.038265,0.046503,0.274575
12.080000,3.981474,-3.971421,3.776841,-0.897728,0.190922,-0.028665,0.959654,0.037982,0.046617,0.274678
12.090000,3.972488,-3.969480,3.776553,-0.899318,0.197274,-0.028839,0.959631,0.037698,0.046729,0.274781
12.100000,3.963487,-3.967475,3.776264,-0.900906,0.203624,-0.029014,0.959607,0.037411,0.046840,0.274884
12.110000,3.954470,-3.965407,3.775973,-0.902489,0.209970,-0.029189,0.959583,0.037122,0.046949,0.274986
12.120000,3.945437,-3.963276,3.775680,-0.904069,0.216313,-0.029363,0.959560,0.036831,0.047057,0.275089
12.130000,3.936389,-3.961081,3.775386,-0.905645,0.222653,-0.029538,0.959536,0.036538,0.047163,0.275192
12.140000,3.927325,-3.958823,3.775090,-0.907218,0.228989,-0.029712,0.959513,0.036243,0.047267,0.275294
12.150000,3.918245,-3.956501,3.774792,-0.908787,0.235321,-0.029887,0.959490,0.035946,0.047370,0.275397
12.160000,3.909149,-3.954116,3.774492,-0.910353,0.241649,-0.030061,0.959466,0.035647,0.047471,0.275500
12.170000,3.900037,-3.951668,3.774190,-0.911915,0.247974,-0.030235,0.959443,0.035345,0.047571,0.275602
12.180000,3.890911,-3.949157,3.773887,-0.913473,0.254295,-0.030409,0.959420,0.035042,0.047669,0.275704
12.190000,3.881768,-3.946582,3.773582,-0.915027,0.260611,-0.030583,0.959397,0.034737,0.047765,0.275807
12.200000,3.872610,-3.943945,3.773276,-0.916578,0.266924,-0.030757,0.959374,0.034430,0.047860,0.275909
12.210000,3.863436,-3.941244,3.772967,-0.918125,0.273232,-0.030931,0.959351,0.034121,0.047954,0.276011
12.220000,3.854247,-3.938480,3.772657,-0.919669,0.279536,-0.031105,0.959328,0.033811,0.048045,0.276114
12.230000,3.845043,-3.935653,3.772345,-0.921209,0.285835,-0.031279,0.959305,0.033498,0.048136,0.276216
12.240000,3.835823,-3.932763,3.772031,-0.922745,0.292130,-0.031453,0.959282,0.033183,0.048224,0.276318
12.250000,3.826588,-3.929810,3.771716,-0.924278,0.298420,-0.031626,0.959259,0.032867,0.048311,0.276420
12.260000,3.817338,-3.926795,3.771399,-0.925806,0.304705,-0.031800,0.959236,0.032548,0.048397,0.276522
12.270000,3.808072,-3.923716,3.771080,-0.927331,0.310986,-0.031974,0.959213,0.032228,0.048481,0.276624
12.280000,3.798791,-3.920575,3.770759,-0.928853,0.317261,-0.032147,0.959191,0.031906,0.048563,0.276726
12.290000,3.789495,-3.917371,3.770437,-0.930370,0.323531,-0.032320,0.959168,0.031582,0.048644,0.276827
12.300000,3.780184,-3.914105,3.770113,-0.931884,0.329796,-0.032494,0.959145,0.031256,0.048723,0.276929
12.310000,3.770857,-3.910775,3.769787,-0.933395,0.336056,-0.032667,0.959122,0.030929,0.048801,0.277031
12.320000,3.761516,-3.907383,3.769460,-0.934901,0.342311,-0.032840,0.959100,0.030600,0.048877,0.277133
12.330000,3.752159,-3.903929,3.769130,-0.936404,0.348560,-0.033013,0.959077,0.030269,0.048951,0.277234
12.340000,3.742788,-3.900412,3.768799,-0.937903,0.354803,-0.033186,0.959054,0.029936,0.049024,0.277336
12.350000,3.733401,-3.896833,3.768467,-0.939398,0.361041,-0.033359,0.959032,0.029602,0.049095,0.277437
12.360000,3.724000,-3.893191,3.768132,-0.940889,0.367273,-0.033532,0.959009,0.029265,0.049165,0.277538
12.370000,3.714584,-3.889488,3.767796,-0.942377,0.373499,-0.033705,0.958987,0.028928,0.049233,0.277640
12.380000,3.705152,-3.885721,3.767458,-0.943861,0.379720,-0.033877,0.958964,0.028588,0.049300,0.277741
12.390000,3.695706,-3.881893,3.767118,-0.945341,0.385934,-0.034050,0.958942,0.028247,0.049365,0.277842
12.400000,3.686246,-3.878003,3.766777,-0.946818,0.392142,-0.034223,0.958919,0.027904,0.049428,0.277943
12.410000,3.676770,-3.874050,3.766434,-0.948290,0.398343,-0.034395,0.958897,0.027559,0.049490,0.278044
12.420000,3.667280,-3.870036,3.766089,-0.949759,0.404539,-0.034568,0.958874,0.027213,0.049550,0.278145
12.430000,3.657775,-3.865960,3.765743,-0.951224,0.410727,-0.034740,0.958852,0.026866,0.049609,0.278246
12.440000,3.648255,-3.861821,3.765394,-0.952685,0.416910,-0.034912,0.958829,0.026516,0.049666,0.278347
12.450000,3.638721,-3.857621,3.765044,-0.954143,0.423085,-0.035084,0.958807,0.026166,0.049721,0.278448
12.460000,3.629172,-3.853360,3.764693,-0.955596,0.429254,-0.035256,0.958784,0.025813,0.049775,0.278548
12.470000,3.619609,-3.849036,3.764339,-0.957046,0.435416,-0.035428,0.958762,0.025459,0.049827,0.278649
12.480000,3.610032,-3.844651,3.763984,-0.958492,0.441571,-0.035600,0.958739,0.025104,0.049878,0.278750
12.490000,3.600439,-3.840205,3.763627,-0.959934,0.447719,-0.035772,0.958717,0.024747,0.049927,0.278850
12.500000,3.590833,-3.835697,3.763269,-0.961372,0.453859,-0.035944,0.958694,0.024388,0.049975,0.278950
12.510000,3.581212,-3.831128,3.762908,-0.962807,0.459993,-0.036116,0.958672,0.024029,0.050021,0.279051
12.520000,3.571577,-3.826497,3.762546,-0.964237,0.466119,-0.036287,0.958649,0.023667,0.050065,0.279151
12.530000,3.561927,-3.821805,3.762183,-0.965664,0.472238,-0.036459,0.958627,0.023304,0.050108,0.279251
12.540000,3.552263,-3.817053,3.761817,-0.967087,0.478349,-0.036630,0.958604,0.022940,0.050150,0.279351
12.550000,3.542586,-3.812239,3.761450,-0.968506,0.484452,-0.036802,0.958581,0.022575,0.050189,0.279451
12.560000,3.532893,-3.807364,3.761081,-0.969921,0.490548,-0.036973,0.958559,0.022208,0.050228,0.279551
12.570000,3.523187,-3.802428,3.760711,-0.971332,0.496636,-0.037144,0.958536,0.021839,0.050264,0.279651
12.580000,3.513467,-3.797431,3.760338,-0.972739,0.502716,-0.037315,0.958514,0.021470,0.050299,0.279750
12.590000,3.503732,-3.792373,3.759964,-0.974143,0.508788,-0.037486,0.958491,0.021099,0.050333,0.279850
12.600000,3.493984,-3.787255,3.759588,-0.975542,0.514851,-0.037657,0.958469,0.020726,0.050365,0.279950
12.610000,3.484221,-3.782076,3.759211,-0.976938,0.520907,-0.037828,0.958446,0.020353,0.050395,0.280049
12.620000,3.474445,-3.776837,3.758832,-0.978330,0.526954,-0.037999,0.958423,0.019978,0.050424,0.280148
12.630000,3.464655,-3.771537,3.758451,-0.979718,0.532993,-0.038170,0.958401,0.019602,0.050451,0.280248
12.640000,3.454851,-3.766177,3.758069,-0.981102,0.539023,-0.038340,0.958378,0.019224,0.050477,0.280347
12.650000,3.445033,-3.760757,3.757684,-0.982482,0.545044,-0.038511,0.958355,0.018846,0.050501,0.280446
12.660000,3.435201,-3.755276,3.757298,-0.983858,0.551057,-0.038681,0.958332,0.018466,0.050523,0.280545
12.670000,3.425356,-3.749736,3.756911,-0.985230,0.557061,-0.038852,0.958310,0.018085,0.050544,0.280643
12.680000,3.415497,-3.744135,3.756521,-0.986598,0.563056,-0.039022,0.958287,0.017703,0.050564,0.280742
12.690000,3.405624,-3.738475,3.756130,-0.987962,0.569042,-0.039192,0.958264,0.017320,0.050582,0.280841
12.700000,3.395737,-3.732754,3.755737,-0.989322,0.575019,-0.039362,0.958241,0.016935,0.050598,0.280939
12.710000,3.385837,-3.726974,3.755343,-0.990679,0.580987,-0.039532,0.958218,0.016550,0.050613,0.281038
12.720000,3.375924,-3.721135,3.754947,-0.992031,0.586946,-0.039702,0.958195,0.016163,0.050626,0.281136
12.730000,3.365997,-3.715235,3.754549,-0.993379,0.592895,-0.039872,0.958172,0.015775,0.050638,0.281234
12.740000,3.356056,-3.709277,3.754149,-0.994724,0.598834,-0.040041,0.958149,0.015386,0.050648,0.281332
12.750000,3.346102,-3.703259,3.753748,-0.996064,0.604764,-0.040211,0.958126,0.014997,0.050657,0.281430
12.760000,3.336135,-3.697181,3.753345,-0.997401,0.610685,-0.040381,0.958103,0.014606,0.050664,0.281528
12.770000,3.326154,-3.691045,3.752941,-0.998733,0.616595,-0.040550,0.958080,0.014214,0.050669,0.281625
12.780000,3.316160,-3.684850,3.752534,-1.000062,0.622496,-0.040720,0.958057,0.013821,0.050673,0.281723
12.790000,3.306153,-3.678595,3.752126,-1.001386,0.628387,-0.040889,0.958034,0.013427,0.050676,0.281820
12.800000,3.296133,-3.672282,3.751716,-1.002707,0.634268,-0.041058,0.958011,0.013033,0.050677,0.281917
12.810000,3.286099,-3.665910,3.751305,-1.004023,0.640138,-0.041227,0.957987,0.012637,0.050676,0.282015
12.820000,3.276052,-3.659479,3.750892,-1.005335,0.645998,-0.041396,0.957964,0.012240,0.050674,0.282112
12.830000,3.265992,-3.652990,3.750477,-1.006644,0.651848,-0.041565,0.957941,0.011843,0.050671,0.282209
12.840000,3.255919,-3.646442,3.750061,-1.007948,0.657688,-0.041734,0.957917,0.011444,0.050666,0.282305
12.850000,3.245833,-3.639836,3.749642,-1.009249,0.663517,-0.041902,0.957894,0.011045,0.050659,0.282402
12.860000,3.235734,-3.633172,3.749222,-1.010545,0.669335,-0.042071,0.957870,0.010645,0.050651,0.282498
12.870000,3.225622,-3.626450,3.748801,-1.011837,0.675143,-0.042240,0.957847,0.010244,0.050641,0.282595
12.880000,3.215498,-3.619669,3.748378,-1.013125,0.680940,-0.042408,0.957823,0.009843,0.050630,0.282691
12.890000,3.205360,-3.612831,3.747953,-1.014410,0.686726,-0.042576,0.957800,0.009440,0.050618,0.282787
12.900000,3.195209,-3.605935,3.747526,-1.015690,0.692501,-0.042745,0.957776,0.009037,0.050604,0.282883
12.910000,3.185046,-3.598981,3.747098,-1.016966,0.698265,-0.042913,0.957752,0.008633,0.050588,0.282978
12.920000,3.174870,-3.591969,3.746668,-1.018238,0.704018,-0.043081,0.957729,0.008229,0.050571,0.283074
12.930000,3.164681,-3.584900,3.746236,-1.019506,0.709759,-0.043249,0.957705,0.007823,0.050552,0.283169
12.940000,3.154480,-3.577774,3.745803,-1.020769,0.715489,-0.043417,0.957681,0.007417,0.050532,0.283265
12.950000,3.144266,-3.570591,3.745368,-1.022029,0.721208,-0.043584,0.957657,0.007011,0.050511,0.283360
12.960000,3.134039,-3.563350,3.744931,-1.023285,0.726915,-0.043752,0.957633,0.006604,0.050488,0.283455
12.970000,3.123800,-3.556052,3.744493,-1.024536,0.732611,-0.043920,0.957609,0.006196,0.050463,0.283549
12.980000,3.113549,-3.548698,3.744053,-1.025784,0.738295,-0.044087,0.957585,0.005787,0.050437,0.283644
12.990000,3.103285,-3.541287,3.743611,-1.027027,0.743967,-0.044254,0.957561,0.005378,0.050410,0.283738
13.000000,3.093008,-3.533819,3.743168,-1.028267,0.749627,-0.044422,0.957537,0.004968,0.050381,0.283833
13.010000,3.082719,-3.526294,3.742723,-1.029502,0.755275,-0.044589,0.957512,0.004558,0.050350,0.283927
13.020000,3.072418,-3.518713,3.742276,-1.030733,0.760911,-0.044756,0.957488,0.004147,0.050319,0.284020
13.030000,3.062105,-3.511076,3.741828,-1.031960,0.766535,-0.044923,0.957464,0.003736,0.050285,0.284114
13.040000,3.051779,-3.503383,3.741378,-1.033182,0.772146,-0.045090,0.957439,0.003325,0.050251,0.284208
13.050000,3.041441,-3.495633,3.740926,-1.034401,0.777745,-0.045257,0.957415,0.002912,0.050214,0.284301
13.060000,3.031091,-3.487828,3.740472,-1.035616,0.783332,-0.045423,0.957390,0.002500,0.050177,0.284394
13.070000,3.020729,-3.479966,3.740017,-1.036826,0.788906,-0.045590,0.957366,0.002087,0.050138,0.284487
13.080000,3.010355,-3.472050,3.739561,-1.038032,0.794468,-0.045756,0.957341,0.001673,0.050097,0.284580
13.090000,2.999968,-3.464077,3.739102,-1.039234,0.800017,-0.045923,0.957316,0.001259,0.050055,0.284672
13.100000,2.989570,-3.456049,3.738642,-1.040432,0.805553,-0.046089,0.957292,0.000845,0.050012,0.284765
13.110000,2.979160,-3.447966,3.738180,-1.041626,0.811076,-0.046255,0.957267,0.000431,0.049967,0.284857
13.120000,2.968737,-3.439828,3.737717,-1.042815,0.816587,-0.046421,0.957242,0.000016,0.049921,0.284949
13.130000,2.958303,-3.431634,3.737252,-1.044001,0.822084,-0.046587,0.957217,-0.000399,0.049873,0.285041
13.140000,2.947857,-3.423386,3.736785,-1.045182,0.827568,-0.046753,0.957192,-0.000815,0.049824,0.285132
13.150000,2.937400,-3.415083,3.736317,-1.046359,0.833039,-0.046918,0.957167,-0.001230,0.049774,0.285224
13.160000,2.926930,-3.406725,3.735847,-1.047532,0.838496,-0.047084,0.957142,-0.001646,0.049722,0.285315
13.170000,2.916449,-3.398313,3.735375,-1.048701,0.843940,-0.047250,0.957117,-0.002063,0.049669,0.285406
13.180000,2.905956,-3.389847,3.734902,-1.049865,0.849371,-0.047415,0.957091,-0.002479,0.049614,0.285496
13.190000,2.895452,-3.381326,3.734427,-1.051025,0.854787,-0.047580,0.957066,-0.002896,0.049558,0.285587
13.200000,2.884936,-3.372751,3.733950,-1.052181,0.860191,-0.047745,0.957041,-0.003312,0.049501,0.285677
13.210000,2.874408,-3.364122,3.733472,-1.053333,0.865580,-0.047911,0.957015,-0.003729,0.049442,0.285767
13.220000,2.863869,-3.355439,3.732992,-1.054481,0.870956,-0.048076,0.956990,-0.004146,0.049382,0.285857
13.230000,2.853319,-3.346703,3.732511,-1.055624,0.876318,-0.048240,0.956965,-0.004563,0.049320,0.285947
13.240000,2.842757,-3.337913,3.732027,-1.056764,0.881665,-0.048405,0.956939,-0.004980,0.049257,0.286036
13.250000,2.832183,-3.329070,3.731542,-1.057899,0.886999,-0.048570,0.956913,-0.005398,0.049193,0.286125
13.260000,2.821599,-3.320173,3.731056,-1.059029,0.892318,-0.048734,0.956888,-0.005815,0.049127,0.286214
13.270000,2.811003,-3.311223,3.730568,-1.060156,0.897623,-0.048899,0.956862,-0.006232,0.049061,0.286303
13.280000,2.800395,-3.302221,3.730078,-1.061278,0.902914,-0.049063,0.956836,-0.006650,0.048992,0.286391
13.290000,2.789777,-3.293165,3.729587,-1.062396,0.908191,-0.049227,0.956810,-0.007067,0.048923,0.286479
13.300000,2.779148,-3.284057,3.729093,-1.063510,0.913452,-0.049391,0.956785,-0.007484,0.048852,0.286567
13.310000,2.768507,-3.274896,3.728599,-1.064620,0.918699,-0.049555,0.956759,-0.007901,0.048779,0.286655
13.320000,2.757855,-3.265683,3.728102,-1.065725,0.923932,-0.049719,0.956733,-0.008319,0.048706,0.286742
13.330000,2.747192,-3.256418,3.727604,-1.066826,0.929150,-0.049883,0.956707,-0.008736,0.048631,0.286829
13.340000,2.736519,-3.247100,3.727105,-1.067923,0.934352,-0.050047,0.956681,-0.009153,0.048554,0.286916
13.350000,2.725834,-3.237731,3.726603,-1.069015,0.939540,-0.050210,0.956654,-0.009569,0.048477,0.287003
13.360000,2.715138,-3.228309,3.726100,-1.070103,0.944713,-0.050374,0.956628,-0.009986,0.048398,0.287089
13.370000,2.704432,-3.218836,3.725596,-1.071187,0.949871,-0.050537,0.956602,-0.010402,0.048318,0.287175
13.380000,2.693715,-3.209312,3.725090,-1.072267,0.955013,-0.050700,0.956576,-0.010819,0.048236,0.287261
13.390000,2.682987,-3.199736,3.724582,-1.073342,0.960141,-0.050863,0.956549,-0.011235,0.048153,0.287347
13.400000,2.672248,-3.190109,3.724072,-1.074413,0.965253,-0.051026,0.956523,-0.011651,0.048069,0.287432
13.410000,2.661498,-3.180431,3.723561,-1.075480,0.970349,-0.051189,0.956497,-0.012066,0.047984,0.287517
13.420000,2.650738,-3.170702,3.723049,-1.076542,0.975430,-0.051352,0.956470,-0.012481,0.047897,0.287602
13.430000,2.639968,-3.160923,3.722534,-1.077601,0.980495,-0.051514,0.956444,-0.012896,0.047809,0.287686
13.440000,2.629186,-3.151092,3.722018,-1.078654,0.985545,-0.051677,0.956417,-0.013311,0.047720,0.287771
13.450000,2.618394,-3.141212,3.721501,-1.079704,0.990579,-0.051839,0.956391,-0.013725,0.047630,0.287855
13.460000,2.607592,-3.131281,3.720982,-1.080749,0.995597,-0.052002,0.956364,-0.014139,0.047538,0.287938
13.470000,2.596780,-3.121300,3.720461,-1.081790,1.000599,-0.052164,0.956337,-0.014553,0.047445,0.288021
13.480000,2.585956,-3.111269,3.719938,-1.082826,1.005585,-0.052326,0.956310,-0.014966,0.047351,0.288104
13.490000,2.575123,-3.101188,3.719414,-1.083859,1.010555,-0.052488,0.956284,-0.015379,0.047255,0.288187
13.500000,2.564279,-3.091058,3.718889,-1.084887,1.015509,-0.052650,0.956257,-0.015791,0.047159,0.288270
13.510000,2.553425,-3.080878,3.718361,-1.085910,1.020446,-0.052811,0.956230,-0.016203,0.047061,0.288352
13.520000,2.542561,-3.070649,3.717832,-1.086929,1.025367,-0.052973,0.956203,-0.016614,0.046962,0.288434
13.530000,2.531687,-3.060371,3.717302,-1.087944,1.030272,-0.053134,0.956176,-0.017025,0.046862,0.288515
13.540000,2.520802,-3.050044,3.716770,-1.088955,1.035161,-0.053296,0.956149,-0.017435,0.046760,0.288596
13.550000,2.509908,-3.039668,3.716236,-1.089961,1.040032,-0.053457,0.956122,-0.017845,0.046657,0.288677
13.560000,2.499003,-3.029243,3.715701,-1.090963,1.044887,-0.053618,0.956095,-0.018254,0.046553,0.288758
13.570000,2.488088,-3.018770,3.715164,-1.091960,1.049726,-0.053779,0.956068,-0.018663,0.046448,0.288838
13.580000,2.477164,-3.008249,3.714625,-1.092953,1.054547,-0.053940,0.956041,-0.019071,0.046342,0.288918
13.590000,2.466229,-2.997679,3.714085,-1.093942,1.059352,-0.054101,0.956014,-0.019479,0.046235,0.288998
13.600000,2.455285,-2.987062,3.713543,-1.094926,1.064140,-0.054261,0.955987,-0.019885,0.046126,0.289077
13.610000,2.444331,-2.976396,3.713000,-1.095906,1.068911,-0.054422,0.955960,-0.020291,0.046016,0.289156
13.620000,2.433367,-2.965683,3.712454,-1.096881,1.073664,-0.054582,0.955933,-0.020697,0.045905,0.289235
13.630000,2.422393,-2.954923,3.711908,-1.097853,1.078401,-0.054742,0.955906,-0.021102,0.045793,0.289313
13.640000,2.411410,-2.944116,3.711360,-1.098819,1.083120,-0.054902,0.955878,-0.021506,0.045680,0.289391
13.650000,2.400417,-2.933261,3.710810,-1.099782,1.087822,-0.055062,0.955851,-0.021909,0.045565,0.289469
13.660000,2.389414,-2.922359,3.710258,-1.100740,1.092507,-0.055222,0.955824,-0.022312,0.045450,0.289546
13.670000,2.378402,-2.911411,3.709705,-1.101693,1.097174,-0.055382,0.955797,-0.022713,0.045333,0.289623
13.680000,2.367380,-2.900416,3.709151,-1.102642,1.101823,-0.055542,0.955769,-0.023114,0.045216,0.289700
13.690000,2.356349,-2.889374,3.708595,-1.103587,1.106455,-0.055701,0.955742,-0.023515,0.045097,0.289776
13.700000,2.345309,-2.878287,3.708037,-1.104528,1.111069,-0.055860,0.955715,-0.023914,0.044977,0.289852
13.710000,2.334259,-2.867153,3.707477,-1.105463,1.115665,-0.056020,0.955688,-0.024312,0.044855,0.289928
13.720000,2.323199,-2.855973,3.706916,-1.106395,1.120244,-0.056179,0.955660,-0.024710,0.044733,0.290003
13.730000,2.312131,-2.844748,3.706354,-1.107322,1.124805,-0.056338,0.955633,-0.025107,0.044610,0.290078
13.740000,2.301053,-2.833477,3.705790,-1.108245,1.129347,-0.056497,0.955606,-0.025503,0.044486,0.290153
13.750000,2.289966,-2.822161,3.705224,-1.109163,1.133872,-0.056655,0.955578,-0.025897,0.044360,0.290227
13.760000,2.278870,-2.810800,3.704656,-1.110077,1.138378,-0.056814,0.955551,-0.026291,0.044234,0.290301
13.770000,2.267764,-2.799394,3.704088,-1.110986,1.142866,-0.056973,0.955524,-0.026684,0.044106,0.290374
13.780000,2.256650,-2.787943,3.703517,-1.111891,1.147336,-0.057131,0.955496,-0.027076,0.043977,0.290448
13.790000,2.245527,-2.776447,3.702945,-1.112791,1.151788,-0.057289,0.955469,-0.027467,0.043848,0.290520
13.800000,2.234394,-2.764907,3.702371,-1.113687,1.156221,-0.057447,0.955442,-0.027857,0.043717,0.290593
13.810000,2.223253,-2.753323,3.701796,-1.114579,1.160635,-0.057605,0.955414,-0.028246,0.043585,0.290665
13.820000,2.212103,-2.741694,3.701219,-1.115466,1.165031,-0.057763,0.955387,-0.028634,0.043452,0.290736
13.830000,2.200944,-2.730022,3.700641,-1.116348,1.169409,-0.057921,0.955360,-0.029020,0.043318,0.290808
13.840000,2.189776,-2.718306,3.700061,-1.117227,1.173767,-0.058078,0.955332,-0.029406,0.043184,0.290879
13.850000,2.178599,-2.706547,3.699479,-1.118100,1.178107,-0.058236,0.955305,-0.029791,0.043048,0.290949
13.860000,2.167414,-2.694744,3.698896,-1.118969,1.182428,-0.058393,0.955278,-0.030174,0.042911,0.291019
13.870000,2.156220,-2.682898,3.698311,-1.119834,1.186730,-0.058550,0.955251,-0.030556,0.042773,0.291089
13.880000,2.145017,-2.671010,3.697725,-1.120694,1.191013,-0.058707,0.955224,-0.030937,0.042634,0.291159
13.890000,2.133806,-2.659078,3.697137,-1.121550,1.195278,-0.058864,0.955196,-0.031317,0.042494,0.291228
13.900000,2.122586,-2.647104,3.696548,-1.122402,1.199523,-0.059021,0.955169,-0.031696,0.042354,0.291296
13.910000,2.111358,-2.635088,3.695957,-1.123248,1.203748,-0.059178,0.955142,-0.032073,0.042212,0.291364
13.920000,2.100121,-2.623029,3.695364,-1.124091,1.207955,-0.059334,0.955115,-0.032449,0.042069,0.291432
13.930000,2.088876,-2.610929,3.694770,-1.124928,1.212142,-0.059491,0.955088,-0.032824,0.041925,0.291500
13.940000,2.077623,-2.598787,3.694174,-1.125762,1.216310,-0.059647,0.955061,-0.033197,0.041781,0.291567
13.950000,2.066361,-2.586603,3.693577,-1.126590,1.220458,-0.059803,0.955034,-0.033570,0.041635,0.291633
13.960000,2.055091,-2.574377,3.692978,-1.127415,1.224587,-0.059959,0.955007,-0.033940,0.041488,0.291700
13.970000,2.043813,-2.562111,3.692378,-1.128235,1.228696,-0.060115,0.954980,-0.034310,0.041341,0.291765
13.980000,2.032526,-2.549804,3.691776,-1.129050,1.232786,-0.060271,0.954953,-0.034678,0.041193,0.291831
13.990000,2.021232,-2.537455,3.691173,-1.129861,1.236855,-0.060426,0.954926,-0.035045,0.041043,0.291896
14.000000,2.009929,-2.525067,3.690567,-1.130667,1.240905,-0.060582,0.954899,-0.035410,0.040893,0.291961
14.010000,1.998618,-2.512637,3.689961,-1.131469,1.244936,-0.060737,0.954873,-0.035774,0.040742,0.292025
14.020000,1.987300,-2.500168,3.689353,-1.132266,1.248946,-0.060892,0.954846,-0.036137,0.040590,0.292089
14.030000,1.975973,-2.487658,3.688743,-1.133058,1.252936,-0.061047,0.954819,-0.036498,0.040437,0.292152
14.040000,1.964638,-2.475109,3.688132,-1.133846,1.256906,-0.061202,0.954793,-0.036858,0.040283,0.292215
14.050000,1.953296,-2.462520,3.687519,-1.134630,1.260856,-0.061357,0.954766,-0.037216,0.040129,0.292278
14.060000,1.941946,-2.449892,3.686905,-1.135409,1.264786,-0.061511,0.954740,-0.037572,0.039973,0.292340
14.070000,1.930588,-2.437225,3.686289,-1.136184,1.268696,-0.061666,0.954713,-0.037927,0.039817,0.292401
14.080000,1.919222,-2.424518,3.685671,-1.136954,1.272585,-0.061820,0.954687,-0.038281,0.039660,0.292463
14.090000,1.907849,-2.411773,3.685052,-1.137719,1.276454,-0.061974,0.954661,-0.038633,0.039502,0.292524
14.100000,1.896468,-2.398989,3.684432,-1.138480,1.280303,-0.062128,0.954634,-0.038983,0.039343,0.292584
14.110000,1.885079,-2.386167,3.683810,-1.139236,1.284131,-0.062282,0.954608,-0.039332,0.039183,0.292644
14.120000,1.873683,-2.373307,3.683186,-1.139988,1.287939,-0.062436,0.954582,-0.039679,0.039023,0.292704
14.130000,1.862279,-2.360408,3.682561,-1.140735,1.291726,-0.062590,0.954556,-0.040025,0.038861,0.292763
14.140000,1.850868,-2.347472,3.681934,-1.141478,1.295492,-0.062743,0.954530,-0.040369,0.038699,0.292822
14.150000,1.839450,-2.334499,3.681306,-1.142216,1.299238,-0.062897,0.954504,-0.040711,0.038536,0.292880
14.160000,1.828024,-2.321488,3.680677,-1.142949,1.302962,-0.063050,0.954479,-0.041052,0.038372,0.292938
14.170000,1.816591,-2.308439,3.680045,-1.143678,1.306666,-0.063203,0.954453,-0.041391,0.038208,0.292995
14.180000,1.805151,-2.295354,3.679412,-1.144403,1.310349,-0.063356,0.954427,-0.041728,0.038043,0.293053
14.190000,1.793703,-2.282233,3.678778,-1.145122,1.314012,-0.063509,0.954402,-0.042063,0.037876,0.293109
14.200000,1.782248,-2.269074,3.678142,-1.145838,1.317653,-0.063661,0.954377,-0.042397,0.037710,0.293165
14.210000,1.770786,-2.255880,3.677505,-1.146548,1.321273,-0.063814,0.954351,-0.042729,0.037542,0.293221
14.220000,1.759317,-2.242649,3.676866,-1.147254,1.324871,-0.063966,0.954326,-0.043059,0.037374,0.293276
14.230000,1.747841,-2.229382,3.676226,-1.147956,1.328449,-0.064118,0.954301,-0.043387,0.037205,0.293331
14.240000,1.736358,-2.216080,3.675584,-1.148652,1.332005,-0.064271,0.954276,-0.043714,0.037035,0.293385
14.250000,1.724868,-2.202742,3.674940,-1.149345,1.335540,-0.064422,0.954251,-0.044039,0.036864,0.293439
14.260000,1.713371,-2.189369,3.674295,-1.150032,1.339054,-0.064574,0.954226,-0.044362,0.036693,0.293493
14.270000,1.701867,-2.175961,3.673649,-1.150715,1.342546,-0.064726,0.954201,-0.044683,0.036521,0.293546
14.280000,1.690357,-2.162518,3.673001,-1.151394,1.346017,-0.064877,0.954177,-0.045002,0.036348,0.293599
14.290000,1.678840,-2.149041,3.672351,-1.152068,1.349466,-0.065029,0.954152,-0.045319,0.036175,0.293651
14.300000,1.667316,-2.135529,3.671700,-1.152737,1.352894,-0.065180,0.954128,-0.045634,0.036001,0.293702
14.310000,1.655785,-2.121983,3.671048,-1.153402,1.356300,-0.065331,0.954104,-0.045948,0.035826,0.293754
14.320000,1.644248,-2.108403,3.670393,-1.154062,1.359684,-0.065482,0.954080,-0.046259,0.035651,0.293805
14.330000,1.632704,-2.094789,3.669738,-1.154717,1.363047,-0.065633,0.954056,-0.046569,0.035475,0.293855
14.340000,1.621153,-2.081142,3.669081,-1.155368,1.366388,-0.065783,0.954032,-0.046876,0.035298,0.293905
14.350000,1.609596,-2.067462,3.668422,-1.156014,1.369707,-0.065934,0.954008,-0.047182,0.035121,0.293954
14.360000,1.598033,-2.053748,3.667762,-1.156655,1.373004,-0.066084,0.953984,-0.047485,0.034943,0.294003
14.370000,1.586463,-2.040002,3.667101,-1.157292,1.376279,-0.066234,0.953961,-0.047787,0.034764,0.294052
14.380000,1.574887,-2.026223,3.666437,-1.157925,1.379532,-0.066384,0.953938,-0.048086,0.034585,0.294100
14.390000,1.563305,-2.012411,3.665773,-1.158552,1.382763,-0.066534,0.953914,-0.048384,0.034405,0.294147
14.400000,1.551716,-1.998568,3.665107,-1.159175,1.385971,-0.066684,0.953891,-0.048679,0.034224,0.294195
14.410000,1.540121,-1.984692,3.664439,-1.159794,1.389158,-0.066833,0.953868,-0.048972,0.034043,0.294241
14.420000,1.528520,-1.970784,3.663770,-1.160407,1.392322,-0.066983,0.953846,-0.049264,0.033861,0.294288
14.430000,1.516913,-1.956845,3.663100,-1.161016,1.395464,-0.067132,0.953823,-0.049553,0.033679,0.294333
14.440000,1.505300,-1.942875,3.662427,-1.161621,1.398584,-0.067281,0.953800,-0.049840,0.033496,0.294379
14.450000,1.493681,-1.928874,3.661754,-1.162221,1.401682,-0.067430,0.953778,-0.050125,0.033312,0.294423
14.460000,1.482056,-1.914842,3.661079,-1.162816,1.404757,-0.067579,0.953756,-0.050407,0.033128,0.294468
14.470000,1.470424,-1.900779,3.660402,-1.163406,1.407809,-0.067728,0.953734,-0.050688,0.032944,0.294512
14.480000,1.458787,-1.886686,3.659724,-1.163992,1.410839,-0.067876,0.953712,-0.050966,0.032759,0.294555
14.490000,1.447145,-1.872562,3.659045,-1.164573,1.413846,-0.068025,0.953690,-0.051242,0.032573,0.294598
14.500000,1.435496,-1.858409,3.658364,-1.165150,1.416831,-0.068173,0.953669,-0.051516,0.032387,0.294641
14.510000,1.423842,-1.844226,3.657681,-1.165722,1.419793,-0.068321,0.953647,-0.051788,0.032200,0.294683
14.520000,1.412182,-1.830013,3.656997,-1.166289,1.422733,-0.068469,0.953626,-0.052057,0.032012,0.294724
14.530000,1.400516,-1.815771,3.656312,-1.166851,1.425649,-0.068617,0.953605,-0.052325,0.031825,0.294766
14.540000,1.388845,-1.801500,3.655625,-1.167409,1.428543,-0.068764,0.953584,-0.052590,0.031636,0.294806
14.550000,1.377168,-1.787200,3.654937,-1.167962,1.431414,-0.068912,0.953563,-0.052852,0.031447,0.294846
14.560000,1.365485,-1.772872,3.654247,-1.168511,1.434262,-0.069059,0.953543,-0.053113,0.031258,0.294886
14.570000,1.353797,-1.758515,3.653556,-1.169055,1.437087,-0.069206,0.953523,-0.053371,0.031068,0.294925
14.580000,1.342104,-1.744130,3.652863,-1.169594,1.439889,-0.069353,0.953502,-0.053627,0.030878,0.294964
14.590000,1.330406,-1.729717,3.652168,-1.170129,1.442669,-0.069500,0.953482,-0.053880,0.030687,0.295002
14.600000,1.318702,-1.715277,3.651473,-1.170658,1.445425,-0.069646,0.953463,-0.054131,0.030496,0.295040
14.610000,1.306992,-1.700809,3.650776,-1.171184,1.448157,-0.069793,0.953443,-0.054380,0.030304,0.295078
14.620000,1.295278,-1.686314,3.650077,-1.171704,1.450867,-0.069939,0.953424,-0.054627,0.030112,0.295115
14.630000,1.283558,-1.671792,3.649377,-1.172220,1.453554,-0.070085,0.953404,-0.054871,0.029919,0.295151
14.640000,1.271834,-1.657243,3.648675,-1.172731,1.456217,-0.070231,0.953385,-0.055112,0.029726,0.295187
14.650000,1.260104,-1.642667,3.647972,-1.173237,1.458857,-0.070377,0.953367,-0.055351,0.029533,0.295223
14.660000,1.248369,-1.628066,3.647268,-1.173739,1.461473,-0.070523,0.953348,-0.055588,0.029339,0.295258
14.670000,1.236629,-1.613438,3.646562,-1.174236,1.464067,-0.070669,0.953329,-0.055823,0.029144,0.295292
14.680000,1.224884,-1.598784,3.645854,-1.174728,1.466636,-0.070814,0.953311,-0.056055,0.028950,0.295326
14.690000,1.213134,-1.584105,3.645145,-1.175216,1.469183,-0.070959,0.953293,-0.056284,0.028754,0.295360
14.700000,1.201380,-1.569401,3.644435,-1.175699,1.471705,-0.071104,0.953275,-0.056511,0.028559,0.295393
14.710000,1.189621,-1.554671,3.643723,-1.176177,1.474205,-0.071249,0.953258,-0.056736,0.028363,0.295426
14.720000,1.177856,-1.539917,3.643010,-1.176650,1.476680,-0.071394,0.953240,-0.056958,0.028167,0.295458
14.730000,1.166088,-1.525138,3.642295,-1.177119,1.479132,-0.071539,0.953223,-0.057177,0.027970,0.295490
14.740000,1.154314,-1.510334,3.641579,-1.177583,1.481561,-0.071683,0.953206,-0.057394,0.027773,0.295521
14.750000,1.142536,-1.495507,3.640862,-1.178043,1.483965,-0.071827,0.953189,-0.057609,0.027576,0.295552
14.760000,1.130753,-1.480655,3.640143,-1.178497,1.486346,-0.071971,0.953173,-0.057821,0.027378,0.295582
14.770000,1.118966,-1.465780,3.639422,-1.178947,1.488704,-0.072115,0.953157,-0.058030,0.027180,0.295612
14.780000,1.107174,-1.450881,3.638700,-1.179392,1.491037,-0.072259,0.953140,-0.058237,0.026981,0.295641
14.790000,1.095378,-1.435959,3.637977,-1.179833,1.493346,-0.072403,0.953125,-0.058442,0.026783,0.295670
14.800000,1.083578,-1.421014,3.637252,-1.180269,1.495632,-0.072546,0.953109,-0.058644,0.026584,0.295698
14.810000,1.071773,-1.406047,3.636526,-1.180700,1.497894,-0.072690,0.953094,-0.058843,0.026384,0.295726
14.820000,1.059964,-1.391056,3.635799,-1.181126,1.500131,-0.072833,0.953078,-0.059039,0.026185,0.295754
14.830000,1.048150,-1.376044,3.635070,-1.181548,1.502345,-0.072976,0.953063,-0.059233,0.025985,0.295781
14.840000,1.036333,-1.361010,3.634339,-1.181965,1.504535,-0.073118,0.953049,-0.059425,0.025784,0.295807
14.850000,1.024511,-1.345953,3.633607,-1.182377,1.506700,-0.073261,0.953034,-0.059613,0.025584,0.295834
14.860000,1.012685,-1.330876,3.632874,-1.182784,1.508842,-0.073404,0.953020,-0.059799,0.025383,0.295859
14.870000,1.000855,-1.315777,3.632139,-1.183187,1.510959,-0.073546,0.953006,-0.059983,0.025182,0.295884
14.880000,0.989021,-1.300657,3.631403,-1.183585,1.513052,-0.073688,0.952992,-0.060164,0.024981,0.295909
14.890000,0.977184,-1.285516,3.630665,-1.183978,1.515121,-0.073830,0.952979,-0.060342,0.024779,0.295933
14.900000,0.965342,-1.270354,3.629926,-1.184367,1.517166,-0.073972,0.952965,-0.060517,0.024577,0.295957
14.910000,0.953496,-1.255172,3.629186,-1.184751,1.519186,-0.074114,0.952952,-0.060690,0.024375,0.295980
14.920000,0.941647,-1.239971,3.628444,-1.185130,1.521182,-0.074255,0.952940,-0.060860,0.024173,0.296003
14.930000,0.929794,-1.224749,3.627701,-1.185504,1.523154,-0.074396,0.952927,-0.061028,0.023970,0.296026
14.940000,0.917937,-1.209508,3.626956,-1.185873,1.525102,-0.074537,0.952915,-0.061192,0.023767,0.296047
14.950000,0.906076,-1.194247,3.626210,-1.186238,1.527025,-0.074678,0.952903,-0.061354,0.023564,0.296069
14.960000,0.894212,-1.178967,3.625463,-1.186598,1.528923,-0.074819,0.952891,-0.061513,0.023361,0.296090
14.970000,0.882344,-1.163669,3.624714,-1.186954,1.530797,-0.074960,0.952879,-0.061670,0.023158,0.296110
14.980000,0.870473,-1.148351,3.623963,-1.187304,1.532647,-0.075100,0.952868,-0.061824,0.022954,0.296130
14.990000,0.858598,-1.133016,3.623212,-1.187650,1.534472,-0.075241,0.952857,-0.061975,0.022750,0.296150
15.000000,0.846720,-1.117662,3.622459,-1.187991,1.536272,-0.075381,0.952846,-0.062123,0.022546,0.296169
15.010000,0.834838,-1.102290,3.621704,-1.188327,1.538048,-0.075521,0.952836,-0.062268,0.022342,0.296188
15.020000,0.822954,-1.086901,3.620948,-1.188659,1.539800,-0.075661,0.952826,-0.062411,0.022138,0.296206
15.030000,0.811065,-1.071494,3.620191,-1.188986,1.541526,-0.075800,0.952816,-0.062551,0.021933,0.296224
15.040000,0.799174,-1.056071,3.619432,-1.189308,1.543229,-0.075940,0.952806,-0.062688,0.021729,0.296241
15.050000,0.787279,-1.040630,3.618672,-1.189625,1.544906,-0.076079,0.952797,-0.062822,0.021524,0.296258
15.060000,0.775381,-1.025173,3.617911,-1.189938,1.546559,-0.076218,0.952787,-0.062953,0.021319,0.296274
15.070000,0.763480,-1.009699,3.617148,-1.190245,1.548186,-0.076357,0.952778,-0.063082,0.021114,0.296290
15.080000,0.751576,-0.994209,3.616383,-1.190548,1.549790,-0.076496,0.952770,-0.063208,0.020909,0.296306
15.090000,0.739669,-0.978703,3.615618,-1.190847,1.551368,-0.076634,0.952761,-0.063331,0.020703,0.296321
15.100000,0.727760,-0.963182,3.614851,-1.191140,1.552921,-0.076773,0.952753,-0.063451,0.020498,0.296336
15.110000,0.715847,-0.947645,3.614082,-1.191429,1.554450,-0.076911,0.952746,-0.063568,0.020293,0.296350
15.120000,0.703931,-0.932093,3.613313,-1.191713,1.555954,-0.077049,0.952738,-0.063683,0.020087,0.296363
15.130000,0.692012,-0.916526,3.612541,-1.191992,1.557433,-0.077187,0.952731,-0.063794,0.019881,0.296377
15.140000,0.680091,-0.900944,3.611769,-1.192266,1.558887,-0.077325,0.952724,-0.063903,0.019675,0.296389
15.150000,0.668167,-0.885348,3.610995,-1.192536,1.560316,-0.077462,0.952717,-0.064009,0.019470,0.296402
15.160000,0.656240,-0.869738,3.610220,-1.192801,1.561720,-0.077600,0.952711,-0.064112,0.019264,0.296414
15.170000,0.644311,-0.854114,3.609443,-1.193061,1.563099,-0.077737,0.952704,-0.064212,0.019058,0.296425
15.180000,0.632379,-0.838476,3.608665,-1.193316,1.564453,-0.077874,0.952699,-0.064309,0.018852,0.296436
15.190000,0.620445,-0.822825,3.607885,-1.193567,1.565782,-0.078011,0.952693,-0.064403,0.018645,0.296447
15.200000,0.608508,-0.807161,3.607105,-1.193813,1.567086,-0.078148,0.952688,-0.064495,0.018439,0.296457
15.210000,0.596569,-0.791483,3.606322,-1.194054,1.568365,-0.078284,0.952683,-0.064583,0.018233,0.296467
15.220000,0.584627,-0.775793,3.605539,-1.194290,1.569619,-0.078420,0.952678,-0.064669,0.018027,0.296476
15.230000,0.572683,-0.760091,3.604754,-1.194521,1.570848,-0.078557,0.952673,-0.064752,0.017821,0.296485
15.240000,0.560736,-0.744376,3.603968,-1.194748,1.572051,-0.078693,0.952669,-0.064831,0.017614,0.296493
15.250000,0.548788,-0.728650,3.603180,-1.194970,1.573230,-0.078828,0.952665,-0.064908,0.017408,0.296501
15.260000,0.536837,-0.712912,3.602391,-1.195187,1.574383,-0.078964,0.952662,-0.064982,0.017202,0.296509
15.270000,0.524884,-0.697162,3.601601,-1.195399,1.575511,-0.079099,0.952658,-0.065053,0.016995,0.296516
15.280000,0.512929,-0.681402,3.600809,-1.195607,1.576614,-0.079235,0.952655,-0.065121,0.016789,0.296523
15.290000,0.500972,-0.665630,3.600016,-1.195810,1.577691,-0.079370,0.952652,-0.065186,0.016583,0.296529
15.300000,0.489013,-0.649848,3.599222,-1.196008,1.578744,-0.079505,0.952650,-0.065248,0.016376,0.296535
15.310000,0.477052,-0.634055,3.598426,-1.196201,1.579771,-0.079639,0.952648,-0.065307,0.016170,0.296540
15.320000,0.465089,-0.618253,3.597629,-1.196389,1.580773,-0.079774,0.952646,-0.065363,0.015964,0.296545
15.330000,0.453124,-0.602440,3.596831,-1.196573,1.581749,-0.079908,0.952644,-0.065417,0.015758,0.296550
15.340000,0.441157,-0.586618,3.596031,-1.196752,1.582700,-0.080043,0.952643,-0.065467,0.015552,0.296554
15.350000,0.429189,-0.570786,3.595230,-1.196926,1.583626,-0.080177,0.952642,-0.065514,0.015345,0.296557
15.360000,0.417219,-0.554945,3.594427,-1.197095,1.584527,-0.080310,0.952641,-0.065559,0.015139,0.296561
15.370000,0.405247,-0.539096,3.593624,-1.197260,1.585402,-0.080444,0.952640,-0.065600,0.014933,0.296564
15.380000,0.393274,-0.523237,3.592818,-1.197419,1.586252,-0.080578,0.952640,-0.065638,0.014727,0.296566
15.390000,0.381299,-0.507371,3.592012,-1.197574,1.587077,-0.080711,0.952640,-0.065674,0.014522,0.296568
15.400000,0.369322,-0.491496,3.591204,-1.197725,1.587876,-0.080844,0.952641,-0.065706,0.014316,0.296570
15.410000,0.357344,-0.475613,3.590395,-1.197870,1.588649,-0.080977,0.952641,-0.065735,0.014110,0.296571
15.420000,0.345365,-0.459723,3.589585,-1.198010,1.589398,-0.081110,0.952642,-0.065762,0.013904,0.296572
15.430000,0.333384,-0.443825,3.588773,-1.198146,1.590120,-0.081242,0.952643,-0.065785,0.013699,0.296572
15.440000,0.321402,-0.427921,3.587960,-1.198277,1.590818,-0.081375,0.952645,-0.065806,0.013493,0.296572
15.450000,0.309419,-0.412009,3.587145,-1.198403,1.591490,-0.081507,0.952647,-0.065823,0.013288,0.296572
15.460000,0.297434,-0.396091,3.586330,-1.198525,1.592136,-0.081639,0.952649,-0.065838,0.013083,0.296571
15.470000,0.285448,-0.380167,3.585513,-1.198641,1.592757,-0.081771,0.952651,-0.065849,0.012878,0.296570
15.480000,0.273461,-0.364236,3.584694,-1.198753,1.593353,-0.081902,0.952654,-0.065857,0.012673,0.296568
15.490000,0.261473,-0.348300,3.583875,-1.198860,1.593923,-0.082034,0.952657,-0.065863,0.012468,0.296566
15.500000,0.249484,-0.332358,3.583054,-1.198962,1.594467,-0.082165,0.952660,-0.065865,0.012263,0.296564
15.510000,0.237494,-0.316410,3.582231,-1.199060,1.594986,-0.082296,0.952664,-0.065865,0.012059,0.296561
15.520000,0.225503,-0.300458,3.581408,-1.199152,1.595480,-0.082427,0.952667,-0.065861,0.011854,0.296558
15.530000,0.213511,-0.284501,3.580583,-1.199240,1.595948,-0.082558,0.952671,-0.065855,0.011650,0.296555
15.540000,0.201518,-0.268539,3.579757,-1.199323,1.596390,-0.082688,0.952676,-0.065845,0.011446,0.296551
15.550000,0.189524,-0.252573,3.578929,-1.199401,1.596807,-0.082819,0.952680,-0.065832,0.011242,0.296546
15.560000,0.177530,-0.236603,3.578100,-1.199475,1.597198,-0.082949,0.952685,-0.065817,0.011038,0.296542
15.570000,0.165535,-0.220629,3.577270,-1.199543,1.597564,-0.083079,0.952691,-0.065798,0.010834,0.296537
15.580000,0.153539,-0.204652,3.576439,-1.199607,1.597905,-0.083209,0.952696,-0.065776,0.010631,0.296531
15.590000,0.141543,-0.188671,3.575606,-1.199666,1.598219,-0.083338,0.952702,-0.065752,0.010427,0.296525
15.600000,0.129546,-0.172688,3.574772,-1.199720,1.598508,-0.083468,0.952708,-0.065724,0.010224,0.296519
15.610000,0.117548,-0.156701,3.573937,-1.199770,1.598772,-0.083597,0.952714,-0.065693,0.010021,0.296512
15.620000,0.105550,-0.140712,3.573100,-1.199814,1.599010,-0.083726,0.952721,-0.065659,0.009819,0.296505
15.630000,0.093552,-0.124721,3.572262,-1.199854,1.599222,-0.083855,0.952728,-0.065623,0.009616,0.296498
15.640000,0.081553,-0.108728,3.571423,-1.199889,1.599409,-0.083983,0.952735,-0.065583,0.009414,0.296490
15.650000,0.069554,-0.092733,3.570582,-1.199919,1.599570,-0.084112,0.952742,-0.065540,0.009212,0.296482
15.660000,0.057555,-0.076737,3.569741,-1.199945,1.599706,-0.084240,0.952750,-0.065494,0.009010,0.296474
15.670000,0.045555,-0.060739,3.568898,-1.199965,1.599816,-0.084368,0.952758,-0.065446,0.008808,0.296465
15.680000,0.033556,-0.044740,3.568053,-1.199981,1.599900,-0.084496,0.952766,-0.065394,0.008607,0.296456
15.690000,0.021556,-0.028741,3.567208,-1.199992,1.599959,-0.084624,0.952775,-0.065339,0.008406,0.296446
15.700000,0.009556,-0.012741,3.566361,-1.199998,1.599992,-0.084751,0.952784,-0.065281,0.008205,0.296436
15.710000,-0.002444,0.003259,3.565513,-1.200000,1.599999,-0.084879,0.952793,-0.065220,0.008004,0.296426
15.720000,-0.014444,0.019259,3.564663,-1.199997,1.599981,-0.085006,0.952802,-0.065157,0.007804,0.296415
15.730000,-0.026444,0.035258,3.563812,-1.199988,1.599938,-0.085133,0.952812,-0.065090,0.007603,0.296404
15.740000,-0.038444,0.051257,3.562960,-1.199975,1.599869,-0.085260,0.952821,-0.065020,0.007403,0.296393
15.750000,-0.050443,0.067256,3.562107,-1.199958,1.599774,-0.085386,0.952832,-0.064947,0.007204,0.296381
15.760000,-0.062443,0.083253,3.561253,-1.199935,1.599653,-0.085513,0.952842,-0.064871,0.007004,0.296369
15.770000,-0.074442,0.099249,3.560397,-1.199908,1.599507,-0.085639,0.952853,-0.064793,0.006805,0.296357
15.780000,-0.086441,0.115243,3.559540,-1.199875,1.599336,-0.085765,0.952864,-0.064711,0.006606,0.296344
15.790000,-0.098440,0.131235,3.558682,-1.199838,1.599139,-0.085891,0.952875,-0.064626,0.006408,0.296331
15.800000,-0.110438,0.147226,3.557822,-1.199797,1.598916,-0.086016,0.952886,-0.064538,0.006209,0.296318
15.810000,-0.122436,0.163213,3.556961,-1.199750,1.598668,-0.086142,0.952898,-0.064447,0.006011,0.296304
15.820000,-0.134433,0.179199,3.556099,-1.199699,1.598394,-0.086267,0.952910,-0.064354,0.005814,0.296290
15.830000,-0.146430,0.195181,3.555236,-1.199643,1.598094,-0.086392,0.952922,-0.064257,0.005616,0.296276
15.840000,-0.158426,0.211161,3.554372,-1.199582,1.597769,-0.086517,0.952934,-0.064157,0.005419,0.296261
15.850000,-0.170421,0.227137,3.553506,-1.199516,1.597418,-0.086641,0.952947,-0.064055,0.005222,0.296246
15.860000,-0.182416,0.243109,3.552639,-1.199445,1.597042,-0.086766,0.952960,-0.063949,0.005026,0.296231
15.870000,-0.194410,0.259077,3.551770,-1.199370,1.596640,-0.086890,0.952973,-0.063840,0.004830,0.296215
15.880000,-0.206403,0.275042,3.550901,-1.199290,1.596213,-0.087014,0.952987,-0.063729,0.004634,0.296199
15.890000,-0.218396,0.291001,3.550030,-1.199205,1.595760,-0.087138,0.953000,-0.063614,0.004438,0.296182
15.900000,-0.230387,0.306957,3.549158,-1.199115,1.595282,-0.087262,0.953014,-0.063497,0.004243,0.296166
15.910000,-0.242378,0.322907,3.548285,-1.199020,1.594778,-0.087385,0.953028,-0.063376,0.004048,0.296149
15.920000,-0.254368,0.338852,3.547410,-1.198921,1.594249,-0.087508,0.953043,-0.063253,0.003853,0.296131
15.930000,-0.266357,0.354792,3.546535,-1.198817,1.593694,-0.087631,0.953057,-0.063127,0.003659,0.296114
15.940000,-0.278344,0.370726,3.545658,-1.198708,1.593113,-0.087754,0.953072,-0.062997,0.003465,0.296096
15.950000,-0.290331,0.386654,3.544780,-1.198594,1.592507,-0.087877,0.953087,-0.062865,0.003272,0.296077
15.960000,-0.302316,0.402576,3.543900,-1.198476,1.591876,-0.087999,0.953103,-0.062730,0.003079,0.296059
15.970000,-0.314300,0.418492,3.543020,-1.198352,1.591219,-0.088122,0.953118,-0.062592,0.002886,0.296040
15.980000,-0.326283,0.434400,3.542138,-1.198224,1.590537,-0.088244,0.953134,-0.062451,0.002694,0.296021
15.990000,-0.338265,0.450302,3.541255,-1.198091,1.589829,-0.088366,0.953150,-0.062307,0.002502,0.296001
16.000000,-0.350245,0.466197,3.540371,-1.197954,1.589096,-0.088487,0.953166,-0.062161,0.002310,0.295982
16.010000,-0.362224,0.482084,3.539485,-1.197811,1.588337,-0.088609,0.953183,-0.062011,0.002119,0.295961
16.020000,-0.374201,0.497963,3.538598,-1.197664,1.587553,-0.088730,0.953199,-0.061859,0.001928,0.295941
16.030000,-0.386177,0.513835,3.537710,-1.197512,1.586744,-0.088851,0.953216,-0.061703,0.001737,0.295920
16.040000,-0.398151,0.529698,3.536821,-1.197355,1.585909,-0.088972,0.953233,-0.061545,0.001547,0.295899
16.050000,-0.410124,0.545553,3.535931,-1.197193,1.585049,-0.089093,0.953250,-0.061384,0.001357,0.295878
16.060000,-0.422095,0.561399,3.535039,-1.197027,1.584163,-0.089213,0.953268,-0.061220,0.001168,0.295857
16.070000,-0.434065,0.577236,3.534147,-1.196856,1.583252,-0.089333,0.953286,-0.061053,0.000979,0.295835
16.080000,-0.446032,0.593064,3.533253,-1.196680,1.582316,-0.089454,0.953303,-0.060883,0.000790,0.295813
16.090000,-0.457998,0.608882,3.532358,-1.196499,1.581354,-0.089573,0.953322,-0.060710,0.000602,0.295790
16.100000,-0.469962,0.624691,3.531461,-1.196313,1.580368,-0.089693,0.953340,-0.060535,0.000414,0.295768
16.110000,-0.481924,0.640490,3.530564,-1.196123,1.579355,-0.089813,0.953358,-0.060357,0.000227,0.295745
16.120000,-0.493885,0.656278,3.529665,-1.195928,1.578318,-0.089932,0.953377,-0.060176,0.000040,0.295721
16.130000,-0.505843,0.672056,3.528765,-1.195728,1.577255,-0.090051,0.953396,-0.059992,-0.000147,0.295698
16.140000,-0.517799,0.687823,3.527864,-1.195523,1.576167,-0.090170,0.953415,-0.059805,-0.000333,0.295674
16.150000,-0.529753,0.703579,3.526962,-1.195314,1.575054,-0.090288,0.953434,-0.059615,-0.000518,0.295650
16.160000,-0.541705,0.719324,3.526058,-1.195099,1.573916,-0.090407,0.953454,-0.059423,-0.000704,0.295626
16.170000,-0.553655,0.735058,3.525154,-1.194880,1.572753,-0.090525,0.953473,-0.059228,-0.000888,0.295601
16.180000,-0.565603,0.750779,3.524248,-1.194656,1.571564,-0.090643,0.953493,-0.059030,-0.001073,0.295576
16.190000,-0.577548,0.766489,3.523341,-1.194428,1.570350,-0.090761,0.953513,-0.058829,-0.001257,0.295551
16.200000,-0.589492,0.782186,3.522433,-1.194194,1.569111,-0.090879,0.953533,-0.058626,-0.001440,0.295526
16.210000,-0.601432,0.797871,3.521523,-1.193956,1.567847,-0.090996,0.953553,-0.058420,-0.001623,0.295500
16.220000,-0.613371,0.813543,3.520613,-1.193713,1.566558,-0.091113,0.953574,-0.058211,-0.001806,0.295474
16.230000,-0.625307,0.829202,3.519701,-1.193465,1.565244,-0.091230,0.953595,-0.057999,-0.001988,0.295448
16.240000,-0.637240,0.844848,3.518788,-1.193213,1.563904,-0.091347,0.953615,-0.057785,-0.002170,0.295421
16.250000,-0.649171,0.860480,3.517874,-1.192956,1.562540,-0.091464,0.953636,-0.057568,-0.002351,0.295395
16.260000,-0.661099,0.876098,3.516959,-1.192694,1.561151,-0.091580,0.953658,-0.057348,-0.002532,0.295368
16.270000,-0.673025,0.891703,3.516042,-1.192427,1.559737,-0.091697,0.953679,-0.057125,-0.002712,0.295341
16.280000,-0.684948,0.907293,3.515125,-1.192155,1.558297,-0.091813,0.953700,-0.056900,-0.002892,0.295313
16.290000,-0.696868,0.922869,3.514206,-1.191879,1.556833,-0.091928,0.953722,-0.056672,-0.003071,0.295286
16.300000,-0.708785,0.938430,3.513286,-1.191598,1.555344,-0.092044,0.953744,-0.056441,-0.003250,0.295258
16.310000,-0.720700,0.953976,3.512365,-1.191312,1.553830,-0.092159,0.953765,-0.056208,-0.003429,0.295229
16.320000,-0.732611,0.969506,3.511443,-1.191021,1.552292,-0.092275,0.953787,-0.055972,-0.003606,0.295201
16.330000,-0.744520,0.985021,3.510520,-1.190726,1.550728,-0.092389,0.953810,-0.055734,-0.003784,0.295172
16.340000,-0.756426,1.000521,3.509595,-1.190425,1.549140,-0.092504,0.953832,-0.055492,-0.003961,0.295144
16.350000,-0.768329,1.016004,3.508670,-1.190121,1.547526,-0.092619,0.953854,-0.055249,-0.004137,0.295114
16.360000,-0.780228,1.031471,3.507743,-1.189811,1.545888,-0.092733,0.953877,-0.055002,-0.004313,0.295085
16.370000,-0.792125,1.046922,3.506815,-1.189496,1.544226,-0.092847,0.953899,-0.054753,-0.004489,0.295056
16.380000,-0.804018,1.062356,3.505886,-1.189177,1.542538,-0.092961,0.953922,-0.054501,-0.004664,0.295026
16.390000,-0.815908,1.077772,3.504956,-1.188853,1.540826,-0.093075,0.953945,-0.054247,-0.004838,0.294996
16.400000,-0.827795,1.093172,3.504025,-1.188524,1.539089,-0.093188,0.953968,-0.053990,-0.005012,0.294965
16.410000,-0.839679,1.108554,3.503092,-1.188191,1.537328,-0.093302,0.953991,-0.053731,-0.005186,0.294935
16.420000,-0.851559,1.123918,3.502158,-1.187853,1.535542,-0.093415,0.954015,-0.053469,-0.005359,0.294904
16.430000,-0.863436,1.139265,3.501224,-1.187510,1.533731,-0.093528,0.954038,-0.053205,-0.005531,0.294873
16.440000,-0.875309,1.154593,3.500288,-1.187162,1.531896,-0.093640,0.954061,-0.052938,-0.005703,0.294842
16.450000,-0.887179,1.169903,3.499351,-1.186809,1.530037,-0.093753,0.954085,-0.052668,-0.005875,0.294811
16.460000,-0.899045,1.185194,3.498413,-1.186452,1.528153,-0.093865,0.954109,-0.052396,-0.006046,0.294779
16.470000,-0.910908,1.200466,3.497474,-1.186090,1.526244,-0.093977,0.954132,-0.052122,-0.006216,0.294748
16.480000,-0.922767,1.215718,3.496533,-1.185723,1.524311,-0.094089,0.954156,-0.051845,-0.006386,0.294716
16.490000,-0.934623,1.230952,3.495592,-1.185352,1.522354,-0.094201,0.954180,-0.051565,-0.006556,0.294683
16.500000,-0.946474,1.246165,3.494649,-1.184976,1.520372,-0.094312,0.954204,-0.051283,-0.006725,0.294651
16.510000,-0.958322,1.261359,3.493706,-1.184595,1.518366,-0.094423,0.954228,-0.050999,-0.006893,0.294618
16.520000,-0.970166,1.276533,3.492761,-1.184209,1.516336,-0.094534,0.954253,-0.050712,-0.007061,0.294585
16.530000,-0.982006,1.291686,3.491815,-1.183819,1.514281,-0.094645,0.954277,-0.050423,-0.007228,0.294552
16.540000,-0.993842,1.306818,3.490868,-1.183423,1.512202,-0.094755,0.954301,-0.050131,-0.007395,0.294519
16.550000,-1.005675,1.321930,3.489920,-1.183024,1.510099,-0.094866,0.954326,-0.049837,-0.007561,0.294486
16.560000,-1.017503,1.337020,3.488971,-1.182619,1.507972,-0.094976,0.954350,-0.049541,-0.007727,0.294452
16.570000,-1.029327,1.352089,3.488020,-1.182210,1.505821,-0.095086,0.954375,-0.049242,-0.007892,0.294418
16.580000,-1.041147,1.367136,3.487069,-1.181795,1.503646,-0.095196,0.954399,-0.048941,-0.008056,0.294384
16.590000,-1.052963,1.382162,3.486116,-1.181377,1.501446,-0.095305,0.954424,-0.048637,-0.008220,0.294350
16.600000,-1.064775,1.397165,3.485163,-1.180953,1.499223,-0.095414,0.954449,-0.048331,-0.008384,0.294315
16.610000,-1.076582,1.412146,3.484208,-1.180525,1.496975,-0.095523,0.954473,-0.048023,-0.008547,0.294281
16.620000,-1.088385,1.427105,3.483252,-1.180092,1.494704,-0.095632,0.954498,-0.047713,-0.008709,0.294246
16.630000,-1.100184,1.442040,3.482295,-1.179654,1.492409,-0.095741,0.954523,-0.047400,-0.008871,0.294211
16.640000,-1.111978,1.456953,3.481338,-1.179212,1.490089,-0.095849,0.954548,-0.047085,-0.009033,0.294176
16.650000,-1.123768,1.471842,3.480379,-1.178765,1.487746,-0.095957,0.954573,-0.046768,-0.009193,0.294140
16.660000,-1.135553,1.486708,3.479418,-1.178313,1.485379,-0.096065,0.954598,-0.046448,-0.009354,0.294105
16.670000,-1.147334,1.501550,3.478457,-1.177856,1.482989,-0.096173,0.954623,-0.046126,-0.009513,0.294069
16.680000,-1.159110,1.516367,3.477495,-1.177395,1.480574,-0.096281,0.954648,-0.045802,-0.009672,0.294033
16.690000,-1.170882,1.531161,3.476532,-1.176929,1.478136,-0.096388,0.954673,-0.045476,-0.009831,0.293997
16.700000,-1.182649,1.545930,3.475567,-1.176458,1.475675,-0.096495,0.954698,-0.045148,-0.009989,0.293961
16.710000,-1.194411,1.560674,3.474602,-1.175983,1.473189,-0.096602,0.954724,-0.044817,-0.010146,0.293924
16.720000,-1.206169,1.575394,3.473635,-1.175503,1.470681,-0.096709,0.954749,-0.044484,-0.010303,0.293888
16.730000,-1.217921,1.590088,3.472668,-1.175018,1.468148,-0.096815,0.954774,-0.044149,-0.010459,0.293851
16.740000,-1.229669,1.604757,3.471699,-1.174528,1.465592,-0.096921,0.954799,-0.043812,-0.010615,0.293814
16.750000,-1.241412,1.619400,3.470729,-1.174034,1.463013,-0.097027,0.954824,-0.043473,-0.010770,0.293777
16.760000,-1.253150,1.634017,3.469758,-1.173535,1.460410,-0.097133,0.954850,-0.043132,-0.010925,0.293739
16.770000,-1.264883,1.648608,3.468786,-1.173031,1.457784,-0.097239,0.954875,-0.042789,-0.011079,0.293702
16.780000,-1.276610,1.663172,3.467814,-1.172523,1.455135,-0.097344,0.954900,-0.042443,-0.011232,0.293664
16.790000,-1.288333,1.677710,3.466840,-1.172010,1.452462,-0.097449,0.954925,-0.042096,-0.011385,0.293626
16.800000,-1.300050,1.692222,3.465865,-1.171493,1.449766,-0.097554,0.954950,-0.041746,-0.011537,0.293588
16.810000,-1.311763,1.706706,3.464888,-1.170970,1.447047,-0.097659,0.954976,-0.041394,-0.011689,0.293550
16.820000,-1.323470,1.721162,3.463911,-1.170443,1.444305,-0.097763,0.955001,-0.041041,-0.011840,0.293511
16.830000,-1.335172,1.735592,3.462933,-1.169911,1.441539,-0.097868,0.955026,-0.040685,-0.011990,0.293473
16.840000,-1.346868,1.749993,3.461954,-1.169375,1.438751,-0.097972,0.955051,-0.040328,-0.012140,0.293434
16.850000,-1.358559,1.764367,3.460974,-1.168834,1.435939,-0.098076,0.955076,-0.039968,-0.012290,0.293395
16.860000,-1.370245,1.778712,3.459992,-1.168288,1.433105,-0.098179,0.955101,-0.039607,-0.012438,0.293356
16.870000,-1.381925,1.793029,3.459010,-1.167738,1.430247,-0.098283,0.955126,-0.039243,-0.012587,0.293317
16.880000,-1.393599,1.807317,3.458027,-1.167183,1.427367,-0.098386,0.955152,-0.038878,-0.012734,0.293278
16.890000,-1.405269,1.821576,3.457042,-1.166623,1.424464,-0.098489,0.955177,-0.038511,-0.012881,0.293238
16.900000,-1.416932,1.835806,3.456057,-1.166058,1.421538,-0.098591,0.955202,-0.038141,-0.013028,0.293199
16.910000,-1.428590,1.850007,3.455071,-1.165489,1.418589,-0.098694,0.955227,-0.037770,-0.013173,0.293159
16.920000,-1.440242,1.864178,3.454083,-1.164916,1.415618,-0.098796,0.955251,-0.037398,-0.013319,0.293119
16.930000,-1.451888,1.878319,3.453095,-1.164337,1.412624,-0.098898,0.955276,-0.037023,-0.013463,0.293079
16.940000,-1.463528,1.892430,3.452105,-1.163754,1.409608,-0.099000,0.955301,-0.036646,-0.013607,0.293038
16.950000,-1.475163,1.906511,3.451115,-1.163166,1.406568,-0.099102,0.955326,-0.036268,-0.013751,0.292998
16.960000,-1.486792,1.920561,3.450123,-1.162574,1.403507,-0.099203,0.955351,-0.035888,-0.013894,0.292957
16.970000,-1.498414,1.934581,3.449131,-1.161977,1.400423,-0.099304,0.955375,-0.035506,-0.014036,0.292917
16.980000,-1.510031,1.948570,3.448137,-1.161375,1.397316,-0.099405,0.955400,-0.035122,-0.014178,0.292876
16.990000,-1.521642,1.962527,3.447143,-1.160769,1.394187,-0.099506,0.955425,-0.034737,-0.014319,0.292835
17.000000,-1.533247,1.976453,3.446147,-1.160158,1.391036,-0.099606,0.955449,-0.034350,-0.014459,0.292794
17.010000,-1.544845,1.990348,3.445150,-1.159542,1.387863,-0.099707,0.955474,-0.033961,-0.014599,0.292752
17.020000,-1.556437,2.004211,3.444153,-1.158922,1.384667,-0.099807,0.955498,-0.033571,-0.014738,0.292711
17.030000,-1.568024,2.018041,3.443154,-1.158297,1.381449,-0.099907,0.955522,-0.033179,-0.014877,0.292669
17.040000,-1.579603,2.031839,3.442155,-1.157668,1.378209,-0.100006,0.955546,-0.032785,-0.015015,0.292627
17.050000,-1.591177,2.045605,3.441154,-1.157033,1.374947,-0.100106,0.955571,-0.032389,-0.015153,0.292585
17.060000,-1.602744,2.059338,3.440153,-1.156395,1.371663,-0.100205,0.955595,-0.031992,-0.015289,0.292543
17.070000,-1.614305,2.073038,3.439150,-1.155751,1.368357,-0.100304,0.955619,-0.031594,-0.015426,0.292501
17.080000,-1.625859,2.086705,3.438147,-1.155103,1.365030,-0.100402,0.955643,-0.031194,-0.015561,0.292459
17.090000,-1.637407,2.100339,3.437142,-1.154451,1.361680,-0.100501,0.955666,-0.030792,-0.015696,0.292416
17.100000,-1.648948,2.113939,3.436137,-1.153793,1.358308,-0.100599,0.955690,-0.030388,-0.015831,0.292374
17.110000,-1.660483,2.127505,3.435130,-1.153131,1.354915,-0.100697,0.955714,-0.029984,-0.015965,0.292331
17.120000,-1.672011,2.141037,3.434123,-1.152465,1.351500,-0.100795,0.955737,-0.029577,-0.016098,0.292288
17.130000,-1.683532,2.154535,3.433114,-1.151794,1.348064,-0.100892,0.955761,-0.029169,-0.016231,0.292245
17.140000,-1.695046,2.167998,3.432105,-1.151118,1.344606,-0.100990,0.955784,-0.028760,-0.016363,0.292201
17.150000,-1.706554,2.181427,3.431094,-1.150438,1.341126,-0.101087,0.955807,-0.028349,-0.016494,0.292158
17.160000,-1.718055,2.194821,3.430083,-1.149753,1.337625,-0.101184,0.955831,-0.027937,-0.016625,0.292115
17.170000,-1.729549,2.208180,3.429071,-1.149063,1.334103,-0.101280,0.955854,-0.027524,-0.016755,0.292071
17.180000,-1.741036,2.221503,3.428057,-1.148369,1.330559,-0.101377,0.955877,-0.027109,-0.016885,0.292027
17.190000,-1.752517,2.234791,3.427043,-1.147670,1.326994,-0.101473,0.955899,-0.026692,-0.017014,0.291983
17.200000,-1.763990,2.248043,3.426028,-1.146967,1.323408,-0.101569,0.955922,-0.026275,-0.017142,0.291939
17.210000,-1.775456,2.261259,3.425012,-1.146259,1.319801,-0.101665,0.955945,-0.025856,-0.017270,0.291895
17.220000,-1.786915,2.274439,3.423995,-1.145547,1.316172,-0.101760,0.955967,-0.025435,-0.017397,0.291851
17.230000,-1.798367,2.287582,3.422977,-1.144830,1.312522,-0.101856,0.955990,-0.025014,-0.017524,0.291806
17.240000,-1.809812,2.300689,3.421958,-1.144108,1.308852,-0.101951,0.956012,-0.024591,-0.017650,0.291762
17.250000,-1.821249,2.313759,3.420938,-1.143382,1.305160,-0.102045,0.956034,-0.024167,-0.017775,0.291717
17.260000,-1.832679,2.326792,3.419917,-1.142651,1.301448,-0.102140,0.956056,-0.023741,-0.017900,0.291672
17.270000,-1.844102,2.339788,3.418895,-1.141916,1.297714,-0.102234,0.956078,-0.023315,-0.018024,0.291627
17.280000,-1.855518,2.352746,3.417872,-1.141176,1.293960,-0.102328,0.956100,-0.022887,-0.018147,0.291582
17.290000,-1.866926,2.365667,3.416848,-1.140431,1.290186,-0.102422,0.956121,-0.022458,-0.018270,0.291537
17.300000,-1.878326,2.378550,3.415823,-1.139682,1.286390,-0.102516,0.956143,-0.022027,-0.018393,0.291491
17.310000,-1.889719,2.391395,3.414798,-1.138929,1.282574,-0.102610,0.956164,-0.021596,-0.018514,0.291446
17.320000,-1.901105,2.404201,3.413771,-1.138170,1.278738,-0.102703,0.956186,-0.021164,-0.018635,0.291400
17.330000,-1.912483,2.416970,3.412744,-1.137408,1.274881,-0.102796,0.956207,-0.020730,-0.018756,0.291354
17.340000,-1.923853,2.429699,3.411715,-1.136640,1.271004,-0.102888,0.956228,-0.020295,-0.018876,0.291308
17.350000,-1.935215,2.442390,3.410686,-1.135869,1.267106,-0.102981,0.956249,-0.019860,-0.018995,0.291262
17.360000,-1.946570,2.455041,3.409656,-1.135092,1.263188,-0.103073,0.956269,-0.019423,-0.019114,0.291216
17.370000,-1.957917,2.467653,3.408625,-1.134311,1.259250,-0.103165,0.956290,-0.018985,-0.019232,0.291169
17.380000,-1.969256,2.480226,3.407592,-1.133526,1.255291,-0.103257,0.956310,-0.018546,-0.019349,0.291123
17.390000,-1.980588,2.492759,3.406559,-1.132736,1.251313,-0.103349,0.956330,-0.018107,-0.019466,0.291076
17.400000,-1.991911,2.505252,3.405525,-1.131942,1.247315,-0.103440,0.956351,-0.017666,-0.019582,0.291029
17.410000,-2.003227,2.517705,3.404491,-1.131142,1.243296,-0.103531,0.956370,-0.017224,-0.019698,0.290982
17.420000,-2.014534,2.530118,3.403455,-1.130339,1.239258,-0.103622,0.956390,-0.016781,-0.019813,0.290935
17.430000,-2.025833,2.542490,3.402418,-1.129531,1.235200,-0.103713,0.956410,-0.016338,-0.019927,0.290888
17.440000,-2.037125,2.554822,3.401381,-1.128718,1.231122,-0.103803,0.956429,-0.015893,-0.020041,0.290841
17.450000,-2.048408,2.567113,3.400342,-1.127901,1.227025,-0.103893,0.956449,-0.015448,-0.020154,0.290793
17.460000,-2.059683,2.579362,3.399303,-1.127080,1.222907,-0.103983,0.956468,-0.015002,-0.020267,0.290746
17.470000,-2.070949,2.591571,3.398262,-1.126253,1.218771,-0.104073,0.956487,-0.014555,-0.020379,0.290698
17.480000,-2.082208,2.603738,3.397221,-1.125423,1.214614,-0.104163,0.956506,-0.014107,-0.020490,0.290650
17.490000,-2.093458,2.615863,3.396179,-1.124588,1.210439,-0.104252,0.956525,-0.013659,-0.020601,0.290602
17.500000,-2.104699,2.627946,3.395136,-1.123748,1.206244,-0.104341,0.956543,-0.013210,-0.020711,0.290554
17.510000,-2.115933,2.639988,3.394092,-1.122904,1.202029,-0.104430,0.956562,-0.012760,-0.020821,0.290506
17.520000,-2.127157,2.651987,3.393048,-1.122055,1.197796,-0.104518,0.956580,-0.012309,-0.020930,0.290457
17.530000,-2.138374,2.663944,3.392002,-1.121202,1.193543,-0.104607,0.956598,-0.011857,-0.021038,0.290409
17.540000,-2.149581,2.675858,3.390956,-1.120345,1.189271,-0.104695,0.956616,-0.011405,-0.021146,0.290360
17.550000,-2.160781,2.687729,3.389908,-1.119483,1.184980,-0.104782,0.956634,-0.010952,-0.021253,0.290311
17.560000,-2.171971,2.699557,3.388860,-1.118616,1.180670,-0.104870,0.956651,-0.010499,-0.021360,0.290262
17.570000,-2.183153,2.711342,3.387811,-1.117745,1.176342,-0.104957,0.956669,-0.010045,-0.021466,0.290213
17.580000,-2.194326,2.723084,3.386761,-1.116869,1.171994,-0.105045,0.956686,-0.009590,-0.021571,0.290164
17.590000,-2.205490,2.734782,3.385710,-1.115989,1.167628,-0.105131,0.956703,-0.009135,-0.021676,0.290115
17.600000,-2.216646,2.746437,3.384658,-1.115105,1.163243,-0.105218,0.956720,-0.008679,-0.021780,0.290065
17.610000,-2.227792,2.758047,3.383605,-1.114216,1.158839,-0.105305,0.956736,-0.008223,-0.021884,0.290015
17.620000,-2.238930,2.769613,3.382552,-1.113323,1.154417,-0.105391,0.956753,-0.007766,-0.021987,0.289966
17.630000,-2.250059,2.781135,3.381498,-1.112425,1.149976,-0.105477,0.956769,-0.007309,-0.022089,0.289916
17.640000,-2.261179,2.792613,3.380442,-1.111523,1.145517,-0.105562,0.956786,-0.006851,-0.022191,0.289865
17.650000,-2.272289,2.804046,3.379386,-1.110616,1.141040,-0.105648,0.956802,-0.006393,-0.022292,0.289815
17.660000,-2.283391,2.815433,3.378330,-1.109705,1.136545,-0.105733,0.956817,-0.005934,-0.022392,0.289765
17.670000,-2.294483,2.826776,3.377272,-1.108789,1.132031,-0.105818,0.956833,-0.005475,-0.022492,0.289714
17.680000,-2.305567,2.838074,3.376213,-1.107869,1.127499,-0.105903,0.956849,-0.005016,-0.022592,0.289664
17.690000,-2.316641,2.849326,3.375154,-1.106945,1.122949,-0.105987,0.956864,-0.004556,-0.022691,0.289613
17.700000,-2.327706,2.860533,3.374093,-1.106016,1.118381,-0.106072,0.956879,-0.004096,-0.022789,0.289562
17.710000,-2.338761,2.871694,3.373032,-1.105083,1.113795,-0.106156,0.956894,-0.003635,-0.022887,0.289511
17.720000,-2.349807,2.882809,3.371970,-1.104145,1.109192,-0.106240,0.956909,-0.003174,-0.022984,0.289459
17.730000,-2.360844,2.893878,3.370907,-1.103203,1.104570,-0.106323,0.956924,-0.002713,-0.023080,0.289408
17.740000,-2.371871,2.904900,3.369844,-1.102256,1.099931,-0.106407,0.956938,-0.002252,-0.023176,0.289357
17.750000,-2.382889,2.915876,3.368779,-1.101305,1.095275,-0.106490,0.956952,-0.001790,-0.023271,0.289305
17.760000,-2.393897,2.926806,3.367714,-1.100350,1.090601,-0.106572,0.956967,-0.001328,-0.023366,0.289253
17.770000,-2.404896,2.937688,3.366648,-1.099390,1.085909,-0.106655,0.956981,-0.000866,-0.023460,0.289201
17.780000,-2.415885,2.948524,3.365581,-1.098426,1.081200,-0.106737,0.956994,-0.000404,-0.023553,0.289149
17.790000,-2.426864,2.959312,3.364513,-1.097458,1.076474,-0.106820,0.957008,0.000058,-0.023646,0.289096
17.800000,-2.437834,2.970053,3.363445,-1.096485,1.071730,-0.106902,0.957021,0.000521,-0.023739,0.289044
17.810000,-2.448794,2.980747,3.362375,-1.095507,1.066970,-0.106983,0.957035,0.000983,-0.023830,0.288991
17.820000,-2.459744,2.991392,3.361305,-1.094526,1.062192,-0.107065,0.957048,0.001446,-0.023922,0.288939
17.830000,-2.470685,3.001990,3.360234,-1.093540,1.057397,-0.107146,0.957061,0.001908,-0.024012,0.288886
17.840000,-2.481615,3.012540,3.359162,-1.092549,1.052585,-0.107227,0.957073,0.002371,-0.024102,0.288833
17.850000,-2.492536,3.023042,3.358089,-1.091554,1.047757,-0.107307,0.957086,0.002834,-0.024192,0.288779
17.860000,-2.503446,3.033495,3.357016,-1.090555,1.042912,-0.107388,0.957098,0.003297,-0.024280,0.288726
17.870000,-2.514347,3.043900,3.355942,-1.089551,1.038050,-0.107468,0.957110,0.003760,-0.024369,0.288672
17.880000,-2.525237,3.054256,3.354866,-1.088544,1.033171,-0.107548,0.957122,0.004222,-0.024456,0.288619
17.890000,-2.536118,3.064564,3.353791,-1.087531,1.028276,-0.107628,0.957134,0.004685,-0.024544,0.288565
17.900000,-2.546988,3.074822,3.352714,-1.086515,1.023365,-0.107707,0.957146,0.005148,-0.024630,0.288511
17.910000,-2.557848,3.085031,3.351636,-1.085494,1.018437,-0.107786,0.957157,0.005610,-0.024716,0.288457
17.920000,-2.568698,3.095190,3.350558,-1.084468,1.013493,-0.107865,0.957169,0.006073,-0.024801,0.288402
17.930000,-2.579537,3.105301,3.349479,-1.083439,1.008532,-0.107944,0.957180,0.006535,-0.024886,0.288348
17.940000,-2.590366,3.115361,3.348399,-1.082405,1.003556,-0.108023,0.957191,0.006997,-0.024971,0.288293
17.950000,-2.601185,3.125372,3.347319,-1.081366,0.998563,-0.108101,0.957202,0.007459,-0.025054,0.288238
17.960000,-2.611994,3.135332,3.346237,-1.080324,0.993555,-0.108179,0.957213,0.007920,-0.025137,0.288183
17.970000,-2.622792,3.145243,3.345155,-1.079277,0.988530,-0.108257,0.957223,0.008382,-0.025220,0.288128
17.980000,-2.633579,3.155103,3.344072,-1.078226,0.983490,-0.108334,0.957233,0.008843,-0.025302,0.288073
17.990000,-2.644356,3.164912,3.342988,-1.077170,0.978434,-0.108412,0.957244,0.009304,-0.025383,0.288017
18.000000,-2.655123,3.174671,3.341904,-1.076110,0.973362,-0.108489,0.957254,0.009765,-0.025464,0.287961
18.010000,-2.665878,3.184380,3.340819,-1.075046,0.968275,-0.108565,0.957263,0.010225,-0.025545,0.287905
18.020000,-2.676624,3.194037,3.339733,-1.073977,0.963172,-0.108642,0.957273,0.010685,-0.025624,0.287849
18.030000,-2.687358,3.203643,3.338646,-1.072905,0.958054,-0.108718,0.957283,0.011144,-0.025704,0.287793
18.040000,-2.698082,3.213198,3.337558,-1.071828,0.952920,-0.108794,0.957292,0.011604,-0.025782,0.287737
18.050000,-2.708795,3.222701,3.336470,-1.070746,0.947772,-0.108870,0.957301,0.012062,-0.025860,0.287680
18.060000,-2.719497,3.232153,3.335381,-1.069660,0.942608,-0.108946,0.957310,0.012521,-0.025938,0.287623
18.070000,-2.730188,3.241554,3.334291,-1.068571,0.937429,-0.109021,0.957319,0.012979,-0.026015,0.287566
18.080000,-2.740868,3.250902,3.333200,-1.067476,0.932235,-0.109096,0.957328,0.013436,-0.026091,0.287509
18.090000,-2.751537,3.260198,3.332109,-1.066378,0.927026,-0.109171,0.957337,0.013893,-0.026167,0.287452
18.100000,-2.762195,3.269442,3.331017,-1.065275,0.921802,-0.109246,0.957345,0.014350,-0.026242,0.287395
18.110000,-2.772843,3.278634,3.329924,-1.064168,0.916564,-0.109320,0.957354,0.014806,-0.026317,0.287337
18.120000,-2.783479,3.287774,3.328831,-1.063057,0.911311,-0.109394,0.957362,0.015261,-0.026391,0.287279
18.130000,-2.794104,3.296860,3.327736,-1.061941,0.906043,-0.109468,0.957370,0.015716,-0.026465,0.287221
18.140000,-2.804718,3.305894,3.326641,-1.060822,0.900761,-0.109542,0.957378,0.016170,-0.026538,0.287163
18.150000,-2.815320,3.314875,3.325545,-1.059698,0.895464,-0.109615,0.957385,0.016624,-0.026611,0.287104
18.160000,-2.825912,3.323804,3.324449,-1.058569,0.890153,-0.109688,0.957393,0.017077,-0.026683,0.287046
18.170000,-2.836492,3.332679,3.323352,-1.057437,0.884828,-0.109761,0.957400,0.017529,-0.026754,0.286987
18.180000,-2.847060,3.341500,3.322254,-1.056300,0.879489,-0.109834,0.957408,0.017981,-0.026825,0.286928
18.190000,-2.857618,3.350268,3.321155,-1.055159,0.874135,-0.109906,0.957415,0.018432,-0.026896,0.286869
18.200000,-2.868163,3.358983,3.320056,-1.054014,0.868768,-0.109978,0.957422,0.018882,-0.026966,0.286809
18.210000,-2.878698,3.367644,3.318955,-1.052865,0.863387,-0.110050,0.957429,0.019332,-0.027035,0.286750
18.220000,-2.889221,3.376250,3.317855,-1.051711,0.857991,-0.110122,0.957436,0.019781,-0.027104,0.286690
18.230000,-2.899732,3.384803,3.316753,-1.050553,0.852583,-0.110193,0.957442,0.020229,-0.027172,0.286630
18.240000,-2.910232,3.393302,3.315651,-1.049391,0.847160,-0.110264,0.957449,0.020676,-0.027240,0.286570
18.250000,-2.920720,3.401746,3.314548,-1.048225,0.841724,-0.110335,0.957455,0.021122,-0.027307,0.286509
18.260000,-2.931196,3.410136,3.313444,-1.047055,0.836275,-0.110406,0.957462,0.021568,-0.027374,0.286449
18.270000,-2.941661,3.418472,3.312340,-1.045880,0.830812,-0.110476,0.957468,0.022013,-0.027440,0.286388
18.280000,-2.952114,3.426753,3.311234,-1.044701,0.825335,-0.110546,0.957474,0.022457,-0.027506,0.286327
18.290000,-2.962555,3.434979,3.310129,-1.043518,0.819846,-0.110616,0.957480,0.022899,-0.027571,0.286266
18.300000,-2.972984,3.443150,3.309022,-1.042331,0.814344,-0.110686,0.957486,0.023341,-0.027635,0.286204
18.310000,-2.983402,3.451265,3.307915,-1.041140,0.808828,-0.110755,0.957491,0.023782,-0.027699,0.286143
18.320000,-2.993807,3.459326,3.306807,-1.039945,0.803300,-0.110824,0.957497,0.024223,-0.027763,0.286081
18.330000,-3.004200,3.467331,3.305698,-1.038745,0.797758,-0.110893,0.957502,0.024662,-0.027826,0.286019
18.340000,-3.014582,3.475281,3.304589,-1.037541,0.792204,-0.110962,0.957508,0.025100,-0.027888,0.285956
18.350000,-3.024951,3.483175,3.303479,-1.036333,0.786637,-0.111030,0.957513,0.025537,-0.027950,0.285894
18.360000,-3.035309,3.491014,3.302369,-1.035121,0.781058,-0.111099,0.957518,0.025973,-0.028012,0.285831
18.370000,-3.045654,3.498797,3.301257,-1.033905,0.775466,-0.111167,0.957523,0.026408,-0.028073,0.285768
18.380000,-3.055987,3.506523,3.300145,-1.032685,0.769862,-0.111234,0.957528,0.026842,-0.028133,0.285705
18.390000,-3.066307,3.514194,3.299033,-1.031460,0.764245,-0.111302,0.957533,0.027274,-0.028193,0.285642
18.400000,-3.076616,3.521808,3.297919,-1.030232,0.758616,-0.111369,0.957538,0.027706,-0.028253,0.285578
18.410000,-3.086912,3.529366,3.296805,-1.028999,0.752975,-0.111436,0.957543,0.028137,-0.028312,0.285514
18.420000,-3.097196,3.536868,3.295691,-1.027762,0.747322,-0.111502,0.957548,0.028566,-0.028370,0.285450
18.430000,-3.107467,3.544312,3.294575,-1.026521,0.741658,-0.111569,0.957552,0.028994,-0.028428,0.285386
18.440000,-3.117726,3.551701,3.293459,-1.025276,0.735981,-0.111635,0.957557,0.029421,-0.028485,0.285321
18.450000,-3.127973,3.559032,3.292342,-1.024027,0.730292,-0.111701,0.957561,0.029847,-0.028542,0.285256
18.460000,-3.138207,3.566306,3.291225,-1.022774,0.724592,-0.111766,0.957565,0.030271,-0.028599,0.285191
18.470000,-3.148428,3.573524,3.290107,-1.021517,0.718880,-0.111832,0.957570,0.030694,-0.028654,0.285126
18.480000,-3.158637,3.580684,3.288988,-1.020255,0.713157,-0.111897,0.957574,0.031116,-0.028710,0.285061
18.490000,-3.168833,3.587787,3.287869,-1.018990,0.707422,-0.111962,0.957578,0.031537,-0.028765,0.284995
18.500000,-3.179017,3.594832,3.286749,-1.017720,0.701676,-0.112026,0.957582,0.031956,-0.028819,0.284929
18.510000,-3.189188,3.601820,3.285629,-1.016446,0.695918,-0.112091,0.957586,0.032374,-0.028873,0.284863
18.520000,-3.199346,3.608751,3.284507,-1.015169,0.690150,-0.112155,0.957590,0.032791,-0.028926,0.284796
18.530000,-3.209491,3.615623,3.283386,-1.013887,0.684370,-0.112219,0.957594,0.033206,-0.028979,0.284730
18.540000,-3.219623,3.622438,3.282263,-1.012601,0.678580,-0.112283,0.957598,0.033620,-0.029032,0.284663
18.550000,-3.229743,3.629195,3.281140,-1.011311,0.672779,-0.112346,0.957602,0.034032,-0.029084,0.284596
18.560000,-3.239850,3.635894,3.280016,-1.010017,0.666967,-0.112409,0.957606,0.034443,-0.029135,0.284528
18.570000,-3.249943,3.642534,3.278892,-1.008719,0.661144,-0.112472,0.957609,0.034852,-0.029186,0.284461
18.580000,-3.260024,3.649116,3.277767,-1.007417,0.655310,-0.112535,0.957613,0.035260,-0.029237,0.284393
18.590000,-3.270092,3.655640,3.276641,-1.006111,0.649467,-0.112597,0.957617,0.035667,-0.029287,0.284324
18.600000,-3.280146,3.662106,3.275515,-1.004801,0.643612,-0.112659,0.957620,0.036072,-0.029336,0.284256
18.610000,-3.290188,3.668513,3.274388,-1.003487,0.637748,-0.112721,0.957624,0.036475,-0.029385,0.284187
18.620000,-3.300216,3.674861,3.273260,-1.002169,0.631873,-0.112783,0.957628,0.036877,-0.029434,0.284118
18.630000,-3.310231,3.681150,3.272132,-1.000847,0.625988,-0.112844,0.957631,0.037278,-0.029482,0.284049
18.640000,-3.320233,3.687380,3.271003,-0.999521,0.620094,-0.112905,0.957635,0.037677,-0.029529,0.283980
18.650000,-3.330222,3.693552,3.269874,-0.998191,0.614189,-0.112966,0.957638,0.038074,-0.029577,0.283910
18.660000,-3.340197,3.699664,3.268744,-0.996857,0.608274,-0.113026,0.957642,0.038469,-0.029623,0.283840
18.670000,-3.350159,3.705717,3.267614,-0.995519,0.602350,-0.113087,0.957645,0.038863,-0.029669,0.283770
18.680000,-3.360107,3.711711,3.266482,-0.994177,0.596416,-0.113147,0.957649,0.039255,-0.029715,0.283699
18.690000,-3.370042,3.717646,3.265351,-0.992831,0.590473,-0.113207,0.957652,0.039646,-0.029760,0.283628
18.700000,-3.379964,3.723521,3.264218,-0.991481,0.584520,-0.113266,0.957656,0.040035,-0.029805,0.283557
18.710000,-3.389872,3.729336,3.263085,-0.990127,0.578557,-0.113326,0.957659,0.040422,-0.029850,0.283486
18.720000,-3.399766,3.735092,3.261952,-0.988769,0.572586,-0.113385,0.957663,0.040807,-0.029893,0.283414
18.730000,-3.409647,3.740788,3.260818,-0.987407,0.566605,-0.113443,0.957666,0.041191,-0.029937,0.283342
18.740000,-3.419514,3.746424,3.259683,-0.986041,0.560615,-0.113502,0.957670,0.041573,-0.029980,0.283270
18.750000,-3.429368,3.752000,3.258548,-0.984671,0.554617,-0.113560,0.957673,0.041953,-0.030022,0.283198
18.760000,-3.439208,3.757516,3.257412,-0.983298,0.548609,-0.113618,0.957677,0.042331,-0.030064,0.283125
18.770000,-3.449034,3.762972,3.256275,-0.981920,0.542592,-0.113676,0.957680,0.042708,-0.030106,0.283052
18.780000,-3.458846,3.768368,3.255138,-0.980538,0.536567,-0.113734,0.957684,0.043082,-0.030147,0.282979
18.790000,-3.468645,3.773703,3.254001,-0.979153,0.530534,-0.113791,0.957687,0.043455,-0.030187,0.282905
18.800000,-3.478429,3.778979,3.252862,-0.977763,0.524492,-0.113848,0.957691,0.043826,-0.030228,0.282831
18.810000,-3.488200,3.784193,3.251724,-0.976370,0.518441,-0.113905,0.957695,0.044195,-0.030267,0.282757
18.820000,-3.497957,3.789347,3.250584,-0.974973,0.512382,-0.113961,0.957698,0.044562,-0.030307,0.282683
18.830000,-3.507699,3.794441,3.249444,-0.973572,0.506315,-0.114018,0.957702,0.044927,-0.030345,0.282608
18.840000,-3.517428,3.799474,3.248304,-0.972167,0.500240,-0.114074,0.957706,0.045290,-0.030384,0.282533
18.850000,-3.527143,3.804446,3.247163,-0.970758,0.494157,-0.114129,0.957710,0.045652,-0.030422,0.282457
18.860000,-3.536843,3.809357,3.246021,-0.969345,0.488066,-0.114185,0.957714,0.046011,-0.030459,0.282382
18.870000,-3.546530,3.814207,3.244879,-0.967928,0.481967,-0.114240,0.957718,0.046368,-0.030496,0.282306
18.880000,-3.556202,3.818996,3.243737,-0.966508,0.475860,-0.114295,0.957722,0.046724,-0.030533,0.282230
18.890000,-3.565860,3.823724,3.242593,-0.965083,0.469746,-0.114350,0.957726,0.047077,-0.030569,0.282153
18.900000,-3.575503,3.828391,3.241450,-0.963655,0.463625,-0.114404,0.957730,0.047428,-0.030605,0.282076
18.910000,-3.585133,3.832997,3.240305,-0.962223,0.457495,-0.114458,0.957734,0.047777,-0.030640,0.281999
18.920000,-3.594748,3.837541,3.239160,-0.960787,0.451359,-0.114512,0.957739,0.048124,-0.030675,0.281922
18.930000,-3.604348,3.842024,3.238015,-0.959347,0.445215,-0.114566,0.957743,0.048469,-0.030709,0.281844
18.940000,-3.613935,3.846445,3.236869,-0.957903,0.439065,-0.114619,0.957748,0.048812,-0.030743,0.281766
18.950000,-3.623507,3.850805,3.235723,-0.956456,0.432907,-0.114673,0.957752,0.049153,-0.030777,0.281687
18.960000,-3.633064,3.855103,3.234576,-0.955005,0.426742,-0.114725,0.957757,0.049492,-0.030810,0.281609
18.970000,-3.642607,3.859340,3.233428,-0.953550,0.420570,-0.114778,0.957761,0.049828,-0.030843,0.281530
18.980000,-3.652135,3.863515,3.232280,-0.952091,0.414392,-0.114830,0.957766,0.050162,-0.030875,0.281450
18.990000,-3.661648,3.867628,3.231131,-0.950628,0.408207,-0.114883,0.957771,0.050494,-0.030907,0.281371
19.000000,-3.671147,3.871679,3.229982,-0.949161,0.402016,-0.114934,0.957776,0.050824,-0.030938,0.281291
19.010000,-3.680632,3.875668,3.228833,-0.947691,0.395818,-0.114986,0.957781,0.051152,-0.030969,0.281210
19.020000,-3.690101,3.879595,3.227683,-0.946217,0.389614,-0.115037,0.957787,0.051478,-0.030999,0.281130
19.030000,-3.699556,3.883460,3.226532,-0.944739,0.383403,-0.115089,0.957792,0.051801,-0.031030,0.281049
19.040000,-3.708996,3.887263,3.225381,-0.943257,0.377187,-0.115139,0.957797,0.052122,-0.031059,0.280968
19.050000,-3.718421,3.891004,3.224229,-0.941772,0.370964,-0.115190,0.957803,0.052440,-0.031088,0.280886
19.060000,-3.727831,3.894682,3.223077,-0.940282,0.364735,-0.115240,0.957809,0.052757,-0.031117,0.280804
19.070000,-3.737227,3.898299,3.221924,-0.938789,0.358501,-0.115290,0.957815,0.053071,-0.031146,0.280722
19.080000,-3.746607,3.901852,3.220771,-0.937293,0.352261,-0.115340,0.957820,0.053383,-0.031174,0.280639
19.090000,-3.755973,3.905344,3.219618,-0.935792,0.346015,-0.115390,0.957827,0.053692,-0.031201,0.280556
19.100000,-3.765323,3.908773,3.218464,-0.934288,0.339764,-0.115439,0.957833,0.053999,-0.031228,0.280473
19.110000,-3.774658,3.912139,3.217309,-0.932780,0.333507,-0.115488,0.957839,0.054304,-0.031255,0.280390
19.120000,-3.783979,3.915443,3.216154,-0.931268,0.327245,-0.115537,0.957846,0.054606,-0.031281,0.280306
19.130000,-3.793284,3.918684,3.214998,-0.929753,0.320978,-0.115585,0.957852,0.054906,-0.031307,0.280222
19.140000,-3.802574,3.921862,3.213842,-0.928233,0.314705,-0.115634,0.957859,0.055204,-0.031333,0.280137
19.150000,-3.811848,3.924978,3.212685,-0.926711,0.308428,-0.115682,0.957866,0.055499,-0.031358,0.280052
19.160000,-3.821108,3.928031,3.211528,-0.925184,0.302145,-0.115729,0.957873,0.055792,-0.031383,0.279967
19.170000,-3.830352,3.931021,3.210371,-0.923654,0.295858,-0.115777,0.957880,0.056082,-0.031407,0.279881
19.180000,-3.839581,3.933948,3.209213,-0.922120,0.289566,-0.115824,0.957888,0.056370,-0.031431,0.279795
19.190000,-3.848794,3.936812,3.208054,-0.920582,0.283270,-0.115871,0.957895,0.056655,-0.031454,0.279709
19.200000,-3.857992,3.939613,3.206895,-0.919041,0.276968,-0.115918,0.957903,0.056938,-0.031477,0.279622
19.210000,-3.867175,3.942351,3.205736,-0.917496,0.270663,-0.115964,0.957911,0.057219,-0.031500,0.279535
19.220000,-3.876342,3.945027,3.204576,-0.915947,0.264353,-0.116010,0.957919,0.057496,-0.031522,0.279448
19.230000,-3.885494,3.947639,3.203416,-0.914395,0.258039,-0.116056,0.957928,0.057772,-0.031544,0.279360
19.240000,-3.894630,3.950187,3.202255,-0.912839,0.251720,-0.116102,0.957936,0.058045,-0.031565,0.279272
19.250000,-3.903751,3.952673,3.201094,-0.911279,0.245398,-0.116147,0.957945,0.058315,-0.031586,0.279184
19.260000,-3.912856,3.955095,3.199932,-0.909716,0.239072,-0.116192,0.957954,0.058583,-0.031607,0.279095
19.270000,-3.921945,3.957454,3.198770,-0.908149,0.232742,-0.116237,0.957963,0.058848,-0.031627,0.279006
19.280000,-3.931019,3.959750,3.197607,-0.906578,0.226408,-0.116282,0.957972,0.059110,-0.031647,0.278916
19.290000,-3.940077,3.961983,3.196444,-0.905004,0.220071,-0.116326,0.957981,0.059370,-0.031666,0.278827
19.300000,-3.949119,3.964152,3.195281,-0.903426,0.213730,-0.116370,0.957991,0.059627,-0.031685,0.278736
19.310000,-3.958145,3.966257,3.194117,-0.901844,0.207385,-0.116414,0.958001,0.059882,-0.031704,0.278646
19.320000,-3.967156,3.968299,3.192953,-0.900259,0.201038,-0.116457,0.958011,0.060134,-0.031722,0.278555
19.330000,-3.976150,3.970278,3.191788,-0.898671,0.194687,-0.116501,0.958021,0.060384,-0.031740,0.278464
19.340000,-3.985129,3.972193,3.190623,-0.897079,0.188333,-0.116544,0.958032,0.060630,-0.031758,0.278372
19.350000,-3.994092,3.974044,3.189457,-0.895483,0.181976,-0.116586,0.958042,0.060874,-0.031775,0.278280
19.360000,-4.003039,3.975832,3.188291,-0.893883,0.175616,-0.116629,0.958053,0.061116,-0.031791,0.278188
19.370000,-4.011970,3.977557,3.187124,-0.892280,0.169253,-0.116671,0.958064,0.061355,-0.031807,0.278095
19.380000,-4.020884,3.979218,3.185957,-0.890674,0.162888,-0.116713,0.958076,0.061591,-0.031823,0.278002
19.390000,-4.029783,3.980815,3.184790,-0.889064,0.156520,-0.116755,0.958087,0.061824,-0.031839,0.277908
19.400000,-4.038666,3.982348,3.183622,-0.887450,0.150149,-0.116796,0.958099,0.062055,-0.031854,0.277814
19.410000,-4.047532,3.983818,3.182454,-0.885833,0.143776,-0.116837,0.958111,0.062282,-0.031869,0.277720
19.420000,-4.056382,3.985223,3.181286,-0.884212,0.137401,-0.116878,0.958123,0.062508,-0.031883,0.277625
19.430000,-4.065216,3.986566,3.180117,-0.882587,0.131024,-0.116919,0.958136,0.062730,-0.031897,0.277530
19.440000,-4.074034,3.987844,3.178947,-0.880960,0.124644,-0.116959,0.958149,0.062949,-0.031910,0.277435
19.450000,-4.082835,3.989058,3.177777,-0.879328,0.118263,-0.117000,0.958162,0.063166,-0.031923,0.277339
19.460000,-4.091621,3.990209,3.176607,-0.877693,0.111879,-0.117039,0.958175,0.063380,-0.031936,0.277243
19.470000,-4.100389,3.991296,3.175437,-0.876055,0.105494,-0.117079,0.958188,0.063592,-0.031949,0.277147
19.480000,-4.109142,3.992319,3.174266,-0.874413,0.099107,-0.117118,0.958202,0.063800,-0.031961,0.277050
19.490000,-4.117878,3.993278,3.173094,-0.872768,0.092719,-0.117157,0.958216,0.064006,-0.031972,0.276953
19.500000,-4.126597,3.994173,3.171923,-0.871119,0.086329,-0.117196,0.958230,0.064208,-0.031983,0.276855
19.510000,-4.135300,3.995005,3.170750,-0.869466,0.079937,-0.117235,0.958245,0.064408,-0.031994,0.276757
19.520000,-4.143986,3.995772,3.169578,-0.867811,0.073545,-0.117273,0.958260,0.064605,-0.032005,0.276658
19.530000,-4.152656,3.996476,3.168405,-0.866151,0.067151,-0.117311,0.958275,0.064800,-0.032015,0.276560
19.540000,-4.161309,3.997115,3.167232,-0.864488,0.060756,-0.117349,0.958290,0.064991,-0.032024,0.276460
19.550000,-4.169946,3.997691,3.166058,-0.862822,0.054360,-0.117386,0.958306,0.065180,-0.032034,0.276361
19.560000,-4.178566,3.998202,3.164884,-0.861152,0.047963,-0.117424,0.958322,0.065365,-0.032043,0.276261
19.570000,-4.187169,3.998650,3.163709,-0.859479,0.041566,-0.117461,0.958338,0.065548,-0.032051,0.276161
19.580000,-4.195755,3.999034,3.162535,-0.857803,0.035168,-0.117497,0.958354,0.065728,-0.032059,0.276060
19.590000,-4.204325,3.999353,3.161360,-0.856123,0.028769,-0.117534,0.958371,0.065905,-0.032067,0.275959
19.600000,-4.212878,3.999609,3.160184,-0.854439,0.022370,-0.117570,0.958388,0.066079,-0.032075,0.275857
19.610000,-4.221414,3.999801,3.159008,-0.852752,0.015970,-0.117606,0.958405,0.066250,-0.032082,0.275755
19.620000,-4.229933,3.999928,3.157832,-0.851062,0.009571,-0.117641,0.958423,0.066418,-0.032088,0.275653
19.630000,-4.238435,3.999992,3.156655,-0.849368,0.003171,-0.117677,0.958441,0.066584,-0.032094,0.275550
19.640000,-4.246920,3.999992,3.155478,-0.847671,-0.003229,-0.117712,0.958459,0.066746,-0.032100,0.275447
19.650000,-4.255388,3.999928,3.154301,-0.845971,-0.009629,-0.117747,0.958477,0.066905,-0.032106,0.275344
19.660000,-4.263840,3.999799,3.153123,-0.844267,-0.016029,-0.117781,0.958496,0.067062,-0.032111,0.275240
19.670000,-4.272274,3.999607,3.151945,-0.842560,-0.022429,-0.117816,0.958515,0.067215,-0.032116,0.275135
19.680000,-4.280691,3.999351,3.150767,-0.840849,-0.028828,-0.117850,0.958534,0.067366,-0.032120,0.275031
19.690000,-4.289091,3.999030,3.149588,-0.839135,-0.035227,-0.117884,0.958554,0.067513,-0.032124,0.274925
19.700000,-4.297473,3.998646,3.148409,-0.837418,-0.041625,-0.117917,0.958574,0.067658,-0.032128,0.274820
19.710000,-4.305839,3.998198,3.147230,-0.835697,-0.048022,-0.117950,0.958594,0.067799,-0.032131,0.274714
19.720000,-4.314187,3.997686,3.146050,-0.833973,-0.054419,-0.117983,0.958615,0.067938,-0.032134,0.274608
19.730000,-4.322518,3.997110,3.144870,-0.832246,-0.060815,-0.118016,0.958636,0.068073,-0.032136,0.274501
19.740000,-4.330832,3.996469,3.143690,-0.830515,-0.067210,-0.118048,0.958657,0.068206,-0.032138,0.274394
19.750000,-4.339129,3.995765,3.142509,-0.828781,-0.073603,-0.118081,0.958678,0.068335,-0.032140,0.274286
19.760000,-4.347408,3.994997,3.141328,-0.827044,-0.079996,-0.118113,0.958700,0.068461,-0.032142,0.274179
19.770000,-4.355670,3.994165,3.140147,-0.825303,-0.086387,-0.118144,0.958722,0.068585,-0.032143,0.274070
19.780000,-4.363914,3.993270,3.138966,-0.823559,-0.092777,-0.118176,0.958745,0.068705,-0.032143,0.273961
19.790000,-4.372141,3.992310,3.137784,-0.821812,-0.099166,-0.118207,0.958768,0.068823,-0.032143,0.273852
19.800000,-4.380350,3.991286,3.136601,-0.820062,-0.105553,-0.118238,0.958791,0.068937,-0.032143,0.273743
19.810000,-4.388542,3.990199,3.135419,-0.818308,-0.111938,-0.118268,0.958814,0.069048,-0.032143,0.273633
19.820000,-4.396716,3.989048,3.134236,-0.816551,-0.118321,-0.118299,0.958838,0.069156,-0.032142,0.273522
19.830000,-4.404873,3.987832,3.133053,-0.814791,-0.124703,-0.118329,0.958862,0.069261,-0.032141,0.273412
19.840000,-4.413012,3.986554,3.131870,-0.813027,-0.131082,-0.118359,0.958886,0.069363,-0.032139,0.273300
19.850000,-4.421134,3.985211,3.130686,-0.811260,-0.137460,-0.118388,0.958911,0.069462,-0.032137,0.273189
19.860000,-4.429237,3.983804,3.129502,-0.809490,-0.143835,-0.118417,0.958936,0.069558,-0.032135,0.273077
19.870000,-4.437323,3.982334,3.128317,-0.807717,-0.150208,-0.118446,0.958961,0.069651,-0.032132,0.272965
19.880000,-4.445392,3.980800,3.127133,-0.805940,-0.156578,-0.118475,0.958987,0.069741,-0.032129,0.272852
19.890000,-4.453442,3.979203,3.125948,-0.804161,-0.162946,-0.118504,0.959013,0.069827,-0.032125,0.272738
19.900000,-4.461475,3.977541,3.124763,-0.802378,-0.169312,-0.118532,0.959039,0.069911,-0.032121,0.272625
19.910000,-4.469490,3.975816,3.123577,-0.800591,-0.175674,-0.118560,0.959066,0.069991,-0.032117,0.272511
19.920000,-4.477487,3.974028,3.122392,-0.798802,-0.182034,-0.118587,0.959093,0.070069,-0.032112,0.272396
19.930000,-4.485466,3.972176,3.121206,-0.797009,-0.188391,-0.118615,0.959120,0.070143,-0.032107,0.272281
19.940000,-4.493427,3.970260,3.120019,-0.795214,-0.194745,-0.118642,0.959148,0.070214,-0.032102,0.272166
19.950000,-4.501370,3.968281,3.118833,-0.793415,-0.201096,-0.118669,0.959176,0.070282,-0.032096,0.272050
19.960000,-4.509295,3.966238,3.117646,-0.791612,-0.207444,-0.118695,0.959205,0.070347,-0.032090,0.271934
19.970000,-4.517202,3.964132,3.116459,-0.789807,-0.213788,-0.118722,0.959233,0.070408,-0.032084,0.271818
19.980000,-4.525091,3.961962,3.115271,-0.787999,-0.220129,-0.118748,0.959262,0.070467,-0.032077,0.271701
19.990000,-4.532962,3.959729,3.114084,-0.786187,-0.226466,-0.118774,0.959292,0.070523,-0.032069,0.271584
20.000000,-4.540815,3.957433,3.112896,-0.784372,-0.232800,-0.118799,0.959321,0.070575,-0.032062,0.271466
20.010000,-4.548650,3.955073,3.111708,-0.782554,-0.239130,-0.118824,0.959351,0.070624,-0.032054,0.271348
20.020000,-4.556466,3.952650,3.110520,-0.780733,-0.245456,-0.118849,0.959382,0.070670,-0.032045,0.271229
20.030000,-4.564264,3.950164,3.109331,-0.778909,-0.251779,-0.118874,0.959413,0.070713,-0.032037,0.271110
20.040000,-4.572044,3.947615,3.108142,-0.777082,-0.258097,-0.118899,0.959444,0.070753,-0.032027,0.270991
20.050000,-4.579806,3.945002,3.106953,-0.775252,-0.264411,-0.118923,0.959475,0.070790,-0.032018,0.270871
20.060000,-4.587549,3.942327,3.105764,-0.773418,-0.270721,-0.118947,0.959507,0.070823,-0.032008,0.270750
20.070000,-4.595274,3.939588,3.104574,-0.771582,-0.277026,-0.118970,0.959539,0.070854,-0.031998,0.270630
20.080000,-4.602981,3.936786,3.103384,-0.769742,-0.283327,-0.118994,0.959572,0.070881,-0.031987,0.270509
20.090000,-4.610669,3.933921,3.102194,-0.767899,-0.289624,-0.119017,0.959604,0.070905,-0.031976,0.270387
20.100000,-4.618339,3.930994,3.101004,-0.766053,-0.295916,-0.119040,0.959638,0.070926,-0.031964,0.270265
20.110000,-4.625990,3.928003,3.099813,-0.764205,-0.302203,-0.119062,0.959671,0.070944,-0.031953,0.270143
20.120000,-4.633623,3.924950,3.098623,-0.762353,-0.308485,-0.119085,0.959705,0.070958,-0.031940,0.270020
20.130000,-4.641237,3.921833,3.097432,-0.760498,-0.314763,-0.119107,0.959739,0.070970,-0.031928,0.269897
20.140000,-4.648833,3.918654,3.096240,-0.758640,-0.321035,-0.119129,0.959774,0.070978,-0.031915,0.269774
20.150000,-4.656410,3.915413,3.095049,-0.756779,-0.327303,-0.119150,0.959809,0.070983,-0.031901,0.269650
20.160000,-4.663968,3.912108,3.093857,-0.754915,-0.333565,-0.119171,0.959844,0.070985,-0.031888,0.269525
20.170000,-4.671508,3.908741,3.092666,-0.753047,-0.339821,-0.119192,0.959880,0.070984,-0.031873,0.269400
20.180000,-4.679029,3.905312,3.091474,-0.751177,-0.346073,-0.119213,0.959915,0.070980,-0.031859,0.269275
20.190000,-4.686532,3.901820,3.090281,-0.749304,-0.352318,-0.119233,0.959952,0.070973,-0.031844,0.269149
20.200000,-4.694015,3.898266,3.089089,-0.747428,-0.358558,-0.119254,0.959988,0.070962,-0.031829,0.269023
20.210000,-4.701480,3.894649,3.087896,-0.745549,-0.364793,-0.119274,0.960025,0.070948,-0.031813,0.268897
20.220000,-4.708926,3.890970,3.086703,-0.743667,-0.371021,-0.119293,0.960063,0.070931,-0.031797,0.268770
20.230000,-4.716354,3.887228,3.085510,-0.741782,-0.377244,-0.119313,0.960100,0.070911,-0.031781,0.268643
20.240000,-4.723762,3.883425,3.084317,-0.739894,-0.383460,-0.119332,0.960138,0.070888,-0.031764,0.268515
20.250000,-4.731152,3.879559,3.083124,-0.738003,-0.389671,-0.119350,0.960177,0.070862,-0.031746,0.268387
20.260000,-4.738522,3.875632,3.081930,-0.736109,-0.395875,-0.119369,0.960215,0.070832,-0.031729,0.268258
20.270000,-4.745874,3.871642,3.080736,-0.734212,-0.402073,-0.119387,0.960254,0.070800,-0.031711,0.268129
20.280000,-4.753206,3.867590,3.079542,-0.732312,-0.408264,-0.119405,0.960294,0.070764,-0.031692,0.268000
20.290000,-4.760520,3.863477,3.078348,-0.730409,-0.414449,-0.119423,0.960333,0.070725,-0.031674,0.267870
20.300000,-4.767814,3.859301,3.077154,-0.728504,-0.420627,-0.119441,0.960373,0.070683,-0.031654,0.267740
20.310000,-4.775090,3.855064,3.075960,-0.726595,-0.426799,-0.119458,0.960414,0.070638,-0.031635,0.267610
20.320000,-4.782346,3.850765,3.074765,-0.724684,-0.432963,-0.119475,0.960454,0.070589,-0.031615,0.267479
20.330000,-4.789584,3.846405,3.073570,-0.722769,-0.439121,-0.119491,0.960496,0.070538,-0.031594,0.267347
20.340000,-4.796802,3.841983,3.072375,-0.720852,-0.445272,-0.119508,0.960537,0.070483,-0.031574,0.267215
20.350000,-4.804001,3.837499,3.071180,-0.718932,-0.451415,-0.119524,0.960579,0.070426,-0.031552,0.267083
20.360000,-4.811180,3.832954,3.069985,-0.717009,-0.457552,-0.119540,0.960621,0.070365,-0.031531,0.266951
20.370000,-4.818341,3.828348,3.068789,-0.715083,-0.463681,-0.119556,0.960663,0.070301,-0.031509,0.266818
20.380000,-4.825482,3.823681,3.067593,-0.713154,-0.469802,-0.119571,0.960706,0.070234,-0.031486,0.266684
20.390000,-4.832604,3.818952,3.066398,-0.711223,-0.475917,-0.119586,0.960749,0.070163,-0.031464,0.266550
20.400000,-4.839706,3.814163,3.065202,-0.709288,-0.482023,-0.119601,0.960792,0.070090,-0.031440,0.266416
20.410000,-4.846790,3.809312,3.064006,-0.707351,-0.488122,-0.119615,0.960836,0.070013,-0.031417,0.266281
20.420000,-4.853853,3.804400,3.062809,-0.705411,-0.494213,-0.119630,0.960880,0.069934,-0.031393,0.266146
20.430000,-4.860898,3.799428,3.061613,-0.703468,-0.500296,-0.119644,0.960924,0.069851,-0.031368,0.266011
20.440000,-4.867923,3.794394,3.060417,-0.701522,-0.506371,-0.119657,0.960969,0.069765,-0.031343,0.265875
20.450000,-4.874928,3.789300,3.059220,-0.699573,-0.512438,-0.119671,0.961014,0.069676,-0.031318,0.265739
20.460000,-4.881914,3.784146,3.058023,-0.697622,-0.518497,-0.119684,0.961059,0.069584,-0.031293,0.265602
20.470000,-4.888881,3.778930,3.056826,-0.695668,-0.524547,-0.119697,0.961105,0.069489,-0.031267,0.265465
20.480000,-4.895828,3.773655,3.055629,-0.693711,-0.530589,-0.119710,0.961151,0.069391,-0.031240,0.265327
20.490000,-4.902755,3.768319,3.054432,-0.691751,-0.536623,-0.119722,0.961197,0.069290,-0.031213,0.265189
20.500000,-4.909663,3.762922,3.053235,-0.689789,-0.542648,-0.119734,0.961243,0.069185,-0.031186,0.265051
20.510000,-4.916551,3.757466,3.052037,-0.687823,-0.548664,-0.119746,0.961290,0.069078,-0.031158,0.264913
20.520000,-4.923419,3.751949,3.050840,-0.685855,-0.554672,-0.119757,0.961337,0.068967,-0.031130,0.264773
20.530000,-4.930268,3.746372,3.049642,-0.683885,-0.560670,-0.119769,0.961385,0.068854,-0.031102,0.264634
20.540000,-4.937097,3.740736,3.048444,-0.681911,-0.566660,-0.119780,0.961433,0.068737,-0.031073,0.264494
20.550000,-4.943906,3.735039,3.047247,-0.679935,-0.572641,-0.119791,0.961481,0.068617,-0.031043,0.264354
20.560000,-4.950696,3.729283,3.046049,-0.677956,-0.578612,-0.119801,0.961529,0.068494,-0.031013,0.264213
20.570000,-4.957465,3.723467,3.044851,-0.675975,-0.584574,-0.119811,0.961578,0.068369,-0.030983,0.264072
20.580000,-4.964215,3.717591,3.043652,-0.673990,-0.590527,-0.119821,0.961627,0.068240,-0.030953,0.263931
20.590000,-4.970945,3.711656,3.042454,-0.672003,-0.596471,-0.119831,0.961676,0.068108,-0.030922,0.263789
20.600000,-4.977655,3.705662,3.041256,-0.670013,-0.602404,-0.119840,0.961726,0.067973,-0.030890,0.263647
20.610000,-4.984345,3.699608,3.040057,-0.668021,-0.608329,-0.119849,0.961775,0.067835,-0.030858,0.263504
20.620000,-4.991015,3.693495,3.038859,-0.666026,-0.614243,-0.119858,0.961826,0.067694,-0.030826,0.263361
20.630000,-4.997666,3.687323,3.037660,-0.664028,-0.620148,-0.119867,0.961876,0.067550,-0.030793,0.263218
20.640000,-5.004296,3.681093,3.036461,-0.662028,-0.626043,-0.119875,0.961927,0.067403,-0.030760,0.263074
20.650000,-5.010906,3.674803,3.035263,-0.660025,-0.631927,-0.119883,0.961978,0.067253,-0.030726,0.262930
20.660000,-5.017496,3.668454,3.034064,-0.658019,-0.637802,-0.119891,0.962029,0.067100,-0.030692,0.262785
20.670000,-5.024067,3.662047,3.032865,-0.656011,-0.643666,-0.119899,0.962080,0.066944,-0.030658,0.262640
20.680000,-5.030617,3.655581,3.031666,-0.654000,-0.649520,-0.119906,0.962132,0.066785,-0.030623,0.262495
20.690000,-5.037147,3.649056,3.030467,-0.651986,-0.655364,-0.119913,0.962184,0.066623,-0.030588,0.262349
20.700000,-5.043656,3.642473,3.029268,-0.649970,-0.661197,-0.119920,0.962237,0.066458,-0.030552,0.262203
20.710000,-5.050146,3.635832,3.028068,-0.647951,-0.667020,-0.119926,0.962289,0.066291,-0.030515,0.262056
20.720000,-5.056615,3.629133,3.026869,-0.645930,-0.672832,-0.119932,0.962342,0.066120,-0.030479,0.261910
20.730000,-5.063065,3.622376,3.025670,-0.643906,-0.678633,-0.119938,0.962395,0.065946,-0.030442,0.261762
20.740000,-5.069494,3.615560,3.024470,-0.641880,-0.684424,-0.119944,0.962449,0.065770,-0.030404,0.261615
20.750000,-5.075902,3.608687,3.023271,-0.639851,-0.690203,-0.119949,0.962502,0.065590,-0.030366,0.261467
20.760000,-5.082291,3.601756,3.022071,-0.637819,-0.695971,-0.119954,0.962556,0.065407,-0.030328,0.261318
20.770000,-5.088659,3.594768,3.020872,-0.635785,-0.701729,-0.119959,0.962611,0.065222,-0.030289,0.261170
20.780000,-5.095006,3.587722,3.019672,-0.633748,-0.707475,-0.119964,0.962665,0.065034,-0.030250,0.261021
20.790000,-5.101334,3.580618,3.018472,-0.631709,-0.713209,-0.119968,0.962720,0.064843,-0.030210,0.260871
20.800000,-5.107640,3.573458,3.017273,-0.629667,-0.718932,-0.119972,0.962775,0.064648,-0.030170,0.260721
20.810000,-5.113927,3.566240,3.016073,-0.627623,-0.724644,-0.119976,0.962830,0.064452,-0.030129,0.260571
20.820000,-5.120193,3.558965,3.014873,-0.625576,-0.730344,-0.119979,0.962885,0.064252,-0.030088,0.260421
20.830000,-5.126438,3.551633,3.013673,-0.623526,-0.736033,-0.119982,0.962941,0.064049,-0.030046,0.260270
20.840000,-5.132663,3.544244,3.012474,-0.621475,-0.741710,-0.119985,0.962996,0.063844,-0.030004,0.260118
20.850000,-5.138868,3.536799,3.011274,-0.619420,-0.747374,-0.119988,0.963053,0.063635,-0.029962,0.259967
20.860000,-5.145052,3.529297,3.010074,-0.617364,-0.753027,-0.119990,0.963109,0.063424,-0.029919,0.259815
20.870000,-5.151215,3.521738,3.008874,-0.615304,-0.758668,-0.119993,0.963165,0.063210,-0.029875,0.259662
20.880000,-5.157358,3.514124,3.007674,-0.613243,-0.764297,-0.119994,0.963222,0.062993,-0.029831,0.259509
20.890000,-5.163480,3.506452,3.006474,-0.611178,-0.769913,-0.119996,0.963279,0.062774,-0.029787,0.259356
20.900000,-5.169581,3.498725,3.005274,-0.609112,-0.775517,-0.119997,0.963336,0.062551,-0.029742,0.259203
20.910000,-5.175662,3.490942,3.004074,-0.607043,-0.781109,-0.119998,0.963394,0.062326,-0.029697,0.259049
20.920000,-5.181722,3.483103,3.002874,-0.604971,-0.786688,-0.119999,0.963451,0.062098,-0.029651,0.258895
20.930000,-5.187762,3.475208,3.001674,-0.602897,-0.792255,-0.120000,0.963509,0.061867,-0.029605,0.258740
20.940000,-5.193780,3.467258,3.000474,-0.600821,-0.797809,-0.120000,0.963567,0.061634,-0.029558,0.258586
20.950000,-5.199778,3.459252,2.999274,-0.598742,-0.803350,-0.120000,0.963625,0.061398,-0.029511,0.258430
20.960000,-5.205755,3.451191,2.998074,-0.596661,-0.808879,-0.120000,0.963683,0.061159,-0.029464,0.258275
20.970000,-5.211711,3.443075,2.996874,-0.594578,-0.814394,-0.119999,0.963742,0.060917,-0.029416,0.258119
20.980000,-5.217647,3.434903,2.995674,-0.592492,-0.819897,-0.119998,0.963801,0.060673,-0.029367,0.257963
20.990000,-5.223561,3.426677,2.994474,-0.590404,-0.825386,-0.119997,0.963860,0.060426,-0.029318,0.257806
21.000000,-5.229455,3.418396,2.993274,-0.588313,-0.830862,-0.119996,0.963919,0.060176,-0.029268,0.257649
21.010000,-5.235327,3.410060,2.992074,-0.586220,-0.836325,-0.119994,0.963978,0.059924,-0.029218,0.257492
21.020000,-5.241179,3.401669,2.990874,-0.584125,-0.841774,-0.119992,0.964037,0.059669,-0.029168,0.257334
21.030000,-5.247010,3.393224,2.989674,-0.582027,-0.847210,-0.119990,0.964097,0.059411,-0.029117,0.257176
21.040000,-5.252820,3.384725,2.988475,-0.579927,-0.852632,-0.119988,0.964157,0.059150,-0.029066,0.257018
21.050000,-5.258608,3.376172,2.987275,-0.577825,-0.858041,-0.119985,0.964217,0.058887,-0.029014,0.256859
21.060000,-5.264376,3.367564,2.986075,-0.575720,-0.863436,-0.119982,0.964277,0.058622,-0.028961,0.256700
21.070000,-5.270123,3.358903,2.984875,-0.573613,-0.868817,-0.119979,0.964337,0.058354,-0.028908,0.256541
21.080000,-5.275848,3.350188,2.983675,-0.571504,-0.874184,-0.119975,0.964397,0.058083,-0.028855,0.256381
21.090000,-5.281553,3.341419,2.982476,-0.569393,-0.879538,-0.119971,0.964458,0.057810,-0.028801,0.256221
21.100000,-5.287236,3.332597,2.981276,-0.567279,-0.884877,-0.119967,0.964519,0.057534,-0.028747,0.256061
21.110000,-5.292898,3.323722,2.980076,-0.565163,-0.890202,-0.119963,0.964579,0.057255,-0.028692,0.255901
21.120000,-5.298539,3.314793,2.978877,-0.563045,-0.895513,-0.119958,0.964640,0.056974,-0.028637,0.255740
21.130000,-5.304159,3.305812,2.977677,-0.560924,-0.900809,-0.119953,0.964702,0.056691,-0.028581,0.255578
21.140000,-5.309758,3.296777,2.976478,-0.558801,-0.906091,-0.119948,0.964763,0.056405,-0.028524,0.255417
21.150000,-5.315335,3.287690,2.975278,-0.556676,-0.911359,-0.119943,0.964824,0.056116,-0.028468,0.255255
21.160000,-5.320891,3.278550,2.974079,-0.554549,-0.916612,-0.119937,0.964886,0.055825,-0.028410,0.255093
21.170000,-5.326426,3.269358,2.972879,-0.552420,-0.921850,-0.119931,0.964947,0.055532,-0.028352,0.254930
21.180000,-5.331940,3.260113,2.971680,-0.550288,-0.927074,-0.119925,0.965009,0.055236,-0.028294,0.254767
21.190000,-5.337432,3.250816,2.970481,-0.548154,-0.932283,-0.119918,0.965071,0.054937,-0.028235,0.254604
21.200000,-5.342903,3.241467,2.969282,-0.546018,-0.937477,-0.119912,0.965133,0.054636,-0.028176,0.254441
21.210000,-5.348352,3.232067,2.968083,-0.543880,-0.942655,-0.119904,0.965195,0.054333,-0.028116,0.254277
21.220000,-5.353780,3.222614,2.966884,-0.541739,-0.947819,-0.119897,0.965257,0.054027,-0.028055,0.254113
21.230000,-5.359187,3.213110,2.965685,-0.539597,-0.952968,-0.119890,0.965319,0.053719,-0.027995,0.253949
21.240000,-5.364572,3.203555,2.964486,-0.537452,-0.958101,-0.119882,0.965381,0.053409,-0.027933,0.253784
21.250000,-5.369936,3.193948,2.963287,-0.535305,-0.963219,-0.119874,0.965444,0.053096,-0.027871,0.253619
21.260000,-5.375278,3.184291,2.962088,-0.533156,-0.968322,-0.119865,0.965506,0.052781,-0.027809,0.253454
21.270000,-5.380599,3.174582,2.960890,-0.531005,-0.973409,-0.119857,0.965569,0.052463,-0.027746,0.253288
21.280000,-5.385899,3.164823,2.959691,-0.528851,-0.978480,-0.119848,0.965631,0.052144,-0.027682,0.253122
21.290000,-5.391176,3.155013,2.958493,-0.526696,-0.983536,-0.119838,0.965694,0.051822,-0.027618,0.252956
21.300000,-5.396432,3.145152,2.957294,-0.524539,-0.988576,-0.119829,0.965757,0.051497,-0.027554,0.252790
21.310000,-5.401667,3.135241,2.956096,-0.522379,-0.993601,-0.119819,0.965820,0.051170,-0.027489,0.252623
21.320000,-5.406880,3.125280,2.954898,-0.520217,-0.998609,-0.119809,0.965883,0.050841,-0.027423,0.252456
21.330000,-5.412071,3.115269,2.953700,-0.518053,-1.003601,-0.119799,0.965946,0.050510,-0.027357,0.252289
21.340000,-5.417241,3.105208,2.952502,-0.515888,-1.008578,-0.119788,0.966009,0.050177,-0.027291,0.252121
21.350000,-5.422389,3.095097,2.951304,-0.513720,-1.013538,-0.119777,0.966072,0.049841,-0.027223,0.251953
21.360000,-5.427515,3.084937,2.950107,-0.511550,-1.018482,-0.119766,0.966135,0.049503,-0.027156,0.251785
21.370000,-5.432620,3.074728,2.948909,-0.509378,-1.023410,-0.119755,0.966198,0.049163,-0.027088,0.251617
21.380000,-5.437703,3.064469,2.947711,-0.507204,-1.028321,-0.119743,0.966261,0.048821,-0.027019,0.251448
21.390000,-5.442764,3.054161,2.946514,-0.505027,-1.033216,-0.119732,0.966324,0.048477,-0.026950,0.251279
21.400000,-5.447804,3.043805,2.945317,-0.502849,-1.038095,-0.119719,0.966388,0.048130,-0.026880,0.251110
21.410000,-5.452821,3.033400,2.944120,-0.500669,-1.042956,-0.119707,0.966451,0.047782,-0.026809,0.250940
21.420000,-5.457817,3.022946,2.942923,-0.498487,-1.047801,-0.119694,0.966514,0.047431,-0.026739,0.250770
21.430000,-5.462791,3.012444,2.941726,-0.496303,-1.052630,-0.119681,0.966577,0.047078,-0.026667,0.250600
21.440000,-5.467743,3.001893,2.940529,-0.494117,-1.057441,-0.119668,0.966641,0.046724,-0.026595,0.250430
21.450000,-5.472673,2.991295,2.939332,-0.491929,-1.062236,-0.119654,0.966704,0.046367,-0.026523,0.250259
21.460000,-5.477582,2.980649,2.938136,-0.489739,-1.067013,-0.119641,0.966768,0.046008,-0.026450,0.250089
21.470000,-5.482468,2.969955,2.936940,-0.487547,-1.071774,-0.119627,0.966831,0.045647,-0.026376,0.249917
21.480000,-5.487332,2.959213,2.935743,-0.485353,-1.076517,-0.119612,0.966894,0.045284,-0.026302,0.249746
21.490000,-5.492175,2.948424,2.934547,-0.483157,-1.081243,-0.119598,0.966958,0.044919,-0.026227,0.249574
21.500000,-5.496996,2.937588,2.933351,-0.480959,-1.085952,-0.119583,0.967021,0.044552,-0.026152,0.249403
21.510000,-5.501794,2.926705,2.932156,-0.478759,-1.090644,-0.119568,0.967084,0.044183,-0.026076,0.249230
21.520000,-5.506571,2.915776,2.930960,-0.476558,-1.095318,-0.119552,0.967148,0.043812,-0.026000,0.249058
21.530000,-5.511325,2.904799,2.929765,-0.474354,-1.099974,-0.119537,0.967211,0.043439,-0.025923,0.248885
21.540000,-5.516058,2.893776,2.928569,-0.472149,-1.104613,-0.119521,0.967274,0.043065,-0.025846,0.248712
21.550000,-5.520768,2.882707,2.927374,-0.469941,-1.109234,-0.119504,0.967338,0.042688,-0.025768,0.248539
21.560000,-5.525457,2.871592,2.926179,-0.467732,-1.113837,-0.119488,0.967401,0.042310,-0.025689,0.248366
21.570000,-5.530123,2.860430,2.924984,-0.465521,-1.118423,-0.119471,0.967464,0.041930,-0.025610,0.248192
21.580000,-5.534767,2.849223,2.923790,-0.463308,-1.122991,-0.119454,0.967527,0.041547,-0.025531,0.248018
21.590000,-5.539389,2.837970,2.922595,-0.461093,-1.127541,-0.119437,0.967590,0.041164,-0.025450,0.247844
21.600000,-5.543989,2.826672,2.921401,-0.458876,-1.132072,-0.119419,0.967653,0.040778,-0.025370,0.247670
21.610000,-5.548567,2.815329,2.920207,-0.456658,-1.136586,-0.119402,0.967716,0.040390,-0.025288,0.247495
21.620000,-5.553122,2.803941,2.919013,-0.454437,-1.141081,-0.119384,0.967779,0.040001,-0.025206,0.247321
21.630000,-5.557655,2.792508,2.917819,-0.452215,-1.145559,-0.119365,0.967842,0.039610,-0.025124,0.247146
21.640000,-5.562166,2.781030,2.916626,-0.449991,-1.150017,-0.119347,0.967905,0.039217,-0.025041,0.246970
21.650000,-5.566655,2.769507,2.915432,-0.447766,-1.154458,-0.119328,0.967968,0.038823,-0.024957,0.246795
21.660000,-5.571122,2.757941,2.914239,-0.445538,-1.158880,-0.119308,0.968031,0.038427,-0.024873,0.246619
21.670000,-5.575566,2.746330,2.913046,-0.443309,-1.163283,-0.119289,0.968093,0.038029,-0.024789,0.246443
21.680000,-5.579988,2.734675,2.911853,-0.441078,-1.167668,-0.119269,0.968156,0.037630,-0.024703,0.246267
21.690000,-5.584387,2.722976,2.910661,-0.438845,-1.172034,-0.119249,0.968219,0.037229,-0.024618,0.246091
21.700000,-5.588765,2.711234,2.909468,-0.436610,-1.176381,-0.119229,0.968281,0.036826,-0.024531,0.245914
21.710000,-5.593120,2.699449,2.908276,-0.434374,-1.180710,-0.119209,0.968343,0.036422,-0.024444,0.245737
21.720000,-5.597452,2.687620,2.907084,-0.432136,-1.185020,-0.119188,0.968406,0.036016,-0.024357,0.245560
21.730000,-5.601762,2.675748,2.905893,-0.429896,-1.189310,-0.119167,0.968468,0.035608,-0.024268,0.245383
21.740000,-5.606050,2.663834,2.904701,-0.427654,-1.193582,-0.119146,0.968530,0.035199,-0.024180,0.245206
21.750000,-5.610315,2.651877,2.903510,-0.425411,-1.197835,-0.119124,0.968592,0.034789,-0.024090,0.245028
21.760000,-5.614558,2.639877,2.902318,-0.423166,-1.202068,-0.119102,0.968654,0.034377,-0.024001,0.244850
21.770000,-5.618779,2.627836,2.901128,-0.420919,-1.206282,-0.119080,0.968716,0.033963,-0.023910,0.244672
21.780000,-5.622977,2.615752,2.899937,-0.418671,-1.210477,-0.119058,0.968778,0.033548,-0.023819,0.244494
21.790000,-5.627152,2.603626,2.898746,-0.416421,-1.214653,-0.119035,0.968839,0.033132,-0.023728,0.244316
21.800000,-5.631305,2.591459,2.897556,-0.414169,-1.218809,-0.119012,0.968901,0.032714,-0.023635,0.244137
21.810000,-5.635436,2.579250,2.896366,-0.411916,-1.222945,-0.118989,0.968962,0.032295,-0.023543,0.243958
21.820000,-5.639543,2.567000,2.895176,-0.409661,-1.227062,-0.118965,0.969023,0.031874,-0.023449,0.243779
21.830000,-5.643629,2.554709,2.893987,-0.407404,-1.231160,-0.118942,0.969084,0.031452,-0.023356,0.243600
21.840000,-5.647692,2.542377,2.892798,-0.405146,-1.235237,-0.118918,0.969145,0.031029,-0.023261,0.243420
21.850000,-5.651732,2.530004,2.891609,-0.402886,-1.239295,-0.118893,0.969206,0.030604,-0.023166,0.243241
21.860000,-5.655749,2.517591,2.890420,-0.400625,-1.243333,-0.118869,0.969267,0.030179,-0.023070,0.243061
21.870000,-5.659744,2.505138,2.889231,-0.398361,-1.247351,-0.118844,0.969328,0.029751,-0.022974,0.242881
21.880000,-5.663716,2.492644,2.888043,-0.396097,-1.251350,-0.118819,0.969388,0.029323,-0.022877,0.242701
21.890000,-5.667666,2.480111,2.886855,-0.393830,-1.255328,-0.118794,0.969448,0.028893,-0.022780,0.242520
21.900000,-5.671593,2.467538,2.885667,-0.391563,-1.259286,-0.118768,0.969509,0.028462,-0.022682,0.242340
21.910000,-5.675497,2.454925,2.884479,-0.389293,-1.263224,-0.118742,0.969569,0.028030,-0.022583,0.242159
21.920000,-5.679379,2.442273,2.883292,-0.387022,-1.267142,-0.118716,0.969628,0.027597,-0.022484,0.241978
21.930000,-5.683238,2.429582,2.882105,-0.384750,-1.271039,-0.118690,0.969688,0.027162,-0.022384,0.241797
21.940000,-5.687074,2.416852,2.880918,-0.382476,-1.274916,-0.118663,0.969748,0.026726,-0.022284,0.241616
21.950000,-5.690887,2.404084,2.879732,-0.380200,-1.278773,-0.118636,0.969807,0.026289,-0.022183,0.241435
21.960000,-5.694678,2.391277,2.878546,-0.377923,-1.282609,-0.118609,0.969867,0.025852,-0.022082,0.241253
21.970000,-5.698446,2.378432,2.877360,-0.375644,-1.286425,-0.118582,0.969926,0.025413,-0.021979,0.241071
21.980000,-5.702191,2.365549,2.876174,-0.373364,-1.290220,-0.118554,0.969985,0.024972,-0.021877,0.240889
21.990000,-5.705913,2.352628,2.874989,-0.371083,-1.293995,-0.118526,0.970043,0.024531,-0.021773,0.240707
22.000000,-5.709612,2.339669,2.873803,-0.368799,-1.297749,-0.118498,0.970102,0.024089,-0.021670,0.240525
22.010000,-5.713289,2.326673,2.872619,-0.366515,-1.301482,-0.118469,0.970160,0.023646,-0.021565,0.240343
22.020000,-5.716943,2.313639,2.871434,-0.364229,-1.305194,-0.118440,0.970219,0.023202,-0.021460,0.240160
22.030000,-5.720574,2.300569,2.870250,-0.361941,-1.308886,-0.118411,0.970277,0.022757,-0.021354,0.239978
22.040000,-5.724182,2.287462,2.869066,-0.359652,-1.312556,-0.118382,0.970335,0.022311,-0.021248,0.239795
22.050000,-5.727767,2.274318,2.867882,-0.357362,-1.316205,-0.118352,0.970392,0.021864,-0.021141,0.239612
22.060000,-5.731329,2.261138,2.866699,-0.355070,-1.319834,-0.118322,0.970450,0.021416,-0.021034,0.239428
22.070000,-5.734868,2.247921,2.865516,-0.352777,-1.323441,-0.118292,0.970507,0.020967,-0.020926,0.239245
22.080000,-5.738384,2.234669,2.864333,-0.350482,-1.327027,-0.118262,0.970564,0.020518,-0.020817,0.239062
22.090000,-5.741878,2.221381,2.863150,-0.348186,-1.330592,-0.118231,0.970621,0.020067,-0.020708,0.238878
22.100000,-5.745348,2.208057,2.861968,-0.345889,-1.334135,-0.118200,0.970678,0.019616,-0.020598,0.238694
22.110000,-5.748795,2.194698,2.860786,-0.343590,-1.337658,-0.118169,0.970735,0.019164,-0.020488,0.238510
22.120000,-5.752220,2.181304,2.859605,-0.341290,-1.341158,-0.118138,0.970791,0.018711,-0.020377,0.238326
22.130000,-5.755621,2.167875,2.858424,-0.338988,-1.344638,-0.118106,0.970847,0.018258,-0.020265,0.238142
22.140000,-5.759000,2.154411,2.857243,-0.336685,-1.348096,-0.118074,0.970903,0.017803,-0.020153,0.237958
22.150000,-5.762355,2.140913,2.856062,-0.334381,-1.351532,-0.118042,0.970959,0.017349,-0.020040,0.237773
22.160000,-5.765687,2.127381,2.854882,-0.332075,-1.354947,-0.118009,0.971014,0.016893,-0.019927,0.237589
22.170000,-5.768996,2.113814,2.853702,-0.329768,-1.358340,-0.117976,0.971070,0.016437,-0.019813,0.237404
22.180000,-5.772283,2.100214,2.852522,-0.327460,-1.361711,-0.117943,0.971125,0.015980,-0.019698,0.237219
22.190000,-5.775546,2.086580,2.851343,-0.325151,-1.365060,-0.117910,0.971180,0.015522,-0.019583,0.237034
22.200000,-5.778786,2.072913,2.850164,-0.322840,-1.368388,-0.117876,0.971235,0.015064,-0.019467,0.236849
22.210000,-5.782002,2.059212,2.848986,-0.320528,-1.371694,-0.117843,0.971289,0.014605,-0.019351,0.236664
22.220000,-5.785196,2.045479,2.847807,-0.318214,-1.374977,-0.117808,0.971343,0.014146,-0.019234,0.236478
22.230000,-5.788367,2.031713,2.846630,-0.315899,-1.378239,-0.117774,0.971397,0.013686,-0.019116,0.236293
22.240000,-5.791514,2.017914,2.845452,-0.313583,-1.381479,-0.117739,0.971451,0.013225,-0.018998,0.236107
22.250000,-5.794638,2.004083,2.844275,-0.311266,-1.384696,-0.117705,0.971505,0.012764,-0.018879,0.235921
22.260000,-5.797739,1.990220,2.843098,-0.308948,-1.387892,-0.117669,0.971558,0.012303,-0.018760,0.235736
22.270000,-5.800817,1.976326,2.841921,-0.306628,-1.391065,-0.117634,0.971611,0.011841,-0.018640,0.235550
22.280000,-5.803872,1.962399,2.840745,-0.304307,-1.394216,-0.117598,0.971664,0.011379,-0.018519,0.235363
22.290000,-5.806903,1.948441,2.839569,-0.301985,-1.397345,-0.117562,0.971717,0.010916,-0.018398,0.235177
22.300000,-5.809912,1.934452,2.838394,-0.299662,-1.400451,-0.117526,0.971770,0.010453,-0.018276,0.234991
22.310000,-5.812897,1.920432,2.837219,-0.297337,-1.403535,-0.117490,0.971822,0.009990,-0.018154,0.234804
22.320000,-5.815858,1.906382,2.836044,-0.295011,-1.406596,-0.117453,0.971874,0.009526,-0.018031,0.234618
22.330000,-5.818797,1.892301,2.834870,-0.292684,-1.409635,-0.117416,0.971926,0.009062,-0.017907,0.234431
22.340000,-5.821712,1.878189,2.833696,-0.290356,-1.412652,-0.117379,0.971977,0.008598,-0.017783,0.234244
22.350000,-5.824604,1.864048,2.832522,-0.288027,-1.415646,-0.117341,0.972028,0.008133,-0.017658,0.234057
22.360000,-5.827473,1.849876,2.831349,-0.285697,-1.418617,-0.117303,0.972079,0.007668,-0.017533,0.233870
22.370000,-5.830318,1.835675,2.830176,-0.283365,-1.421565,-0.117265,0.972130,0.007203,-0.017407,0.233683
22.380000,-5.833140,1.821445,2.829004,-0.281032,-1.424491,-0.117227,0.972181,0.006738,-0.017281,0.233496
22.390000,-5.835939,1.807186,2.827832,-0.278698,-1.427394,-0.117188,0.972231,0.006272,-0.017154,0.233309
22.400000,-5.838714,1.792897,2.826660,-0.276364,-1.430274,-0.117149,0.972281,0.005807,-0.017026,0.233121
22.410000,-5.841466,1.778580,2.825489,-0.274027,-1.433131,-0.117110,0.972331,0.005341,-0.016898,0.232934
22.420000,-5.844194,1.764235,2.824318,-0.271690,-1.435965,-0.117071,0.972381,0.004875,-0.016769,0.232746
22.430000,-5.846900,1.749861,2.823147,-0.269352,-1.438776,-0.117031,0.972430,0.004409,-0.016639,0.232558
22.440000,-5.849581,1.735459,2.821977,-0.267013,-1.441565,-0.116991,0.972479,0.003943,-0.016509,0.232370
22.450000,-5.852240,1.721030,2.820807,-0.264672,-1.444330,-0.116951,0.972528,0.003476,-0.016379,0.232182
22.460000,-5.854875,1.706573,2.819638,-0.262331,-1.447072,-0.116911,0.972577,0.003010,-0.016247,0.231994
22.470000,-5.857487,1.692088,2.818469,-0.259989,-1.449791,-0.116870,0.972625,0.002544,-0.016116,0.231806
22.480000,-5.860075,1.677577,2.817301,-0.257645,-1.452487,-0.116829,0.972673,0.002078,-0.015983,0.231618
22.490000,-5.862639,1.663039,2.816133,-0.255301,-1.455159,-0.116788,0.972721,0.001611,-0.015850,0.231430
22.500000,-5.865181,1.648474,2.814965,-0.252955,-1.457808,-0.116746,0.972769,0.001145,-0.015717,0.231241
22.510000,-5.867699,1.633883,2.813798,-0.250608,-1.460434,-0.116704,0.972816,0.000679,-0.015582,0.231053
22.520000,-5.870193,1.619265,2.812631,-0.248261,-1.463037,-0.116662,0.972863,0.000213,-0.015448,0.230864
22.530000,-5.872664,1.604622,2.811464,-0.245912,-1.465616,-0.116620,0.972910,-0.000253,-0.015312,0.230675
22.540000,-5.875111,1.589953,2.810298,-0.243563,-1.468172,-0.116577,0.972957,-0.000718,-0.015176,0.230487
22.550000,-5.877535,1.575259,2.809133,-0.241212,-1.470704,-0.116535,0.973003,-0.001184,-0.015040,0.230298
22.560000,-5.879935,1.560539,2.807968,-0.238861,-1.473212,-0.116492,0.973049,-0.001649,-0.014903,0.230109
22.570000,-5.882312,1.545795,2.806803,-0.236508,-1.475697,-0.116448,0.973095,-0.002115,-0.014765,0.229920
22.580000,-5.884666,1.531025,2.805639,-0.234155,-1.478159,-0.116405,0.973141,-0.002579,-0.014627,0.229730
22.590000,-5.886995,1.516231,2.804475,-0.231800,-1.480597,-0.116361,0.973186,-0.003044,-0.014488,0.229541
22.600000,-5.889302,1.501413,2.803312,-0.229445,-1.483011,-0.116317,0.973231,-0.003509,-0.014349,0.229352
22.610000,-5.891584,1.486571,2.802149,-0.227089,-1.485401,-0.116272,0.973276,-0.003973,-0.014209,0.229163
22.620000,-5.893843,1.471705,2.800986,-0.224732,-1.487768,-0.116228,0.973321,-0.004437,-0.014068,0.228973
22.630000,-5.896079,1.456816,2.799824,-0.222374,-1.490111,-0.116183,0.973365,-0.004900,-0.013927,0.228783
22.640000,-5.898291,1.441903,2.798662,-0.220015,-1.492430,-0.116138,0.973410,-0.005363,-0.013786,0.228594
22.650000,-5.900479,1.426967,2.797501,-0.217655,-1.494725,-0.116092,0.973453,-0.005826,-0.013643,0.228404
22.660000,-5.902644,1.412009,2.796341,-0.215295,-1.496996,-0.116046,0.973497,-0.006288,-0.013501,0.228214
22.670000,-5.904785,1.397028,2.795180,-0.212933,-1.499243,-0.116000,0.973540,-0.006750,-0.013357,0.228024
22.680000,-5.906903,1.382024,2.794021,-0.210571,-1.501466,-0.115954,0.973584,-0.007212,-0.013213,0.227834
22.690000,-5.908996,1.366998,2.792861,-0.208208,-1.503666,-0.115908,0.973626,-0.007673,-0.013069,0.227644
22.700000,-5.911067,1.351951,2.791702,-0.205844,-1.505841,-0.115861,0.973669,-0.008133,-0.012924,0.227454
22.710000,-5.913113,1.336882,2.790544,-0.203479,-1.507992,-0.115814,0.973711,-0.008593,-0.012778,0.227264
22.720000,-5.915136,1.321791,2.789386,-0.201113,-1.510119,-0.115767,0.973754,-0.009053,-0.012632,0.227074
22.730000,-5.917136,1.306679,2.788229,-0.198747,-1.512222,-0.115719,0.973795,-0.009512,-0.012485,0.226883
22.740000,-5.919111,1.291547,2.787072,-0.196379,-1.514300,-0.115671,0.973837,-0.009970,-0.012338,0.226693
22.750000,-5.921063,1.276393,2.785915,-0.194011,-1.516355,-0.115623,0.973878,-0.010428,-0.012190,0.226503
22.760000,-5.922991,1.261220,2.784759,-0.191643,-1.518385,-0.115575,0.973920,-0.010885,-0.012042,0.226312
22.770000,-5.924896,1.246026,2.783604,-0.189273,-1.520390,-0.115527,0.973961,-0.011341,-0.011893,0.226121
22.780000,-5.926777,1.230812,2.782449,-0.186903,-1.522372,-0.115478,0.974001,-0.011797,-0.011743,0.225931
22.790000,-5.928634,1.215578,2.781294,-0.184532,-1.524329,-0.115429,0.974042,-0.012252,-0.011593,0.225740
22.800000,-5.930468,1.200326,2.780140,-0.182160,-1.526262,-0.115379,0.974082,-0.012707,-0.011442,0.225549
22.810000,-5.932277,1.185053,2.778987,-0.179787,-1.528170,-0.115330,0.974122,-0.013161,-0.011291,0.225358
22.820000,-5.934063,1.169762,2.777834,-0.177414,-1.530054,-0.115280,0.974161,-0.013614,-0.011140,0.225167
22.830000,-5.935826,1.154452,2.776681,-0.175040,-1.531913,-0.115230,0.974201,-0.014066,-0.010987,0.224976
22.840000,-5.937564,1.139124,2.775529,-0.172665,-1.533748,-0.115179,0.974240,-0.014517,-0.010835,0.224785
22.850000,-5.939279,1.123777,2.774378,-0.170290,-1.535558,-0.115129,0.974279,-0.014968,-0.010681,0.224594
22.860000,-5.940970,1.108413,2.773227,-0.167914,-1.537344,-0.115078,0.974318,-0.015418,-0.010527,0.224402
22.870000,-5.942637,1.093031,2.772076,-0.165537,-1.539105,-0.115027,0.974356,-0.015867,-0.010373,0.224211
22.880000,-5.944281,1.077631,2.770926,-0.163160,-1.540842,-0.114975,0.974395,-0.016315,-0.010218,0.224019
22.890000,-5.945900,1.062214,2.769776,-0.160782,-1.542554,-0.114924,0.974433,-0.016762,-0.010063,0.223828
22.900000,-5.947496,1.046780,2.768627,-0.158403,-1.544241,-0.114872,0.974470,-0.017208,-0.009907,0.223636
22.910000,-5.949068,1.031329,2.767479,-0.156024,-1.545903,-0.114819,0.974508,-0.017653,-0.009750,0.223445
22.920000,-5.950617,1.015862,2.766331,-0.153644,-1.547541,-0.114767,0.974545,-0.018098,-0.009593,0.223253
22.930000,-5.952141,1.000378,2.765184,-0.151263,-1.549154,-0.114714,0.974582,-0.018541,-0.009435,0.223061
22.940000,-5.953642,0.984879,2.764037,-0.148882,-1.550742,-0.114661,0.974619,-0.018983,-0.009277,0.222869
22.950000,-5.955119,0.969364,2.762890,-0.146500,-1.552306,-0.114608,0.974656,-0.019425,-0.009119,0.222677
22.960000,-5.956572,0.953833,2.761745,-0.144118,-1.553844,-0.114555,0.974692,-0.019865,-0.008960,0.222485
22.970000,-5.958001,0.938287,2.760599,-0.141735,-1.555358,-0.114501,0.974729,-0.020304,-0.008800,0.222293
22.980000,-5.959407,0.922726,2.759455,-0.139352,-1.556847,-0.114447,0.974765,-0.020742,-0.008640,0.222101
22.990000,-5.960788,0.907150,2.758310,-0.136968,-1.558311,-0.114393,0.974800,-0.021180,-0.008479,0.221909
23.000000,-5.962146,0.891560,2.757167,-0.134583,-1.559750,-0.114338,0.974836,-0.021615,-0.008318,0.221717
23.010000,-5.963480,0.875955,2.756024,-0.132198,-1.561164,-0.114283,0.974871,-0.022050,-0.008156,0.221524
23.020000,-5.964790,0.860336,2.754881,-0.129812,-1.562553,-0.114228,0.974907,-0.022484,-0.007994,0.221332
23.030000,-5.966076,0.844704,2.753739,-0.127426,-1.563917,-0.114173,0.974941,-0.022916,-0.007831,0.221139
23.040000,-5.967338,0.829058,2.752598,-0.125039,-1.565256,-0.114118,0.974976,-0.023348,-0.007668,0.220947
23.050000,-5.968577,0.813399,2.751457,-0.122652,-1.566570,-0.114062,0.975011,-0.023778,-0.007504,0.220754
23.060000,-5.969792,0.797727,2.750316,-0.120265,-1.567859,-0.114006,0.975045,-0.024206,-0.007340,0.220561
23.070000,-5.970982,0.782042,2.749177,-0.117876,-1.569123,-0.113949,0.975079,-0.024634,-0.007176,0.220369
23.080000,-5.972149,0.766345,2.748037,-0.115488,-1.570361,-0.113893,0.975113,-0.025060,-0.007010,0.220176
23.090000,-5.973292,0.750635,2.746899,-0.113099,-1.571575,-0.113836,0.975147,-0.025485,-0.006845,0.219983
23.100000,-5.974411,0.734913,2.745761,-0.110709,-1.572763,-0.113779,0.975180,-0.025909,-0.006679,0.219790
23.110000,-5.975506,0.719180,2.744623,-0.108319,-1.573927,-0.113722,0.975214,-0.026331,-0.006512,0.219597
23.120000,-5.976577,0.703435,2.743486,-0.105929,-1.575065,-0.113664,0.975247,-0.026752,-0.006345,0.219404
23.130000,-5.977625,0.687678,2.742350,-0.103538,-1.576178,-0.113606,0.975280,-0.027171,-0.006177,0.219210
23.140000,-5.978648,0.671911,2.741214,-0.101147,-1.577265,-0.113548,0.975312,-0.027589,-0.006009,0.219017
23.150000,-5.979648,0.656133,2.740079,-0.098755,-1.578328,-0.113490,0.975345,-0.028006,-0.005841,0.218824
23.160000,-5.980623,0.640345,2.738944,-0.096363,-1.579365,-0.113431,0.975377,-0.028421,-0.005672,0.218630
23.170000,-5.981575,0.624546,2.737810,-0.093970,-1.580377,-0.113372,0.975409,-0.028835,-0.005503,0.218437
23.180000,-5.982503,0.608737,2.736677,-0.091578,-1.581363,-0.113313,0.975441,-0.029247,-0.005333,0.218243
23.190000,-5.983406,0.592919,2.735544,-0.089184,-1.582325,-0.113254,0.975473,-0.029658,-0.005162,0.218049
23.200000,-5.984286,0.577091,2.734412,-0.086791,-1.583261,-0.113194,0.975505,-0.030067,-0.004991,0.217856
23.210000,-5.985142,0.561254,2.733280,-0.084397,-1.584171,-0.113134,0.975536,-0.030475,-0.004820,0.217662
23.220000,-5.985974,0.545408,2.732149,-0.082003,-1.585057,-0.113074,0.975568,-0.030881,-0.004649,0.217468
23.230000,-5.986782,0.529553,2.731019,-0.079608,-1.585917,-0.113014,0.975599,-0.031286,-0.004476,0.217274
23.240000,-5.987566,0.513689,2.729889,-0.077213,-1.586751,-0.112953,0.975630,-0.031689,-0.004304,0.217080
23.250000,-5.988327,0.497818,2.728760,-0.074818,-1.587561,-0.112892,0.975661,-0.032090,-0.004131,0.216886
23.260000,-5.989063,0.481938,2.727631,-0.072423,-1.588344,-0.112831,0.975691,-0.032490,-0.003957,0.216692
23.270000,-5.989775,0.466051,2.726503,-0.070027,-1.589103,-0.112770,0.975722,-0.032888,-0.003783,0.216497
23.280000,-5.990463,0.450156,2.725376,-0.067631,-1.589836,-0.112708,0.975752,-0.033285,-0.003609,0.216303
23.290000,-5.991128,0.434254,2.724249,-0.065235,-1.590543,-0.112646,0.975782,-0.033679,-0.003434,0.216108
23.300000,-5.991768,0.418345,2.723123,-0.062838,-1.591225,-0.112584,0.975812,-0.034072,-0.003259,0.215914
23.310000,-5.992384,0.402430,2.721997,-0.060441,-1.591882,-0.112521,0.975842,-0.034464,-0.003083,0.215719
23.320000,-5.992977,0.386508,2.720872,-0.058044,-1.592513,-0.112459,0.975872,-0.034853,-0.002907,0.215524
23.330000,-5.993545,0.370580,2.719748,-0.055647,-1.593119,-0.112396,0.975902,-0.035241,-0.002731,0.215330
23.340000,-5.994090,0.354646,2.718624,-0.053249,-1.593699,-0.112333,0.975931,-0.035627,-0.002554,0.215135
23.350000,-5.994610,0.338706,2.717501,-0.050852,-1.594254,-0.112269,0.975960,-0.036011,-0.002377,0.214940
23.360000,-5.995107,0.322761,2.716379,-0.048454,-1.594783,-0.112206,0.975989,-0.036394,-0.002199,0.214745
23.370000,-5.995579,0.306810,2.715257,-0.046055,-1.595286,-0.112142,0.976018,-0.036774,-0.002021,0.214550
23.380000,-5.996028,0.290855,2.714136,-0.043657,-1.595765,-0.112077,0.976047,-0.037153,-0.001842,0.214354
23.390000,-5.996453,0.274895,2.713016,-0.041259,-1.596217,-0.112013,0.976076,-0.037530,-0.001664,0.214159
23.400000,-5.996853,0.258931,2.711896,-0.038860,-1.596644,-0.111948,0.976105,-0.037905,-0.001484,0.213963
23.410000,-5.997230,0.242962,2.710777,-0.036461,-1.597046,-0.111883,0.976133,-0.038278,-0.001305,0.213768
23.420000,-5.997582,0.226990,2.709658,-0.034062,-1.597422,-0.111818,0.976162,-0.038649,-0.001125,0.213572
23.430000,-5.997911,0.211014,2.708540,-0.031663,-1.597772,-0.111753,0.976190,-0.039018,-0.000944,0.213377
23.440000,-5.998216,0.195034,2.707423,-0.029264,-1.598097,-0.111687,0.976218,-0.039386,-0.000763,0.213181
23.450000,-5.998496,0.179052,2.706307,-0.026865,-1.598396,-0.111621,0.976246,-0.039751,-0.000582,0.212985
23.460000,-5.998753,0.163067,2.705191,-0.024465,-1.598670,-0.111555,0.976274,-0.040114,-0.000401,0.212789
23.470000,-5.998986,0.147079,2.704076,-0.022066,-1.598918,-0.111488,0.976302,-0.040475,-0.000219,0.212593
23.480000,-5.999194,0.131088,2.702961,-0.019666,-1.599141,-0.111422,0.976330,-0.040835,-0.000037,0.212397
23.490000,-5.999379,0.115096,2.701847,-0.017266,-1.599338,-0.111355,0.976358,-0.041192,0.000146,0.212200
23.500000,-5.999540,0.099102,2.700734,-0.014866,-1.599509,-0.111287,0.976385,-0.041547,0.000329,0.212004
23.510000,-5.999676,0.083106,2.699621,-0.012467,-1.599655,-0.111220,0.976413,-0.041900,0.000512,0.211807
23.520000,-5.999789,0.067109,2.698510,-0.010067,-1.599775,-0.111152,0.976440,-0.042251,0.000696,0.211611
23.530000,-5.999878,0.051110,2.697398,-0.007667,-1.599869,-0.111084,0.976467,-0.042600,0.000880,0.211414
23.540000,-5.999942,0.035111,2.696288,-0.005267,-1.599938,-0.111016,0.976495,-0.042947,0.001064,0.211217
23.550000,-5.999983,0.019112,2.695178,-0.002867,-1.599982,-0.110948,0.976522,-0.043292,0.001249,0.211020
23.560000,-6.000000,0.003112,2.694069,-0.000467,-1.600000,-0.110879,0.976549,-0.043634,0.001434,0.210823
23.570000,-5.999992,-0.012888,2.692960,0.001933,-1.599992,-0.110810,0.976576,-0.043974,0.001620,0.210626
23.580000,-5.999961,-0.028888,2.691853,0.004333,-1.599958,-0.110741,0.976603,-0.044312,0.001805,0.210429
23.590000,-5.999906,-0.044887,2.690746,0.006733,-1.599899,-0.110671,0.976630,-0.044648,0.001991,0.210231
23.600000,-5.999826,-0.060886,2.689639,0.009133,-1.599815,-0.110602,0.976656,-0.044982,0.002178,0.210034
23.610000,-5.999723,-0.076883,2.688534,0.011533,-1.599704,-0.110532,0.976683,-0.045314,0.002364,0.209836
23.620000,-5.999596,-0.092880,2.687429,0.013933,-1.599569,-0.110461,0.976710,-0.045643,0.002551,0.209638
23.630000,-5.999444,-0.108875,2.686324,0.016333,-1.599407,-0.110391,0.976736,-0.045970,0.002738,0.209440
23.640000,-5.999269,-0.124868,2.685221,0.018732,-1.599220,-0.110320,0.976763,-0.046295,0.002926,0.209242
23.650000,-5.999070,-0.140859,2.684118,0.021132,-1.599008,-0.110249,0.976789,-0.046617,0.003114,0.209044
23.660000,-5.998846,-0.156848,2.683016,0.023532,-1.598769,-0.110178,0.976816,-0.046937,0.003302,0.208846
23.670000,-5.998599,-0.172834,2.681914,0.025931,-1.598506,-0.110107,0.976842,-0.047255,0.003490,0.208648
23.680000,-5.998328,-0.188818,2.680814,0.028331,-1.598216,-0.110035,0.976869,-0.047570,0.003679,0.208449
23.690000,-5.998032,-0.204799,2.679714,0.030730,-1.597902,-0.109963,0.976895,-0.047883,0.003868,0.208251
23.700000,-5.997713,-0.220776,2.678614,0.033129,-1.597561,-0.109891,0.976921,-0.048194,0.004057,0.208052
23.710000,-5.997370,-0.236750,2.677516,0.035528,-1.597195,-0.109818,0.976948,-0.048502,0.004247,0.207853
23.720000,-5.997002,-0.252720,2.676418,0.037927,-1.596803,-0.109746,0.976974,-0.048808,0.004436,0.207654
23.730000,-5.996611,-0.268686,2.675321,0.040326,-1.596386,-0.109673,0.977000,-0.049112,0.004626,0.207455
23.740000,-5.996196,-0.284647,2.674225,0.042724,-1.595944,-0.109600,0.977026,-0.049413,0.004817,0.207255
23.750000,-5.995757,-0.300604,2.673129,0.045123,-1.595475,-0.109526,0.977052,-0.049712,0.005007,0.207056
23.760000,-5.995294,-0.316557,2.672034,0.047521,-1.594982,-0.109453,0.977079,-0.050008,0.005198,0.206856
23.770000,-5.994806,-0.332504,2.670940,0.049919,-1.594462,-0.109379,0.977105,-0.050302,0.005389,0.206657
23.780000,-5.994295,-0.348446,2.669847,0.052317,-1.593918,-0.109304,0.977131,-0.050593,0.005580,0.206457
23.790000,-5.993760,-0.364382,2.668754,0.054714,-1.593347,-0.109230,0.977157,-0.050882,0.005772,0.206257
23.800000,-5.993201,-0.380313,2.667662,0.057112,-1.592752,-0.109155,0.977183,-0.051168,0.005963,0.206057
23.810000,-5.992618,-0.396237,2.666571,0.059509,-1.592130,-0.109081,0.977209,-0.051452,0.006155,0.205856
23.820000,-5.992011,-0.412155,2.665480,0.061906,-1.591484,-0.109005,0.977235,-0.051733,0.006347,0.205656
23.830000,-5.991380,-0.428067,2.664391,0.064302,-1.590812,-0.108930,0.977262,-0.052012,0.006540,0.205455
23.840000,-5.990725,-0.443971,2.663302,0.066699,-1.590114,-0.108854,0.977288,-0.052288,0.006732,0.205255
23.850000,-5.990046,-0.459869,2.662214,0.069095,-1.589391,-0.108778,0.977314,-0.052562,0.006925,0.205054
23.860000,-5.989343,-0.475759,2.661126,0.071491,-1.588642,-0.108702,0.977340,-0.052833,0.007118,0.204853
23.870000,-5.988616,-0.491642,2.660039,0.073886,-1.587868,-0.108626,0.977366,-0.053101,0.007311,0.204652
23.880000,-5.987865,-0.507517,2.658954,0.076282,-1.587069,-0.108549,0.977392,-0.053367,0.007505,0.204450
23.890000,-5.987090,-0.523383,2.657869,0.078677,-1.586244,-0.108473,0.977419,-0.053630,0.007698,0.204249
23.900000,-5.986291,-0.539241,2.656784,0.081071,-1.585394,-0.108395,0.977445,-0.053891,0.007892,0.204047
23.910000,-5.985469,-0.555091,2.655701,0.083466,-1.584519,-0.108318,0.977471,-0.054149,0.008086,0.203845
23.920000,-5.984622,-0.570932,2.654618,0.085860,-1.583618,-0.108240,0.977497,-0.054404,0.008280,0.203643
23.930000,-5.983752,-0.586763,2.653536,0.088253,-1.582692,-0.108163,0.977524,-0.054657,0.008474,0.203441
23.940000,-5.982857,-0.602585,2.652455,0.090647,-1.581740,-0.108085,0.977550,-0.054907,0.008668,0.203238
23.950000,-5.981939,-0.618398,2.651374,0.093040,-1.580764,-0.108006,0.977577,-0.055154,0.008863,0.203036
23.960000,-5.980996,-0.634201,2.650294,0.095432,-1.579761,-0.107928,0.977603,-0.055399,0.009058,0.202833
23.970000,-5.980030,-0.649993,2.649216,0.097825,-1.578734,-0.107849,0.977630,-0.055641,0.009252,0.202630
23.980000,-5.979040,-0.665775,2.648137,0.100216,-1.577682,-0.107770,0.977656,-0.055880,0.009447,0.202427
23.990000,-5.978026,-0.681547,2.647060,0.102608,-1.576604,-0.107691,0.977683,-0.056116,0.009642,0.202224
24.000000,-5.976988,-0.697307,2.645984,0.104999,-1.575501,-0.107611,0.977709,-0.056350,0.009838,0.202021
24.010000,-5.975926,-0.713057,2.644908,0.107389,-1.574372,-0.107531,0.977736,-0.056581,0.010033,0.201817
24.020000,-5.974840,-0.728794,2.643833,0.109780,-1.573219,-0.107451,0.977763,-0.056809,0.010228,0.201613
24.030000,-5.973730,-0.744521,2.642759,0.112169,-1.572040,-0.107371,0.977790,-0.057035,0.010424,0.201409
24.040000,-5.972596,-0.760235,2.641686,0.114558,-1.570836,-0.107290,0.977817,-0.057257,0.010620,0.201205
24.050000,-5.971439,-0.775937,2.640613,0.116947,-1.569607,-0.107210,0.977844,-0.057477,0.010815,0.201001
24.060000,-5.970258,-0.791627,2.639541,0.119336,-1.568353,-0.107129,0.977871,-0.057694,0.011011,0.200796
24.070000,-5.969052,-0.807304,2.638471,0.121724,-1.567074,-0.107048,0.977898,-0.057908,0.011207,0.200591
24.080000,-5.967823,-0.822969,2.637400,0.124111,-1.565770,-0.106966,0.977925,-0.058120,0.011403,0.200386
24.090000,-5.966570,-0.838620,2.636331,0.126498,-1.564441,-0.106884,0.977952,-0.058328,0.011600,0.200181
24.100000,-5.965293,-0.854257,2.635263,0.128884,-1.563086,-0.106802,0.977980,-0.058534,0.011796,0.199976
24.110000,-5.963992,-0.869881,2.634195,0.131270,-1.561707,-0.106720,0.978007,-0.058737,0.011992,0.199770
24.120000,-5.962668,-0.885491,2.633128,0.133655,-1.560303,-0.106638,0.978035,-0.058937,0.012188,0.199565
24.130000,-5.961319,-0.901087,2.632062,0.136040,-1.558874,-0.106555,0.978062,-0.059134,0.012385,0.199359
24.140000,-5.959947,-0.916669,2.630997,0.138424,-1.557419,-0.106472,0.978090,-0.059329,0.012581,0.199153
24.150000,-5.958551,-0.932236,2.629933,0.140808,-1.555940,-0.106389,0.978118,-0.059520,0.012778,0.198946
24.160000,-5.957131,-0.947788,2.628869,0.143191,-1.554436,-0.106306,0.978146,-0.059709,0.012974,0.198740
24.170000,-5.955687,-0.963324,2.627807,0.145574,-1.552907,-0.106222,0.978174,-0.059894,0.013171,0.198533
24.180000,-5.954219,-0.978846,2.626745,0.147956,-1.551354,-0.106138,0.978202,-0.060077,0.013367,0.198326
24.190000,-5.952728,-0.994351,2.625684,0.150337,-1.549775,-0.106054,0.978230,-0.060257,0.013564,0.198119
24.200000,-5.951213,-1.009841,2.624624,0.152718,-1.548172,-0.105970,0.978258,-0.060434,0.013761,0.197911
24.210000,-5.949673,-1.025315,2.623565,0.155098,-1.546543,-0.105885,0.978287,-0.060608,0.013957,0.197704
24.220000,-5.948111,-1.040772,2.622506,0.157478,-1.544891,-0.105800,0.978315,-0.060779,0.014154,0.197496
24.230000,-5.946524,-1.056212,2.621449,0.159857,-1.543213,-0.105715,0.978344,-0.060947,0.014351,0.197288
24.240000,-5.944913,-1.071636,2.620392,0.162235,-1.541511,-0.105630,0.978373,-0.061112,0.014548,0.197079
24.250000,-5.943279,-1.087043,2.619336,0.164613,-1.539784,-0.105544,0.978402,-0.061274,0.014744,0.196871
24.260000,-5.941621,-1.102432,2.618281,0.166990,-1.538032,-0.105459,0.978431,-0.061433,0.014941,0.196662
24.270000,-5.939939,-1.117803,2.617227,0.169366,-1.536256,-0.105373,0.978460,-0.061589,0.015138,0.196453
24.280000,-5.938234,-1.133157,2.616174,0.171741,-1.534455,-0.105286,0.978489,-0.061743,0.015334,0.196244
24.290000,-5.936505,-1.148492,2.615121,0.174116,-1.532630,-0.105200,0.978519,-0.061893,0.015531,0.196034
24.300000,-5.934752,-1.163809,2.614070,0.176491,-1.530780,-0.105113,0.978548,-0.062040,0.015727,0.195824
24.310000,-5.932975,-1.179108,2.613019,0.178864,-1.528906,-0.105026,0.978578,-0.062184,0.015924,0.195614
24.320000,-5.931174,-1.194387,2.611969,0.181237,-1.527007,-0.104939,0.978608,-0.062326,0.016120,0.195404
24.330000,-5.929350,-1.209648,2.610920,0.183609,-1.525084,-0.104852,0.978638,-0.062464,0.016317,0.195194
24.340000,-5.927502,-1.224889,2.609872,0.185981,-1.523136,-0.104764,0.978668,-0.062599,0.016513,0.194983
24.350000,-5.925630,-1.240110,2.608825,0.188351,-1.521164,-0.104676,0.978698,-0.062731,0.016709,0.194772
24.360000,-5.923735,-1.255312,2.607779,0.190721,-1.519168,-0.104588,0.978728,-0.062860,0.016905,0.194561
24.370000,-5.921816,-1.270494,2.606733,0.193090,-1.517147,-0.104500,0.978759,-0.062987,0.017102,0.194349
24.380000,-5.919873,-1.285655,2.605689,0.195458,-1.515102,-0.104411,0.978789,-0.063110,0.017298,0.194138
24.390000,-5.917907,-1.300796,2.604645,0.197826,-1.513033,-0.104322,0.978820,-0.063230,0.017494,0.193926
24.400000,-5.915917,-1.315915,2.603602,0.200193,-1.510940,-0.104233,0.978851,-0.063347,0.017689,0.193713
24.410000,-5.913903,-1.331014,2.602560,0.202559,-1.508822,-0.104144,0.978882,-0.063461,0.017885,0.193501
24.420000,-5.911866,-1.346092,2.601519,0.204924,-1.506680,-0.104054,0.978913,-0.063572,0.018081,0.193288
24.430000,-5.909805,-1.361148,2.600479,0.207288,-1.504515,-0.103965,0.978945,-0.063679,0.018276,0.193075
24.440000,-5.907720,-1.376182,2.599440,0.209652,-1.502325,-0.103875,0.978976,-0.063784,0.018472,0.192862
24.450000,-5.905611,-1.391194,2.598402,0.212014,-1.500111,-0.103784,0.979008,-0.063886,0.018667,0.192648
24.460000,-5.903480,-1.406184,2.597364,0.214376,-1.497873,-0.103694,0.979040,-0.063984,0.018862,0.192434
24.470000,-5.901324,-1.421152,2.596328,0.216737,-1.495611,-0.103603,0.979072,-0.064080,0.019057,0.192220
24.480000,-5.899145,-1.436096,2.595292,0.219097,-1.493325,-0.103512,0.979104,-0.064172,0.019252,0.192006
24.490000,-5.896942,-1.451018,2.594258,0.221457,-1.491016,-0.103421,0.979137,-0.064262,0.019447,0.191791
24.500000,-5.894716,-1.465917,2.593224,0.223815,-1.488682,-0.103330,0.979169,-0.064348,0.019641,0.191576
24.510000,-5.892466,-1.480792,2.592191,0.226172,-1.486325,-0.103238,0.979202,-0.064431,0.019836,0.191361
24.520000,-5.890192,-1.495643,2.591159,0.228529,-1.483944,-0.103146,0.979235,-0.064511,0.020030,0.191146
24.530000,-5.887895,-1.510470,2.590128,0.230884,-1.481539,-0.103054,0.979268,-0.064588,0.020224,0.190930
24.540000,-5.885575,-1.525274,2.589098,0.233239,-1.479110,-0.102962,0.979301,-0.064662,0.020418,0.190714
24.550000,-5.883230,-1.540052,2.588069,0.235593,-1.476658,-0.102869,0.979334,-0.064732,0.020611,0.190498
24.560000,-5.880863,-1.554807,2.587041,0.237946,-1.474182,-0.102776,0.979368,-0.064800,0.020805,0.190281
24.570000,-5.878471,-1.569536,2.586013,0.240298,-1.471682,-0.102683,0.979401,-0.064865,0.020998,0.190064
24.580000,-5.876057,-1.584240,2.584987,0.242648,-1.469159,-0.102590,0.979435,-0.064926,0.021191,0.189847
24.590000,-5.873619,-1.598919,2.583961,0.244998,-1.466613,-0.102496,0.979469,-0.064984,0.021384,0.189630
24.600000,-5.871157,-1.613572,2.582937,0.247347,-1.464043,-0.102403,0.979504,-0.065039,0.021577,0.189412
24.610000,-5.868672,-1.628200,2.581913,0.249695,-1.461449,-0.102309,0.979538,-0.065091,0.021769,0.189194
24.620000,-5.866163,-1.642801,2.580891,0.252042,-1.458833,-0.102215,0.979573,-0.065140,0.021961,0.188975
24.630000,-5.863631,-1.657377,2.579869,0.254388,-1.456192,-0.102120,0.979608,-0.065186,0.022153,0.188757
24.640000,-5.861075,-1.671925,2.578848,0.256733,-1.453529,-0.102026,0.979643,-0.065229,0.022345,0.188538
24.650000,-5.858496,-1.686447,2.577829,0.259077,-1.450842,-0.101931,0.979678,-0.065268,0.022536,0.188318
24.660000,-5.855894,-1.700942,2.576810,0.261420,-1.448132,-0.101836,0.979713,-0.065304,0.022727,0.188099
24.670000,-5.853268,-1.715410,2.575792,0.263762,-1.445399,-0.101740,0.979749,-0.065338,0.022918,0.187879
24.680000,-5.850618,-1.729850,2.574775,0.266103,-1.442643,-0.101645,0.979784,-0.065368,0.023109,0.187659
24.690000,-5.847946,-1.744262,2.573759,0.268442,-1.439864,-0.101549,0.979820,-0.065395,0.023299,0.187438
24.700000,-5.845249,-1.758647,2.572744,0.270781,-1.437061,-0.101453,0.979856,-0.065419,0.023489,0.187218
24.710000,-5.842530,-1.773004,2.571730,0.273119,-1.434236,-0.101357,0.979893,-0.065439,0.023679,0.186996
24.720000,-5.839787,-1.787332,2.570717,0.275455,-1.431388,-0.101260,0.979929,-0.065457,0.023868,0.186775
24.730000,-5.837021,-1.801631,2.569705,0.277790,-1.428517,-0.101163,0.979966,-0.065471,0.024057,0.186553
24.740000,-5.834231,-1.815902,2.568694,0.280125,-1.425623,-0.101066,0.980002,-0.065483,0.024246,0.186331
24.750000,-5.831418,-1.830144,2.567683,0.282458,-1.422706,-0.100969,0.980039,-0.065491,0.024435,0.186109
24.760000,-5.828582,-1.844356,2.566674,0.284790,-1.419766,-0.100872,0.980077,-0.065496,0.024623,0.185886
24.770000,-5.825723,-1.858539,2.565666,0.287121,-1.416804,-0.100774,0.980114,-0.065498,0.024811,0.185663
24.780000,-5.822840,-1.872692,2.564659,0.289450,-1.413819,-0.100676,0.980152,-0.065497,0.024998,0.185440
24.790000,-5.819934,-1.886815,2.563652,0.291779,-1.410811,-0.100578,0.980190,-0.065492,0.025186,0.185216
24.800000,-5.817004,-1.900908,2.562647,0.294106,-1.407781,-0.100480,0.980227,-0.065485,0.025373,0.184992
24.810000,-5.814052,-1.914971,2.561643,0.296432,-1.404728,-0.100382,0.980266,-0.065474,0.025559,0.184768
24.820000,-5.811076,-1.929003,2.560640,0.298757,-1.401653,-0.100283,0.980304,-0.065460,0.025745,0.184543
24.830000,-5.808076,-1.943004,2.559637,0.301081,-1.398556,-0.100184,0.980343,-0.065443,0.025931,0.184318
24.840000,-5.805054,-1.956974,2.558636,0.303404,-1.395436,-0.100085,0.980381,-0.065423,0.026116,0.184093
24.850000,-5.802008,-1.970912,2.557636,0.305725,-1.392293,-0.099985,0.980420,-0.065400,0.026301,0.183867
24.860000,-5.798939,-1.984819,2.556636,0.308046,-1.389129,-0.099886,0.980459,-0.065374,0.026486,0.183641
24.870000,-5.795847,-1.998695,2.555638,0.310365,-1.385942,-0.099786,0.980499,-0.065345,0.026670,0.183415
24.880000,-5.792732,-2.012538,2.554640,0.312682,-1.382733,-0.099686,0.980538,-0.065312,0.026854,0.183188
24.890000,-5.789594,-2.026349,2.553644,0.314999,-1.379502,-0.099585,0.980578,-0.065277,0.027037,0.182961
24.900000,-5.786432,-2.040128,2.552649,0.317314,-1.376249,-0.099485,0.980618,-0.065238,0.027220,0.182734
24.910000,-5.783247,-2.053874,2.551654,0.319628,-1.372973,-0.099384,0.980658,-0.065196,0.027403,0.182506
24.920000,-5.780040,-2.067588,2.550661,0.321940,-1.369676,-0.099283,0.980698,-0.065151,0.027585,0.182278
24.930000,-5.776809,-2.081268,2.549669,0.324252,-1.366357,-0.099182,0.980739,-0.065103,0.027767,0.182050
24.940000,-5.773555,-2.094915,2.548677,0.326562,-1.363016,-0.099080,0.980779,-0.065052,0.027948,0.181821
24.950000,-5.770277,-2.108528,2.547687,0.328871,-1.359653,-0.098979,0.980820,-0.064998,0.028129,0.181592
24.960000,-5.766977,-2.122108,2.546698,0.331178,-1.356269,-0.098877,0.980861,-0.064940,0.028309,0.181363
24.970000,-5.763654,-2.135653,2.545710,0.333484,-1.352863,-0.098775,0.980903,-0.064880,0.028489,0.181133
24.980000,-5.760307,-2.149165,2.544722,0.335789,-1.349435,-0.098672,0.980944,-0.064816,0.028668,0.180903
24.990000,-5.756938,-2.162642,2.543736,0.338093,-1.345985,-0.098570,0.980986,-0.064750,0.028847,0.180672
25.000000,-5.753546,-2.176084,2.542751,0.340395,-1.342514,-0.098467,0.981027,-0.064680,0.029026,0.180442
25.010000,-5.750130,-2.189492,2.541767,0.342695,-1.339022,-0.098364,0.981069,-0.064607,0.029204,0.180210
25.020000,-5.746692,-2.202865,2.540784,0.344995,-1.335508,-0.098261,0.981112,-0.064531,0.029381,0.179979
25.030000,-5.743230,-2.216202,2.539802,0.347293,-1.331973,-0.098157,0.981154,-0.064452,0.029558,0.179747
25.040000,-5.739746,-2.229504,2.538821,0.349589,-1.328416,-0.098054,0.981197,-0.064370,0.029735,0.179515
25.050000,-5.736239,-2.242770,2.537840,0.351885,-1.324838,-0.097950,0.981239,-0.064285,0.029910,0.179282
25.060000,-5.732708,-2.256001,2.536862,0.354178,-1.321239,-0.097846,0.981282,-0.064197,0.030086,0.179049
25.070000,-5.729155,-2.269195,2.535884,0.356471,-1.317619,-0.097742,0.981325,-0.064106,0.030261,0.178816
25.080000,-5.725579,-2.282353,2.534907,0.358762,-1.313978,-0.097637,0.981369,-0.064012,0.030435,0.178582
25.090000,-5.721980,-2.295475,2.533931,0.361051,-1.310316,-0.097532,0.981412,-0.063915,0.030609,0.178348
25.100000,-5.718358,-2.308559,2.532956,0.363339,-1.306633,-0.097427,0.981456,-0.063814,0.030782,0.178114
25.110000,-5.714713,-2.321607,2.531982,0.365626,-1.302928,-0.097322,0.981500,-0.063711,0.030955,0.177879
25.120000,-5.711045,-2.334618,2.531010,0.367911,-1.299203,-0.097217,0.981544,-0.063605,0.031127,0.177644
25.130000,-5.707355,-2.347591,2.530038,0.370195,-1.295458,-0.097111,0.981588,-0.063495,0.031299,0.177409
25.140000,-5.703641,-2.360527,2.529067,0.372477,-1.291691,-0.097005,0.981632,-0.063383,0.031470,0.177173
25.150000,-5.699905,-2.373425,2.528098,0.374758,-1.287904,-0.096899,0.981677,-0.063268,0.031640,0.176937
25.160000,-5.696146,-2.386285,2.527129,0.377037,-1.284096,-0.096793,0.981722,-0.063149,0.031810,0.176700
25.170000,-5.692364,-2.399107,2.526162,0.379314,-1.280268,-0.096686,0.981767,-0.063028,0.031979,0.176463
25.180000,-5.688560,-2.411890,2.525196,0.381591,-1.276419,-0.096580,0.981812,-0.062903,0.032148,0.176226
25.190000,-5.684733,-2.424635,2.524230,0.383865,-1.272550,-0.096473,0.981857,-0.062776,0.032316,0.175989
25.200000,-5.680883,-2.437341,2.523266,0.386138,-1.268660,-0.096366,0.981902,-0.062646,0.032483,0.175751
25.210000,-5.677010,-2.450008,2.522303,0.388410,-1.264750,-0.096258,0.981948,-0.062513,0.032650,0.175512
25.220000,-5.673114,-2.462636,2.521341,0.390680,-1.260820,-0.096151,0.981994,-0.062376,0.032816,0.175273
25.230000,-5.669196,-2.475225,2.520380,0.392949,-1.256870,-0.096043,0.982040,-0.062237,0.032982,0.175034
25.240000,-5.665255,-2.487774,2.519420,0.395215,-1.252900,-0.095935,0.982086,-0.062095,0.033146,0.174795
25.250000,-5.661292,-2.500283,2.518461,0.397481,-1.248909,-0.095826,0.982132,-0.061950,0.033311,0.174555
25.260000,-5.657306,-2.512752,2.517504,0.399744,-1.244899,-0.095718,0.982178,-0.061802,0.033474,0.174315
25.270000,-5.653297,-2.525181,2.516547,0.402007,-1.240868,-0.095609,0.982225,-0.061651,0.033637,0.174074
25.280000,-5.649266,-2.537569,2.515591,0.404267,-1.236818,-0.095500,0.982272,-0.061497,0.033799,0.173833
25.290000,-5.645212,-2.549917,2.514637,0.406526,-1.232748,-0.095391,0.982319,-0.061340,0.033961,0.173592
25.300000,-5.641135,-2.562224,2.513684,0.408783,-1.228658,-0.095282,0.982366,-0.061181,0.034122,0.173350
25.310000,-5.637036,-2.574490,2.512731,0.411039,-1.224549,-0.095173,0.982413,-0.061018,0.034282,0.173108
25.320000,-5.632914,-2.586715,2.511780,0.413293,-1.220420,-0.095063,0.982460,-0.060853,0.034441,0.172866
25.330000,-5.628770,-2.598898,2.510830,0.415545,-1.216272,-0.094953,0.982508,-0.060684,0.034600,0.172623
25.340000,-5.624604,-2.611040,2.509881,0.417796,-1.212104,-0.094843,0.982555,-0.060513,0.034758,0.172380
25.350000,-5.620414,-2.623140,2.508933,0.420045,-1.207916,-0.094732,0.982603,-0.060339,0.034916,0.172136
25.360000,-5.616203,-2.635198,2.507987,0.422292,-1.203710,-0.094622,0.982651,-0.060162,0.035072,0.171892
25.370000,-5.611969,-2.647214,2.507041,0.424538,-1.199484,-0.094511,0.982699,-0.059982,0.035228,0.171648
25.380000,-5.607712,-2.659188,2.506096,0.426782,-1.195238,-0.094400,0.982748,-0.059800,0.035383,0.171403
25.390000,-5.603433,-2.671119,2.505153,0.429024,-1.190974,-0.094289,0.982796,-0.059615,0.035538,0.171158
25.400000,-5.599131,-2.683007,2.504211,0.431265,-1.186691,-0.094177,0.982845,-0.059426,0.035691,0.170913
25.410000,-5.594808,-2.694853,2.503269,0.433503,-1.182389,-0.094066,0.982893,-0.059235,0.035844,0.170667
25.420000,-5.590461,-2.706655,2.502329,0.435740,-1.178067,-0.093954,0.982942,-0.059042,0.035996,0.170421
25.430000,-5.586093,-2.718414,2.501390,0.437976,-1.173727,-0.093842,0.982991,-0.058845,0.036148,0.170174
25.440000,-5.581702,-2.730130,2.500452,0.440209,-1.169369,-0.093729,0.983040,-0.058646,0.036298,0.169927
25.450000,-5.577289,-2.741801,2.499516,0.442441,-1.164991,-0.093617,0.983089,-0.058444,0.036448,0.169680
25.460000,-5.572853,-2.753429,2.498580,0.444671,-1.160595,-0.093504,0.983139,-0.058239,0.036597,0.169432
25.470000,-5.568395,-2.765013,2.497646,0.446899,-1.156180,-0.093391,0.983188,-0.058031,0.036746,0.169184
25.480000,-5.563915,-2.776553,2.496712,0.449126,-1.151747,-0.093278,0.983238,-0.057821,0.036893,0.168936
25.490000,-5.559413,-2.788048,2.495780,0.451350,-1.147295,-0.093165,0.983287,-0.057608,0.037040,0.168687
25.500000,-5.554888,-2.799499,2.494849,0.453573,-1.142825,-0.093051,0.983337,-0.057392,0.037186,0.168438
25.510000,-5.550341,-2.810905,2.493919,0.455794,-1.138337,-0.092937,0.983387,-0.057174,0.037331,0.168188
25.520000,-5.545772,-2.822265,2.492990,0.458014,-1.133830,-0.092823,0.983437,-0.056953,0.037475,0.167938
25.530000,-5.541181,-2.833581,2.492063,0.460231,-1.129305,-0.092709,0.983487,-0.056729,0.037618,0.167688
25.540000,-5.536568,-2.844851,2.491136,0.462447,-1.124763,-0.092595,0.983538,-0.056502,0.037761,0.167438
25.550000,-5.531932,-2.856076,2.490211,0.464660,-1.120202,-0.092480,0.983588,-0.056273,0.037902,0.167186
25.560000,-5.527274,-2.867255,2.489286,0.466872,-1.115623,-0.092365,0.983639,-0.056041,0.038043,0.166935
25.570000,-5.522595,-2.878389,2.488363,0.469082,-1.111027,-0.092250,0.983689,-0.055807,0.038183,0.166683
25.580000,-5.517893,-2.889476,2.487441,0.471290,-1.106412,-0.092135,0.983740,-0.055570,0.038322,0.166431
25.590000,-5.513169,-2.900517,2.486521,0.473496,-1.101780,-0.092020,0.983791,-0.055330,0.038461,0.166179
25.600000,-5.508423,-2.911511,2.485601,0.475701,-1.097131,-0.091904,0.983842,-0.055088,0.038598,0.165926
25.610000,-5.503655,-2.922459,2.484683,0.477903,-1.092464,-0.091788,0.983892,-0.054843,0.038734,0.165673
25.620000,-5.498865,-2.933361,2.483765,0.480104,-1.087779,-0.091672,0.983944,-0.054596,0.038870,0.165419
25.630000,-5.494053,-2.944215,2.482849,0.482302,-1.083077,-0.091556,0.983995,-0.054346,0.039005,0.165165
25.640000,-5.489219,-2.955022,2.481934,0.484499,-1.078358,-0.091439,0.984046,-0.054094,0.039138,0.164911
25.650000,-5.484363,-2.965782,2.481020,0.486694,-1.073621,-0.091323,0.984097,-0.053839,0.039271,0.164656
25.660000,-5.479485,-2.976495,2.480108,0.488886,-1.068867,-0.091206,0.984149,-0.053581,0.039403,0.164401
25.670000,-5.474585,-2.987159,2.479196,0.491077,-1.064096,-0.091089,0.984200,-0.053321,0.039534,0.164146
25.680000,-5.469663,-2.997776,2.478286,0.493266,-1.059308,-0.090972,0.984252,-0.053059,0.039665,0.163890
25.690000,-5.464720,-3.008345,2.477377,0.495453,-1.054503,-0.090854,0.984303,-0.052794,0.039794,0.163634
25.700000,-5.459754,-3.018866,2.476469,0.497638,-1.049682,-0.090736,0.984355,-0.052526,0.039922,0.163377
25.710000,-5.454767,-3.029339,2.475562,0.499821,-1.044843,-0.090618,0.984407,-0.052256,0.040049,0.163120
25.720000,-5.449758,-3.039763,2.474656,0.502002,-1.039988,-0.090500,0.984459,-0.051984,0.040176,0.162863
25.730000,-5.444727,-3.050139,2.473752,0.504180,-1.035116,-0.090382,0.984511,-0.051709,0.040301,0.162605
25.740000,-5.439674,-3.060465,2.472849,0.506357,-1.030227,-0.090264,0.984563,-0.051432,0.040426,0.162348
25.750000,-5.434600,-3.070743,2.471947,0.508532,-1.025322,-0.090145,0.984615,-0.051152,0.040549,0.162089
25.760000,-5.429504,-3.080972,2.471046,0.510705,-1.020401,-0.090026,0.984667,-0.050870,0.040672,0.161831
25.770000,-5.424386,-3.091151,2.470146,0.512876,-1.015463,-0.089907,0.984719,-0.050586,0.040793,0.161572
25.780000,-5.419246,-3.101281,2.469248,0.515045,-1.010509,-0.089788,0.984771,-0.050299,0.040914,0.161312
25.790000,-5.414085,-3.111361,2.468350,0.517211,-1.005539,-0.089668,0.984824,-0.050010,0.041033,0.161052
25.800000,-5.408902,-3.121392,2.467454,0.519376,-1.000553,-0.089548,0.984876,-0.049719,0.041152,0.160792
25.810000,-5.403697,-3.131372,2.466560,0.521538,-0.995551,-0.089428,0.984928,-0.049425,0.041269,0.160532
25.820000,-5.398471,-3.141303,2.465666,0.523699,-0.990533,-0.089308,0.984981,-0.049129,0.041386,0.160271
25.830000,-5.393223,-3.151183,2.464773,0.525857,-0.985499,-0.089188,0.985033,-0.048831,0.041502,0.160010
25.840000,-5.387954,-3.161013,2.463882,0.528013,-0.980449,-0.089067,0.985085,-0.048531,0.041616,0.159749
25.850000,-5.382663,-3.170792,2.462992,0.530167,-0.975383,-0.088947,0.985138,-0.048228,0.041730,0.159487
25.860000,-5.377351,-3.180520,2.462103,0.532319,-0.970302,-0.088826,0.985190,-0.047923,0.041842,0.159225
25.870000,-5.372017,-3.190198,2.461216,0.534469,-0.965206,-0.088705,0.985243,-0.047615,0.041953,0.158962
25.880000,-5.366661,-3.199824,2.460329,0.536617,-0.960094,-0.088583,0.985296,-0.047306,0.042064,0.158699
25.890000,-5.361284,-3.209400,2.459444,0.538763,-0.954966,-0.088462,0.985348,-0.046994,0.042173,0.158436
25.900000,-5.355886,-3.218924,2.458560,0.540906,-0.949824,-0.088340,0.985401,-0.046681,0.042281,0.158173
25.910000,-5.350466,-3.228396,2.457677,0.543047,-0.944666,-0.088218,0.985453,-0.046365,0.042389,0.157909
25.920000,-5.345025,-3.237817,2.456795,0.545186,-0.939493,-0.088096,0.985506,-0.046047,0.042495,0.157645
25.930000,-5.339563,-3.247186,2.455915,0.547323,-0.934305,-0.087974,0.985559,-0.045726,0.042600,0.157380
25.940000,-5.334079,-3.256503,2.455036,0.549458,-0.929102,-0.087851,0.985611,-0.045404,0.042704,0.157115
25.950000,-5.328573,-3.265768,2.454158,0.551591,-0.923884,-0.087728,0.985664,-0.045079,0.042807,0.156850
25.960000,-5.323047,-3.274981,2.453281,0.553721,-0.918651,-0.087605,0.985717,-0.044753,0.042909,0.156585
25.970000,-5.317499,-3.284141,2.452406,0.555849,-0.913404,-0.087482,0.985769,-0.044424,0.043010,0.156319
25.980000,-5.311930,-3.293249,2.451532,0.557975,-0.908142,-0.087359,0.985822,-0.044094,0.043109,0.156053
25.990000,-5.306340,-3.302304,2.450659,0.560099,-0.902866,-0.087236,0.985875,-0.043761,0.043208,0.155786
26.000000,-5.300728,-3.311306,2.449787,0.562220,-0.897575,-0.087112,0.985927,-0.043426,0.043305,0.155519
26.010000,-5.295095,-3.320255,2.448917,0.564339,-0.892270,-0.086988,0.985980,-0.043090,0.043402,0.155252
26.020000,-5.289441,-3.329151,2.448047,0.566456,-0.886950,-0.086864,0.986033,-0.042751,0.043497,0.154985
26.030000,-5.283766,-3.337994,2.447179,0.568571,-0.881616,-0.086740,0.986085,-0.042410,0.043591,0.154717
26.040000,-5.278070,-3.346783,2.446313,0.570683,-0.876268,-0.086615,0.986138,-0.042068,0.043684,0.154449
26.050000,-5.272352,-3.355519,2.445447,0.572793,-0.870907,-0.086490,0.986190,-0.041723,0.043776,0.154181
26.060000,-5.266614,-3.364202,2.444583,0.574901,-0.865531,-0.086366,0.986243,-0.041377,0.043866,0.153912
26.070000,-5.260854,-3.372830,2.443720,0.577006,-0.860141,-0.086241,0.986295,-0.041028,0.043956,0.153643
26.080000,-5.255074,-3.381404,2.442858,0.579110,-0.854738,-0.086115,0.986348,-0.040678,0.044044,0.153373
26.090000,-5.249272,-3.389925,2.441997,0.581211,-0.849321,-0.085990,0.986400,-0.040326,0.044132,0.153104
26.100000,-5.243450,-3.398391,2.441138,0.583309,-0.843890,-0.085864,0.986453,-0.039972,0.044218,0.152834
26.110000,-5.237606,-3.406802,2.440280,0.585405,-0.838446,-0.085738,0.986505,-0.039616,0.044303,0.152564
26.120000,-5.231741,-3.415160,2.439423,0.587499,-0.832988,-0.085612,0.986557,-0.039259,0.044386,0.152293
26.130000,-5.225856,-3.423462,2.438568,0.589591,-0.827517,-0.085486,0.986610,-0.038900,0.044469,0.152022
26.140000,-5.219950,-3.431710,2.437714,0.591680,-0.822033,-0.085360,0.986662,-0.038538,0.044550,0.151751
26.150000,-5.214022,-3.439903,2.436861,0.593767,-0.816536,-0.085233,0.986714,-0.038176,0.044631,0.151480
26.160000,-5.208074,-3.448041,2.436009,0.595851,-0.811026,-0.085106,0.986766,-0.037811,0.044710,0.151208
26.170000,-5.202105,-3.456123,2.435159,0.597933,-0.805502,-0.084979,0.986818,-0.037445,0.044788,0.150936
26.180000,-5.196116,-3.464151,2.434309,0.600013,-0.799966,-0.084852,0.986870,-0.037077,0.044864,0.150664
26.190000,-5.190105,-3.472123,2.433461,0.602090,-0.794417,-0.084725,0.986922,-0.036707,0.044940,0.150391
26.200000,-5.184074,-3.480039,2.432615,0.604165,-0.788855,-0.084597,0.986974,-0.036335,0.045014,0.150118
26.210000,-5.178022,-3.487900,2.431770,0.606237,-0.783281,-0.084469,0.987026,-0.035962,0.045087,0.149845
26.220000,-5.171949,-3.495704,2.430926,0.608307,-0.777694,-0.084341,0.987078,-0.035588,0.045159,0.149572
26.230000,-5.165856,-3.503453,2.430083,0.610375,-0.772095,-0.084213,0.987129,-0.035212,0.045230,0.149298
26.240000,-5.159742,-3.511146,2.429241,0.612440,-0.766483,-0.084085,0.987181,-0.034834,0.045299,0.149024
26.250000,-5.153607,-3.518783,2.428401,0.614503,-0.760859,-0.083956,0.987233,-0.034454,0.045367,0.148750
26.260000,-5.147452,-3.526363,2.427562,0.616563,-0.755223,-0.083828,0.987284,-0.034073,0.045434,0.148475
26.270000,-5.141276,-3.533887,2.426724,0.618621,-0.749575,-0.083699,0.987336,-0.033691,0.045500,0.148200
26.280000,-5.135079,-3.541355,2.425888,0.620676,-0.743915,-0.083570,0.987387,-0.033307,0.045564,0.147925
26.290000,-5.128862,-3.548766,2.425053,0.622729,-0.738242,-0.083440,0.987438,-0.032921,0.045628,0.147650
26.300000,-5.122625,-3.556120,2.424219,0.624779,-0.732559,-0.083311,0.987489,-0.032534,0.045690,0.147374
26.310000,-5.116367,-3.563417,2.423387,0.626827,-0.726863,-0.083181,0.987540,-0.032146,0.045750,0.147098
26.320000,-5.110088,-3.570657,2.422556,0.628872,-0.721156,-0.083052,0.987591,-0.031756,0.045810,0.146822
26.330000,-5.103789,-3.577840,2.421726,0.630915,-0.715437,-0.082922,0.987642,-0.031364,0.045868,0.146546
26.340000,-5.097470,-3.584966,2.420897,0.632955,-0.709707,-0.082791,0.987693,-0.030972,0.045925,0.146269
26.350000,-5.091130,-3.592034,2.420070,0.634993,-0.703965,-0.082661,0.987743,-0.030578,0.045981,0.145992
26.360000,-5.084770,-3.599045,2.419244,0.637028,-0.698212,-0.082530,0.987794,-0.030182,0.046035,0.145715
26.370000,-5.078390,-3.605998,2.418419,0.639061,-0.692448,-0.082400,0.987844,-0.029785,0.046088,0.145438
26.380000,-5.071989,-3.612894,2.417596,0.641091,-0.686673,-0.082269,0.987895,-0.029387,0.046140,0.145160
26.390000,-5.065568,-3.619732,2.416774,0.643118,-0.680887,-0.082137,0.987945,-0.028988,0.046191,0.144882
26.400000,-5.059126,-3.626512,2.415953,0.645143,-0.675090,-0.082006,0.987995,-0.028587,0.046240,0.144604
26.410000,-5.052665,-3.633233,2.415134,0.647165,-0.669282,-0.081875,0.988045,-0.028185,0.046288,0.144326
26.420000,-5.046183,-3.639897,2.414316,0.649185,-0.663464,-0.081743,0.988095,-0.027782,0.046335,0.144047
26.430000,-5.039681,-3.646503,2.413499,0.651202,-0.657634,-0.081611,0.988145,-0.027378,0.046380,0.143768
26.440000,-5.033159,-3.653050,2.412684,0.653217,-0.651795,-0.081479,0.988194,-0.026972,0.046424,0.143489
26.450000,-5.026617,-3.659538,2.411869,0.655229,-0.645945,-0.081347,0.988244,-0.026565,0.046467,0.143210
26.460000,-5.020055,-3.665969,2.411057,0.657238,-0.640084,-0.081214,0.988293,-0.026157,0.046508,0.142931
26.470000,-5.013472,-3.672340,2.410245,0.659245,-0.634214,-0.081082,0.988343,-0.025748,0.046548,0.142651
26.480000,-5.006870,-3.678653,2.409435,0.661249,-0.628333,-0.080949,0.988392,-0.025338,0.046587,0.142371
26.490000,-5.000247,-3.684907,2.408626,0.663250,-0.622442,-0.080816,0.988441,-0.024926,0.046625,0.142091
26.500000,-4.993605,-3.691102,2.407819,0.665249,-0.616541,-0.080683,0.988490,-0.024514,0.046661,0.141811
26.510000,-4.986942,-3.697238,2.407013,0.667245,-0.610630,-0.080550,0.988538,-0.024100,0.046696,0.141530
26.520000,-4.980260,-3.703314,2.406208,0.669239,-0.604710,-0.080416,0.988587,-0.023686,0.046730,0.141249
26.530000,-4.973557,-3.709332,2.405404,0.671230,-0.598780,-0.080282,0.988635,-0.023270,0.046762,0.140968
26.540000,-4.966835,-3.715290,2.404602,0.673218,-0.592840,-0.080148,0.988684,-0.022854,0.046793,0.140687
26.550000,-4.960093,-3.721188,2.403801,0.675203,-0.586891,-0.080014,0.988732,-0.022436,0.046822,0.140406
26.560000,-4.953331,-3.727028,2.403002,0.677186,-0.580932,-0.079880,0.988780,-0.022018,0.046851,0.140124
26.570000,-4.946549,-3.732807,2.402204,0.679166,-0.574964,-0.079746,0.988828,-0.021598,0.046877,0.139842
26.580000,-4.939748,-3.738527,2.401407,0.681143,-0.568987,-0.079611,0.988875,-0.021178,0.046903,0.139560
26.590000,-4.932927,-3.744187,2.400611,0.683117,-0.563001,-0.079476,0.988923,-0.020757,0.046927,0.139278
26.600000,-4.926085,-3.749787,2.399817,0.685089,-0.557006,-0.079341,0.988970,-0.020335,0.046950,0.138996
26.610000,-4.919225,-3.755327,2.399025,0.687058,-0.551002,-0.079206,0.989018,-0.019912,0.046971,0.138713
26.620000,-4.912344,-3.760807,2.398233,0.689025,-0.544989,-0.079071,0.989065,-0.019488,0.046992,0.138431
26.630000,-4.905444,-3.766227,2.397443,0.690988,-0.538967,-0.078936,0.989112,-0.019063,0.047010,0.138148
26.640000,-4.898525,-3.771586,2.396655,0.692949,-0.532937,-0.078800,0.989158,-0.018638,0.047028,0.137865
26.650000,-4.891585,-3.776885,2.395867,0.694907,-0.526898,-0.078664,0.989205,-0.018212,0.047044,0.137582
26.660000,-4.884626,-3.782124,2.395081,0.696862,-0.520851,-0.078528,0.989251,-0.017785,0.047058,0.137298
26.670000,-4.877648,-3.787302,2.394297,0.698815,-0.514796,-0.078392,0.989298,-0.017357,0.047072,0.137015
26.680000,-4.870650,-3.792420,2.393513,0.700764,-0.508732,-0.078255,0.989344,-0.016929,0.047084,0.136731
26.690000,-4.863633,-3.797477,2.392732,0.702711,-0.502660,-0.078119,0.989390,-0.016500,0.047094,0.136447
26.700000,-4.856596,-3.802473,2.391951,0.704655,-0.496580,-0.077982,0.989436,-0.016070,0.047103,0.136163
26.710000,-4.849540,-3.807409,2.391172,0.706596,-0.490492,-0.077845,0.989481,-0.015640,0.047111,0.135879
26.720000,-4.842464,-3.812283,2.390394,0.708535,-0.484396,-0.077708,0.989527,-0.015209,0.047118,0.135595
26.730000,-4.835369,-3.817096,2.389618,0.710470,-0.478293,-0.077571,0.989572,-0.014777,0.047123,0.135310
26.740000,-4.828255,-3.821849,2.388843,0.712403,-0.472182,-0.077434,0.989617,-0.014345,0.047126,0.135025
26.750000,-4.821121,-3.826540,2.388069,0.714333,-0.466063,-0.077296,0.989662,-0.013913,0.047129,0.134741
26.760000,-4.813968,-3.831170,2.387297,0.716260,-0.459937,-0.077158,0.989706,-0.013479,0.047130,0.134456
26.770000,-4.806796,-3.835739,2.386526,0.718184,-0.453803,-0.077020,0.989751,-0.013046,0.047129,0.134171
26.780000,-4.799604,-3.840246,2.385756,0.720106,-0.447662,-0.076882,0.989795,-0.012611,0.047127,0.133886
26.790000,-4.792394,-3.844692,2.384988,0.722024,-0.441514,-0.076744,0.989839,-0.012177,0.047124,0.133600
26.800000,-4.785164,-3.849076,2.384221,0.723939,-0.435359,-0.076605,0.989883,-0.011742,0.047119,0.133315
26.810000,-4.777915,-3.853399,2.383456,0.725852,-0.429197,-0.076467,0.989927,-0.011306,0.047113,0.133029
26.820000,-4.770647,-3.857660,2.382692,0.727762,-0.423029,-0.076328,0.989971,-0.010870,0.047106,0.132743
26.830000,-4.763360,-3.861860,2.381930,0.729669,-0.416853,-0.076189,0.990014,-0.010434,0.047097,0.132458
26.840000,-4.756053,-3.865997,2.381168,0.731572,-0.410671,-0.076050,0.990057,-0.009997,0.047087,0.132172
26.850000,-4.748728,-3.870073,2.380409,0.733473,-0.404482,-0.075910,0.990100,-0.009560,0.047075,0.131886
26.860000,-4.741384,-3.874087,2.379650,0.735371,-0.398286,-0.075771,0.990143,-0.009122,0.047062,0.131599
26.870000,-4.734021,-3.878039,2.378893,0.737266,-0.392085,-0.075631,0.990186,-0.008685,0.047047,0.131313
26.880000,-4.726639,-3.881929,2.378138,0.739159,-0.385877,-0.075491,0.990228,-0.008247,0.047031,0.131027
26.890000,-4.719238,-3.885756,2.377383,0.741048,-0.379663,-0.075351,0.990271,-0.007809,0.047014,0.130740
26.900000,-4.711818,-3.889522,2.376631,0.742934,-0.373442,-0.075211,0.990313,-0.007370,0.046995,0.130454
26.910000,-4.704379,-3.893225,2.375879,0.744817,-0.367216,-0.075071,0.990354,-0.006931,0.046975,0.130167
26.920000,-4.696921,-3.896866,2.375129,0.746698,-0.360984,-0.074930,0.990396,-0.006493,0.046954,0.129880
26.930000,-4.689445,-3.900445,2.374380,0.748575,-0.354746,-0.074790,0.990438,-0.006054,0.046931,0.129593
26.940000,-4.681950,-3.903961,2.373633,0.750449,-0.348503,-0.074649,0.990479,-0.005614,0.046906,0.129306
26.950000,-4.674436,-3.907415,2.372888,0.752320,-0.342254,-0.074508,0.990520,-0.005175,0.046881,0.129019
26.960000,-4.666903,-3.910806,2.372143,0.754189,-0.335999,-0.074367,0.990561,-0.004736,0.046853,0.128732
26.970000,-4.659352,-3.914135,2.371400,0.756054,-0.329739,-0.074225,0.990601,-0.004296,0.046825,0.128445
26.980000,-4.651782,-3.917401,2.370659,0.757916,-0.323474,-0.074084,0.990642,-0.003857,0.046795,0.128157
26.990000,-4.644194,-3.920604,2.369919,0.759775,-0.317203,-0.073942,0.990682,-0.003417,0.046763,0.127870
27.000000,-4.636587,-3.923745,2.369180,0.761631,-0.310928,-0.073800,0.990722,-0.002977,0.046730,0.127583
27.010000,-4.628961,-3.926823,2.368443,0.763485,-0.304647,-0.073658,0.990762,-0.002538,0.046696,0.127295
27.020000,-4.621317,-3.929838,2.367707,0.765335,-0.298362,-0.073516,0.990801,-0.002098,0.046660,0.127007
27.030000,-4.613655,-3.932790,2.366972,0.767182,-0.292072,-0.073374,0.990841,-0.001659,0.046623,0.126720
27.040000,-4.605974,-3.935679,2.366239,0.769026,-0.285777,-0.073231,0.990880,-0.001219,0.046585,0.126432
27.050000,-4.598274,-3.938506,2.365508,0.770866,-0.279478,-0.073089,0.990919,-0.000780,0.046545,0.126144
27.060000,-4.590556,-3.941269,2.364777,0.772704,-0.273174,-0.072946,0.990958,-0.000341,0.046503,0.125856
27.070000,-4.582820,-3.943969,2.364049,0.774539,-0.266866,-0.072803,0.990996,0.000098,0.046461,0.125568
27.080000,-4.575066,-3.946606,2.363321,0.776370,-0.260553,-0.072660,0.991035,0.000537,0.046416,0.125280
27.090000,-4.567293,-3.949180,2.362595,0.778199,-0.254237,-0.072516,0.991073,0.000976,0.046371,0.124992
27.100000,-4.559502,-3.951691,2.361871,0.780024,-0.247916,-0.072373,0.991111,0.001415,0.046324,0.124704
27.110000,-4.551692,-3.954138,2.361148,0.781846,-0.241591,-0.072229,0.991149,0.001853,0.046275,0.124416
27.120000,-4.543865,-3.956523,2.360426,0.783666,-0.235263,-0.072085,0.991186,0.002291,0.046225,0.124128
27.130000,-4.536019,-3.958844,2.359706,0.785482,-0.228930,-0.071941,0.991224,0.002729,0.046174,0.123840
27.140000,-4.528155,-3.961101,2.358988,0.787294,-0.222594,-0.071797,0.991261,0.003166,0.046121,0.123552
27.150000,-4.520273,-3.963295,2.358270,0.789104,-0.216255,-0.071653,0.991298,0.003604,0.046067,0.123263
27.160000,-4.512373,-3.965426,2.357555,0.790911,-0.209912,-0.071508,0.991334,0.004040,0.046011,0.122975
27.170000,-4.504455,-3.967494,2.356840,0.792714,-0.203566,-0.071364,0.991371,0.004477,0.045954,0.122687
27.180000,-4.496519,-3.969498,2.356127,0.794514,-0.197216,-0.071219,0.991407,0.004913,0.045896,0.122398
27.190000,-4.488565,-3.971438,2.355416,0.796311,-0.190863,-0.071074,0.991443,0.005349,0.045836,0.122110
27.200000,-4.480592,-3.973315,2.354706,0.798105,-0.184507,-0.070929,0.991479,0.005784,0.045775,0.121822
27.210000,-4.472602,-3.975128,2.353997,0.799896,-0.178149,-0.070784,0.991515,0.006219,0.045712,0.121533
27.220000,-4.464595,-3.976878,2.353290,0.801683,-0.171787,-0.070638,0.991550,0.006654,0.045648,0.121245
27.230000,-4.456569,-3.978564,2.352584,0.803467,-0.165423,-0.070493,0.991585,0.007088,0.045582,0.120956
27.240000,-4.448525,-3.980186,2.351880,0.805248,-0.159056,-0.070347,0.991620,0.007521,0.045515,0.120668
27.250000,-4.440464,-3.981745,2.351178,0.807026,-0.152686,-0.070201,0.991655,0.007954,0.045447,0.120379
27.260000,-4.432385,-3.983240,2.350476,0.808801,-0.146314,-0.070055,0.991690,0.008386,0.045377,0.120091
27.270000,-4.424288,-3.984671,2.349776,0.810572,-0.139940,-0.069909,0.991724,0.008818,0.045306,0.119802
27.280000,-4.416173,-3.986039,2.349078,0.812340,-0.133563,-0.069762,0.991758,0.009249,0.045233,0.119514
27.290000,-4.408041,-3.987343,2.348381,0.814105,-0.127185,-0.069616,0.991792,0.009680,0.045159,0.119225
27.300000,-4.399891,-3.988582,2.347686,0.815867,-0.120804,-0.069469,0.991826,0.010110,0.045084,0.118937
27.310000,-4.391724,-3.989759,2.346992,0.817625,-0.114421,-0.069322,0.991860,0.010539,0.045007,0.118648
27.320000,-4.383539,-3.990871,2.346299,0.819380,-0.108037,-0.069175,0.991893,0.010968,0.044929,0.118360
27.330000,-4.375336,-3.991919,2.345608,0.821132,-0.101650,-0.069028,0.991926,0.011396,0.044849,0.118072
27.340000,-4.367116,-3.992904,2.344919,0.822880,-0.095262,-0.068881,0.991959,0.011823,0.044768,0.117783
27.350000,-4.358879,-3.993825,2.344231,0.824625,-0.088873,-0.068733,0.991992,0.012250,0.044685,0.117495
27.360000,-4.350624,-3.994681,2.343544,0.826367,-0.082482,-0.068586,0.992025,0.012676,0.044602,0.117206
27.370000,-4.342351,-3.995474,2.342859,0.828106,-0.076090,-0.068438,0.992057,0.013100,0.044516,0.116918
27.380000,-4.334061,-3.996203,2.342175,0.829841,-0.069697,-0.068290,0.992089,0.013525,0.044430,0.116629
27.390000,-4.325754,-3.996868,2.341493,0.831573,-0.063302,-0.068142,0.992121,0.013948,0.044341,0.116341
27.400000,-4.317430,-3.997469,2.340813,0.833302,-0.056907,-0.067994,0.992153,0.014371,0.044252,0.116053
27.410000,-4.309088,-3.998006,2.340133,0.835027,-0.050510,-0.067845,0.992184,0.014792,0.044161,0.115765
27.420000,-4.300730,-3.998479,2.339456,0.836749,-0.044113,-0.067697,0.992216,0.015213,0.044069,0.115476
27.430000,-4.292353,-3.998889,2.338779,0.838468,-0.037715,-0.067548,0.992247,0.015633,0.043975,0.115188
27.440000,-4.283960,-3.999234,2.338105,0.840183,-0.031317,-0.067399,0.992278,0.016052,0.043880,0.114900
27.450000,-4.275550,-3.999515,2.337431,0.841895,-0.024918,-0.067250,0.992308,0.016470,0.043784,0.114612
27.460000,-4.267122,-3.999732,2.336760,0.843603,-0.018518,-0.067101,0.992339,0.016887,0.043686,0.114324
27.470000,-4.258678,-3.999885,2.336089,0.845309,-0.012119,-0.066952,0.992369,0.017303,0.043587,0.114035
27.480000,-4.250216,-3.999974,2.335421,0.847010,-0.005719,-0.066802,0.992399,0.017718,0.043486,0.113747
27.490000,-4.241738,-4.000000,2.334753,0.848709,0.000681,-0.066652,0.992429,0.018132,0.043384,0.113459
27.500000,-4.233242,-3.999961,2.334088,0.850404,0.007081,-0.066503,0.992459,0.018545,0.043281,0.113171
27.510000,-4.224729,-3.999858,2.333423,0.852095,0.013481,-0.066353,0.992489,0.018957,0.043176,0.112884
27.520000,-4.216200,-3.999691,2.332761,0.853784,0.019881,-0.066203,0.992518,0.019367,0.043070,0.112596
27.530000,-4.207654,-3.999460,2.332099,0.855468,0.026280,-0.066053,0.992547,0.019777,0.042962,0.112308
27.540000,-4.199091,-3.999166,2.331439,0.857150,0.032679,-0.065902,0.992576,0.020185,0.042853,0.112020
27.550000,-4.190511,-3.998807,2.330781,0.858828,0.039077,-0.065752,0.992605,0.020593,0.042743,0.111732
27.560000,-4.181914,-3.998384,2.330124,0.860502,0.045475,-0.065601,0.992634,0.020999,0.042632,0.111445
27.570000,-4.173301,-3.997897,2.329469,0.862173,0.051872,-0.065450,0.992662,0.021404,0.042519,0.111157
27.580000,-4.164671,-3.997347,2.328815,0.863841,0.058268,-0.065299,0.992690,0.021808,0.042404,0.110870
27.590000,-4.156024,-3.996732,2.328163,0.865505,0.064664,-0.065148,0.992718,0.022210,0.042289,0.110582
27.600000,-4.147361,-3.996053,2.327512,0.867165,0.071058,-0.064997,0.992746,0.022612,0.042172,0.110295
27.610000,-4.138681,-3.995311,2.326863,0.868823,0.077451,-0.064846,0.992774,0.023012,0.042053,0.110008
27.620000,-4.129984,-3.994504,2.326216,0.870476,0.083843,-0.064694,0.992802,0.023411,0.041934,0.109720
27.630000,-4.121271,-3.993634,2.325569,0.872127,0.090233,-0.064542,0.992829,0.023808,0.041813,0.109433
27.640000,-4.112542,-3.992700,2.324925,0.873773,0.096622,-0.064391,0.992856,0.024204,0.041690,0.109146
27.650000,-4.103796,-3.991702,2.324282,0.875417,0.103010,-0.064239,0.992883,0.024599,0.041566,0.108859
27.660000,-4.095033,-3.990639,2.323640,0.877056,0.109396,-0.064087,0.992910,0.024992,0.041441,0.108572
27.670000,-4.086255,-3.989514,2.323000,0.878693,0.115780,-0.063934,0.992937,0.025384,0.041315,0.108285
27.680000,-4.077459,-3.988324,2.322361,0.880325,0.122162,-0.063782,0.992963,0.025775,0.041187,0.107998
27.690000,-4.068648,-3.987070,2.321724,0.881955,0.128542,-0.063629,0.992989,0.026164,0.041058,0.107711
27.700000,-4.059820,-3.985753,2.321089,0.883580,0.134921,-0.063477,0.993016,0.026552,0.040928,0.107425
27.710000,-4.050976,-3.984372,2.320455,0.885203,0.141297,-0.063324,0.993041,0.026938,0.040796,0.107138
27.720000,-4.042116,-3.982927,2.319822,0.886821,0.147671,-0.063171,0.993067,0.027323,0.040663,0.106852
27.730000,-4.033240,-3.981419,2.319191,0.888436,0.154042,-0.063018,0.993093,0.027706,0.040529,0.106565
27.740000,-4.024348,-3.979846,2.318562,0.890048,0.160411,-0.062865,0.993118,0.028088,0.040393,0.106279
27.750000,-4.015439,-3.978210,2.317934,0.891656,0.166778,-0.062711,0.993144,0.028468,0.040256,0.105993
27.760000,-4.006515,-3.976511,2.317308,0.893260,0.173141,-0.062558,0.993169,0.028847,0.040118,0.105707
27.770000,-3.997574,-3.974748,2.316683,0.894861,0.179502,-0.062404,0.993194,0.029224,0.039978,0.105420
27.780000,-3.988617,-3.972921,2.316060,0.896458,0.185861,-0.062250,0.993219,0.029600,0.039837,0.105134
27.790000,-3.979645,-3.971030,2.315438,0.898052,0.192216,-0.062096,0.993244,0.029973,0.039695,0.104849
27.800000,-3.970656,-3.969076,2.314818,0.899642,0.198568,-0.061942,0.993268,0.030346,0.039552,0.104563
27.810000,-3.961652,-3.967059,2.314199,0.901228,0.204917,-0.061788,0.993292,0.030716,0.039407,0.104277
27.820000,-3.952632,-3.964978,2.313582,0.902811,0.211262,-0.061633,0.993317,0.031085,0.039261,0.103991
27.830000,-3.943596,-3.962834,2.312966,0.904390,0.217605,-0.061479,0.993341,0.031452,0.039114,0.103706
27.840000,-3.934544,-3.960626,2.312352,0.905966,0.223943,-0.061324,0.993365,0.031818,0.038965,0.103420
27.850000,-3.925476,-3.958355,2.311740,0.907538,0.230279,-0.061169,0.993389,0.032182,0.038816,0.103135
27.860000,-3.916393,-3.956020,2.311129,0.909106,0.236610,-0.061015,0.993412,0.032544,0.038665,0.102850
27.870000,-3.907294,-3.953623,2.310520,0.910671,0.242938,-0.060859,0.993436,0.032904,0.038512,0.102565
27.880000,-3.898180,-3.951162,2.309912,0.912232,0.249262,-0.060704,0.993459,0.033263,0.038359,0.102280
27.890000,-3.889050,-3.948637,2.309305,0.913790,0.255582,-0.060549,0.993482,0.033619,0.038204,0.101995
27.900000,-3.879904,-3.946050,2.308701,0.915344,0.261897,-0.060393,0.993506,0.033974,0.038048,0.101710
27.910000,-3.870743,-3.943400,2.308098,0.916894,0.268209,-0.060238,0.993528,0.034327,0.037890,0.101425
27.920000,-3.861566,-3.940686,2.307496,0.918440,0.274516,-0.060082,0.993551,0.034678,0.037732,0.101141
27.930000,-3.852374,-3.937909,2.306896,0.919983,0.280819,-0.059926,0.993574,0.035028,0.037572,0.100856
27.940000,-3.843167,-3.935070,2.306297,0.921522,0.287117,-0.059770,0.993597,0.035375,0.037411,0.100572
27.950000,-3.833944,-3.932167,2.305701,0.923057,0.293411,-0.059614,0.993619,0.035721,0.037249,0.100287
27.960000,-3.824705,-3.929201,2.305105,0.924589,0.299700,-0.059458,0.993641,0.036065,0.037085,0.100003
27.970000,-3.815452,-3.926173,2.304511,0.926117,0.305985,-0.059301,0.993664,0.036406,0.036921,0.099719
27.980000,-3.806183,-3.923082,2.303919,0.927642,0.312264,-0.059145,0.993686,0.036746,0.036755,0.099435
27.990000,-3.796899,-3.919928,2.303328,0.929162,0.318538,-0.058988,0.993708,0.037084,0.036588,0.099151
28.000000,-3.787600,-3.916711,2.302739,0.930679,0.324808,-0.058831,0.993730,0.037420,0.036419,0.098867
28.010000,-3.778285,-3.913432,2.302152,0.932192,0.331072,-0.058674,0.993751,0.037754,0.036250,0.098584
28.020000,-3.768956,-3.910089,2.301566,0.933702,0.337331,-0.058517,0.993773,0.038085,0.036079,0.098300
28.030000,-3.759611,-3.906685,2.300982,0.935207,0.343584,-0.058360,0.993795,0.038415,0.035907,0.098017
28.040000,-3.750252,-3.903218,2.300399,0.936709,0.349832,-0.058203,0.993816,0.038743,0.035734,0.097733
28.050000,-3.740877,-3.899688,2.299817,0.938208,0.356074,-0.058045,0.993837,0.039069,0.035560,0.097450
28.060000,-3.731488,-3.896096,2.299238,0.939702,0.362311,-0.057888,0.993859,0.039392,0.035385,0.097167
28.070000,-3.722083,-3.892442,2.298660,0.941193,0.368542,-0.057730,0.993880,0.039714,0.035208,0.096884
28.080000,-3.712664,-3.888726,2.298083,0.942680,0.374767,-0.057572,0.993901,0.040033,0.035030,0.096601
28.090000,-3.703230,-3.884947,2.297508,0.944163,0.380986,-0.057414,0.993922,0.040350,0.034852,0.096318
28.100000,-3.693781,-3.881106,2.296935,0.945642,0.387199,-0.057256,0.993942,0.040665,0.034672,0.096035
28.110000,-3.684317,-3.877203,2.296363,0.947118,0.393405,-0.057098,0.993963,0.040978,0.034490,0.095753
28.120000,-3.674838,-3.873238,2.295793,0.948590,0.399606,-0.056939,0.993984,0.041289,0.034308,0.095470
28.130000,-3.665345,-3.869211,2.295224,0.950058,0.405800,-0.056781,0.994004,0.041598,0.034125,0.095188
28.140000,-3.655837,-3.865122,2.294657,0.951522,0.411987,-0.056622,0.994025,0.041904,0.033940,0.094906
28.150000,-3.646315,-3.860971,2.294092,0.952982,0.418168,-0.056463,0.994045,0.042208,0.033754,0.094624
28.160000,-3.636778,-3.856758,2.293528,0.954439,0.424342,-0.056304,0.994065,0.042510,0.033568,0.094341
28.170000,-3.627226,-3.852484,2.292966,0.955892,0.430510,-0.056145,0.994085,0.042810,0.033380,0.094060
28.180000,-3.617660,-3.848148,2.292405,0.957341,0.436670,-0.055986,0.994106,0.043107,0.033191,0.093778
28.190000,-3.608079,-3.843751,2.291846,0.958786,0.442824,-0.055827,0.994126,0.043402,0.033001,0.093496
28.200000,-3.598484,-3.839292,2.291289,0.960227,0.448970,-0.055668,0.994146,0.043695,0.032809,0.093214
28.210000,-3.588875,-3.834771,2.290733,0.961665,0.455109,-0.055508,0.994165,0.043986,0.032617,0.092933
28.220000,-3.579251,-3.830190,2.290178,0.963098,0.461241,-0.055348,0.994185,0.044274,0.032424,0.092652
28.230000,-3.569613,-3.825547,2.289626,0.964528,0.467366,-0.055189,0.994205,0.044560,0.032229,0.092370
28.240000,-3.559960,-3.820842,2.289075,0.965954,0.473483,-0.055029,0.994225,0.044843,0.032034,0.092089
28.250000,-3.550293,-3.816077,2.288525,0.967376,0.479593,-0.054869,0.994244,0.045124,0.031837,0.091808
28.260000,-3.540613,-3.811251,2.287977,0.968794,0.485694,-0.054709,0.994264,0.045403,0.031639,0.091527
28.270000,-3.530918,-3.806363,2.287431,0.970209,0.491789,-0.054548,0.994283,0.045679,0.031441,0.091246
28.280000,-3.521208,-3.801415,2.286886,0.971619,0.497875,-0.054388,0.994303,0.045953,0.031241,0.090965
28.290000,-3.511485,-3.796406,2.286343,0.973026,0.503953,-0.054227,0.994322,0.046225,0.031040,0.090685
28.300000,-3.501748,-3.791336,2.285802,0.974428,0.510023,-0.054067,0.994341,0.046494,0.030838,0.090404
28.310000,-3.491997,-3.786205,2.285262,0.975827,0.516085,-0.053906,0.994360,0.046761,0.030636,0.090124
28.320000,-3.482231,-3.781014,2.284724,0.977222,0.522139,-0.053745,0.994380,0.047025,0.030432,0.089844
28.330000,-3.472452,-3.775762,2.284187,0.978613,0.528184,-0.053584,0.994399,0.047287,0.030227,0.089563
28.340000,-3.462659,-3.770450,2.283652,0.980000,0.534221,-0.053423,0.994418,0.047546,0.030021,0.089283
28.350000,-3.452852,-3.765078,2.283119,0.981383,0.540250,-0.053262,0.994437,0.047803,0.029814,0.089003
28.360000,-3.443032,-3.759645,2.282587,0.982762,0.546270,-0.053100,0.994456,0.048057,0.029606,0.088723
28.370000,-3.433197,-3.754153,2.282057,0.984137,0.552281,-0.052939,0.994475,0.048309,0.029397,0.088444
28.380000,-3.423349,-3.748600,2.281528,0.985509,0.558283,-0.052777,0.994494,0.048558,0.029187,0.088164
28.390000,-3.413487,-3.742987,2.281001,0.986876,0.564276,-0.052616,0.994512,0.048804,0.028976,0.087884
28.400000,-3.403611,-3.737314,2.280476,0.988239,0.570260,-0.052454,0.994531,0.049048,0.028765,0.087605
28.410000,-3.393722,-3.731582,2.279952,0.989599,0.576236,-0.052292,0.994550,0.049290,0.028552,0.087325
28.420000,-3.383819,-3.725790,2.279430,0.990954,0.582201,-0.052130,0.994569,0.049529,0.028338,0.087046
28.430000,-3.373903,-3.719938,2.278909,0.992306,0.588158,-0.051968,0.994587,0.049765,0.028123,0.086767
28.440000,-3.363973,-3.714027,2.278390,0.993654,0.594105,-0.051805,0.994606,0.049999,0.027908,0.086488
28.450000,-3.354030,-3.708056,2.277873,0.994997,0.600043,-0.051643,0.994625,0.050230,0.027691,0.086209
28.460000,-3.344073,-3.702026,2.277358,0.996337,0.605971,-0.051480,0.994643,0.050459,0.027474,0.085930
28.470000,-3.334103,-3.695936,2.276844,0.997672,0.611889,-0.051318,0.994662,0.050684,0.027255,0.085651
28.480000,-3.324120,-3.689788,2.276331,0.999004,0.617798,-0.051155,0.994680,0.050908,0.027036,0.085372
28.490000,-3.314123,-3.683581,2.275821,1.000332,0.623697,-0.050992,0.994699,0.051128,0.026815,0.085094
28.500000,-3.304113,-3.677314,2.275311,1.001655,0.629585,-0.050829,0.994717,0.051346,0.026594,0.084815
28.510000,-3.294090,-3.670989,2.274804,1.002975,0.635464,-0.050666,0.994736,0.051561,0.026372,0.084537
28.520000,-3.284054,-3.664605,2.274298,1.004291,0.641333,-0.050503,0.994754,0.051774,0.026149,0.084258
28.530000,-3.274004,-3.658162,2.273794,1.005602,0.647191,-0.050339,0.994773,0.051984,0.025925,0.083980
28.540000,-3.263942,-3.651661,2.273291,1.006910,0.653039,-0.050176,0.994791,0.052191,0.025701,0.083702
28.550000,-3.253866,-3.645101,2.272790,1.008213,0.658876,-0.050012,0.994810,0.052395,0.025475,0.083424
28.560000,-3.243777,-3.638484,2.272291,1.009513,0.664703,-0.049849,0.994828,0.052597,0.025249,0.083146
28.570000,-3.233676,-3.631807,2.271793,1.010808,0.670519,-0.049685,0.994846,0.052795,0.025021,0.082868
28.580000,-3.223561,-3.625073,2.271297,1.012100,0.676325,-0.049521,0.994865,0.052992,0.024793,0.082590
28.590000,-3.213434,-3.618281,2.270803,1.013387,0.682119,-0.049357,0.994883,0.053185,0.024564,0.082312
28.600000,-3.203294,-3.611431,2.270310,1.014671,0.687903,-0.049193,0.994902,0.053375,0.024335,0.082034
28.610000,-3.193140,-3.604523,2.269819,1.015950,0.693676,-0.049029,0.994920,0.053563,0.024104,0.081756
28.620000,-3.182975,-3.597557,2.269330,1.017225,0.699438,-0.048864,0.994938,0.053748,0.023872,0.081479
28.630000,-3.172796,-3.590534,2.268842,1.018496,0.705188,-0.048700,0.994957,0.053931,0.023640,0.081201
28.640000,-3.162605,-3.583454,2.268356,1.019763,0.710927,-0.048535,0.994975,0.054110,0.023407,0.080924
28.650000,-3.152401,-3.576316,2.267871,1.021026,0.716655,-0.048371,0.994994,0.054287,0.023173,0.080647
28.660000,-3.142184,-3.569121,2.267388,1.022285,0.722371,-0.048206,0.995012,0.054460,0.022939,0.080369
28.670000,-3.131955,-3.561868,2.266907,1.023540,0.728076,-0.048041,0.995030,0.054631,0.022703,0.080092
28.680000,-3.121713,-3.554559,2.266427,1.024791,0.733769,-0.047876,0.995049,0.054799,0.022467,0.079815
28.690000,-3.111459,-3.547193,2.265950,1.026037,0.739451,-0.047711,0.995067,0.054965,0.022230,0.079538
28.700000,-3.101193,-3.539770,2.265473,1.027280,0.745120,-0.047546,0.995085,0.055127,0.021992,0.079261
28.710000,-3.090914,-3.532291,2.264999,1.028518,0.750778,-0.047380,0.995104,0.055286,0.021754,0.078984
28.720000,-3.080622,-3.524755,2.264526,1.029753,0.756424,-0.047215,0.995122,0.055443,0.021515,0.078707
28.730000,-3.070319,-3.517162,2.264054,1.030983,0.762057,-0.047049,0.995141,0.055597,0.021275,0.078430
28.740000,-3.060003,-3.509514,2.263585,1.032209,0.767679,-0.046884,0.995159,0.055748,0.021034,0.078153
28.750000,-3.049674,-3.501809,2.263117,1.033431,0.773288,-0.046718,0.995178,0.055896,0.020793,0.077876
28.760000,-3.039334,-3.494048,2.262650,1.034649,0.778884,-0.046552,0.995196,0.056041,0.020550,0.077600
28.770000,-3.028982,-3.486231,2.262186,1.035862,0.784469,-0.046386,0.995215,0.056183,0.020308,0.077323
28.780000,-3.018617,-3.478358,2.261723,1.037072,0.790040,-0.046220,0.995233,0.056322,0.020064,0.077046
28.790000,-3.008240,-3.470430,2.261261,1.038277,0.795599,-0.046054,0.995252,0.056458,0.019820,0.076770
28.800000,-2.997851,-3.462447,2.260801,1.039478,0.801146,-0.045888,0.995270,0.056592,0.019575,0.076493
28.810000,-2.987451,-3.454407,2.260343,1.040676,0.806679,-0.045721,0.995289,0.056722,0.019330,0.076217
28.820000,-2.977038,-3.446313,2.259887,1.041868,0.812200,-0.045555,0.995307,0.056850,0.019083,0.075940
28.830000,-2.966613,-3.438163,2.259432,1.043057,0.817707,-0.045388,0.995326,0.056974,0.018836,0.075664
28.840000,-2.956177,-3.429959,2.258979,1.044242,0.823202,-0.045222,0.995345,0.057096,0.018589,0.075388
28.850000,-2.945728,-3.421699,2.258528,1.045422,0.828683,-0.045055,0.995363,0.057215,0.018341,0.075111
28.860000,-2.935268,-3.413385,2.258078,1.046598,0.834151,-0.044888,0.995382,0.057330,0.018092,0.074835
28.870000,-2.924796,-3.405017,2.257630,1.047770,0.839606,-0.044721,0.995401,0.057443,0.017843,0.074559
28.880000,-2.914313,-3.396593,2.257184,1.048938,0.845047,-0.044554,0.995420,0.057553,0.017593,0.074283
28.890000,-2.903818,-3.388116,2.256739,1.050102,0.850475,-0.044387,0.995438,0.057659,0.017342,0.074006
28.900000,-2.893311,-3.379584,2.256296,1.051261,0.855889,-0.044219,0.995457,0.057763,0.017091,0.073730
28.910000,-2.882792,-3.370998,2.255855,1.052416,0.861290,-0.044052,0.995476,0.057864,0.016839,0.073454
28.920000,-2.872263,-3.362358,2.255415,1.053567,0.866676,-0.043884,0.995495,0.057962,0.016587,0.073178
28.930000,-2.861721,-3.353664,2.254977,1.054714,0.872049,-0.043717,0.995514,0.058056,0.016334,0.072902
28.940000,-2.851168,-3.344917,2.254541,1.055857,0.877408,-0.043549,0.995533,0.058148,0.016080,0.072626
28.950000,-2.840604,-3.336116,2.254106,1.056995,0.882753,-0.043381,0.995552,0.058237,0.015826,0.072350
28.960000,-2.830028,-3.327262,2.253673,1.058129,0.888084,-0.043214,0.995571,0.058323,0.015571,0.072073
28.970000,-2.819441,-3.318355,2.253242,1.059259,0.893400,-0.043046,0.995590,0.058405,0.015316,0.071797
28.980000,-2.808843,-3.309394,2.252812,1.060385,0.898702,-0.042878,0.995609,0.058485,0.015060,0.071521
28.990000,-2.798234,-3.300381,2.252384,1.061506,0.903990,-0.042709,0.995628,0.058562,0.014804,0.071245
29.000000,-2.787613,-3.291314,2.251958,1.062623,0.909263,-0.042541,0.995647,0.058635,0.014547,0.070969
29.010000,-2.776981,-3.282195,2.251533,1.063736,0.914522,-0.042373,0.995667,0.058706,0.014290,0.070693
29.020000,-2.766338,-3.273024,2.251110,1.064845,0.919766,-0.042204,0.995686,0.058773,0.014032,0.070417
29.030000,-2.755684,-3.263800,2.250689,1.065949,0.924996,-0.042036,0.995705,0.058838,0.013774,0.070141
29.040000,-2.745019,-3.254524,2.250270,1.067050,0.930211,-0.041867,0.995724,0.058899,0.013515,0.069865
29.050000,-2.734343,-3.245196,2.249852,1.068145,0.935410,-0.041698,0.995744,0.058958,0.013256,0.069589
29.060000,-2.723656,-3.235816,2.249436,1.069237,0.940595,-0.041530,0.995763,0.059013,0.012996,0.069313
29.070000,-2.712959,-3.226384,2.249021,1.070324,0.945765,-0.041361,0.995783,0.059066,0.012736,0.069037
29.080000,-2.702250,-3.216901,2.248609,1.071407,0.950920,-0.041192,0.995802,0.059115,0.012475,0.068761
29.090000,-2.691531,-3.207366,2.248198,1.072486,0.956059,-0.041022,0.995822,0.059161,0.012214,0.068485
29.100000,-2.680800,-3.197780,2.247788,1.073561,0.961183,-0.040853,0.995841,0.059204,0.011953,0.068208
29.110000,-2.670059,-3.188142,2.247380,1.074631,0.966292,-0.040684,0.995861,0.059244,0.011691,0.067932
29.120000,-2.659308,-3.178454,2.246974,1.075697,0.971385,-0.040515,0.995880,0.059281,0.011429,0.067656
29.130000,-2.648545,-3.168715,2.246570,1.076758,0.976463,-0.040345,0.995900,0.059315,0.011166,0.067380
29.140000,-2.637773,-3.158925,2.246168,1.077815,0.981525,-0.040176,0.995920,0.059346,0.010903,0.067104
29.150000,-2.626989,-3.149084,2.245767,1.078868,0.986571,-0.040006,0.995940,0.059374,0.010639,0.066827
29.160000,-2.616195,-3.139193,2.245367,1.079917,0.991602,-0.039836,0.995959,0.059399,0.010376,0.066551
29.170000,-2.605391,-3.129252,2.244970,1.080961,0.996617,-0.039666,0.995979,0.059420,0.010111,0.066275
29.180000,-2.594576,-3.119261,2.244574,1.082001,1.001616,-0.039496,0.995999,0.059439,0.009847,0.065998
29.190000,-2.583751,-3.109220,2.244180,1.083037,1.006598,-0.039326,0.996019,0.059454,0.009582,0.065722
29.200000,-2.572915,-3.099129,2.243788,1.084068,1.011565,-0.039156,0.996039,0.059467,0.009316,0.065446
29.210000,-2.562069,-3.088989,2.243397,1.085095,1.016516,-0.038986,0.996059,0.059476,0.009051,0.065169
29.220000,-2.551213,-3.078799,2.243008,1.086118,1.021450,-0.038816,0.996079,0.059483,0.008785,0.064893
29.230000,-2.540347,-3.068560,2.242621,1.087136,1.026368,-0.038645,0.996099,0.059486,0.008518,0.064616
29.240000,-2.529471,-3.058271,2.242235,1.088150,1.031269,-0.038475,0.996119,0.059486,0.008252,0.064339
29.250000,-2.518584,-3.047934,2.241851,1.089160,1.036154,-0.038304,0.996140,0.059483,0.007985,0.064063
29.260000,-2.507687,-3.037548,2.241469,1.090165,1.041023,-0.038134,0.996160,0.059477,0.007718,0.063786
29.270000,-2.496781,-3.027114,2.241088,1.091166,1.045874,-0.037963,0.996180,0.059468,0.007450,0.063509
29.280000,-2.485864,-3.016631,2.240710,1.092163,1.050709,-0.037792,0.996200,0.059456,0.007182,0.063232
29.290000,-2.474938,-3.006100,2.240333,1.093155,1.055527,-0.037621,0.996221,0.059441,0.006914,0.062955
29.300000,-2.464001,-2.995521,2.239957,1.094143,1.060329,-0.037450,0.996241,0.059423,0.006646,0.062678
29.310000,-2.453055,-2.984893,2.239584,1.095126,1.065113,-0.037279,0.996261,0.059401,0.006377,0.062401
29.320000,-2.442099,-2.974218,2.239212,1.096105,1.069880,-0.037108,0.996282,0.059377,0.006109,0.062124
29.330000,-2.431133,-2.963496,2.238841,1.097080,1.074631,-0.036937,0.996302,0.059350,0.005840,0.061847
29.340000,-2.420157,-2.952726,2.238473,1.098050,1.079364,-0.036766,0.996323,0.059319,0.005570,0.061569
29.350000,-2.409172,-2.941909,2.238106,1.099016,1.084079,-0.036594,0.996344,0.059285,0.005301,0.061292
29.360000,-2.398177,-2.931044,2.237741,1.099977,1.088778,-0.036423,0.996364,0.059249,0.005031,0.061015
29.370000,-2.387172,-2.920133,2.237378,1.100934,1.093459,-0.036251,0.996385,0.059209,0.004761,0.060737
29.380000,-2.376158,-2.909175,2.237016,1.101887,1.098122,-0.036080,0.996405,0.059166,0.004491,0.060460
29.390000,-2.365134,-2.898171,2.236656,1.102835,1.102768,-0.035908,0.996426,0.059121,0.004221,0.060182
29.400000,-2.354101,-2.887120,2.236298,1.103779,1.107396,-0.035736,0.996447,0.059072,0.003951,0.059904
29.410000,-2.343059,-2.876023,2.235941,1.104719,1.112007,-0.035564,0.996468,0.059020,0.003680,0.059626
29.420000,-2.332007,-2.864880,2.235586,1.105654,1.116599,-0.035392,0.996488,0.058965,0.003410,0.059348
29.430000,-2.320946,-2.853691,2.235233,1.106584,1.121174,-0.035220,0.996509,0.058907,0.003139,0.059070
29.440000,-2.309875,-2.842456,2.234882,1.107510,1.125731,-0.035048,0.996530,0.058846,0.002868,0.058792
29.450000,-2.298796,-2.831176,2.234532,1.108432,1.130270,-0.034876,0.996551,0.058782,0.002597,0.058514
29.460000,-2.287707,-2.819851,2.234185,1.109349,1.134791,-0.034704,0.996572,0.058715,0.002325,0.058235
29.470000,-2.276609,-2.808481,2.233838,1.110262,1.139294,-0.034531,0.996593,0.058645,0.002054,0.057957
29.480000,-2.265501,-2.797065,2.233494,1.111171,1.143778,-0.034359,0.996614,0.058571,0.001783,0.057678
29.490000,-2.254385,-2.785605,2.233151,1.112075,1.148244,-0.034186,0.996635,0.058495,0.001511,0.057399
29.500000,-2.243260,-2.774100,2.232810,1.112974,1.152692,-0.034014,0.996656,0.058416,0.001240,0.057121
29.510000,-2.232126,-2.762551,2.232471,1.113869,1.157121,-0.033841,0.996677,0.058334,0.000968,0.056842
29.520000,-2.220983,-2.750958,2.232133,1.114760,1.161532,-0.033669,0.996698,0.058248,0.000696,0.056563
29.530000,-2.209831,-2.739321,2.231798,1.115646,1.165924,-0.033496,0.996719,0.058160,0.000425,0.056284
29.540000,-2.198670,-2.727640,2.231463,1.116528,1.170298,-0.033323,0.996740,0.058069,0.000153,0.056004
29.550000,-2.187500,-2.715915,2.231131,1.117405,1.174653,-0.033150,0.996762,0.057975,-0.000119,0.055725
29.560000,-2.176322,-2.704147,2.230800,1.118278,1.178989,-0.032977,0.996783,0.057878,-0.000391,0.055445
29.570000,-2.165135,-2.692335,2.230472,1.119146,1.183306,-0.032804,0.996804,0.057777,-0.000663,0.055166
29.580000,-2.153939,-2.680481,2.230144,1.120010,1.187604,-0.032631,0.996825,0.057674,-0.000935,0.054886
29.590000,-2.142734,-2.668583,2.229819,1.120869,1.191884,-0.032457,0.996846,0.057568,-0.001207,0.054606
29.600000,-2.131521,-2.656643,2.229495,1.121724,1.196144,-0.032284,0.996868,0.057459,-0.001478,0.054326
29.610000,-2.120300,-2.644660,2.229173,1.122574,1.200385,-0.032111,0.996889,0.057347,-0.001750,0.054046
29.620000,-2.109070,-2.632635,2.228853,1.123420,1.204607,-0.031937,0.996910,0.057232,-0.002022,0.053765
29.630000,-2.097831,-2.620568,2.228535,1.124262,1.208809,-0.031764,0.996931,0.057114,-0.002294,0.053485
29.640000,-2.086585,-2.608459,2.228218,1.125098,1.212992,-0.031590,0.996953,0.056993,-0.002566,0.053204
29.650000,-2.075330,-2.596308,2.227903,1.125931,1.217156,-0.031416,0.996974,0.056869,-0.002837,0.052923
29.660000,-2.064066,-2.584116,2.227589,1.126759,1.221301,-0.031242,0.996995,0.056742,-0.003109,0.052642
29.670000,-2.052794,-2.571882,2.227278,1.127582,1.225425,-0.031069,0.997017,0.056612,-0.003380,0.052361
29.680000,-2.041514,-2.559608,2.226968,1.128401,1.229531,-0.030895,0.997038,0.056479,-0.003652,0.052080
29.690000,-2.030226,-2.547292,2.226660,1.129215,1.233616,-0.030721,0.997059,0.056344,-0.003923,0.051799
29.700000,-2.018930,-2.534935,2.226354,1.130025,1.237682,-0.030547,0.997080,0.056205,-0.004194,0.051517
29.710000,-2.007626,-2.522538,2.226049,1.130830,1.241728,-0.030373,0.997102,0.056064,-0.004466,0.051235
29.720000,-1.996314,-2.510101,2.225746,1.131631,1.245754,-0.030198,0.997123,0.055919,-0.004737,0.050953
29.730000,-1.984993,-2.497623,2.225445,1.132428,1.249760,-0.030024,0.997144,0.055772,-0.005008,0.050671
29.740000,-1.973665,-2.485106,2.225146,1.133219,1.253746,-0.029850,0.997166,0.055622,-0.005278,0.050389
29.750000,-1.962329,-2.472548,2.224848,1.134006,1.257712,-0.029676,0.997187,0.055469,-0.005549,0.050107
29.760000,-1.950985,-2.459952,2.224552,1.134789,1.261658,-0.029501,0.997208,0.055313,-0.005819,0.049824
29.770000,-1.939633,-2.447315,2.224258,1.135567,1.265584,-0.029327,0.997229,0.055155,-0.006090,0.049542
29.780000,-1.928274,-2.434640,2.223966,1.136341,1.269490,-0.029152,0.997251,0.054993,-0.006360,0.049259
29.790000,-1.916906,-2.421926,2.223675,1.137110,1.273375,-0.028977,0.997272,0.054829,-0.006630,0.048976
29.800000,-1.905531,-2.409173,2.223386,1.137874,1.277240,-0.028803,0.997293,0.054662,-0.006899,0.048692
29.810000,-1.894149,-2.396381,2.223099,1.138634,1.281084,-0.028628,0.997314,0.054491,-0.007169,0.048409
29.820000,-1.882759,-2.383551,2.222814,1.139390,1.284908,-0.028453,0.997336,0.054319,-0.007438,0.048125
29.830000,-1.871361,-2.370683,2.222530,1.140140,1.288712,-0.028278,0.997357,0.054143,-0.007707,0.047842
29.840000,-1.859956,-2.357777,2.222248,1.140887,1.292495,-0.028103,0.997378,0.053965,-0.007976,0.047558
29.850000,-1.848543,-2.344833,2.221968,1.141628,1.296257,-0.027928,0.997399,0.053783,-0.008245,0.047273
29.860000,-1.837123,-2.331852,2.221689,1.142366,1.299998,-0.027753,0.997420,0.053599,-0.008513,0.046989
29.870000,-1.825696,-2.318833,2.221413,1.143098,1.303719,-0.027578,0.997441,0.053412,-0.008781,0.046704
29.880000,-1.814261,-2.305777,2.221138,1.143826,1.307418,-0.027403,0.997462,0.053223,-0.009049,0.046420
29.890000,-1.802820,-2.292685,2.220865,1.144550,1.311097,-0.027227,0.997483,0.053031,-0.009317,0.046135
29.900000,-1.791370,-2.279555,2.220593,1.145268,1.314755,-0.027052,0.997504,0.052836,-0.009584,0.045850
29.910000,-1.779914,-2.266390,2.220324,1.145983,1.318392,-0.026877,0.997525,0.052638,-0.009851,0.045564
29.920000,-1.768451,-2.253188,2.220056,1.146692,1.322007,-0.026701,0.997546,0.052437,-0.010118,0.045279
29.930000,-1.756980,-2.239950,2.219790,1.147397,1.325602,-0.026526,0.997567,0.052234,-0.010385,0.044993
29.940000,-1.745503,-2.226676,2.219525,1.148098,1.329175,-0.026350,0.997588,0.052028,-0.010651,0.044707
29.950000,-1.734018,-2.213366,2.219263,1.148794,1.332727,-0.026175,0.997608,0.051820,-0.010916,0.044421
29.960000,-1.722527,-2.200021,2.219002,1.149485,1.336258,-0.025999,0.997629,0.051608,-0.011182,0.044135
29.970000,-1.711029,-2.186641,2.218743,1.150172,1.339767,-0.025823,0.997650,0.051394,-0.011447,0.043848
29.980000,-1.699524,-2.173226,2.218485,1.150854,1.343255,-0.025647,0.997670,0.051178,-0.011712,0.043561
29.990000,-1.688012,-2.159776,2.218230,1.151531,1.346721,-0.025471,0.997691,0.050958,-0.011976,0.043274
30.000000,-1.676493,-2.146292,2.217976,1.152204,1.350166,-0.025295,0.997711,0.050737,-0.012240,0.042987
30.010000,-1.664968,-2.132773,2.217724,1.152873,1.353590,-0.025120,0.997732,0.050512,-0.012504,0.042700
30.020000,-1.653436,-2.119220,2.217474,1.153536,1.356991,-0.024943,0.997752,0.050285,-0.012767,0.042412
30.030000,-1.641897,-2.105633,2.217225,1.154195,1.360371,-0.024767,0.997773,0.050055,-0.013030,0.042125
30.040000,-1.630352,-2.092013,2.216978,1.154850,1.363729,-0.024591,0.997793,0.049823,-0.013292,0.041836
30.050000,-1.618800,-2.078359,2.216733,1.155500,1.367065,-0.024415,0.997813,0.049588,-0.013554,0.041548
30.060000,-1.607242,-2.064671,2.216490,1.156145,1.370380,-0.024239,0.997833,0.049350,-0.013816,0.041260
30.070000,-1.595677,-2.050951,2.216248,1.156785,1.373672,-0.024062,0.997853,0.049110,-0.014077,0.040971
30.080000,-1.584106,-2.037198,2.216009,1.157421,1.376943,-0.023886,0.997873,0.048868,-0.014338,0.040682
30.090000,-1.572529,-2.023412,2.215771,1.158053,1.380191,-0.023710,0.997893,0.048623,-0.014598,0.040393
30.100000,-1.560945,-2.009594,2.215534,1.158679,1.383418,-0.023533,0.997913,0.048375,-0.014858,0.040104
30.110000,-1.549355,-1.995744,2.215300,1.159301,1.386622,-0.023357,0.997933,0.048125,-0.015118,0.039814
30.120000,-1.537759,-1.981862,2.215067,1.159919,1.389804,-0.023180,0.997953,0.047872,-0.015376,0.039524
30.130000,-1.526157,-1.967948,2.214836,1.160532,1.392964,-0.023003,0.997972,0.047617,-0.015635,0.039234
30.140000,-1.514548,-1.954003,2.214607,1.161140,1.396102,-0.022827,0.997992,0.047360,-0.015893,0.038944
30.150000,-1.502934,-1.940026,2.214380,1.161743,1.399217,-0.022650,0.998011,0.047100,-0.016150,0.038653
30.160000,-1.491313,-1.926018,2.214154,1.162342,1.402310,-0.022473,0.998031,0.046837,-0.016407,0.038363
30.170000,-1.479687,-1.911980,2.213930,1.162936,1.405380,-0.022296,0.998050,0.046572,-0.016664,0.038072
30.180000,-1.468055,-1.897911,2.213708,1.163526,1.408428,-0.022119,0.998069,0.046305,-0.016919,0.037780
30.190000,-1.456417,-1.883811,2.213488,1.164111,1.411453,-0.021943,0.998088,0.046035,-0.017175,0.037489
30.200000,-1.444773,-1.869682,2.213269,1.164691,1.414456,-0.021766,0.998107,0.045763,-0.017430,0.037197
30.210000,-1.433123,-1.855522,2.213053,1.165267,1.417436,-0.021588,0.998126,0.045489,-0.017684,0.036905
30.220000,-1.421467,-1.841333,2.212838,1.165838,1.420394,-0.021411,0.998145,0.045212,-0.017938,0.036613
30.230000,-1.409806,-1.827115,2.212624,1.166404,1.423329,-0.021234,0.998164,0.044933,-0.018191,0.036321
30.240000,-1.398139,-1.812867,2.212413,1.166965,1.426241,-0.021057,0.998182,0.044651,-0.018443,0.036028
30.250000,-1.386467,-1.798590,2.212203,1.167522,1.429130,-0.020880,0.998201,0.044367,-0.018695,0.035735
30.260000,-1.374789,-1.784284,2.211995,1.168075,1.431996,-0.020703,0.998219,0.044081,-0.018947,0.035442
30.270000,-1.363105,-1.769950,2.211789,1.168622,1.434839,-0.020525,0.998238,0.043793,-0.019197,0.035149
30.280000,-1.351416,-1.755587,2.211585,1.169165,1.437660,-0.020348,0.998256,0.043502,-0.019448,0.034855
30.290000,-1.339722,-1.741197,2.211382,1.169703,1.440457,-0.020170,0.998274,0.043209,-0.019697,0.034562
30.300000,-1.328022,-1.726778,2.211181,1.170237,1.443232,-0.019993,0.998292,0.042914,-0.019946,0.034267
30.310000,-1.316317,-1.712332,2.210982,1.170766,1.445983,-0.019816,0.998310,0.042616,-0.020194,0.033973
30.320000,-1.304607,-1.697859,2.210785,1.171290,1.448711,-0.019638,0.998327,0.042317,-0.020442,0.033679
30.330000,-1.292891,-1.683358,2.210590,1.171809,1.451416,-0.019460,0.998345,0.042015,-0.020689,0.033384
30.340000,-1.281171,-1.668831,2.210396,1.172324,1.454098,-0.019283,0.998362,0.041711,-0.020935,0.033089
30.350000,-1.269445,-1.654276,2.210204,1.172834,1.456756,-0.019105,0.998380,0.041404,-0.021181,0.032793
30.360000,-1.257714,-1.639696,2.210014,1.173340,1.459392,-0.018927,0.998397,0.041096,-0.021426,0.032498
30.370000,-1.245978,-1.625089,2.209825,1.173841,1.462003,-0.018750,0.998414,0.040785,-0.021670,0.032202
30.380000,-1.234237,-1.610456,2.209639,1.174337,1.464592,-0.018572,0.998431,0.040473,-0.021914,0.031906
30.390000,-1.222492,-1.595797,2.209454,1.174828,1.467157,-0.018394,0.998447,0.040158,-0.022157,0.031610
30.400000,-1.210741,-1.581112,2.209271,1.175315,1.469698,-0.018216,0.998464,0.039841,-0.022399,0.031313
30.410000,-1.198985,-1.566403,2.209090,1.175796,1.472216,-0.018038,0.998481,0.039522,-0.022641,0.031016
30.420000,-1.187225,-1.551668,2.208910,1.176274,1.474711,-0.017860,0.998497,0.039201,-0.022881,0.030719
30.430000,-1.175460,-1.536909,2.208733,1.176746,1.477182,-0.017682,0.998513,0.038878,-0.023122,0.030422
30.440000,-1.163690,-1.522125,2.208557,1.177214,1.479629,-0.017504,0.998529,0.038553,-0.023361,0.030125
30.450000,-1.151916,-1.507316,2.208382,1.177677,1.482053,-0.017326,0.998545,0.038226,-0.023599,0.029827
30.460000,-1.140136,-1.492484,2.208210,1.178136,1.484452,-0.017148,0.998561,0.037897,-0.023837,0.029529
30.470000,-1.128353,-1.477627,2.208039,1.178589,1.486828,-0.016970,0.998576,0.037566,-0.024074,0.029231
30.480000,-1.116565,-1.462747,2.207871,1.179038,1.489181,-0.016791,0.998592,0.037233,-0.024311,0.028932
30.490000,-1.104772,-1.447844,2.207704,1.179483,1.491509,-0.016613,0.998607,0.036898,-0.024546,0.028633
30.500000,-1.092975,-1.432917,2.207538,1.179922,1.493814,-0.016435,0.998622,0.036561,-0.024781,0.028334
30.510000,-1.081174,-1.417968,2.207375,1.180357,1.496095,-0.016257,0.998637,0.036222,-0.025015,0.028035
30.520000,-1.069368,-1.402995,2.207213,1.180787,1.498351,-0.016078,0.998652,0.035881,-0.025248,0.027735
30.530000,-1.057558,-1.388001,2.207053,1.181212,1.500584,-0.015900,0.998667,0.035539,-0.025480,0.027436
30.540000,-1.045744,-1.372984,2.206895,1.181633,1.502793,-0.015721,0.998681,0.035194,-0.025712,0.027136
30.550000,-1.033925,-1.357945,2.206739,1.182049,1.504978,-0.015543,0.998695,0.034848,-0.025943,0.026835
30.560000,-1.022103,-1.342884,2.206584,1.182460,1.507138,-0.015364,0.998709,0.034500,-0.026172,0.026535
30.570000,-1.010276,-1.327802,2.206432,1.182867,1.509275,-0.015186,0.998723,0.034150,-0.026401,0.026234
30.580000,-0.998445,-1.312699,2.206281,1.183268,1.511387,-0.015007,0.998737,0.033798,-0.026630,0.025933
30.590000,-0.986611,-1.297574,2.206132,1.183665,1.513475,-0.014829,0.998751,0.033445,-0.026857,0.025632
30.600000,-0.974772,-1.282429,2.205984,1.184058,1.515539,-0.014650,0.998764,0.033090,-0.027083,0.025330
30.610000,-0.962930,-1.267264,2.205839,1.184445,1.517579,-0.014471,0.998777,0.032733,-0.027309,0.025029
30.620000,-0.951083,-1.252078,2.205695,1.184828,1.519595,-0.014293,0.998790,0.032374,-0.027534,0.024727
30.630000,-0.939233,-1.236872,2.205553,1.185206,1.521586,-0.014114,0.998803,0.032014,-0.027758,0.024424
30.640000,-0.927379,-1.221646,2.205412,1.185579,1.523553,-0.013935,0.998816,0.031651,-0.027981,0.024122
30.650000,-0.915521,-1.206401,2.205274,1.185948,1.525495,-0.013756,0.998828,0.031288,-0.028203,0.023819
30.660000,-0.903660,-1.191136,2.205137,1.186312,1.527413,-0.013578,0.998841,0.030922,-0.028424,0.023516
30.670000,-0.891795,-1.175853,2.205002,1.186671,1.529307,-0.013399,0.998853,0.030555,-0.028644,0.023213
30.680000,-0.879927,-1.160550,2.204869,1.187025,1.531176,-0.013220,0.998865,0.030187,-0.028863,0.022910
30.690000,-0.868055,-1.145229,2.204738,1.187375,1.533021,-0.013041,0.998876,0.029816,-0.029082,0.022606
30.700000,-0.856179,-1.129890,2.204609,1.187720,1.534841,-0.012862,0.998888,0.029445,-0.029299,0.022302
30.710000,-0.844300,-1.114533,2.204481,1.188060,1.536636,-0.012683,0.998899,0.029071,-0.029516,0.021998
30.720000,-0.832418,-1.099157,2.204355,1.188395,1.538407,-0.012504,0.998910,0.028696,-0.029732,0.021693
30.730000,-0.820532,-1.083765,2.204231,1.188726,1.540153,-0.012325,0.998921,0.028320,-0.029946,0.021389
30.740000,-0.808644,-1.068354,2.204108,1.189052,1.541875,-0.012146,0.998932,0.027942,-0.030160,0.021084
30.750000,-0.796751,-1.052927,2.203988,1.189373,1.543572,-0.011967,0.998942,0.027563,-0.030373,0.020779
30.760000,-0.784856,-1.037483,2.203869,1.189689,1.545245,-0.011788,0.998953,0.027182,-0.030584,0.020473
30.770000,-0.772958,-1.022022,2.203752,1.190001,1.546892,-0.011608,0.998963,0.026799,-0.030795,0.020168
30.780000,-0.761056,-1.006545,2.203637,1.190307,1.548515,-0.011429,0.998973,0.026416,-0.031005,0.019862
30.790000,-0.749152,-0.991052,2.203523,1.190609,1.550113,-0.011250,0.998982,0.026031,-0.031214,0.019556
30.800000,-0.737244,-0.975543,2.203412,1.190907,1.551686,-0.011071,0.998992,0.025644,-0.031422,0.019250
30.810000,-0.725333,-0.960018,2.203302,1.191199,1.553235,-0.010892,0.999001,0.025256,-0.031629,0.018943
30.820000,-0.713420,-0.944479,2.203194,1.191487,1.554758,-0.010712,0.999010,0.024867,-0.031834,0.018636
30.830000,-0.701504,-0.928923,2.203088,1.191770,1.556257,-0.010533,0.999019,0.024476,-0.032039,0.018329
30.840000,-0.689585,-0.913353,2.202983,1.192048,1.557731,-0.010354,0.999027,0.024085,-0.032243,0.018022
30.850000,-0.677663,-0.897769,2.202881,1.192322,1.559180,-0.010174,0.999036,0.023691,-0.032446,0.017715
30.860000,-0.665738,-0.882170,2.202780,1.192590,1.560604,-0.009995,0.999044,0.023297,-0.032647,0.017407
30.870000,-0.653811,-0.866557,2.202681,1.192854,1.562003,-0.009816,0.999052,0.022901,-0.032848,0.017099
30.880000,-0.641881,-0.850930,2.202584,1.193113,1.563377,-0.009636,0.999059,0.022505,-0.033048,0.016791
30.890000,-0.629949,-0.835289,2.202488,1.193368,1.564726,-0.009457,0.999067,0.022106,-0.033246,0.016483
30.900000,-0.618014,-0.819636,2.202394,1.193617,1.566050,-0.009277,0.999074,0.021707,-0.033444,0.016174
30.910000,-0.606076,-0.803969,2.202303,1.193862,1.567349,-0.009098,0.999081,0.021307,-0.033640,0.015865
30.920000,-0.594137,-0.788289,2.202212,1.194102,1.568622,-0.008918,0.999088,0.020905,-0.033835,0.015556
30.930000,-0.582194,-0.772596,2.202124,1.194337,1.569871,-0.008739,0.999094,0.020503,-0.034030,0.015247
30.940000,-0.570250,-0.756891,2.202038,1.194568,1.571095,-0.008559,0.999100,0.020099,-0.034223,0.014938
30.950000,-0.558303,-0.741174,2.201953,1.194794,1.572293,-0.008380,0.999106,0.019694,-0.034415,0.014628
30.960000,-0.546354,-0.725446,2.201870,1.195015,1.573466,-0.008200,0.999112,0.019288,-0.034606,0.014318
30.970000,-0.534403,-0.709705,2.201789,1.195231,1.574615,-0.008021,0.999118,0.018881,-0.034796,0.014008
30.980000,-0.522449,-0.693953,2.201710,1.195442,1.575737,-0.007841,0.999123,0.018473,-0.034985,0.013698
30.990000,-0.510494,-0.678190,2.201632,1.195649,1.576835,-0.007661,0.999128,0.018064,-0.035172,0.013388
31.000000,-0.498536,-0.662417,2.201556,1.195851,1.577908,-0.007482,0.999133,0.017654,-0.035359,0.013077
31.010000,-0.486577,-0.646632,2.201483,1.196048,1.578955,-0.007302,0.999138,0.017243,-0.035544,0.012766
31.020000,-0.474615,-0.630838,2.201410,1.196240,1.579977,-0.007122,0.999142,0.016831,-0.035729,0.012455
31.030000,-0.462652,-0.615033,2.201340,1.196427,1.580974,-0.006943,0.999146,0.016418,-0.035912,0.012144
31.040000,-0.450687,-0.599218,2.201272,1.196610,1.581945,-0.006763,0.999150,0.016004,-0.036094,0.011832
31.050000,-0.438720,-0.583394,2.201205,1.196788,1.582891,-0.006583,0.999154,0.015590,-0.036275,0.011521
31.060000,-0.426751,-0.567561,2.201140,1.196961,1.583812,-0.006404,0.999157,0.015174,-0.036455,0.011209
31.070000,-0.414781,-0.551718,2.201077,1.197129,1.584707,-0.006224,0.999160,0.014758,-0.036633,0.010897
31.080000,-0.402809,-0.535867,2.201015,1.197293,1.585577,-0.006044,0.999163,0.014341,-0.036811,0.010584
31.090000,-0.390835,-0.520006,2.200956,1.197451,1.586422,-0.005864,0.999166,0.013923,-0.036987,0.010272
31.100000,-0.378860,-0.504138,2.200898,1.197605,1.587241,-0.005685,0.999168,0.013504,-0.037162,0.009959
31.110000,-0.366883,-0.488262,2.200842,1.197755,1.588035,-0.005505,0.999171,0.013085,-0.037336,0.009647
31.120000,-0.354905,-0.472378,2.200788,1.197899,1.588804,-0.005325,0.999172,0.012665,-0.037508,0.009334
31.130000,-0.342925,-0.456486,2.200736,1.198038,1.589547,-0.005145,0.999174,0.012244,-0.037680,0.009021
31.140000,-0.330944,-0.440587,2.200685,1.198173,1.590265,-0.004965,0.999176,0.011822,-0.037850,0.008707
31.150000,-0.318961,-0.424681,2.200636,1.198303,1.590957,-0.004785,0.999177,0.011400,-0.038019,0.008394
31.160000,-0.306978,-0.408768,2.200589,1.198428,1.591624,-0.004606,0.999178,0.010977,-0.038187,0.008080
31.170000,-0.294993,-0.392848,2.200544,1.198549,1.592265,-0.004426,0.999178,0.010553,-0.038354,0.007766
31.180000,-0.283007,-0.376922,2.200501,1.198664,1.592881,-0.004246,0.999179,0.010129,-0.038520,0.007452
31.190000,-0.271020,-0.360991,2.200459,1.198775,1.593471,-0.004066,0.999179,0.009705,-0.038684,0.007138
31.200000,-0.259031,-0.345053,2.200420,1.198881,1.594036,-0.003886,0.999179,0.009279,-0.038847,0.006824
31.210000,-0.247042,-0.329110,2.200382,1.198982,1.594575,-0.003706,0.999178,0.008853,-0.039009,0.006509
31.220000,-0.235052,-0.313162,2.200345,1.199079,1.595089,-0.003526,0.999178,0.008427,-0.039169,0.006194
31.230000,-0.223060,-0.297208,2.200311,1.199170,1.595577,-0.003346,0.999177,0.008000,-0.039329,0.005880
31.240000,-0.211068,-0.281250,2.200279,1.199257,1.596040,-0.003166,0.999176,0.007573,-0.039487,0.005565
31.250000,-0.199075,-0.265288,2.200248,1.199339,1.596477,-0.002986,0.999175,0.007145,-0.039644,0.005249
31.260000,-0.187082,-0.249321,2.200219,1.199417,1.596889,-0.002806,0.999173,0.006717,-0.039799,0.004934
31.270000,-0.175087,-0.233350,2.200192,1.199489,1.597275,-0.002626,0.999171,0.006288,-0.039954,0.004619
31.280000,-0.163092,-0.217375,2.200166,1.199557,1.597636,-0.002447,0.999169,0.005859,-0.040107,0.004303
31.290000,-0.151096,-0.201397,2.200143,1.199619,1.597971,-0.002267,0.999167,0.005430,-0.040259,0.003987
31.300000,-0.139099,-0.185416,2.200121,1.199677,1.598280,-0.002087,0.999164,0.005000,-0.040409,0.003671
31.310000,-0.127102,-0.169432,2.200101,1.199731,1.598564,-0.001907,0.999161,0.004570,-0.040559,0.003355
31.320000,-0.115105,-0.153445,2.200083,1.199779,1.598822,-0.001727,0.999158,0.004140,-0.040707,0.003039
31.330000,-0.103107,-0.137455,2.200066,1.199823,1.599055,-0.001547,0.999155,0.003709,-0.040853,0.002723
31.340000,-0.091108,-0.121464,2.200052,1.199862,1.599262,-0.001367,0.999151,0.003278,-0.040999,0.002407
31.350000,-0.079110,-0.105470,2.200039,1.199896,1.599444,-0.001187,0.999147,0.002847,-0.041143,0.002090
31.360000,-0.067110,-0.089475,2.200028,1.199925,1.599600,-0.001007,0.999143,0.002416,-0.041286,0.001773
31.370000,-0.055111,-0.073478,2.200019,1.199949,1.599730,-0.000827,0.999138,0.001984,-0.041428,0.001457
31.380000,-0.043111,-0.057480,2.200012,1.199969,1.599835,-0.000647,0.999134,0.001552,-0.041568,0.001140
31.390000,-0.031112,-0.041482,2.200006,1.199984,1.599914,-0.000467,0.999129,0.001120,-0.041707,0.000823
31.400000,-0.019112,-0.025482,2.200002,1.199994,1.599968,-0.000287,0.999124,0.000688,-0.041845,0.000505
31.410000,-0.007112,-0.009482,2.200000,1.199999,1.599996,-0.000107,0.999118,0.000256,-0.041981,0.000188
31.420000,0.004888,0.006518,2.200000,1.200000,1.599998,0.000073,0.999113,-0.000176,-0.042116,-0.000129
31.430000,0.016888,0.022517,2.200002,1.199995,1.599975,0.000253,0.999107,-0.000608,-0.042250,-0.000447
31.440000,0.028888,0.038517,2.200005,1.199986,1.599926,0.000433,0.999101,-0.001041,-0.042382,-0.000764
31.450000,0.040888,0.054516,2.200010,1.199972,1.599851,0.000613,0.999094,-0.001473,-0.042513,-0.001082
31.460000,0.052887,0.070514,2.200017,1.199953,1.599751,0.000793,0.999088,-0.001905,-0.042643,-0.001400
31.470000,0.064887,0.086511,2.200026,1.199930,1.599626,0.000973,0.999081,-0.002338,-0.042772,-0.001718
31.480000,0.076886,0.102506,2.200037,1.199901,1.599475,0.001153,0.999074,-0.002770,-0.042899,-0.002036
31.490000,0.088885,0.118500,2.200049,1.199868,1.599298,0.001333,0.999066,-0.003202,-0.043025,-0.002354
31.500000,0.100883,0.134492,2.200064,1.199830,1.599095,0.001513,0.999058,-0.003635,-0.043149,-0.002672
31.510000,0.112881,0.150482,2.200080,1.199788,1.598867,0.001693,0.999051,-0.004067,-0.043272,-0.002990
31.520000,0.124879,0.166469,2.200097,1.199740,1.598614,0.001873,0.999042,-0.004499,-0.043394,-0.003309
31.530000,0.136876,0.182454,2.200117,1.199688,1.598335,0.002053,0.999034,-0.004930,-0.043514,-0.003627
31.540000,0.148873,0.198436,2.200139,1.199631,1.598030,0.002233,0.999025,-0.005362,-0.043633,-0.003946
31.550000,0.160869,0.214415,2.200162,1.199569,1.597700,0.002413,0.999017,-0.005793,-0.043751,-0.004264
31.560000,0.172864,0.230390,2.200187,1.199502,1.597344,0.002593,0.999007,-0.006225,-0.043867,-0.004583
31.570000,0.184859,0.246362,2.200214,1.199430,1.596962,0.002773,0.998998,-0.006656,-0.043982,-0.004902
31.580000,0.196853,0.262329,2.200242,1.199354,1.596555,0.002953,0.998989,-0.007086,-0.044096,-0.005220
31.590000,0.208846,0.278293,2.200273,1.199273,1.596123,0.003133,0.998979,-0.007517,-0.044208,-0.005539
31.600000,0.220838,0.294252,2.200305,1.199187,1.595665,0.003313,0.998969,-0.007947,-0.044319,-0.005858
31.610000,0.232830,0.310206,2.200339,1.199096,1.595181,0.003493,0.998958,-0.008377,-0.044429,-0.006177
31.620000,0.244820,0.326155,2.200375,1.199001,1.594672,0.003673,0.998948,-0.008806,-0.044537,-0.006496
31.630000,0.256810,0.342099,2.200412,1.198900,1.594138,0.003853,0.998937,-0.009235,-0.044644,-0.006815
31.640000,0.268798,0.358038,2.200452,1.198795,1.593578,0.004033,0.998926,-0.009664,-0.044749,-0.007135
31.650000,0.280786,0.373971,2.200493,1.198685,1.592992,0.004212,0.998915,-0.010092,-0.044853,-0.007454
31.660000,0.292772,0.389897,2.200536,1.198571,1.592381,0.004392,0.998903,-0.010520,-0.044956,-0.007773
31.670000,0.304757,0.405818,2.200581,1.198451,1.591744,0.004572,0.998892,-0.010948,-0.045057,-0.008092
31.680000,0.316741,0.421732,2.200628,1.198327,1.591082,0.004752,0.998880,-0.011375,-0.045157,-0.008412
31.690000,0.328723,0.437640,2.200676,1.198198,1.590395,0.004932,0.998868,-0.011801,-0.045256,-0.008731
31.700000,0.340705,0.453540,2.200726,1.198064,1.589682,0.005112,0.998855,-0.012227,-0.045353,-0.009050
31.710000,0.352685,0.469433,2.200778,1.197925,1.588943,0.005292,0.998843,-0.012652,-0.045448,-0.009370
31.720000,0.364663,0.485319,2.200832,1.197782,1.588180,0.005471,0.998830,-0.013077,-0.045543,-0.009689
31.730000,0.376640,0.501197,2.200888,1.197633,1.587390,0.005651,0.998817,-0.013502,-0.045636,-0.010009
31.740000,0.388616,0.517067,2.200945,1.197480,1.586576,0.005831,0.998804,-0.013925,-0.045727,-0.010328
31.750000,0.400590,0.532928,2.201004,1.197322,1.585736,0.006011,0.998790,-0.014348,-0.045817,-0.010648
31.760000,0.412562,0.548781,2.201065,1.197160,1.584870,0.006191,0.998776,-0.014771,-0.045906,-0.010967
31.770000,0.424533,0.564625,2.201128,1.196992,1.583980,0.006370,0.998762,-0.015192,-0.045994,-0.011287
31.780000,0.436502,0.580461,2.201193,1.196820,1.583064,0.006550,0.998748,-0.015613,-0.046079,-0.011606
31.790000,0.448470,0.596287,2.201259,1.196643,1.582122,0.006730,0.998734,-0.016034,-0.046164,-0.011926
31.800000,0.460435,0.612103,2.201327,1.196461,1.581156,0.006909,0.998719,-0.016453,-0.046247,-0.012245
31.810000,0.472399,0.627910,2.201397,1.196275,1.580164,0.007089,0.998705,-0.016872,-0.046329,-0.012565
31.820000,0.484361,0.643706,2.201469,1.196084,1.579146,0.007269,0.998690,-0.017290,-0.046409,-0.012884
31.830000,0.496320,0.659493,2.201543,1.195887,1.578104,0.007449,0.998675,-0.017708,-0.046488,-0.013204
31.840000,0.508278,0.675268,2.201618,1.195686,1.577036,0.007628,0.998659,-0.018124,-0.046566,-0.013523
31.850000,0.520234,0.691033,2.201695,1.195481,1.575943,0.007808,0.998644,-0.018540,-0.046642,-0.013843
31.860000,0.532188,0.706787,2.201774,1.195270,1.574825,0.007987,0.998628,-0.018955,-0.046716,-0.014162
31.870000,0.544139,0.722530,2.201855,1.195055,1.573681,0.008167,0.998612,-0.019369,-0.046790,-0.014482
31.880000,0.556089,0.738261,2.201937,1.194835,1.572512,0.008347,0.998596,-0.019782,-0.046862,-0.014801
31.890000,0.568036,0.753980,2.202022,1.194610,1.571319,0.008526,0.998579,-0.020194,-0.046932,-0.015121
31.900000,0.579981,0.769687,2.202108,1.194381,1.570100,0.008706,0.998563,-0.020605,-0.047001,-0.015440
31.910000,0.591924,0.785382,2.202196,1.194146,1.568856,0.008885,0.998546,-0.021015,-0.047069,-0.015760
31.920000,0.603864,0.801064,2.202286,1.193907,1.567587,0.009065,0.998529,-0.021425,-0.047135,-0.016079
31.930000,0.615802,0.816733,2.202377,1.193663,1.566292,0.009244,0.998512,-0.021833,-0.047200,-0.016398
31.940000,0.627737,0.832390,2.202471,1.193414,1.564973,0.009424,0.998495,-0.022240,-0.047263,-0.016717
31.950000,0.639670,0.848033,2.202566,1.193161,1.563629,0.009603,0.998477,-0.022646,-0.047325,-0.017037
31.960000,0.651600,0.863662,2.202663,1.192903,1.562259,0.009782,0.998460,-0.023051,-0.047385,-0.017356
31.970000,0.663528,0.879278,2.202761,1.192640,1.560865,0.009962,0.998442,-0.023456,-0.047444,-0.017675
31.980000,0.675453,0.894879,2.202862,1.192372,1.559446,0.010141,0.998424,-0.023858,-0.047502,-0.017994
31.990000,0.687376,0.910467,2.202964,1.192099,1.558001,0.010321,0.998406,-0.024260,-0.047558,-0.018313
32.000000,0.699295,0.926039,2.203068,1.191822,1.556532,0.010500,0.998388,-0.024661,-0.047613,-0.018632
32.010000,0.711212,0.941597,2.203174,1.191540,1.555038,0.010679,0.998369,-0.025061,-0.047667,-0.018951
32.020000,0.723126,0.957140,2.203282,1.191253,1.553519,0.010858,0.998350,-0.025459,-0.047719,-0.019270
32.030000,0.735037,0.972667,2.203391,1.190961,1.551975,0.011038,0.998332,-0.025856,-0.047769,-0.019589
32.040000,0.746945,0.988179,2.203503,1.190665,1.550406,0.011217,0.998313,-0.026252,-0.047818,-0.019907
32.050000,0.758850,1.003676,2.203616,1.190364,1.548813,0.011396,0.998293,-0.026647,-0.047866,-0.020226
32.060000,0.770752,1.019156,2.203731,1.190058,1.547195,0.011575,0.998274,-0.027040,-0.047912,-0.020544
32.070000,0.782652,1.034619,2.203847,1.189747,1.545552,0.011754,0.998255,-0.027433,-0.047957,-0.020863
32.080000,0.794547,1.050067,2.203966,1.189432,1.543884,0.011934,0.998235,-0.027823,-0.048001,-0.021181
32.090000,0.806440,1.065497,2.204086,1.189112,1.542191,0.012113,0.998215,-0.028213,-0.048043,-0.021500
32.100000,0.818330,1.080910,2.204208,1.188787,1.540474,0.012292,0.998195,-0.028601,-0.048083,-0.021818
32.110000,0.830216,1.096306,2.204332,1.188457,1.538733,0.012471,0.998175,-0.028988,-0.048122,-0.022136
32.120000,0.842099,1.111685,2.204457,1.188122,1.536966,0.012650,0.998155,-0.029374,-0.048160,-0.022454
32.130000,0.853978,1.127046,2.204585,1.187783,1.535175,0.012829,0.998135,-0.029758,-0.048197,-0.022772
32.140000,0.865854,1.142388,2.204714,1.187439,1.533360,0.013008,0.998114,-0.030140,-0.048231,-0.023090
32.150000,0.877727,1.157713,2.204845,1.187090,1.531520,0.013187,0.998094,-0.030522,-0.048265,-0.023408
32.160000,0.889596,1.173019,2.204978,1.186737,1.529655,0.013366,0.998073,-0.030902,-0.048297,-0.023725
32.170000,0.901462,1.188306,2.205112,1.186379,1.527766,0.013544,0.998052,-0.031280,-0.048328,-0.024043
32.180000,0.913324,1.203574,2.205249,1.186016,1.525852,0.013723,0.998031,-0.031657,-0.048357,-0.024360
32.190000,0.925182,1.218823,2.205387,1.185648,1.523915,0.013902,0.998010,-0.032032,-0.048385,-0.024678
32.200000,0.937037,1.234052,2.205527,1.185276,1.521952,0.014081,0.997989,-0.032406,-0.048411,-0.024995
32.210000,0.948888,1.249262,2.205668,1.184899,1.519966,0.014260,0.997967,-0.032778,-0.048436,-0.025312
32.220000,0.960735,1.264451,2.205812,1.184517,1.517955,0.014438,0.997946,-0.033149,-0.048460,-0.025629
32.230000,0.972578,1.279621,2.205957,1.184130,1.515919,0.014617,0.997924,-0.033518,-0.048482,-0.025946
32.240000,0.984417,1.294770,2.206104,1.183739,1.513860,0.014796,0.997903,-0.033885,-0.048503,-0.026263
32.250000,0.996253,1.309898,2.206253,1.183342,1.511776,0.014974,0.997881,-0.034251,-0.048522,-0.026579
32.260000,1.008084,1.325005,2.206404,1.182942,1.509668,0.015153,0.997859,-0.034616,-0.048540,-0.026896
32.270000,1.019911,1.340091,2.206556,1.182536,1.507536,0.015331,0.997837,-0.034978,-0.048557,-0.027212
32.280000,1.031735,1.355156,2.206710,1.182126,1.505380,0.015510,0.997815,-0.035339,-0.048572,-0.027528
32.290000,1.043554,1.370199,2.206866,1.181711,1.503200,0.015688,0.997792,-0.035698,-0.048586,-0.027844
32.300000,1.055369,1.385220,2.207024,1.181291,1.500995,0.015867,0.997770,-0.036056,-0.048598,-0.028160
32.310000,1.067180,1.400218,2.207184,1.180866,1.498767,0.016045,0.997748,-0.036412,-0.048609,-0.028476
32.320000,1.078986,1.415195,2.207345,1.180437,1.496515,0.016223,0.997725,-0.036766,-0.048618,-0.028792
32.330000,1.090788,1.430149,2.207508,1.180003,1.494238,0.016402,0.997703,-0.037118,-0.048626,-0.029107
32.340000,1.102586,1.445079,2.207673,1.179564,1.491938,0.016580,0.997680,-0.037469,-0.048633,-0.029423
32.350000,1.114380,1.459987,2.207840,1.179121,1.489614,0.016758,0.997657,-0.037817,-0.048638,-0.029738
32.360000,1.126169,1.474872,2.208008,1.178673,1.487266,0.016937,0.997634,-0.038164,-0.048642,-0.030053
32.370000,1.137953,1.489733,2.208178,1.178220,1.484894,0.017115,0.997611,-0.038509,-0.048645,-0.030368
32.380000,1.149733,1.504570,2.208350,1.177763,1.482499,0.017293,0.997588,-0.038852,-0.048646,-0.030682
32.390000,1.161508,1.519382,2.208524,1.177300,1.480080,0.017471,0.997565,-0.039194,-0.048646,-0.030997
32.400000,1.173279,1.534171,2.208700,1.176833,1.477637,0.017649,0.997542,-0.039533,-0.048644,-0.031311
32.410000,1.185045,1.548935,2.208877,1.176362,1.475171,0.017827,0.997519,-0.039871,-0.048641,-0.031625
32.420000,1.196806,1.563674,2.209056,1.175885,1.472680,0.018005,0.997496,-0.040206,-0.048637,-0.031940
32.430000,1.208563,1.578389,2.209237,1.175404,1.470167,0.018183,0.997472,-0.040540,-0.048631,-0.032253
32.440000,1.220314,1.593078,2.209420,1.174918,1.467630,0.018361,0.997449,-0.040872,-0.048624,-0.032567
32.450000,1.232061,1.607741,2.209604,1.174428,1.465069,0.018539,0.997426,-0.041202,-0.048615,-0.032881
32.460000,1.243803,1.622379,2.209791,1.173933,1.462485,0.018717,0.997402,-0.041529,-0.048605,-0.033194
32.470000,1.255540,1.636991,2.209979,1.173433,1.459877,0.018894,0.997379,-0.041855,-0.048594,-0.033507
32.480000,1.267272,1.651576,2.210169,1.172928,1.457246,0.019072,0.997355,-0.042179,-0.048581,-0.033820
32.490000,1.278998,1.666136,2.210360,1.172419,1.454592,0.019250,0.997331,-0.042501,-0.048567,-0.034133
32.500000,1.290720,1.680668,2.210554,1.171905,1.451915,0.019427,0.997308,-0.042820,-0.048552,-0.034446
32.510000,1.302436,1.695174,2.210749,1.171387,1.449214,0.019605,0.997284,-0.043138,-0.048535,-0.034758
32.520000,1.314148,1.709652,2.210946,1.170863,1.446490,0.019783,0.997260,-0.043453,-0.048517,-0.035070
32.530000,1.325854,1.724104,2.211144,1.170335,1.443743,0.019960,0.997236,-0.043767,-0.048497,-0.035382
32.540000,1.337554,1.738527,2.211345,1.169803,1.440973,0.020138,0.997213,-0.044078,-0.048477,-0.035694
32.550000,1.349250,1.752923,2.211547,1.169265,1.438180,0.020315,0.997189,-0.044387,-0.048454,-0.036006
32.560000,1.360940,1.767291,2.211751,1.168723,1.435364,0.020492,0.997165,-0.044694,-0.048431,-0.036317
32.570000,1.372624,1.781630,2.211957,1.168176,1.432525,0.020670,0.997141,-0.044999,-0.048406,-0.036628
32.580000,1.384303,1.795941,2.212165,1.167625,1.429663,0.020847,0.997117,-0.045302,-0.048380,-0.036939
32.590000,1.395977,1.810223,2.212374,1.167069,1.426778,0.021024,0.997093,-0.045602,-0.048352,-0.037250
32.600000,1.407644,1.824477,2.212585,1.166508,1.423870,0.021201,0.997069,-0.045901,-0.048323,-0.037561
32.610000,1.419307,1.838701,2.212798,1.165943,1.420939,0.021379,0.997045,-0.046197,-0.048293,-0.037871
32.620000,1.430963,1.852895,2.213013,1.165373,1.417986,0.021556,0.997021,-0.046491,-0.048261,-0.038182
32.630000,1.442614,1.867060,2.213229,1.164798,1.415010,0.021733,0.996997,-0.046782,-0.048228,-0.038492
32.640000,1.454259,1.881195,2.213447,1.164219,1.412012,0.021910,0.996973,-0.047072,-0.048194,-0.038801
32.650000,1.465899,1.895300,2.213667,1.163635,1.408990,0.022087,0.996949,-0.047359,-0.048158,-0.039111
32.660000,1.477532,1.909375,2.213889,1.163046,1.405947,0.022264,0.996926,-0.047643,-0.048121,-0.039420
32.670000,1.489159,1.923419,2.214113,1.162453,1.402880,0.022440,0.996902,-0.047926,-0.048083,-0.039729
32.680000,1.500781,1.937433,2.214338,1.161855,1.399792,0.022617,0.996878,-0.048206,-0.048043,-0.040038
32.690000,1.512397,1.951415,2.214565,1.161252,1.396681,0.022794,0.996854,-0.048484,-0.048002,-0.040347
32.700000,1.524006,1.965366,2.214794,1.160645,1.393547,0.022971,0.996830,-0.048759,-0.047960,-0.040655
32.710000,1.535609,1.979286,2.215024,1.160033,1.390391,0.023147,0.996806,-0.049032,-0.047917,-0.040963
32.720000,1.547207,1.993174,2.215257,1.159416,1.387213,0.023324,0.996782,-0.049303,-0.047872,-0.041271
32.730000,1.558798,2.007030,2.215491,1.158795,1.384013,0.023500,0.996758,-0.049571,-0.047826,-0.041579
32.740000,1.570383,2.020854,2.215727,1.158169,1.380791,0.023677,0.996734,-0.049837,-0.047778,-0.041887
32.750000,1.581961,2.034646,2.215964,1.157539,1.377547,0.023853,0.996710,-0.050101,-0.047730,-0.042194
32.760000,1.593533,2.048405,2.216204,1.156904,1.374280,0.024030,0.996687,-0.050362,-0.047680,-0.042501
32.770000,1.605099,2.062131,2.216445,1.156264,1.370992,0.024206,0.996663,-0.050620,-0.047628,-0.042808
32.780000,1.616659,2.075825,2.216688,1.155620,1.367681,0.024382,0.996639,-0.050876,-0.047576,-0.043114
32.790000,1.628212,2.089485,2.216933,1.154971,1.364349,0.024559,0.996615,-0.051130,-0.047522,-0.043421
32.800000,1.639758,2.103112,2.217179,1.154317,1.360995,0.024735,0.996592,-0.051381,-0.047467,-0.043727
32.810000,1.651298,2.116705,2.217427,1.153659,1.357619,0.024911,0.996568,-0.051630,-0.047410,-0.044033
32.820000,1.662831,2.130264,2.217677,1.152996,1.354222,0.025087,0.996544,-0.051876,-0.047352,-0.044338
32.830000,1.674358,2.143789,2.217929,1.152329,1.350802,0.025263,0.996521,-0.052120,-0.047293,-0.044644
32.840000,1.685878,2.157280,2.218183,1.151656,1.347361,0.025439,0.996497,-0.052361,-0.047233,-0.044949
32.850000,1.697391,2.170736,2.218438,1.150980,1.343899,0.025615,0.996474,-0.052599,-0.047172,-0.045254
32.860000,1.708897,2.184158,2.218695,1.150299,1.340415,0.025791,0.996451,-0.052835,-0.047109,-0.045558
32.870000,1.720397,2.197545,2.218954,1.149613,1.336910,0.025966,0.996427,-0.053069,-0.047045,-0.045863
32.880000,1.731890,2.210896,2.219214,1.148922,1.333383,0.026142,0.996404,-0.053300,-0.046980,-0.046167
32.890000,1.743375,2.224212,2.219476,1.148227,1.329835,0.026318,0.996381,-0.053528,-0.046913,-0.046471
32.900000,1.754854,2.237493,2.219741,1.147528,1.326266,0.026493,0.996357,-0.053754,-0.046845,-0.046774
32.910000,1.766326,2.250737,2.220006,1.146823,1.322675,0.026669,0.996334,-0.053977,-0.046776,-0.047078
32.920000,1.777790,2.263946,2.220274,1.146114,1.319063,0.026844,0.996311,-0.054197,-0.046706,-0.047381
32.930000,1.789248,2.277119,2.220543,1.145401,1.315430,0.027020,0.996288,-0.054415,-0.046635,-0.047684
32.940000,1.800698,2.290255,2.220814,1.144683,1.311776,0.027195,0.996265,-0.054630,-0.046562,-0.047986
32.950000,1.812142,2.303354,2.221087,1.143961,1.308102,0.027370,0.996243,-0.054843,-0.046488,-0.048289
32.960000,1.823578,2.316417,2.221362,1.143233,1.304406,0.027545,0.996220,-0.055053,-0.046413,-0.048591
32.970000,1.835006,2.329442,2.221638,1.142502,1.300689,0.027721,0.996197,-0.055260,-0.046337,-0.048893
32.980000,1.846428,2.342430,2.221916,1.141765,1.296952,0.027896,0.996175,-0.055464,-0.046259,-0.049194
32.990000,1.857842,2.355381,2.222196,1.141025,1.293193,0.028071,0.996152,-0.055666,-0.046180,-0.049495
33.000000,1.869248,2.368294,2.222478,1.140279,1.289414,0.028246,0.996130,-0.055865,-0.046100,-0.049797
33.010000,1.880647,2.381169,2.222761,1.139529,1.285615,0.028421,0.996107,-0.056061,-0.046019,-0.050097
33.020000,1.892039,2.394006,2.223046,1.138775,1.281795,0.028596,0.996085,-0.056255,-0.045937,-0.050398
33.030000,1.903423,2.406805,2.223333,1.138016,1.277954,0.028770,0.996063,-0.056446,-0.045854,-0.050698
33.040000,1.914799,2.419565,2.223621,1.137252,1.274093,0.028945,0.996041,-0.056634,-0.045769,-0.050998
33.050000,1.926168,2.432287,2.223912,1.136484,1.270211,0.029120,0.996019,-0.056819,-0.045683,-0.051298
33.060000,1.937529,2.444969,2.224204,1.135711,1.266310,0.029294,0.995997,-0.057002,-0.045596,-0.051597
33.070000,1.948882,2.457613,2.224498,1.134934,1.262387,0.029469,0.995975,-0.057181,-0.045508,-0.051896
33.080000,1.960227,2.470217,2.224793,1.134152,1.258445,0.029643,0.995953,-0.057358,-0.045418,-0.052195
33.090000,1.971565,2.482782,2.225090,1.133365,1.254483,0.029818,0.995932,-0.057533,-0.045328,-0.052494
33.100000,1.982895,2.495307,2.225389,1.132575,1.250500,0.029992,0.995910,-0.057704,-0.045236,-0.052792
33.110000,1.994216,2.507792,2.225690,1.131779,1.246498,0.030166,0.995889,-0.057873,-0.045143,-0.053091
33.120000,2.005530,2.520237,2.225993,1.130979,1.242475,0.030340,0.995867,-0.058038,-0.045049,-0.053388
33.130000,2.016836,2.532641,2.226297,1.130175,1.238433,0.030515,0.995846,-0.058201,-0.044954,-0.053686
33.140000,2.028134,2.545005,2.226603,1.129366,1.234371,0.030689,0.995825,-0.058361,-0.044858,-0.053983
33.150000,2.039423,2.557329,2.226911,1.128552,1.230289,0.030863,0.995804,-0.058519,-0.044761,-0.054280
33.160000,2.050705,2.569611,2.227220,1.127734,1.226188,0.031036,0.995783,-0.058673,-0.044662,-0.054577
33.170000,2.061978,2.581852,2.227532,1.126912,1.222066,0.031210,0.995762,-0.058824,-0.044562,-0.054874
33.180000,2.073243,2.594052,2.227845,1.126085,1.217926,0.031384,0.995742,-0.058973,-0.044462,-0.055170
33.190000,2.084500,2.606211,2.228159,1.125253,1.213765,0.031558,0.995721,-0.059119,-0.044360,-0.055466
33.200000,2.095748,2.618327,2.228476,1.124417,1.209586,0.031731,0.995701,-0.059262,-0.044257,-0.055762
33.210000,2.106988,2.630402,2.228794,1.123576,1.205387,0.031905,0.995680,-0.059402,-0.044153,-0.056057
33.220000,2.118220,2.642435,2.229114,1.122731,1.201169,0.032078,0.995660,-0.059539,-0.044048,-0.056352
33.230000,2.129443,2.654426,2.229435,1.121882,1.196931,0.032252,0.995640,-0.059673,-0.043941,-0.056647
33.240000,2.140657,2.666374,2.229759,1.121028,1.192674,0.032425,0.995620,-0.059804,-0.043834,-0.056942
33.250000,2.151863,2.678279,2.230084,1.120169,1.188399,0.032598,0.995600,-0.059932,-0.043726,-0.057236
33.260000,2.163061,2.690142,2.230411,1.119306,1.184104,0.032772,0.995581,-0.060058,-0.043616,-0.057530
33.270000,2.174249,2.701961,2.230739,1.118439,1.179790,0.032945,0.995561,-0.060180,-0.043505,-0.057824
33.280000,2.185429,2.713737,2.231070,1.117567,1.175458,0.033118,0.995542,-0.060300,-0.043394,-0.058118
33.290000,2.196601,2.725470,2.231402,1.116691,1.171106,0.033291,0.995522,-0.060416,-0.043281,-0.058411
33.300000,2.207763,2.737159,2.231736,1.115810,1.166736,0.033464,0.995503,-0.060530,-0.043167,-0.058704
33.310000,2.218917,2.748805,2.232071,1.114924,1.162347,0.033637,0.995484,-0.060640,-0.043052,-0.058997
33.320000,2.230062,2.760406,2.232408,1.114035,1.157940,0.033809,0.995465,-0.060748,-0.042937,-0.059289
33.330000,2.241197,2.771964,2.232747,1.113140,1.153514,0.033982,0.995446,-0.060853,-0.042820,-0.059581
33.340000,2.252324,2.783476,2.233088,1.112242,1.149070,0.034155,0.995428,-0.060955,-0.042702,-0.059873
33.350000,2.263442,2.794945,2.233430,1.111338,1.144607,0.034327,0.995409,-0.061053,-0.042583,-0.060165
33.360000,2.274551,2.806369,2.233774,1.110431,1.140126,0.034499,0.995391,-0.061149,-0.042463,-0.060456
33.370000,2.285651,2.817747,2.234120,1.109519,1.135627,0.034672,0.995372,-0.061242,-0.042342,-0.060747
33.380000,2.296741,2.829081,2.234468,1.108602,1.131109,0.034844,0.995354,-0.061331,-0.042220,-0.061038
33.390000,2.307823,2.840369,2.234817,1.107681,1.126574,0.035016,0.995336,-0.061418,-0.042097,-0.061329
33.400000,2.318895,2.851612,2.235168,1.106756,1.122020,0.035188,0.995318,-0.061502,-0.041973,-0.061619
33.410000,2.329958,2.862810,2.235521,1.105826,1.117449,0.035360,0.995301,-0.061583,-0.041848,-0.061909
33.420000,2.341012,2.873961,2.235875,1.104892,1.112859,0.035532,0.995283,-0.061660,-0.041722,-0.062199
33.430000,2.352056,2.885067,2.236232,1.103954,1.108252,0.035704,0.995266,-0.061735,-0.041594,-0.062488
33.440000,2.363091,2.896126,2.236589,1.103010,1.103627,0.035876,0.995248,-0.061807,-0.041466,-0.062778
33.450000,2.374116,2.907139,2.236949,1.102063,1.098984,0.036048,0.995231,-0.061875,-0.041338,-0.063067
33.460000,2.385132,2.918106,2.237310,1.101111,1.094324,0.036220,0.995214,-0.061941,-0.041208,-0.063355
33.470000,2.396138,2.929026,2.237674,1.100155,1.089646,0.036391,0.995197,-0.062004,-0.041077,-0.063644
33.480000,2.407135,2.939899,2.238038,1.099194,1.084951,0.036563,0.995181,-0.062063,-0.040945,-0.063932
33.490000,2.418122,2.950725,2.238405,1.098229,1.080239,0.036734,0.995164,-0.062120,-0.040812,-0.064220
33.500000,2.429100,2.961504,2.238773,1.097260,1.075509,0.036905,0.995148,-0.062173,-0.040678,-0.064508
33.510000,2.440067,2.972235,2.239143,1.096286,1.070762,0.037077,0.995131,-0.062223,-0.040543,-0.064795
33.520000,2.451025,2.982919,2.239514,1.095308,1.065998,0.037248,0.995115,-0.062271,-0.040408,-0.065082
33.530000,2.461973,2.993555,2.239888,1.094325,1.061217,0.037419,0.995099,-0.062315,-0.040271,-0.065369
33.540000,2.472912,3.004143,2.240263,1.093338,1.056418,0.037590,0.995083,-0.062356,-0.040134,-0.065656
33.550000,2.483840,3.014683,2.240640,1.092347,1.051603,0.037761,0.995067,-0.062394,-0.039995,-0.065942
33.560000,2.494759,3.025175,2.241018,1.091351,1.046771,0.037931,0.995052,-0.062429,-0.039856,-0.066229
33.570000,2.505667,3.035619,2.241398,1.090351,1.041923,0.038102,0.995036,-0.062462,-0.039716,-0.066514
33.580000,2.516566,3.046013,2.241780,1.089347,1.037058,0.038273,0.995021,-0.062490,-0.039574,-0.066800
33.590000,2.527454,3.056360,2.242164,1.088338,1.032176,0.038443,0.995006,-0.062516,-0.039432,-0.067085
33.600000,2.538332,3.066657,2.242549,1.087325,1.027277,0.038614,0.994991,-0.062539,-0.039289,-0.067371
33.610000,2.549201,3.076905,2.242936,1.086307,1.022362,0.038784,0.994976,-0.062559,-0.039145,-0.067655
33.620000,2.560059,3.087104,2.243325,1.085285,1.017431,0.038955,0.994961,-0.062576,-0.039001,-0.067940
33.630000,2.570906,3.097254,2.243715,1.084259,1.012484,0.039125,0.994946,-0.062589,-0.038855,-0.068225
33.640000,2.581744,3.107354,2.244107,1.083229,1.007520,0.039295,0.994932,-0.062600,-0.038709,-0.068509
33.650000,2.592571,3.117404,2.244501,1.082194,1.002540,0.039465,0.994918,-0.062607,-0.038561,-0.068793
33.660000,2.603388,3.127404,2.244896,1.081154,0.997544,0.039635,0.994903,-0.062612,-0.038413,-0.069076
33.670000,2.614194,3.137355,2.245294,1.080111,0.992532,0.039805,0.994889,-0.062613,-0.038264,-0.069360
33.680000,2.624990,3.147255,2.245693,1.079063,0.987505,0.039974,0.994875,-0.062611,-0.038114,-0.069643
33.690000,2.635775,3.157105,2.246093,1.078011,0.982461,0.040144,0.994862,-0.062606,-0.037963,-0.069926
33.700000,2.646550,3.166904,2.246495,1.076954,0.977402,0.040314,0.994848,-0.062598,-0.037812,-0.070208
33.710000,2.657314,3.176653,2.246899,1.075894,0.972327,0.040483,0.994834,-0.062587,-0.037659,-0.070491
33.720000,2.668068,3.186351,2.247305,1.074829,0.967237,0.040653,0.994821,-0.062573,-0.037506,-0.070773
33.730000,2.678811,3.195998,2.247712,1.073759,0.962131,0.040822,0.994808,-0.062556,-0.037352,-0.071055
33.740000,2.689543,3.205593,2.248122,1.072686,0.957010,0.040991,0.994795,-0.062536,-0.037197,-0.071337
33.750000,2.700264,3.215138,2.248532,1.071608,0.951873,0.041160,0.994782,-0.062512,-0.037042,-0.071618
33.760000,2.710975,3.224631,2.248945,1.070525,0.946721,0.041329,0.994769,-0.062486,-0.036885,-0.071900
33.770000,2.721675,3.234072,2.249359,1.069439,0.941554,0.041498,0.994756,-0.062456,-0.036728,-0.072181
33.780000,2.732364,3.243462,2.249775,1.068348,0.936372,0.041667,0.994744,-0.062424,-0.036570,-0.072461
33.790000,2.743042,3.252799,2.250192,1.067253,0.931175,0.041836,0.994731,-0.062388,-0.036411,-0.072742
33.800000,2.753709,3.262085,2.250611,1.066154,0.925963,0.042004,0.994719,-0.062350,-0.036252,-0.073022
33.810000,2.764365,3.271319,2.251032,1.065050,0.920737,0.042173,0.994707,-0.062308,-0.036091,-0.073302
33.820000,2.775010,3.280500,2.251455,1.063942,0.915495,0.042342,0.994695,-0.062263,-0.035930,-0.073582
33.830000,2.785644,3.289629,2.251879,1.062830,0.910239,0.042510,0.994683,-0.062215,-0.035768,-0.073862
33.840000,2.796266,3.298705,2.252305,1.061714,0.904968,0.042678,0.994671,-0.062164,-0.035606,-0.074142
33.850000,2.806878,3.307728,2.252733,1.060593,0.899683,0.042846,0.994660,-0.062110,-0.035442,-0.074421
33.860000,2.817478,3.316698,2.253162,1.059468,0.894384,0.043014,0.994648,-0.062053,-0.035278,-0.074700
33.870000,2.828067,3.325615,2.253593,1.058339,0.889070,0.043182,0.994637,-0.061993,-0.035113,-0.074979
33.880000,2.838645,3.334480,2.254026,1.057206,0.883742,0.043350,0.994625,-0.061929,-0.034948,-0.075257
33.890000,2.849211,3.343290,2.254460,1.056068,0.878399,0.043518,0.994614,-0.061863,-0.034782,-0.075536
33.900000,2.859766,3.352048,2.254896,1.054926,0.873043,0.043686,0.994603,-0.061794,-0.034615,-0.075814
33.910000,2.870310,3.360751,2.255334,1.053780,0.867673,0.043853,0.994592,-0.061721,-0.034447,-0.076092
33.920000,2.880842,3.369401,2.255773,1.052630,0.862289,0.044021,0.994582,-0.061646,-0.034278,-0.076370
33.930000,2.891363,3.377997,2.256214,1.051476,0.856891,0.044188,0.994571,-0.061567,-0.034109,-0.076647
33.940000,2.901872,3.386539,2.256657,1.050317,0.851479,0.044356,0.994560,-0.061486,-0.033940,-0.076925
33.950000,2.912369,3.395026,2.257101,1.049154,0.846054,0.044523,0.994550,-0.061401,-0.033769,-0.077202
33.960000,2.922855,3.403460,2.257547,1.047987,0.840615,0.044690,0.994540,-0.061314,-0.033598,-0.077479
33.970000,2.933329,3.411839,2.257995,1.046816,0.835163,0.044857,0.994529,-0.061223,-0.033426,-0.077755
33.980000,2.943791,3.420163,2.258444,1.045640,0.829697,0.045024,0.994519,-0.061129,-0.033254,-0.078032
33.990000,2.954241,3.428433,2.258896,1.044461,0.824218,0.045191,0.994509,-0.061033,-0.033080,-0.078308
34.000000,2.964680,3.436647,2.259348,1.043277,0.818726,0.045357,0.994499,-0.060933,-0.032907,-0.078584
34.010000,2.975107,3.444807,2.259803,1.042089,0.813221,0.045524,0.994489,-0.060830,-0.032732,-0.078860
34.020000,2.985522,3.452912,2.260259,1.040897,0.807703,0.045690,0.994480,-0.060725,-0.032557,-0.079136
34.030000,2.995925,3.460961,2.260716,1.039701,0.802172,0.045857,0.994470,-0.060616,-0.032381,-0.079412
34.040000,3.006316,3.468955,2.261176,1.038500,0.796628,0.046023,0.994461,-0.060504,-0.032205,-0.079687
34.050000,3.016695,3.476894,2.261637,1.037296,0.791071,0.046189,0.994451,-0.060389,-0.032028,-0.079962
34.060000,3.027062,3.484776,2.262100,1.036087,0.785502,0.046355,0.994442,-0.060272,-0.031851,-0.080238
34.070000,3.037417,3.492604,2.262564,1.034874,0.779920,0.046521,0.994433,-0.060151,-0.031672,-0.080512
34.080000,3.047759,3.500375,2.263030,1.033657,0.774326,0.046687,0.994424,-0.060027,-0.031494,-0.080787
34.090000,3.058090,3.508090,2.263498,1.032436,0.768719,0.046853,0.994415,-0.059901,-0.031314,-0.081062
34.100000,3.068408,3.515749,2.263967,1.031210,0.763100,0.047019,0.994406,-0.059771,-0.031134,-0.081336
34.110000,3.078714,3.523352,2.264438,1.029981,0.757469,0.047184,0.994397,-0.059639,-0.030954,-0.081610
34.120000,3.089008,3.530898,2.264911,1.028747,0.751825,0.047350,0.994388,-0.059503,-0.030773,-0.081884
34.130000,3.099289,3.538388,2.265385,1.027510,0.746170,0.047515,0.994379,-0.059365,-0.030591,-0.082158
34.140000,3.109558,3.545822,2.265861,1.026268,0.740502,0.047680,0.994371,-0.059223,-0.030409,-0.082432
34.150000,3.119814,3.553198,2.266339,1.025022,0.734823,0.047845,0.994362,-0.059079,-0.030226,-0.082705
34.160000,3.130058,3.560518,2.266818,1.023772,0.729132,0.048010,0.994354,-0.058931,-0.030042,-0.082978
34.170000,3.140290,3.567781,2.267299,1.022518,0.723429,0.048175,0.994345,-0.058781,-0.029858,-0.083252
34.180000,3.150508,3.574987,2.267782,1.021260,0.717715,0.048340,0.994337,-0.058628,-0.029674,-0.083525
34.190000,3.160715,3.582135,2.268266,1.019998,0.711990,0.048505,0.994329,-0.058472,-0.029489,-0.083797
34.200000,3.170908,3.589227,2.268752,1.018731,0.706252,0.048669,0.994320,-0.058313,-0.029303,-0.084070
34.210000,3.181089,3.596260,2.269239,1.017461,0.700504,0.048834,0.994312,-0.058151,-0.029117,-0.084343
34.220000,3.191258,3.603237,2.269728,1.016186,0.694744,0.048998,0.994304,-0.057987,-0.028931,-0.084615
34.230000,3.201413,3.610155,2.270219,1.014908,0.688974,0.049162,0.994296,-0.057819,-0.028744,-0.084887
34.240000,3.211556,3.617016,2.270712,1.013625,0.683192,0.049327,0.994288,-0.057649,-0.028556,-0.085159
34.250000,3.221686,3.623819,2.271206,1.012339,0.677399,0.049491,0.994280,-0.057475,-0.028368,-0.085431
34.260000,3.231803,3.630564,2.271701,1.011048,0.671596,0.049655,0.994272,-0.057299,-0.028179,-0.085703
34.270000,3.241907,3.637251,2.272199,1.009753,0.665781,0.049818,0.994265,-0.057120,-0.027990,-0.085975
34.280000,3.251998,3.643880,2.272698,1.008454,0.659957,0.049982,0.994257,-0.056938,-0.027801,-0.086246
34.290000,3.262076,3.650450,2.273198,1.007152,0.654121,0.050146,0.994249,-0.056753,-0.027611,-0.086518
34.300000,3.272141,3.656962,2.273701,1.005845,0.648275,0.050309,0.994241,-0.056566,-0.027420,-0.086789
34.310000,3.282193,3.663415,2.274205,1.004534,0.642419,0.050472,0.994234,-0.056375,-0.027229,-0.087060
34.320000,3.292231,3.669810,2.274710,1.003219,0.636552,0.050636,0.994226,-0.056182,-0.027038,-0.087331
34.330000,3.302257,3.676146,2.275217,1.001900,0.630676,0.050799,0.994219,-0.055986,-0.026846,-0.087602
34.340000,3.312269,3.682424,2.275726,1.000577,0.624789,0.050962,0.994211,-0.055788,-0.026654,-0.087873
34.350000,3.322268,3.688642,2.276237,0.999250,0.618892,0.051125,0.994204,-0.055586,-0.026461,-0.088143
34.360000,3.332254,3.694802,2.276749,0.997919,0.612985,0.051288,0.994196,-0.055382,-0.026268,-0.088414
34.370000,3.342227,3.700902,2.277262,0.996585,0.607068,0.051450,0.994189,-0.055175,-0.026074,-0.088684
34.380000,3.352186,3.706943,2.277778,0.995246,0.601142,0.051613,0.994181,-0.054965,-0.025880,-0.088954
34.390000,3.362132,3.712925,2.278295,0.993903,0.595206,0.051775,0.994174,-0.054752,-0.025686,-0.089225
34.400000,3.372064,3.718847,2.278813,0.992556,0.589261,0.051938,0.994166,-0.054537,-0.025491,-0.089495
34.410000,3.381983,3.724710,2.279333,0.991205,0.583306,0.052100,0.994159,-0.054319,-0.025296,-0.089765
34.420000,3.391888,3.730513,2.279855,0.989850,0.577342,0.052262,0.994151,-0.054098,-0.025100,-0.090034
34.430000,3.401780,3.736257,2.280378,0.988492,0.571368,0.052424,0.994144,-0.053875,-0.024904,-0.090304
34.440000,3.411658,3.741940,2.280904,0.987129,0.565386,0.052586,0.994137,-0.053649,-0.024708,-0.090574
34.450000,3.421522,3.747564,2.281430,0.985762,0.559394,0.052747,0.994129,-0.053420,-0.024511,-0.090843
34.460000,3.431373,3.753128,2.281958,0.984392,0.553394,0.052909,0.994122,-0.053188,-0.024314,-0.091113
34.470000,3.441210,3.758632,2.282488,0.983017,0.547384,0.053071,0.994114,-0.052954,-0.024117,-0.091382
34.480000,3.451033,3.764076,2.283020,0.981639,0.541366,0.053232,0.994107,-0.052718,-0.023919,-0.091651
34.490000,3.460843,3.769459,2.283553,0.980256,0.535339,0.053393,0.994100,-0.052478,-0.023721,-0.091920
34.500000,3.470639,3.774783,2.284088,0.978870,0.529304,0.053554,0.994092,-0.052236,-0.023522,-0.092189
34.510000,3.480420,3.780046,2.284624,0.977480,0.523260,0.053715,0.994085,-0.051991,-0.023323,-0.092458
34.520000,3.490188,3.785248,2.285162,0.976086,0.517208,0.053876,0.994077,-0.051744,-0.023124,-0.092727
34.530000,3.499942,3.790390,2.285702,0.974688,0.511147,0.054037,0.994070,-0.051494,-0.022925,-0.092996
34.540000,3.509682,3.795471,2.286243,0.973286,0.505078,0.054198,0.994062,-0.051242,-0.022725,-0.093264
34.550000,3.519408,3.800491,2.286786,0.971880,0.499002,0.054358,0.994055,-0.050987,-0.022525,-0.093533
34.560000,3.529120,3.805451,2.287330,0.970470,0.492917,0.054519,0.994047,-0.050729,-0.022324,-0.093801
34.570000,3.538817,3.810349,2.287876,0.969057,0.486824,0.054679,0.994039,-0.050469,-0.022124,-0.094070
34.580000,3.548501,3.815187,2.288424,0.967639,0.480724,0.054839,0.994032,-0.050207,-0.021922,-0.094338
34.590000,3.558170,3.819964,2.288973,0.966218,0.474616,0.054999,0.994024,-0.049942,-0.021721,-0.094606
34.600000,3.567825,3.824680,2.289524,0.964793,0.468500,0.055159,0.994016,-0.049674,-0.021520,-0.094874
34.610000,3.577466,3.829334,2.290076,0.963364,0.462377,0.055319,0.994008,-0.049404,-0.021318,-0.095142
34.620000,3.587092,3.833927,2.290630,0.961931,0.456246,0.055479,0.994001,-0.049131,-0.021116,-0.095411
34.630000,3.596704,3.838459,2.291186,0.960494,0.450108,0.055638,0.993993,-0.048856,-0.020913,-0.095678
34.640000,3.606302,3.842929,2.291743,0.959053,0.443963,0.055797,0.993985,-0.048579,-0.020710,-0.095946
34.650000,3.615885,3.847338,2.292301,0.957609,0.437811,0.055957,0.993977,-0.048299,-0.020507,-0.096214
34.660000,3.625454,3.851685,2.292862,0.956161,0.431652,0.056116,0.993969,-0.048016,-0.020304,-0.096482
34.670000,3.635009,3.855971,2.293424,0.954709,0.425486,0.056275,0.993960,-0.047731,-0.020101,-0.096750
34.680000,3.644548,3.860195,2.293987,0.953253,0.419313,0.056434,0.993952,-0.047444,-0.019897,-0.097017
34.690000,3.654074,3.864357,2.294552,0.951793,0.413133,0.056593,0.993944,-0.047154,-0.019693,-0.097285
34.700000,3.663584,3.868458,2.295119,0.950329,0.406947,0.056751,0.993935,-0.046862,-0.019489,-0.097553
34.710000,3.673080,3.872496,2.295687,0.948862,0.400754,0.056910,0.993927,-0.046568,-0.019285,-0.097820
34.720000,3.682561,3.876473,2.296257,0.947391,0.394555,0.057068,0.993918,-0.046271,-0.019080,-0.098088
34.730000,3.692028,3.880387,2.296829,0.945916,0.388349,0.057227,0.993910,-0.045972,-0.018876,-0.098355
34.740000,3.701480,3.884240,2.297402,0.944437,0.382138,0.057385,0.993901,-0.045671,-0.018671,-0.098622
34.750000,3.710917,3.888030,2.297977,0.942955,0.375920,0.057543,0.993892,-0.045367,-0.018466,-0.098890
34.760000,3.720339,3.891758,2.298553,0.941469,0.369696,0.057701,0.993883,-0.045061,-0.018260,-0.099157
34.770000,3.729746,3.895424,2.299131,0.939979,0.363466,0.057858,0.993874,-0.044753,-0.018055,-0.099424
34.780000,3.739138,3.899027,2.299710,0.938485,0.357231,0.058016,0.993865,-0.044443,-0.017849,-0.099691
34.790000,3.748516,3.902568,2.300291,0.936987,0.350989,0.058174,0.993856,-0.044130,-0.017643,-0.099958
34.800000,3.757878,3.906047,2.300873,0.935486,0.344742,0.058331,0.993847,-0.043815,-0.017437,-0.100226
34.810000,3.767226,3.909463,2.301457,0.933981,0.338490,0.058488,0.993837,-0.043498,-0.017231,-0.100493
34.820000,3.776558,3.912817,2.302043,0.932472,0.332232,0.058645,0.993828,-0.043178,-0.017025,-0.100760
34.830000,3.785875,3.916108,2.302630,0.930960,0.325969,0.058802,0.993818,-0.042857,-0.016818,-0.101027
34.840000,3.795177,3.919336,2.303219,0.929444,0.319701,0.058959,0.993808,-0.042533,-0.016612,-0.101294
34.850000,3.804464,3.922502,2.303810,0.927924,0.313427,0.059116,0.993798,-0.042207,-0.016405,-0.101561
34.860000,3.813735,3.925605,2.304402,0.926400,0.307149,0.059272,0.993788,-0.041879,-0.016198,-0.101828
34.870000,3.822992,3.928645,2.304995,0.924873,0.300865,0.059429,0.993778,-0.041549,-0.015991,-0.102095
34.880000,3.832233,3.931622,2.305590,0.923342,0.294577,0.059585,0.993768,-0.041216,-0.015784,-0.102362
34.890000,3.841459,3.934536,2.306187,0.921807,0.288284,0.059741,0.993757,-0.040882,-0.015577,-0.102628
34.900000,3.850669,3.937388,2.306785,0.920268,0.281987,0.059897,0.993747,-0.040546,-0.015370,-0.102895
34.910000,3.859864,3.940176,2.307385,0.918726,0.275684,0.060053,0.993736,-0.040207,-0.015162,-0.103162
34.920000,3.869044,3.942901,2.307986,0.917181,0.269378,0.060209,0.993725,-0.039866,-0.014955,-0.103429
34.930000,3.878208,3.945564,2.308589,0.915631,0.263067,0.060365,0.993714,-0.039524,-0.014747,-0.103696
34.940000,3.887356,3.948163,2.309193,0.914078,0.256752,0.060520,0.993703,-0.039179,-0.014540,-0.103963
34.950000,3.896489,3.950699,2.309799,0.912521,0.250433,0.060675,0.993692,-0.038833,-0.014332,-0.104229
34.960000,3.905607,3.953171,2.310407,0.910961,0.244110,0.060831,0.993680,-0.038484,-0.014124,-0.104496
34.970000,3.914708,3.955581,2.311016,0.909397,0.237783,0.060986,0.993668,-0.038133,-0.013916,-0.104763
34.980000,3.923794,3.957927,2.311626,0.907829,0.231452,0.061141,0.993657,-0.037781,-0.013708,-0.105030
34.990000,3.932865,3.960210,2.312239,0.906258,0.225118,0.061296,0.993645,-0.037426,-0.013500,-0.105297
35.000000,3.941920,3.962429,2.312852,0.904683,0.218780,0.061450,0.993632,-0.037070,-0.013292,-0.105563
35.010000,3.950959,3.964586,2.313468,0.903104,0.212438,0.061605,0.993620,-0.036712,-0.013084,-0.105830
35.020000,3.959982,3.966678,2.314085,0.901522,0.206093,0.061759,0.993608,-0.036352,-0.012876,-0.106097
35.030000,3.968989,3.968707,2.314703,0.899936,0.199745,0.061913,0.993595,-0.035990,-0.012668,-0.106364
35.040000,3.977980,3.970673,2.315323,0.898347,0.193393,0.062068,0.993582,-0.035626,-0.012459,-0.106631
35.050000,3.986956,3.972575,2.315944,0.896754,0.187038,0.062222,0.993569,-0.035260,-0.012251,-0.106897
35.060000,3.995915,3.974414,2.316567,0.895157,0.180681,0.062375,0.993556,-0.034893,-0.012043,-0.107164
35.070000,4.004859,3.976189,2.317192,0.893557,0.174320,0.062529,0.993542,-0.034523,-0.011835,-0.107431
35.080000,4.013787,3.977900,2.317818,0.891953,0.167957,0.062683,0.993529,-0.034152,-0.011627,-0.107698
35.090000,4.022698,3.979548,2.318445,0.890346,0.161591,0.062836,0.993515,-0.033780,-0.011418,-0.107965
35.100000,4.031593,3.981132,2.319075,0.888735,0.155223,0.062989,0.993501,-0.033405,-0.011210,-0.108231
35.110000,4.040473,3.982652,2.319705,0.887121,0.148852,0.063143,0.993487,-0.033029,-0.011002,-0.108498
35.120000,4.049336,3.984109,2.320337,0.885503,0.142478,0.063296,0.993472,-0.032651,-0.010794,-0.108765
35.130000,4.058183,3.985502,2.320971,0.883881,0.136102,0.063448,0.993458,-0.032271,-0.010585,-0.109032
35.140000,4.067013,3.986831,2.321606,0.882256,0.129725,0.063601,0.993443,-0.031890,-0.010377,-0.109299
35.150000,4.075828,3.988096,2.322243,0.880628,0.123345,0.063754,0.993428,-0.031507,-0.010169,-0.109566
35.160000,4.084626,3.989298,2.322881,0.878996,0.116963,0.063906,0.993413,-0.031122,-0.009961,-0.109833
35.170000,4.093408,3.990436,2.323521,0.877360,0.110579,0.064058,0.993397,-0.030736,-0.009753,-0.110100
35.180000,4.102173,3.991510,2.324163,0.875721,0.104193,0.064210,0.993382,-0.030348,-0.009545,-0.110367
35.190000,4.110922,3.992520,2.324805,0.874078,0.097806,0.064362,0.993366,-0.029959,-0.009337,-0.110634
35.200000,4.119655,3.993466,2.325450,0.872432,0.091417,0.064514,0.993350,-0.029568,-0.009129,-0.110901
35.210000,4.128371,3.994348,2.326096,0.870783,0.085027,0.064666,0.993333,-0.029175,-0.008921,-0.111168
35.220000,4.137070,3.995166,2.326743,0.869129,0.078635,0.064818,0.993317,-0.028781,-0.008713,-0.111435
35.230000,4.145753,3.995921,2.327392,0.867473,0.072243,0.064969,0.993300,-0.028386,-0.008506,-0.111702
35.240000,4.154420,3.996611,2.328043,0.865813,0.065849,0.065120,0.993283,-0.027989,-0.008298,-0.111969
35.250000,4.163070,3.997238,2.328694,0.864149,0.059453,0.065271,0.993265,-0.027590,-0.008091,-0.112236
35.260000,4.171703,3.997800,2.329348,0.862482,0.053057,0.065422,0.993248,-0.027190,-0.007883,-0.112504
35.270000,4.180319,3.998299,2.330003,0.860812,0.046660,0.065573,0.993230,-0.026789,-0.007676,-0.112771
35.280000,4.188919,3.998733,2.330659,0.859138,0.040263,0.065724,0.993212,-0.026386,-0.007469,-0.113038
35.290000,4.197502,3.999104,2.331317,0.857461,0.033865,0.065874,0.993194,-0.025982,-0.007261,-0.113305
35.300000,4.206068,3.999411,2.331977,0.855780,0.027466,0.066025,0.993175,-0.025577,-0.007054,-0.113573
35.310000,4.214618,3.999653,2.332638,0.854096,0.021066,0.066175,0.993157,-0.025170,-0.006847,-0.113840
35.320000,4.223150,3.999832,2.333300,0.852408,0.014667,0.066325,0.993138,-0.024762,-0.006641,-0.114107
35.330000,4.231666,3.999947,2.333964,0.850717,0.008267,0.066475,0.993118,-0.024352,-0.006434,-0.114375
35.340000,4.240165,3.999997,2.334630,0.849023,0.001867,0.066625,0.993099,-0.023941,-0.006227,-0.114642
35.350000,4.248646,3.999984,2.335297,0.847325,-0.004533,0.066774,0.993079,-0.023529,-0.006021,-0.114910
35.360000,4.257111,3.999907,2.335965,0.845624,-0.010933,0.066924,0.993059,-0.023116,-0.005815,-0.115177
35.370000,4.265559,3.999765,2.336635,0.843920,-0.017333,0.067073,0.993039,-0.022702,-0.005609,-0.115445
35.380000,4.273989,3.999560,2.337307,0.842212,-0.023732,0.067222,0.993018,-0.022286,-0.005403,-0.115713
35.390000,4.282403,3.999291,2.337980,0.840500,-0.030131,0.067371,0.992997,-0.021869,-0.005197,-0.115980
35.400000,4.290799,3.998957,2.338654,0.838786,-0.036530,0.067520,0.992976,-0.021451,-0.004991,-0.116248
35.410000,4.299179,3.998560,2.339330,0.837068,-0.042928,0.067669,0.992955,-0.021032,-0.004786,-0.116516
35.420000,4.307541,3.998099,2.340008,0.835346,-0.049325,0.067818,0.992933,-0.020611,-0.004580,-0.116783
35.430000,4.315886,3.997574,2.340687,0.833622,-0.055722,0.067966,0.992911,-0.020190,-0.004375,-0.117051
35.440000,4.324213,3.996984,2.341367,0.831894,-0.062117,0.068114,0.992889,-0.019767,-0.004170,-0.117319
35.450000,4.332523,3.996331,2.342049,0.830162,-0.068512,0.068262,0.992866,-0.019344,-0.003965,-0.117587
35.460000,4.340816,3.995614,2.342732,0.828428,-0.074906,0.068410,0.992843,-0.018919,-0.003761,-0.117855
35.470000,4.349092,3.994833,2.343417,0.826690,-0.081298,0.068558,0.992820,-0.018493,-0.003556,-0.118123
35.480000,4.357350,3.993988,2.344103,0.824948,-0.087689,0.068706,0.992797,-0.018067,-0.003352,-0.118391
35.490000,4.365591,3.993079,2.344791,0.823204,-0.094079,0.068853,0.992773,-0.017639,-0.003148,-0.118659
35.500000,4.373814,3.992107,2.345480,0.821456,-0.100467,0.069001,0.992749,-0.017210,-0.002944,-0.118927
35.510000,4.382020,3.991070,2.346171,0.819705,-0.106853,0.069148,0.992725,-0.016781,-0.002740,-0.119195
35.520000,4.390208,3.989970,2.346863,0.817950,-0.113238,0.069295,0.992701,-0.016350,-0.002537,-0.119464
35.530000,4.398379,3.988805,2.347557,0.816193,-0.119621,0.069442,0.992676,-0.015919,-0.002334,-0.119732
35.540000,4.406532,3.987577,2.348252,0.814432,-0.126002,0.069588,0.992651,-0.015486,-0.002131,-0.120000
35.550000,4.414668,3.986285,2.348949,0.812667,-0.132381,0.069735,0.992625,-0.015053,-0.001928,-0.120269
35.560000,4.422786,3.984930,2.349647,0.810900,-0.138758,0.069881,0.992600,-0.014619,-0.001726,-0.120537
35.570000,4.430886,3.983510,2.350346,0.809129,-0.145133,0.070028,0.992574,-0.014184,-0.001523,-0.120805
35.580000,4.438968,3.982027,2.351047,0.807355,-0.151506,0.070174,0.992547,-0.013749,-0.001321,-0.121074
35.590000,4.447033,3.980480,2.351750,0.805578,-0.157876,0.070320,0.992521,-0.013312,-0.001119,-0.121343
35.600000,4.455080,3.978869,2.352454,0.803798,-0.164243,0.070466,0.992494,-0.012875,-0.000918,-0.121611
35.610000,4.463109,3.977195,2.353159,0.802014,-0.170608,0.070611,0.992467,-0.012437,-0.000717,-0.121880
35.620000,4.471120,3.975457,2.353866,0.800227,-0.176970,0.070757,0.992439,-0.011999,-0.000516,-0.122148
35.630000,4.479113,3.973656,2.354574,0.798437,-0.183329,0.070902,0.992411,-0.011559,-0.000315,-0.122417
35.640000,4.487089,3.971791,2.355284,0.796644,-0.189686,0.071047,0.992383,-0.011119,-0.000114,-0.122686
35.650000,4.495046,3.969862,2.355995,0.794847,-0.196039,0.071192,0.992355,-0.010679,0.000086,-0.122955
35.660000,4.502986,3.967870,2.356708,0.793048,-0.202389,0.071337,0.992326,-0.010237,0.000286,-0.123224
35.670000,4.510907,3.965814,2.357422,0.791245,-0.208736,0.071482,0.992297,-0.009795,0.000486,-0.123493
35.680000,4.518810,3.963695,2.358138,0.789439,-0.215080,0.071626,0.992268,-0.009353,0.000685,-0.123762
35.690000,4.526696,3.961513,2.358855,0.787630,-0.221420,0.071770,0.992238,-0.008910,0.000884,-0.124031
35.700000,4.534563,3.959267,2.359573,0.785818,-0.227757,0.071915,0.992208,-0.008466,0.001083,-0.124300
35.710000,4.542412,3.956958,2.360293,0.784002,-0.234090,0.072059,0.992178,-0.008022,0.001282,-0.124569
35.720000,4.550243,3.954585,2.361014,0.782184,-0.240419,0.072202,0.992147,-0.007578,0.001480,-0.124838
35.730000,4.558056,3.952149,2.361737,0.780362,-0.246744,0.072346,0.992116,-0.007133,0.001678,-0.125107
35.740000,4.565850,3.949650,2.362461,0.778537,-0.253066,0.072490,0.992085,-0.006687,0.001875,-0.125376
35.750000,4.573627,3.947088,2.363187,0.776709,-0.259383,0.072633,0.992053,-0.006241,0.002073,-0.125646
35.760000,4.581384,3.944462,2.363914,0.774878,-0.265696,0.072776,0.992022,-0.005795,0.002270,-0.125915
35.770000,4.589124,3.941774,2.364642,0.773044,-0.272005,0.072919,0.991989,-0.005348,0.002466,-0.126184
35.780000,4.596845,3.939022,2.365372,0.771207,-0.278310,0.073062,0.991957,-0.004901,0.002663,-0.126454
35.790000,4.604548,3.936208,2.366103,0.769367,-0.284610,0.073205,0.991924,-0.004453,0.002859,-0.126723
35.800000,4.612233,3.933330,2.366836,0.767524,-0.290906,0.073347,0.991891,-0.004005,0.003055,-0.126993
35.810000,4.619899,3.930390,2.367570,0.765677,-0.297197,0.073490,0.991857,-0.003557,0.003250,-0.127262
35.820000,4.627546,3.927386,2.368306,0.763828,-0.303483,0.073632,0.991824,-0.003108,0.003445,-0.127532
35.830000,4.635175,3.924320,2.369043,0.761975,-0.309764,0.073774,0.991789,-0.002660,0.003640,-0.127802
35.840000,4.642786,3.921191,2.369782,0.760119,-0.316041,0.073916,0.991755,-0.002211,0.003834,-0.128071
35.850000,4.650378,3.917999,2.370521,0.758261,-0.322312,0.074058,0.991720,-0.001761,0.004028,-0.128341
35.860000,4.657951,3.914745,2.371263,0.756399,-0.328578,0.074199,0.991685,-0.001312,0.004222,-0.128611
35.870000,4.665506,3.911428,2.372005,0.754534,-0.334839,0.074341,0.991650,-0.000862,0.004415,-0.128881
35.880000,4.673042,3.908048,2.372749,0.752667,-0.341095,0.074482,0.991614,-0.000413,0.004608,-0.129151
35.890000,4.680559,3.904606,2.373495,0.750796,-0.347345,0.074623,0.991578,0.000037,0.004801,-0.129421
35.900000,4.688058,3.901101,2.374242,0.748922,-0.353590,0.074764,0.991542,0.000487,0.004993,-0.129690
35.910000,4.695537,3.897534,2.374990,0.747046,-0.359829,0.074904,0.991505,0.000937,0.005185,-0.129960
35.920000,4.702998,3.893905,2.375740,0.745166,-0.366062,0.075045,0.991468,0.001387,0.005376,-0.130230
35.930000,4.710441,3.890213,2.376491,0.743283,-0.372289,0.075185,0.991431,0.001838,0.005567,-0.130500
35.940000,4.717864,3.886459,2.377244,0.741398,-0.378510,0.075325,0.991393,0.002288,0.005758,-0.130771
35.950000,4.725269,3.882643,2.377998,0.739509,-0.384726,0.075466,0.991355,0.002738,0.005948,-0.131041
35.960000,4.732654,3.878764,2.378753,0.737617,-0.390935,0.075605,0.991317,0.003188,0.006138,-0.131311
35.970000,4.740021,3.874824,2.379510,0.735723,-0.397138,0.075745,0.991279,0.003639,0.006328,-0.131581
35.980000,4.747369,3.870822,2.380268,0.733825,-0.403334,0.075885,0.991240,0.004089,0.006517,-0.131851
35.990000,4.754697,3.866757,2.381027,0.731925,-0.409524,0.076024,0.991200,0.004539,0.006706,-0.132121
36.000000,4.762007,3.862631,2.381788,0.730022,-0.415708,0.076163,0.991161,0.004989,0.006894,-0.132392
36.010000,4.769298,3.858443,2.382551,0.728115,-0.421885,0.076302,0.991121,0.005439,0.007082,-0.132662
36.020000,4.776569,3.854193,2.383314,0.726206,-0.428055,0.076441,0.991081,0.005888,0.007270,-0.132932
36.030000,4.783822,3.849882,2.384080,0.724294,-0.434218,0.076580,0.991041,0.006338,0.007457,-0.133203
36.040000,4.791055,3.845509,2.384846,0.722379,-0.440374,0.076718,0.991000,0.006787,0.007643,-0.133473
36.050000,4.798270,3.841075,2.385614,0.720461,-0.446524,0.076856,0.990959,0.007236,0.007830,-0.133743
36.060000,4.805465,3.836579,2.386383,0.718540,-0.452666,0.076995,0.990917,0.007685,0.008016,-0.134014
36.070000,4.812640,3.832021,2.387154,0.716617,-0.458801,0.077133,0.990876,0.008134,0.008201,-0.134284
36.080000,4.819797,3.827403,2.387926,0.714690,-0.464928,0.077270,0.990834,0.008582,0.008386,-0.134555
36.090000,4.826934,3.822723,2.388699,0.712761,-0.471048,0.077408,0.990791,0.009030,0.008571,-0.134825
36.100000,4.834052,3.817982,2.389474,0.710829,-0.477161,0.077546,0.990749,0.009478,0.008755,-0.135096
36.110000,4.841151,3.813180,2.390250,0.708894,-0.483266,0.077683,0.990706,0.009926,0.008939,-0.135366
36.120000,4.848230,3.808316,2.391028,0.706956,-0.489363,0.077820,0.990662,0.010373,0.009122,-0.135637
36.130000,4.855290,3.803392,2.391807,0.705015,-0.495452,0.077957,0.990619,0.010819,0.009305,-0.135907
36.140000,4.862330,3.798407,2.392587,0.703072,-0.501534,0.078094,0.990575,0.011266,0.009488,-0.136178
36.150000,4.869351,3.793362,2.393368,0.701125,-0.507607,0.078230,0.990531,0.011711,0.009670,-0.136449
36.160000,4.876353,3.788255,2.394151,0.699176,-0.513673,0.078367,0.990486,0.012157,0.009851,-0.136719
36.170000,4.883335,3.783088,2.394936,0.697224,-0.519730,0.078503,0.990441,0.012602,0.010032,-0.136990
36.180000,4.890297,3.777861,2.395721,0.695270,-0.525778,0.078639,0.990396,0.013046,0.010213,-0.137260
36.190000,4.897240,3.772573,2.396509,0.693312,-0.531819,0.078775,0.990351,0.013490,0.010393,-0.137531
36.200000,4.904163,3.767224,2.397297,0.691352,-0.537851,0.078910,0.990305,0.013934,0.010573,-0.137802
36.210000,4.911067,3.761816,2.398087,0.689389,-0.543874,0.079046,0.990259,0.014377,0.010752,-0.138072
36.220000,4.917951,3.756347,2.398878,0.687423,-0.549888,0.079181,0.990213,0.014819,0.010931,-0.138343
36.230000,4.924816,3.750818,2.399670,0.685454,-0.555894,0.079316,0.990167,0.015261,0.011109,-0.138614
36.240000,4.931660,3.745229,2.400464,0.683483,-0.561891,0.079451,0.990120,0.015702,0.011287,-0.138884
36.250000,4.938485,3.739580,2.401259,0.681509,-0.567879,0.079586,0.990073,0.016142,0.011465,-0.139155
36.260000,4.945290,3.733872,2.402056,0.679532,-0.573858,0.079721,0.990025,0.016582,0.011642,-0.139425
36.270000,4.952076,3.728103,2.402854,0.677553,-0.579827,0.079855,0.989978,0.017021,0.011818,-0.139696
36.280000,4.958842,3.722275,2.403653,0.675571,-0.585787,0.079990,0.989930,0.017459,0.011994,-0.139967
36.290000,4.965587,3.716387,2.404454,0.673586,-0.591738,0.080124,0.989881,0.017897,0.012169,-0.140237
36.300000,4.972313,3.710440,2.405255,0.671598,-0.597680,0.080258,0.989833,0.018334,0.012345,-0.140508
36.310000,4.979019,3.704434,2.406059,0.669608,-0.603612,0.080391,0.989784,0.018770,0.012519,-0.140779
36.320000,4.985705,3.698368,2.406863,0.667615,-0.609534,0.080525,0.989735,0.019206,0.012693,-0.141049
36.330000,4.992372,3.692243,2.407669,0.665619,-0.615447,0.080658,0.989686,0.019640,0.012867,-0.141320
36.340000,4.999018,3.686059,2.408476,0.663621,-0.621349,0.080791,0.989636,0.020074,0.013040,-0.141590
36.350000,5.005644,3.679816,2.409285,0.661620,-0.627242,0.080924,0.989586,0.020507,0.013212,-0.141861
36.360000,5.012250,3.673514,2.410095,0.659617,-0.633125,0.081057,0.989536,0.020939,0.013384,-0.142131
36.370000,5.018836,3.667154,2.410906,0.657610,-0.638997,0.081190,0.989485,0.021370,0.013556,-0.142402
36.380000,5.025402,3.660734,2.411719,0.655601,-0.644859,0.081322,0.989435,0.021800,0.013727,-0.142672
36.390000,5.031948,3.654257,2.412533,0.653590,-0.650711,0.081455,0.989384,0.022230,0.013897,-0.142943
36.400000,5.038474,3.647720,2.413348,0.651576,-0.656553,0.081587,0.989332,0.022658,0.014068,-0.143213
36.410000,5.044980,3.641126,2.414164,0.649559,-0.662384,0.081719,0.989281,0.023085,0.014237,-0.143484
36.420000,5.051465,3.634473,2.414982,0.647540,-0.668205,0.081850,0.989229,0.023512,0.014406,-0.143754
36.430000,5.057931,3.627762,2.415801,0.645518,-0.674014,0.081982,0.989177,0.023937,0.014575,-0.144024
36.440000,5.064376,3.620992,2.416622,0.643494,-0.679813,0.082113,0.989125,0.024362,0.014743,-0.144295
36.450000,5.070800,3.614165,2.417444,0.641467,-0.685602,0.082244,0.989072,0.024785,0.014910,-0.144565
36.460000,5.077205,3.607280,2.418267,0.639437,-0.691379,0.082375,0.989020,0.025207,0.015077,-0.144835
36.470000,5.083589,3.600338,2.419091,0.637405,-0.697145,0.082506,0.988967,0.025628,0.015243,-0.145105
36.480000,5.089953,3.593338,2.419917,0.635370,-0.702900,0.082637,0.988914,0.026048,0.015409,-0.145375
36.490000,5.096297,3.586280,2.420744,0.633333,-0.708643,0.082767,0.988860,0.026467,0.015575,-0.145646
36.500000,5.102620,3.579165,2.421572,0.631293,-0.714376,0.082897,0.988806,0.026885,0.015740,-0.145916
36.510000,5.108922,3.571992,2.422402,0.629251,-0.720097,0.083027,0.988752,0.027301,0.015904,-0.146186
36.520000,5.115205,3.564763,2.423233,0.627206,-0.725806,0.083157,0.988698,0.027717,0.016068,-0.146456
36.530000,5.121467,3.557476,2.424065,0.625159,-0.731504,0.083287,0.988644,0.028131,0.016231,-0.146726
36.540000,5.127708,3.550133,2.424898,0.623109,-0.737190,0.083416,0.988589,0.028544,0.016394,-0.146995
36.550000,5.133929,3.542732,2.425733,0.621056,-0.742864,0.083546,0.988534,0.028956,0.016556,-0.147265
36.560000,5.140129,3.535276,2.426569,0.619002,-0.748527,0.083675,0.988479,0.029366,0.016718,-0.147535
36.570000,5.146309,3.527762,2.427407,0.616944,-0.754177,0.083804,0.988424,0.029775,0.016879,-0.147805
36.580000,5.152468,3.520192,2.428245,0.614885,-0.759816,0.083933,0.988369,0.030183,0.017039,-0.148074
36.590000,5.158606,3.512566,2.429085,0.612822,-0.765442,0.084061,0.988313,0.030590,0.017200,-0.148344
36.600000,5.164724,3.504883,2.429927,0.610758,-0.771056,0.084189,0.988257,0.030995,0.017359,-0.148614
36.610000,5.170822,3.497145,2.430769,0.608691,-0.776657,0.084318,0.988201,0.031398,0.017518,-0.148883
36.620000,5.176898,3.489350,2.431613,0.606621,-0.782247,0.084446,0.988145,0.031801,0.017676,-0.149152
36.630000,5.182954,3.481500,2.432458,0.604549,-0.787823,0.084573,0.988088,0.032202,0.017834,-0.149422
36.640000,5.188989,3.473594,2.433305,0.602475,-0.793387,0.084701,0.988031,0.032601,0.017992,-0.149691
36.650000,5.195003,3.465632,2.434152,0.600398,-0.798939,0.084828,0.987975,0.032999,0.018148,-0.149960
36.660000,5.200997,3.457615,2.435001,0.598319,-0.804477,0.084956,0.987917,0.033396,0.018305,-0.150229
36.670000,5.206970,3.449543,2.435851,0.596237,-0.810003,0.085083,0.987860,0.033791,0.018460,-0.150498
36.680000,5.212922,3.441415,2.436703,0.594153,-0.815516,0.085210,0.987803,0.034185,0.018615,-0.150767
36.690000,5.218853,3.433232,2.437555,0.592067,-0.821016,0.085336,0.987745,0.034577,0.018770,-0.151036
36.700000,5.224763,3.424995,2.438409,0.589978,-0.826502,0.085463,0.987687,0.034968,0.018924,-0.151305
36.710000,5.230652,3.416702,2.439265,0.587887,-0.831976,0.085589,0.987629,0.035357,0.019077,-0.151573
36.720000,5.236521,3.408355,2.440121,0.585793,-0.837436,0.085715,0.987571,0.035744,0.019230,-0.151842
36.730000,5.242368,3.399954,2.440979,0.583698,-0.842882,0.085841,0.987513,0.036130,0.019382,-0.152111
36.740000,5.248195,3.391498,2.441838,0.581600,-0.848315,0.085967,0.987454,0.036514,0.019534,-0.152379
36.750000,5.254000,3.382987,2.442698,0.579499,-0.853735,0.086092,0.987396,0.036897,0.019685,-0.152647
36.760000,5.259785,3.374423,2.443560,0.577396,-0.859141,0.086217,0.987337,0.037278,0.019836,-0.152915
36.770000,5.265548,3.365805,2.444423,0.575291,-0.864533,0.086342,0.987278,0.037657,0.019986,-0.153184
36.780000,5.271291,3.357132,2.445287,0.573184,-0.869911,0.086467,0.987219,0.038035,0.020135,-0.153452
36.790000,5.277012,3.348406,2.446152,0.571074,-0.875276,0.086592,0.987159,0.038411,0.020284,-0.153719
36.800000,5.282712,3.339627,2.447019,0.568962,-0.880626,0.086717,0.987100,0.038785,0.020433,-0.153987
36.810000,5.288391,3.330794,2.447886,0.566848,-0.885963,0.086841,0.987040,0.039158,0.020580,-0.154255
36.820000,5.294049,3.321908,2.448755,0.564732,-0.891285,0.086965,0.986981,0.039528,0.020727,-0.154523
36.830000,5.299686,3.312968,2.449626,0.562613,-0.896593,0.087089,0.986921,0.039897,0.020874,-0.154790
36.840000,5.305301,3.303976,2.450497,0.560492,-0.901886,0.087213,0.986861,0.040264,0.021020,-0.155057
36.850000,5.310896,3.294931,2.451370,0.558369,-0.907165,0.087336,0.986801,0.040630,0.021166,-0.155325
36.860000,5.316469,3.285833,2.452244,0.556243,-0.912430,0.087460,0.986740,0.040993,0.021310,-0.155592
36.870000,5.322020,3.276682,2.453119,0.554115,-0.917680,0.087583,0.986680,0.041355,0.021455,-0.155859
36.880000,5.327551,3.267479,2.453996,0.551986,-0.922915,0.087706,0.986620,0.041715,0.021598,-0.156126
36.890000,5.333060,3.258224,2.454873,0.549853,-0.928136,0.087828,0.986559,0.042073,0.021742,-0.156392
36.900000,5.338548,3.248916,2.455752,0.547719,-0.933342,0.087951,0.986498,0.042429,0.021884,-0.156659
36.910000,5.344015,3.239557,2.456632,0.545583,-0.938533,0.088073,0.986437,0.042783,0.022026,-0.156925
36.920000,5.349460,3.230146,2.457514,0.543444,-0.943708,0.088195,0.986377,0.043135,0.022167,-0.157192
36.930000,5.354883,3.220683,2.458396,0.541303,-0.948869,0.088317,0.986316,0.043485,0.022308,-0.157458
36.940000,5.360286,3.211168,2.459280,0.539160,-0.954014,0.088439,0.986254,0.043834,0.022448,-0.157724
36.950000,5.365667,3.201603,2.460165,0.537015,-0.959145,0.088561,0.986193,0.044180,0.022588,-0.157990
36.960000,5.371026,3.191986,2.461051,0.534867,-0.964260,0.088682,0.986132,0.044524,0.022727,-0.158256
36.970000,5.376364,3.182317,2.461939,0.532718,-0.969359,0.088803,0.986071,0.044867,0.022866,-0.158521
36.980000,5.381680,3.172598,2.462827,0.530566,-0.974443,0.088924,0.986009,0.045207,0.023003,-0.158787
36.990000,5.386975,3.162829,2.463717,0.528413,-0.979511,0.089045,0.985948,0.045545,0.023141,-0.159052
37.000000,5.392249,3.153008,2.464608,0.526257,-0.984564,0.089166,0.985886,0.045882,0.023277,-0.159317
37.010000,5.397500,3.143137,2.465500,0.524099,-0.989601,0.089286,0.985824,0.046216,0.023413,-0.159582
37.020000,5.402731,3.133216,2.466394,0.521939,-0.994622,0.089406,0.985762,0.046548,0.023549,-0.159847
37.030000,5.407939,3.123245,2.467288,0.519777,-0.999627,0.089526,0.985701,0.046878,0.023684,-0.160112
37.040000,5.413126,3.113224,2.468184,0.517612,-1.004616,0.089646,0.985639,0.047206,0.023818,-0.160376
37.050000,5.418291,3.103153,2.469081,0.515446,-1.009589,0.089765,0.985577,0.047531,0.023952,-0.160641
37.060000,5.423435,3.093032,2.469980,0.513278,-1.014546,0.089885,0.985515,0.047855,0.024085,-0.160905
37.070000,5.428557,3.082862,2.470879,0.511107,-1.019487,0.090004,0.985453,0.048176,0.024218,-0.161169
37.080000,5.433657,3.072642,2.471780,0.508935,-1.024412,0.090123,0.985391,0.048495,0.024349,-0.161433
37.090000,5.438736,3.062374,2.472682,0.506760,-1.029320,0.090242,0.985329,0.048812,0.024481,-0.161697
37.100000,5.443792,3.052056,2.473585,0.504584,-1.034211,0.090360,0.985266,0.049127,0.024612,-0.161960
37.110000,5.448827,3.041690,2.474489,0.502405,-1.039086,0.090478,0.985204,0.049440,0.024742,-0.162223
37.120000,5.453840,3.031274,2.475394,0.500225,-1.043944,0.090597,0.985142,0.049750,0.024871,-0.162487
37.130000,5.458832,3.020811,2.476301,0.498042,-1.048786,0.090715,0.985080,0.050058,0.025000,-0.162750
37.140000,5.463801,3.010299,2.477208,0.495858,-1.053611,0.090832,0.985017,0.050364,0.025129,-0.163012
37.150000,5.468749,2.999739,2.478117,0.493671,-1.058419,0.090950,0.984955,0.050667,0.025256,-0.163275
37.160000,5.473675,2.989130,2.479027,0.491483,-1.063210,0.091067,0.984893,0.050969,0.025383,-0.163537
37.170000,5.478579,2.978474,2.479939,0.489292,-1.067984,0.091184,0.984830,0.051268,0.025510,-0.163800
37.180000,5.483461,2.967771,2.480851,0.487100,-1.072741,0.091301,0.984768,0.051564,0.025636,-0.164062
37.190000,5.488321,2.957020,2.481765,0.484906,-1.077481,0.091418,0.984705,0.051858,0.025761,-0.164323
37.200000,5.493159,2.946221,2.482679,0.482709,-1.082204,0.091534,0.984643,0.052150,0.025886,-0.164585
37.210000,5.497975,2.935376,2.483595,0.480511,-1.086909,0.091651,0.984581,0.052440,0.026010,-0.164847
37.220000,5.502769,2.924483,2.484512,0.478311,-1.091597,0.091767,0.984518,0.052727,0.026134,-0.165108
37.230000,5.507541,2.913544,2.485431,0.476109,-1.096267,0.091883,0.984456,0.053012,0.026257,-0.165369
37.240000,5.512291,2.902558,2.486350,0.473905,-1.100920,0.091998,0.984394,0.053294,0.026379,-0.165630
37.250000,5.517019,2.891525,2.487271,0.471699,-1.105555,0.092114,0.984331,0.053574,0.026501,-0.165890
37.260000,5.521725,2.880447,2.488192,0.469491,-1.110173,0.092229,0.984269,0.053852,0.026622,-0.166151
37.270000,5.526409,2.869322,2.489115,0.467282,-1.114773,0.092344,0.984207,0.054127,0.026743,-0.166411
37.280000,5.531071,2.858151,2.490039,0.465070,-1.119355,0.092459,0.984144,0.054399,0.026863,-0.166671
37.290000,5.535710,2.846935,2.490964,0.462857,-1.123919,0.092574,0.984082,0.054669,0.026982,-0.166931
37.300000,5.540328,2.835673,2.491891,0.460642,-1.128465,0.092688,0.984020,0.054937,0.027101,-0.167190
37.310000,5.544923,2.824366,2.492818,0.458425,-1.132993,0.092802,0.983958,0.055202,0.027219,-0.167449
37.320000,5.549496,2.813013,2.493747,0.456206,-1.137503,0.092916,0.983895,0.055465,0.027336,-0.167709
37.330000,5.554047,2.801616,2.494677,0.453985,-1.141995,0.093030,0.983833,0.055725,0.027453,-0.167967
37.340000,5.558576,2.790173,2.495607,0.451762,-1.146468,0.093144,0.983771,0.055983,0.027570,-0.168226
37.350000,5.563082,2.778686,2.496539,0.449538,-1.150923,0.093257,0.983709,0.056238,0.027685,-0.168484
37.360000,5.567567,2.767155,2.497473,0.447312,-1.155360,0.093370,0.983647,0.056490,0.027800,-0.168743
37.370000,5.572029,2.755579,2.498407,0.445084,-1.159778,0.093483,0.983585,0.056740,0.027915,-0.169001
37.380000,5.576468,2.743959,2.499342,0.442854,-1.164178,0.093596,0.983524,0.056987,0.028029,-0.169258
37.390000,5.580886,2.732296,2.500279,0.440623,-1.168559,0.093708,0.983462,0.057232,0.028142,-0.169516
37.400000,5.585281,2.720588,2.501216,0.438390,-1.172921,0.093821,0.983400,0.057474,0.028255,-0.169773
37.410000,5.589654,2.708837,2.502155,0.436155,-1.177265,0.093933,0.983338,0.057714,0.028367,-0.170030
37.420000,5.594004,2.697043,2.503095,0.433918,-1.181589,0.094045,0.983277,0.057951,0.028478,-0.170287
37.430000,5.598332,2.685206,2.504036,0.431680,-1.185895,0.094156,0.983215,0.058185,0.028589,-0.170543
37.440000,5.602638,2.673325,2.504978,0.429439,-1.190182,0.094268,0.983154,0.058417,0.028699,-0.170799
37.450000,5.606921,2.661402,2.505921,0.427197,-1.194450,0.094379,0.983092,0.058646,0.028809,-0.171055
37.460000,5.611181,2.649436,2.506866,0.424954,-1.198698,0.094490,0.983031,0.058872,0.028918,-0.171311
37.470000,5.615420,2.637428,2.507811,0.422708,-1.202928,0.094601,0.982970,0.059096,0.029027,-0.171566
37.480000,5.619636,2.625378,2.508758,0.420461,-1.207138,0.094712,0.982909,0.059317,0.029134,-0.171822
37.490000,5.623829,2.613286,2.509705,0.418213,-1.211329,0.094822,0.982848,0.059535,0.029242,-0.172076
37.500000,5.628000,2.601151,2.510654,0.415962,-1.215501,0.094932,0.982787,0.059751,0.029348,-0.172331
37.510000,5.632148,2.588976,2.511604,0.413710,-1.219653,0.095042,0.982726,0.059963,0.029454,-0.172586
37.520000,5.636274,2.576758,2.512555,0.411457,-1.223785,0.095152,0.982666,0.060174,0.029560,-0.172840
37.530000,5.640377,2.564500,2.513507,0.409201,-1.227898,0.095262,0.982605,0.060381,0.029665,-0.173094
37.540000,5.644458,2.552200,2.514460,0.406944,-1.231992,0.095371,0.982545,0.060586,0.029769,-0.173347
37.550000,5.648516,2.539860,2.515415,0.404686,-1.236065,0.095480,0.982484,0.060787,0.029872,-0.173600
37.560000,5.652552,2.527479,2.516370,0.402426,-1.240119,0.095589,0.982424,0.060987,0.029975,-0.173854
37.570000,5.656565,2.515058,2.517326,0.400164,-1.244153,0.095698,0.982364,0.061183,0.030078,-0.174106
37.580000,5.660555,2.502596,2.518284,0.397900,-1.248167,0.095806,0.982304,0.061376,0.030180,-0.174359
37.590000,5.664523,2.490095,2.519242,0.395635,-1.252162,0.095915,0.982244,0.061567,0.030281,-0.174611
37.600000,5.668468,2.477553,2.520202,0.393369,-1.256136,0.096023,0.982184,0.061755,0.030381,-0.174863
37.610000,5.672390,2.464972,2.521163,0.391101,-1.260090,0.096131,0.982125,0.061940,0.030481,-0.175115
37.620000,5.676290,2.452351,2.522125,0.388831,-1.264024,0.096238,0.982065,0.062123,0.030581,-0.175366
37.630000,5.680167,2.439692,2.523088,0.386559,-1.267937,0.096346,0.982006,0.062302,0.030679,-0.175617
37.640000,5.684021,2.426993,2.524052,0.384287,-1.271831,0.096453,0.981947,0.062479,0.030778,-0.175868
37.650000,5.687852,2.414255,2.525017,0.382012,-1.275704,0.096560,0.981888,0.062653,0.030875,-0.176118
37.660000,5.691661,2.401479,2.525983,0.379736,-1.279556,0.096667,0.981829,0.062824,0.030972,-0.176369
37.670000,5.695447,2.388664,2.526950,0.377459,-1.283388,0.096773,0.981770,0.062992,0.031069,-0.176618
37.680000,5.699210,2.375811,2.527918,0.375180,-1.287200,0.096879,0.981712,0.063157,0.031164,-0.176868
37.690000,5.702951,2.362920,2.528888,0.372900,-1.290991,0.096986,0.981653,0.063319,0.031259,-0.177117
37.700000,5.706668,2.349991,2.529858,0.370618,-1.294761,0.097091,0.981595,0.063479,0.031354,-0.177366
37.710000,5.710363,2.337025,2.530829,0.368334,-1.298511,0.097197,0.981537,0.063636,0.031448,-0.177615
37.720000,5.714035,2.324021,2.531802,0.366049,-1.302240,0.097303,0.981479,0.063789,0.031541,-0.177864
37.730000,5.717684,2.310980,2.532776,0.363763,-1.305948,0.097408,0.981421,0.063940,0.031634,-0.178112
37.740000,5.721310,2.297902,2.533750,0.361475,-1.309635,0.097513,0.981363,0.064088,0.031726,-0.178359
37.750000,5.724914,2.284787,2.534726,0.359186,-1.313301,0.097618,0.981306,0.064233,0.031818,-0.178607
37.760000,5.728494,2.271636,2.535702,0.356895,-1.316946,0.097722,0.981249,0.064375,0.031908,-0.178854
37.770000,5.732051,2.258449,2.536680,0.354603,-1.320570,0.097827,0.981192,0.064514,0.031999,-0.179101
37.780000,5.735586,2.245225,2.537659,0.352310,-1.324173,0.097931,0.981135,0.064650,0.032088,-0.179348
37.790000,5.739098,2.231965,2.538639,0.350015,-1.327755,0.098035,0.981078,0.064784,0.032178,-0.179594
37.800000,5.742586,2.218670,2.539620,0.347718,-1.331315,0.098138,0.981021,0.064914,0.032266,-0.179840
37.810000,5.746052,2.205339,2.540602,0.345421,-1.334855,0.098242,0.980965,0.065041,0.032354,-0.180085
37.820000,5.749495,2.191973,2.541585,0.343122,-1.338372,0.098345,0.980909,0.065166,0.032441,-0.180331
37.830000,5.752914,2.178572,2.542568,0.340821,-1.341869,0.098448,0.980853,0.065287,0.032528,-0.180576
37.840000,5.756311,2.165136,2.543553,0.338519,-1.345344,0.098551,0.980797,0.065406,0.032614,-0.180820
37.850000,5.759685,2.151665,2.544540,0.336216,-1.348797,0.098653,0.980741,0.065521,0.032699,-0.181064
37.860000,5.763035,2.138160,2.545527,0.333911,-1.352229,0.098756,0.980686,0.065634,0.032784,-0.181308
37.870000,5.766363,2.124620,2.546515,0.331606,-1.355639,0.098858,0.980631,0.065744,0.032869,-0.181552
37.880000,5.769668,2.111047,2.547504,0.329298,-1.359028,0.098960,0.980576,0.065850,0.032952,-0.181795
37.890000,5.772949,2.097440,2.548494,0.326990,-1.362395,0.099062,0.980521,0.065954,0.033035,-0.182038
37.900000,5.776207,2.083799,2.549485,0.324680,-1.365740,0.099163,0.980466,0.066054,0.033118,-0.182281
37.910000,5.779443,2.070125,2.550477,0.322369,-1.369063,0.099264,0.980412,0.066152,0.033200,-0.182524
37.920000,5.782655,2.056418,2.551470,0.320056,-1.372364,0.099365,0.980357,0.066246,0.033281,-0.182766
37.930000,5.785844,2.042678,2.552464,0.317743,-1.375643,0.099466,0.980303,0.066338,0.033362,-0.183007
37.940000,5.789010,2.028905,2.553460,0.315428,-1.378901,0.099567,0.980250,0.066427,0.033442,-0.183249
37.950000,5.792152,2.015100,2.554456,0.313112,-1.382136,0.099667,0.980196,0.066512,0.033521,-0.183490
37.960000,5.795272,2.001263,2.555453,0.310794,-1.385349,0.099767,0.980143,0.066595,0.033600,-0.183730
37.970000,5.798368,1.987393,2.556451,0.308475,-1.388540,0.099867,0.980089,0.066674,0.033678,-0.183971
37.980000,5.801441,1.973492,2.557450,0.306155,-1.391709,0.099967,0.980036,0.066751,0.033756,-0.184211
37.990000,5.804491,1.959559,2.558450,0.303834,-1.394855,0.100066,0.979984,0.066824,0.033833,-0.184450
38.000000,5.807518,1.945595,2.559452,0.301512,-1.397979,0.100166,0.979931,0.066894,0.033910,-0.184689
38.010000,5.810522,1.931599,2.560454,0.299188,-1.401081,0.100265,0.979879,0.066962,0.033986,-0.184928
38.020000,5.813502,1.917573,2.561457,0.296863,-1.404160,0.100363,0.979827,0.067026,0.034061,-0.185167
38.030000,5.816459,1.903516,2.562461,0.294537,-1.407217,0.100462,0.979775,0.067087,0.034136,-0.185405
38.040000,5.819393,1.889429,2.563466,0.292210,-1.410252,0.100560,0.979723,0.067146,0.034210,-0.185643
38.050000,5.822303,1.875311,2.564472,0.289882,-1.413263,0.100658,0.979672,0.067201,0.034283,-0.185881
38.060000,5.825190,1.861164,2.565479,0.287552,-1.416252,0.100756,0.979621,0.067253,0.034356,-0.186118
38.070000,5.828054,1.846986,2.566487,0.285222,-1.419219,0.100854,0.979570,0.067302,0.034428,-0.186355
38.080000,5.830895,1.832779,2.567496,0.282890,-1.422163,0.100951,0.979519,0.067348,0.034500,-0.186591
38.090000,5.833712,1.818543,2.568506,0.280557,-1.425084,0.101048,0.979469,0.067391,0.034571,-0.186828
38.100000,5.836506,1.804278,2.569517,0.278223,-1.427982,0.101145,0.979418,0.067431,0.034642,-0.187063
38.110000,5.839276,1.789984,2.570529,0.275888,-1.430858,0.101242,0.979368,0.067468,0.034712,-0.187299
38.120000,5.842023,1.775661,2.571542,0.273552,-1.433710,0.101339,0.979319,0.067502,0.034781,-0.187534
38.130000,5.844747,1.761310,2.572556,0.271214,-1.436540,0.101435,0.979269,0.067532,0.034850,-0.187769
38.140000,5.847448,1.746930,2.573571,0.268876,-1.439346,0.101531,0.979220,0.067560,0.034918,-0.188003
38.150000,5.850125,1.732523,2.574587,0.266536,-1.442130,0.101627,0.979171,0.067585,0.034985,-0.188237
38.160000,5.852778,1.718088,2.575603,0.264196,-1.444890,0.101723,0.979122,0.067606,0.035052,-0.188471
38.170000,5.855409,1.703625,2.576621,0.261854,-1.447628,0.101818,0.979073,0.067625,0.035118,-0.188704
38.180000,5.858016,1.689135,2.577640,0.259511,-1.450342,0.101913,0.979025,0.067640,0.035184,-0.188937
38.190000,5.860599,1.674618,2.578659,0.257168,-1.453033,0.102008,0.978977,0.067652,0.035249,-0.189170
38.200000,5.863159,1.660074,2.579680,0.254823,-1.455701,0.102103,0.978929,0.067662,0.035314,-0.189402
38.210000,5.865695,1.645504,2.580701,0.252477,-1.458345,0.102197,0.978881,0.067668,0.035378,-0.189634
38.220000,5.868208,1.630908,2.581724,0.250130,-1.460966,0.102291,0.978834,0.067671,0.035441,-0.189865
38.230000,5.870698,1.616285,2.582747,0.247783,-1.463564,0.102385,0.978787,0.067671,0.035504,-0.190096
38.240000,5.873164,1.601636,2.583772,0.245434,-1.466138,0.102479,0.978740,0.067668,0.035566,-0.190327
38.250000,5.875607,1.586962,2.584797,0.243084,-1.468689,0.102573,0.978693,0.067662,0.035628,-0.190557
38.260000,5.878026,1.572263,2.585823,0.240733,-1.471217,0.102666,0.978647,0.067653,0.035689,-0.190787
38.270000,5.880421,1.557538,2.586850,0.238382,-1.473720,0.102759,0.978601,0.067640,0.035749,-0.191017
38.280000,5.882793,1.542788,2.587878,0.236029,-1.476201,0.102852,0.978555,0.067625,0.035809,-0.191246
38.290000,5.885142,1.528014,2.588907,0.233675,-1.478657,0.102944,0.978509,0.067607,0.035868,-0.191475
38.300000,5.887467,1.513215,2.589937,0.231321,-1.481090,0.103037,0.978464,0.067585,0.035927,-0.191704
38.310000,5.889768,1.498392,2.590968,0.228965,-1.483500,0.103129,0.978418,0.067561,0.035985,-0.191932
38.320000,5.892046,1.483545,2.592000,0.226609,-1.485885,0.103221,0.978374,0.067534,0.036042,-0.192160
38.330000,5.894301,1.468675,2.593032,0.224252,-1.488247,0.103313,0.978329,0.067503,0.036099,-0.192387
38.340000,5.896531,1.453781,2.594066,0.221894,-1.490585,0.103404,0.978284,0.067469,0.036155,-0.192615
38.350000,5.898738,1.438863,2.595100,0.219535,-1.492899,0.103495,0.978240,0.067433,0.036211,-0.192841
38.360000,5.900922,1.423923,2.596136,0.217175,-1.495189,0.103586,0.978196,0.067393,0.036266,-0.193068
38.370000,5.903082,1.408959,2.597172,0.214814,-1.497456,0.103677,0.978153,0.067350,0.036320,-0.193294
38.380000,5.905218,1.393974,2.598209,0.212452,-1.499698,0.103768,0.978109,0.067304,0.036374,-0.193519
38.390000,5.907331,1.378966,2.599247,0.210090,-1.501916,0.103858,0.978066,0.067255,0.036427,-0.193744
38.400000,5.909420,1.363935,2.600286,0.207726,-1.504111,0.103948,0.978023,0.067204,0.036480,-0.193969
38.410000,5.911485,1.348883,2.601326,0.205362,-1.506281,0.104038,0.977980,0.067149,0.036532,-0.194194
38.420000,5.913527,1.333810,2.602367,0.202997,-1.508427,0.104127,0.977938,0.067091,0.036583,-0.194418
38.430000,5.915545,1.318715,2.603409,0.200631,-1.510549,0.104217,0.977896,0.067030,0.036634,-0.194642
38.440000,5.917540,1.303599,2.604452,0.198265,-1.512647,0.104306,0.977854,0.066965,0.036685,-0.194865
38.450000,5.919511,1.288462,2.605495,0.195897,-1.514721,0.104395,0.977812,0.066898,0.036734,-0.195088
38.460000,5.921458,1.273305,2.606539,0.193529,-1.516770,0.104483,0.977770,0.066828,0.036783,-0.195311
38.470000,5.923381,1.258127,2.607585,0.191160,-1.518795,0.104572,0.977729,0.066755,0.036832,-0.195533
38.480000,5.925281,1.242929,2.608631,0.188790,-1.520796,0.104660,0.977688,0.066679,0.036880,-0.195755
38.490000,5.927157,1.227711,2.609678,0.186420,-1.522773,0.104748,0.977647,0.066600,0.036927,-0.195976
38.500000,5.929009,1.212473,2.610726,0.184049,-1.524725,0.104835,0.977607,0.066518,0.036974,-0.196197
38.510000,5.930838,1.197217,2.611775,0.181677,-1.526652,0.104923,0.977566,0.066432,0.037020,-0.196418
38.520000,5.932643,1.181940,2.612824,0.179304,-1.528556,0.105010,0.977526,0.066344,0.037066,-0.196638
38.530000,5.934424,1.166645,2.613875,0.176931,-1.530435,0.105097,0.977487,0.066253,0.037111,-0.196858
38.540000,5.936182,1.151332,2.614926,0.174556,-1.532289,0.105184,0.977447,0.066159,0.037155,-0.197078
38.550000,5.937915,1.136000,2.615979,0.172182,-1.534119,0.105270,0.977408,0.066062,0.037199,-0.197297
38.560000,5.939625,1.120650,2.617032,0.169806,-1.535924,0.105357,0.977369,0.065962,0.037242,-0.197516
38.570000,5.941311,1.105281,2.618086,0.167430,-1.537705,0.105443,0.977330,0.065859,0.037284,-0.197735
38.580000,5.942974,1.089896,2.619141,0.165053,-1.539461,0.105529,0.977291,0.065752,0.037326,-0.197953
38.590000,5.944612,1.074492,2.620196,0.162676,-1.541193,0.105614,0.977253,0.065643,0.037368,-0.198171
38.600000,5.946227,1.059072,2.621253,0.160297,-1.542899,0.105700,0.977215,0.065531,0.037409,-0.198388
38.610000,5.947818,1.043634,2.622310,0.157919,-1.544582,0.105785,0.977177,0.065416,0.037449,-0.198605
38.620000,5.949386,1.028180,2.623368,0.155539,-1.546239,0.105869,0.977139,0.065299,0.037488,-0.198822
38.630000,5.950929,1.012710,2.624428,0.153159,-1.547872,0.105954,0.977102,0.065178,0.037527,-0.199038
38.640000,5.952449,0.997223,2.625488,0.150778,-1.549480,0.106038,0.977064,0.065054,0.037566,-0.199254
38.650000,5.953945,0.981720,2.626548,0.148397,-1.551063,0.106123,0.977027,0.064927,0.037604,-0.199469
38.660000,5.955417,0.966202,2.627610,0.146015,-1.552621,0.106207,0.976991,0.064797,0.037641,-0.199685
38.670000,5.956865,0.950668,2.628673,0.143633,-1.554155,0.106290,0.976954,0.064665,0.037677,-0.199899
38.680000,5.958289,0.935119,2.629736,0.141250,-1.555663,0.106374,0.976918,0.064529,0.037713,-0.200114
38.690000,5.959690,0.919555,2.630800,0.138866,-1.557147,0.106457,0.976882,0.064391,0.037749,-0.200328
38.700000,5.961067,0.903976,2.631865,0.136482,-1.558606,0.106540,0.976846,0.064250,0.037784,-0.200541
38.710000,5.962420,0.888383,2.632931,0.134097,-1.560040,0.106622,0.976810,0.064106,0.037818,-0.200755
38.720000,5.963749,0.872775,2.633997,0.131712,-1.561449,0.106705,0.976775,0.063958,0.037852,-0.200968
38.730000,5.965054,0.857154,2.635065,0.129326,-1.562833,0.106787,0.976739,0.063808,0.037885,-0.201180
38.740000,5.966335,0.841519,2.636133,0.126940,-1.564192,0.106869,0.976704,0.063656,0.037917,-0.201392
38.750000,5.967593,0.825870,2.637202,0.124553,-1.565526,0.106951,0.976670,0.063500,0.037949,-0.201604
38.760000,5.968826,0.810208,2.638272,0.122166,-1.566834,0.107032,0.976635,0.063341,0.037980,-0.201816
38.770000,5.970036,0.794533,2.639343,0.119778,-1.568118,0.107114,0.976601,0.063180,0.038011,-0.202027
38.780000,5.971222,0.778846,2.640414,0.117390,-1.569377,0.107195,0.976566,0.063016,0.038041,-0.202238
38.790000,5.972384,0.763146,2.641487,0.115001,-1.570610,0.107276,0.976532,0.062849,0.038071,-0.202448
38.800000,5.973522,0.747434,2.642560,0.112612,-1.571819,0.107356,0.976499,0.062679,0.038099,-0.202658
38.810000,5.974636,0.731710,2.643634,0.110222,-1.573002,0.107436,0.976465,0.062506,0.038128,-0.202868
38.820000,5.975726,0.715974,2.644709,0.107832,-1.574160,0.107516,0.976432,0.062330,0.038155,-0.203077
38.830000,5.976793,0.700226,2.645784,0.105442,-1.575293,0.107596,0.976399,0.062152,0.038183,-0.203286
38.840000,5.977835,0.684468,2.646861,0.103051,-1.576401,0.107676,0.976366,0.061971,0.038209,-0.203494
38.850000,5.978854,0.668699,2.647938,0.100660,-1.577484,0.107755,0.976333,0.061787,0.038235,-0.203702
38.860000,5.979848,0.652918,2.649016,0.098268,-1.578541,0.107834,0.976300,0.061600,0.038260,-0.203910
38.870000,5.980819,0.637128,2.650094,0.095876,-1.579573,0.107913,0.976268,0.061411,0.038285,-0.204118
38.880000,5.981766,0.621327,2.651174,0.093483,-1.580580,0.107992,0.976236,0.061219,0.038309,-0.204325
38.890000,5.982689,0.605516,2.652254,0.091090,-1.581561,0.108070,0.976204,0.061024,0.038332,-0.204532
38.900000,5.983588,0.589696,2.653335,0.088697,-1.582517,0.108148,0.976172,0.060826,0.038355,-0.204738
38.910000,5.984463,0.573866,2.654417,0.086303,-1.583448,0.108226,0.976140,0.060626,0.038378,-0.204944
38.920000,5.985314,0.558027,2.655500,0.083909,-1.584354,0.108304,0.976109,0.060423,0.038399,-0.205150
38.930000,5.986141,0.542179,2.656583,0.081515,-1.585234,0.108381,0.976077,0.060217,0.038420,-0.205355
38.940000,5.986944,0.526322,2.657668,0.079121,-1.586089,0.108458,0.976046,0.060008,0.038441,-0.205560
38.950000,5.987723,0.510457,2.658752,0.076726,-1.586918,0.108535,0.976015,0.059797,0.038461,-0.205764
38.960000,5.988479,0.494584,2.659838,0.074330,-1.587722,0.108612,0.975985,0.059583,0.038480,-0.205969
38.970000,5.989210,0.478703,2.660925,0.071935,-1.588501,0.108688,0.975954,0.059366,0.038499,-0.206173
38.980000,5.989917,0.462814,2.662012,0.069539,-1.589254,0.108764,0.975924,0.059147,0.038517,-0.206376
38.990000,5.990601,0.446918,2.663100,0.067143,-1.589982,0.108840,0.975893,0.058925,0.038534,-0.206579
39.000000,5.991260,0.431015,2.664189,0.064747,-1.590684,0.108916,0.975863,0.058701,0.038551,-0.206782
39.010000,5.991896,0.415104,2.665278,0.062350,-1.591361,0.108991,0.975833,0.058474,0.038567,-0.206985
39.020000,5.992507,0.399187,2.666369,0.059953,-1.592013,0.109067,0.975804,0.058244,0.038583,-0.207187
39.030000,5.993095,0.383264,2.667460,0.057556,-1.592638,0.109142,0.975774,0.058011,0.038598,-0.207389
39.040000,5.993658,0.367335,2.668551,0.055159,-1.593239,0.109216,0.975744,0.057776,0.038613,-0.207590
39.050000,5.994198,0.351400,2.669644,0.052761,-1.593814,0.109291,0.975715,0.057539,0.038627,-0.207791
39.060000,5.994713,0.335459,2.670737,0.050363,-1.594363,0.109365,0.975686,0.057299,0.038640,-0.207992
39.070000,5.995205,0.319512,2.671831,0.047965,-1.594887,0.109439,0.975657,0.057056,0.038652,-0.208192
39.080000,5.995673,0.303561,2.672926,0.045567,-1.595386,0.109513,0.975628,0.056811,0.038664,-0.208392
39.090000,5.996116,0.287605,2.674022,0.043169,-1.595859,0.109586,0.975599,0.056563,0.038676,-0.208592
39.100000,5.996536,0.271644,2.675118,0.040770,-1.596306,0.109659,0.975571,0.056313,0.038687,-0.208792
39.110000,5.996932,0.255679,2.676215,0.038371,-1.596728,0.109732,0.975542,0.056060,0.038697,-0.208991
39.120000,5.997304,0.239709,2.677312,0.035973,-1.597124,0.109805,0.975514,0.055805,0.038706,-0.209189
39.130000,5.997651,0.223736,2.678411,0.033574,-1.597495,0.109877,0.975486,0.055547,0.038715,-0.209388
39.140000,5.997975,0.207760,2.679510,0.031174,-1.597840,0.109950,0.975458,0.055286,0.038724,-0.209586
39.150000,5.998275,0.191780,2.680610,0.028775,-1.598160,0.110022,0.975430,0.055024,0.038732,-0.209784
39.160000,5.998550,0.175796,2.681710,0.026376,-1.598454,0.110093,0.975402,0.054759,0.038739,-0.209981
39.170000,5.998802,0.159811,2.682812,0.023976,-1.598723,0.110165,0.975374,0.054491,0.038745,-0.210178
39.180000,5.999030,0.143822,2.683914,0.021577,-1.598965,0.110236,0.975347,0.054221,0.038751,-0.210375
39.190000,5.999234,0.127831,2.685016,0.019177,-1.599183,0.110307,0.975319,0.053948,0.038756,-0.210571
39.200000,5.999414,0.111838,2.686120,0.016777,-1.599374,0.110378,0.975292,0.053673,0.038761,-0.210767
39.210000,5.999569,0.095844,2.687224,0.014378,-1.599541,0.110448,0.975264,0.053396,0.038765,-0.210963
39.220000,5.999701,0.079848,2.688329,0.011978,-1.599681,0.110519,0.975237,0.053117,0.038769,-0.211158
39.230000,5.999809,0.063850,2.689434,0.009578,-1.599796,0.110589,0.975210,0.052835,0.038771,-0.211354
39.240000,5.999893,0.047852,2.690541,0.007178,-1.599886,0.110658,0.975183,0.052550,0.038774,-0.211548
39.250000,5.999952,0.031853,2.691647,0.004778,-1.599949,0.110728,0.975156,0.052264,0.038775,-0.211743
39.260000,5.999988,0.015853,2.692755,0.002378,-1.599987,0.110797,0.975130,0.051975,0.038776,-0.211937
39.270000,6.000000,-0.000147,2.693863,-0.000022,-1.600000,0.110866,0.975103,0.051683,0.038777,-0.212131
39.280000,5.999988,-0.016147,2.694972,-0.002422,-1.599987,0.110935,0.975076,0.051390,0.038776,-0.212324
39.290000,5.999952,-0.032147,2.696082,-0.004822,-1.599948,0.111003,0.975050,0.051094,0.038776,-0.212517
39.300000,5.999891,-0.048146,2.697193,-0.007222,-1.599884,0.111072,0.975023,0.050796,0.038774,-0.212710
39.310000,5.999807,-0.064144,2.698304,-0.009622,-1.599794,0.111140,0.974997,0.050495,0.038772,-0.212903
39.320000,5.999699,-0.080142,2.699415,-0.012022,-1.599679,0.111207,0.974971,0.050192,0.038769,-0.213095
39.330000,5.999567,-0.096138,2.700528,-0.014422,-1.599538,0.111275,0.974945,0.049888,0.038766,-0.213287
39.340000,5.999410,-0.112132,2.701641,-0.016821,-1.599371,0.111342,0.974918,0.049581,0.038762,-0.213479
39.350000,5.999230,-0.128125,2.702755,-0.019221,-1.599179,0.111409,0.974892,0.049271,0.038757,-0.213670
39.360000,5.999026,-0.144116,2.703869,-0.021621,-1.598961,0.111476,0.974866,0.048960,0.038752,-0.213861
39.370000,5.998798,-0.160104,2.704984,-0.024020,-1.598718,0.111542,0.974841,0.048646,0.038746,-0.214052
39.380000,5.998546,-0.176090,2.706100,-0.026420,-1.598449,0.111609,0.974815,0.048330,0.038740,-0.214242
39.390000,5.998269,-0.192073,2.707216,-0.028819,-1.598154,0.111675,0.974789,0.048013,0.038733,-0.214433
39.400000,5.997969,-0.208053,2.708333,-0.031219,-1.597834,0.111740,0.974763,0.047693,0.038725,-0.214622
39.410000,5.997645,-0.224030,2.709451,-0.033618,-1.597489,0.111806,0.974737,0.047370,0.038717,-0.214812
39.420000,5.997297,-0.240003,2.710569,-0.036017,-1.597117,0.111871,0.974712,0.047046,0.038708,-0.215001
39.430000,5.996925,-0.255972,2.711688,-0.038415,-1.596721,0.111936,0.974686,0.046720,0.038698,-0.215190
39.440000,5.996529,-0.271937,2.712808,-0.040814,-1.596298,0.112001,0.974660,0.046392,0.038688,-0.215379
39.450000,5.996108,-0.287898,2.713929,-0.043213,-1.595850,0.112065,0.974635,0.046061,0.038677,-0.215567
39.460000,5.995664,-0.303854,2.715049,-0.045611,-1.595377,0.112130,0.974609,0.045729,0.038666,-0.215755
39.470000,5.995196,-0.319805,2.716171,-0.048009,-1.594878,0.112194,0.974584,0.045394,0.038653,-0.215943
39.480000,5.994704,-0.335751,2.717293,-0.050407,-1.594354,0.112257,0.974558,0.045058,0.038641,-0.216131
39.490000,5.994188,-0.351692,2.718416,-0.052805,-1.593804,0.112321,0.974533,0.044720,0.038627,-0.216318
39.500000,5.993648,-0.367627,2.719540,-0.055203,-1.593228,0.112384,0.974508,0.044379,0.038613,-0.216505
39.510000,5.993084,-0.383557,2.720664,-0.057600,-1.592627,0.112447,0.974482,0.044037,0.038599,-0.216691
39.520000,5.992496,-0.399480,2.721789,-0.059997,-1.592001,0.112510,0.974457,0.043693,0.038583,-0.216878
39.530000,5.991884,-0.415397,2.722914,-0.062394,-1.591349,0.112572,0.974432,0.043346,0.038567,-0.217064
39.540000,5.991248,-0.431307,2.724040,-0.064791,-1.590672,0.112635,0.974406,0.042998,0.038551,-0.217250
39.550000,5.990588,-0.447210,2.725167,-0.067187,-1.589969,0.112697,0.974381,0.042649,0.038534,-0.217435
39.560000,5.989904,-0.463106,2.726294,-0.069583,-1.589240,0.112758,0.974356,0.042297,0.038516,-0.217621
39.570000,5.989197,-0.478995,2.727422,-0.071979,-1.588487,0.112820,0.974330,0.041943,0.038497,-0.217806
39.580000,5.988465,-0.494876,2.728550,-0.074374,-1.587708,0.112881,0.974305,0.041588,0.038478,-0.217990
39.590000,5.987709,-0.510749,2.729680,-0.076770,-1.586903,0.112942,0.974280,0.041230,0.038458,-0.218175
39.600000,5.986929,-0.526614,2.730809,-0.079165,-1.586073,0.113003,0.974254,0.040871,0.038438,-0.218359
39.610000,5.986126,-0.542470,2.731940,-0.081559,-1.585218,0.113063,0.974229,0.040510,0.038417,-0.218543
39.620000,5.985298,-0.558318,2.733071,-0.083953,-1.584337,0.113123,0.974204,0.040148,0.038395,-0.218727
39.630000,5.984447,-0.574157,2.734202,-0.086347,-1.583431,0.113183,0.974178,0.039783,0.038373,-0.218910
39.640000,5.983571,-0.589986,2.735334,-0.088741,-1.582500,0.113243,0.974153,0.039417,0.038350,-0.219093
39.650000,5.982672,-0.605807,2.736467,-0.091134,-1.581543,0.113302,0.974127,0.039049,0.038326,-0.219276
39.660000,5.981749,-0.621617,2.737600,-0.093527,-1.580562,0.113361,0.974102,0.038680,0.038302,-0.219459
39.670000,5.980801,-0.637418,2.738734,-0.095920,-1.579554,0.113420,0.974076,0.038308,0.038277,-0.219641
39.680000,5.979830,-0.653208,2.739869,-0.098312,-1.578522,0.113479,0.974051,0.037936,0.038252,-0.219824
39.690000,5.978835,-0.668988,2.741004,-0.100703,-1.577464,0.113537,0.974025,0.037561,0.038225,-0.220006
39.700000,5.977816,-0.684757,2.742139,-0.103095,-1.576381,0.113595,0.974000,0.037185,0.038199,-0.220187
39.710000,5.976773,-0.700516,2.743276,-0.105486,-1.575273,0.113653,0.973974,0.036807,0.038171,-0.220369
39.720000,5.975706,-0.716263,2.744412,-0.107876,-1.574139,0.113711,0.973949,0.036428,0.038143,-0.220550
39.730000,5.974616,-0.731998,2.745550,-0.110266,-1.572981,0.113768,0.973923,0.036047,0.038114,-0.220731
39.740000,5.973501,-0.747722,2.746688,-0.112656,-1.571797,0.113825,0.973897,0.035664,0.038085,-0.220911
39.750000,5.972363,-0.763434,2.747826,-0.115045,-1.570588,0.113882,0.973871,0.035280,0.038054,-0.221092
39.760000,5.971200,-0.779134,2.748966,-0.117434,-1.569354,0.113939,0.973846,0.034895,0.038024,-0.221272
39.770000,5.970014,-0.794821,2.750105,-0.119822,-1.568095,0.113995,0.973820,0.034508,0.037992,-0.221452
39.780000,5.968804,-0.810496,2.751245,-0.122210,-1.566811,0.114051,0.973794,0.034119,0.037960,-0.221632
39.790000,5.967570,-0.826157,2.752386,-0.124597,-1.565501,0.114107,0.973768,0.033729,0.037927,-0.221811
39.800000,5.966312,-0.841806,2.753528,-0.126984,-1.564167,0.114163,0.973742,0.033338,0.037894,-0.221991
39.810000,5.965030,-0.857441,2.754669,-0.129370,-1.562807,0.114218,0.973715,0.032945,0.037860,-0.222170
39.820000,5.963724,-0.873062,2.755812,-0.131756,-1.561423,0.114273,0.973689,0.032551,0.037825,-0.222349
39.830000,5.962395,-0.888669,2.756955,-0.134141,-1.560014,0.114328,0.973663,0.032155,0.037790,-0.222527
39.840000,5.961042,-0.904262,2.758098,-0.136526,-1.558579,0.114383,0.973637,0.031758,0.037754,-0.222706
39.850000,5.959664,-0.919841,2.759243,-0.138910,-1.557120,0.114437,0.973610,0.031360,0.037717,-0.222884
39.860000,5.958263,-0.935404,2.760387,-0.141294,-1.555636,0.114491,0.973584,0.030960,0.037680,-0.223062
39.870000,5.956839,-0.950953,2.761532,-0.143677,-1.554127,0.114545,0.973557,0.030559,0.037642,-0.223239
39.880000,5.955390,-0.966487,2.762678,-0.146059,-1.552593,0.114598,0.973530,0.030157,0.037603,-0.223417
39.890000,5.953917,-0.982005,2.763824,-0.148441,-1.551034,0.114652,0.973504,0.029753,0.037564,-0.223594
39.900000,5.952421,-0.997507,2.764971,-0.150822,-1.549450,0.114705,0.973477,0.029348,0.037524,-0.223771
39.910000,5.950901,-1.012994,2.766118,-0.153203,-1.547842,0.114757,0.973450,0.028942,0.037483,-0.223948
39.920000,5.949357,-1.028464,2.767266,-0.155583,-1.546209,0.114810,0.973423,0.028535,0.037442,-0.224125
39.930000,5.947789,-1.043918,2.768415,-0.157962,-1.544551,0.114862,0.973396,0.028127,0.037400,-0.224301
39.940000,5.946198,-1.059355,2.769564,-0.160341,-1.542868,0.114914,0.973368,0.027717,0.037357,-0.224478
39.950000,5.944583,-1.074775,2.770713,-0.162719,-1.541161,0.114966,0.973341,0.027306,0.037313,-0.224654
39.960000,5.942943,-1.090178,2.771863,-0.165097,-1.539429,0.115017,0.973314,0.026894,0.037269,-0.224829
39.970000,5.941281,-1.105564,2.773013,-0.167474,-1.537672,0.115068,0.973286,0.026481,0.037225,-0.225005
39.980000,5.939594,-1.120932,2.774164,-0.169850,-1.535891,0.115119,0.973258,0.026067,0.037179,-0.225181
39.990000,5.937884,-1.136282,2.775316,-0.172225,-1.534085,0.115170,0.973231,0.025651,0.037133,-0.225356
40.000000,5.936149,-1.151613,2.776468,-0.174600,-1.532255,0.115220,0.973203,0.025235,0.037087,-0.225531
40.010000,5.934392,-1.166927,2.777620,-0.176974,-1.530400,0.115271,0.973175,0.024818,0.037039,-0.225706
40.020000,5.932610,-1.182221,2.778773,-0.179348,-1.528521,0.115321,0.973147,0.024399,0.036991,-0.225880
40.030000,5.930805,-1.197497,2.779926,-0.181720,-1.526617,0.115370,0.973118,0.023980,0.036942,-0.226055
40.040000,5.928976,-1.212753,2.781080,-0.184092,-1.524689,0.115420,0.973090,0.023559,0.036893,-0.226229
40.050000,5.927123,-1.227991,2.782235,-0.186463,-1.522736,0.115469,0.973062,0.023138,0.036843,-0.226403
40.060000,5.925246,-1.243208,2.783390,-0.188834,-1.520759,0.115518,0.973033,0.022716,0.036792,-0.226577
40.070000,5.923346,-1.258406,2.784545,-0.191204,-1.518758,0.115566,0.973004,0.022292,0.036740,-0.226751
40.080000,5.921422,-1.273583,2.785701,-0.193573,-1.516733,0.115614,0.972975,0.021868,0.036688,-0.226925
40.090000,5.919475,-1.288740,2.786857,-0.195941,-1.514683,0.115663,0.972946,0.021443,0.036635,-0.227098
40.100000,5.917503,-1.303877,2.788014,-0.198308,-1.512609,0.115710,0.972917,0.021017,0.036582,-0.227271
40.110000,5.915509,-1.318992,2.789172,-0.200675,-1.510510,0.115758,0.972888,0.020590,0.036528,-0.227444
40.120000,5.913490,-1.334087,2.790330,-0.203041,-1.508388,0.115805,0.972859,0.020163,0.036473,-0.227617
40.130000,5.911448,-1.349160,2.791488,-0.205406,-1.506241,0.115852,0.972829,0.019734,0.036417,-0.227790
40.140000,5.909382,-1.364212,2.792647,-0.207770,-1.504071,0.115899,0.972799,0.019305,0.036361,-0.227962
40.150000,5.907292,-1.379241,2.793806,-0.210133,-1.501876,0.115946,0.972769,0.018875,0.036304,-0.228135
40.160000,5.905179,-1.394249,2.794965,-0.212496,-1.499657,0.115992,0.972739,0.018445,0.036246,-0.228307
40.170000,5.903042,-1.409234,2.796126,-0.214857,-1.497414,0.116038,0.972709,0.018013,0.036188,-0.228479
40.180000,5.900882,-1.424197,2.797286,-0.217218,-1.495147,0.116084,0.972679,0.017581,0.036129,-0.228651
40.190000,5.898698,-1.439137,2.798447,-0.219578,-1.492857,0.116129,0.972649,0.017148,0.036069,-0.228822
40.200000,5.896490,-1.454054,2.799609,-0.221937,-1.490542,0.116174,0.972618,0.016715,0.036009,-0.228994
40.210000,5.894259,-1.468948,2.800771,-0.224295,-1.488204,0.116219,0.972587,0.016281,0.035948,-0.229165
40.220000,5.892005,-1.483818,2.801933,-0.226652,-1.485842,0.116264,0.972556,0.015846,0.035886,-0.229337
40.230000,5.889726,-1.498665,2.803096,-0.229009,-1.483456,0.116308,0.972525,0.015410,0.035824,-0.229508
40.240000,5.887424,-1.513487,2.804259,-0.231364,-1.481046,0.116353,0.972494,0.014975,0.035760,-0.229678
40.250000,5.885099,-1.528286,2.805423,-0.233719,-1.478612,0.116397,0.972463,0.014538,0.035697,-0.229849
40.260000,5.882750,-1.543060,2.806587,-0.236072,-1.476155,0.116440,0.972431,0.014101,0.035632,-0.230020
40.270000,5.880378,-1.557809,2.807752,-0.238425,-1.473675,0.116484,0.972399,0.013663,0.035567,-0.230190
40.280000,5.877982,-1.572533,2.808917,-0.240776,-1.471170,0.116527,0.972368,0.013225,0.035501,-0.230361
40.290000,5.875562,-1.587232,2.810082,-0.243127,-1.468643,0.116570,0.972336,0.012787,0.035434,-0.230531
40.300000,5.873119,-1.601906,2.811248,-0.245477,-1.466091,0.116612,0.972303,0.012348,0.035367,-0.230701
40.310000,5.870653,-1.616554,2.812415,-0.247826,-1.463517,0.116654,0.972271,0.011908,0.035299,-0.230871
40.320000,5.868163,-1.631176,2.813581,-0.250173,-1.460918,0.116697,0.972238,0.011468,0.035230,-0.231040
40.330000,5.865649,-1.645772,2.814749,-0.252520,-1.458297,0.116738,0.972206,0.011028,0.035161,-0.231210
40.340000,5.863112,-1.660342,2.815916,-0.254866,-1.455652,0.116780,0.972173,0.010588,0.035091,-0.231379
40.350000,5.860552,-1.674885,2.817084,-0.257211,-1.452984,0.116821,0.972140,0.010147,0.035020,-0.231549
40.360000,5.857968,-1.689401,2.818253,-0.259554,-1.450292,0.116862,0.972107,0.009705,0.034948,-0.231718
40.370000,5.855361,-1.703891,2.819421,-0.261897,-1.447578,0.116903,0.972073,0.009264,0.034876,-0.231887
40.380000,5.852730,-1.718353,2.820591,-0.264239,-1.444840,0.116943,0.972040,0.008822,0.034803,-0.232056
40.390000,5.850076,-1.732788,2.821760,-0.266579,-1.442079,0.116984,0.972006,0.008379,0.034729,-0.232225
40.400000,5.847398,-1.747194,2.822930,-0.268919,-1.439295,0.117024,0.971972,0.007937,0.034655,-0.232393
40.410000,5.844698,-1.761573,2.824101,-0.271257,-1.436488,0.117063,0.971938,0.007494,0.034580,-0.232562
40.420000,5.841973,-1.775924,2.825272,-0.273594,-1.433658,0.117103,0.971904,0.007051,0.034504,-0.232730
40.430000,5.839226,-1.790246,2.826443,-0.275931,-1.430805,0.117142,0.971869,0.006608,0.034428,-0.232898
40.440000,5.836455,-1.804540,2.827614,-0.278266,-1.427929,0.117181,0.971834,0.006165,0.034350,-0.233066
40.450000,5.833660,-1.818805,2.828786,-0.280600,-1.425030,0.117220,0.971800,0.005721,0.034273,-0.233234
40.460000,5.830843,-1.833041,2.829959,-0.282933,-1.422109,0.117258,0.971765,0.005278,0.034194,-0.233402
40.470000,5.828002,-1.847247,2.831132,-0.285265,-1.419165,0.117296,0.971729,0.004834,0.034115,-0.233570
40.480000,5.825137,-1.861424,2.832305,-0.287595,-1.416198,0.117334,0.971694,0.004390,0.034035,-0.233738
40.490000,5.822250,-1.875571,2.833478,-0.289925,-1.413208,0.117372,0.971658,0.003947,0.033954,-0.233905
40.500000,5.819339,-1.889688,2.834652,-0.292253,-1.410196,0.117409,0.971623,0.003503,0.033872,-0.234073
40.510000,5.816405,-1.903775,2.835826,-0.294580,-1.407161,0.117446,0.971587,0.003059,0.033790,-0.234240
40.520000,5.813447,-1.917831,2.837001,-0.296906,-1.404104,0.117483,0.971550,0.002615,0.033707,-0.234407
40.530000,5.810467,-1.931857,2.838176,-0.299231,-1.401024,0.117519,0.971514,0.002171,0.033624,-0.234574
40.540000,5.807463,-1.945852,2.839352,-0.301554,-1.397922,0.117556,0.971478,0.001727,0.033540,-0.234741
40.550000,5.804435,-1.959815,2.840527,-0.303877,-1.394797,0.117592,0.971441,0.001283,0.033455,-0.234908
40.560000,5.801385,-1.973747,2.841703,-0.306198,-1.391651,0.117627,0.971404,0.000840,0.033369,-0.235075
40.570000,5.798312,-1.987648,2.842880,-0.308518,-1.388481,0.117663,0.971367,0.000396,0.033282,-0.235241
40.580000,5.795215,-2.001517,2.844057,-0.310837,-1.385290,0.117698,0.971330,-0.000047,0.033195,-0.235408
40.590000,5.792095,-2.015354,2.845234,-0.313154,-1.382077,0.117733,0.971292,-0.000491,0.033107,-0.235574
40.600000,5.788952,-2.029158,2.846411,-0.315470,-1.378841,0.117768,0.971254,-0.000934,0.033019,-0.235741
40.610000,5.785785,-2.042931,2.847589,-0.317785,-1.375583,0.117802,0.971217,-0.001377,0.032930,-0.235907
40.620000,5.782596,-2.056670,2.848767,-0.320099,-1.372304,0.117836,0.971179,-0.001820,0.032840,-0.236073
40.630000,5.779383,-2.070377,2.849946,-0.322411,-1.369002,0.117870,0.971140,-0.002262,0.032749,-0.236239
40.640000,5.776148,-2.084050,2.851125,-0.324722,-1.365678,0.117904,0.971102,-0.002705,0.032657,-0.236405
40.650000,5.772889,-2.097690,2.852304,-0.327032,-1.362333,0.117937,0.971063,-0.003147,0.032565,-0.236571
40.660000,5.769607,-2.111297,2.853483,-0.329341,-1.358966,0.117970,0.971025,-0.003589,0.032472,-0.236736
40.670000,5.766302,-2.124869,2.854663,-0.331648,-1.355577,0.118003,0.970986,-0.004030,0.032379,-0.236902
40.680000,5.762974,-2.138408,2.855844,-0.333954,-1.352166,0.118036,0.970946,-0.004471,0.032284,-0.237067
40.690000,5.759623,-2.151913,2.857024,-0.336258,-1.348734,0.118068,0.970907,-0.004912,0.032189,-0.237233
40.700000,5.756249,-2.165383,2.858205,-0.338562,-1.345280,0.118100,0.970867,-0.005352,0.032094,-0.237398
40.710000,5.752852,-2.178818,2.859386,-0.340863,-1.341805,0.118132,0.970828,-0.005793,0.031997,-0.237563
40.720000,5.749432,-2.192219,2.860568,-0.343164,-1.338308,0.118163,0.970788,-0.006232,0.031900,-0.237728
40.730000,5.745989,-2.205584,2.861749,-0.345463,-1.334790,0.118195,0.970748,-0.006671,0.031802,-0.237893
40.740000,5.742522,-2.218914,2.862931,-0.347761,-1.331250,0.118226,0.970707,-0.007110,0.031703,-0.238058
40.750000,5.739033,-2.232209,2.864114,-0.350057,-1.327689,0.118256,0.970667,-0.007549,0.031604,-0.238223
40.760000,5.735521,-2.245468,2.865297,-0.352352,-1.324107,0.118287,0.970626,-0.007986,0.031504,-0.238388
40.770000,5.731986,-2.258691,2.866480,-0.354645,-1.320504,0.118317,0.970585,-0.008424,0.031403,-0.238553
40.780000,5.728428,-2.271878,2.867663,-0.356937,-1.316879,0.118347,0.970544,-0.008860,0.031302,-0.238717
40.790000,5.724848,-2.285029,2.868846,-0.359228,-1.313234,0.118376,0.970503,-0.009297,0.031199,-0.238882
40.800000,5.721244,-2.298143,2.870030,-0.361517,-1.309567,0.118406,0.970461,-0.009732,0.031096,-0.239046
40.810000,5.717617,-2.311220,2.871215,-0.363805,-1.305880,0.118435,0.970420,-0.010167,0.030993,-0.239210
40.820000,5.713968,-2.324260,2.872399,-0.366091,-1.302171,0.118464,0.970378,-0.010602,0.030888,-0.239374
40.830000,5.710295,-2.337263,2.873584,-0.368376,-1.298442,0.118492,0.970336,-0.011036,0.030783,-0.239539
40.840000,5.706600,-2.350229,2.874769,-0.370660,-1.294692,0.118521,0.970294,-0.011469,0.030677,-0.239703
40.850000,5.702882,-2.363157,2.875954,-0.372941,-1.290921,0.118549,0.970251,-0.011901,0.030571,-0.239867
40.860000,5.699141,-2.376047,2.877140,-0.375222,-1.287130,0.118576,0.970209,-0.012333,0.030463,-0.240030
40.870000,5.695378,-2.388900,2.878326,-0.377501,-1.283318,0.118604,0.970166,-0.012764,0.030355,-0.240194
40.880000,5.691591,-2.401714,2.879512,-0.379778,-1.279486,0.118631,0.970123,-0.013195,0.030246,-0.240358
40.890000,5.687782,-2.414489,2.880698,-0.382054,-1.275633,0.118658,0.970080,-0.013624,0.030137,-0.240522
40.900000,5.683950,-2.427226,2.881885,-0.384328,-1.271759,0.118685,0.970037,-0.014053,0.030027,-0.240685
40.910000,5.680096,-2.439924,2.883072,-0.386601,-1.267866,0.118711,0.969993,-0.014481,0.029916,-0.240849
40.920000,5.676218,-2.452583,2.884259,-0.388872,-1.263952,0.118737,0.969950,-0.014909,0.029804,-0.241012
40.930000,5.672318,-2.465203,2.885447,-0.391142,-1.260017,0.118763,0.969906,-0.015335,0.029692,-0.241175
40.940000,5.668396,-2.477784,2.886635,-0.393410,-1.256063,0.118789,0.969862,-0.015761,0.029579,-0.241339
40.950000,5.664450,-2.490325,2.887823,-0.395677,-1.252088,0.118814,0.969818,-0.016185,0.029465,-0.241502
40.960000,5.660482,-2.502825,2.889011,-0.397942,-1.248094,0.118840,0.969774,-0.016609,0.029350,-0.241665
40.970000,5.656491,-2.515286,2.890199,-0.400205,-1.244079,0.118864,0.969729,-0.017032,0.029235,-0.241828
40.980000,5.652478,-2.527707,2.891388,-0.402467,-1.240045,0.118889,0.969684,-0.017454,0.029119,-0.241991
40.990000,5.648442,-2.540087,2.892577,-0.404727,-1.235991,0.118913,0.969640,-0.017875,0.029002,-0.242153
41.000000,5.644383,-2.552427,2.893766,-0.406986,-1.231917,0.118937,0.969595,-0.018295,0.028885,-0.242316
41.010000,5.640302,-2.564725,2.894956,-0.409243,-1.227823,0.118961,0.969550,-0.018714,0.028766,-0.242479
41.020000,5.636198,-2.576983,2.896146,-0.411498,-1.223710,0.118985,0.969504,-0.019132,0.028648,-0.242642
41.030000,5.632072,-2.589200,2.897336,-0.413752,-1.219577,0.119008,0.969459,-0.019549,0.028528,-0.242804
41.040000,5.627923,-2.601375,2.898526,-0.416004,-1.215424,0.119031,0.969413,-0.019965,0.028407,-0.242966
41.050000,5.623752,-2.613508,2.899716,-0.418254,-1.211252,0.119053,0.969367,-0.020380,0.028286,-0.243129
41.060000,5.619558,-2.625600,2.900907,-0.420503,-1.207061,0.119076,0.969321,-0.020794,0.028165,-0.243291
41.070000,5.615342,-2.637649,2.902098,-0.422750,-1.202850,0.119098,0.969275,-0.021207,0.028042,-0.243453
41.080000,5.611103,-2.649657,2.903289,-0.424995,-1.198621,0.119120,0.969229,-0.021618,0.027919,-0.243615
41.090000,5.606842,-2.661621,2.904480,-0.427239,-1.194372,0.119142,0.969182,-0.022029,0.027795,-0.243778
41.100000,5.602559,-2.673544,2.905672,-0.429480,-1.190103,0.119163,0.969136,-0.022438,0.027670,-0.243940
41.110000,5.598253,-2.685423,2.906863,-0.431721,-1.185816,0.119184,0.969089,-0.022846,0.027545,-0.244101
41.120000,5.593924,-2.697260,2.908055,-0.433959,-1.181510,0.119205,0.969042,-0.023253,0.027418,-0.244263
41.130000,5.589573,-2.709054,2.909248,-0.436196,-1.177185,0.119225,0.968995,-0.023659,0.027292,-0.244425
41.140000,5.585200,-2.720804,2.910440,-0.438431,-1.172841,0.119246,0.968948,-0.024064,0.027164,-0.244587
41.150000,5.580805,-2.732510,2.911632,-0.440664,-1.168478,0.119266,0.968901,-0.024467,0.027036,-0.244748
41.160000,5.576387,-2.744173,2.912825,-0.442895,-1.164097,0.119285,0.968853,-0.024869,0.026907,-0.244910
41.170000,5.571947,-2.755792,2.914018,-0.445125,-1.159697,0.119305,0.968806,-0.025270,0.026777,-0.245071
41.180000,5.567485,-2.767367,2.915211,-0.447353,-1.155279,0.119324,0.968758,-0.025669,0.026646,-0.245233
41.190000,5.563000,-2.778898,2.916405,-0.449579,-1.150842,0.119343,0.968710,-0.026067,0.026515,-0.245394
41.200000,5.558493,-2.790384,2.917598,-0.451803,-1.146386,0.119362,0.968662,-0.026464,0.026383,-0.245555
41.210000,5.553964,-2.801825,2.918792,-0.454026,-1.141912,0.119380,0.968614,-0.026859,0.026250,-0.245716
41.220000,5.549412,-2.813222,2.919986,-0.456246,-1.137420,0.119398,0.968566,-0.027253,0.026117,-0.245877
41.230000,5.544839,-2.824574,2.921180,-0.458465,-1.132910,0.119416,0.968517,-0.027646,0.025983,-0.246038
41.240000,5.540243,-2.835880,2.922374,-0.460682,-1.128382,0.119434,0.968469,-0.028037,0.025848,-0.246199
41.250000,5.535625,-2.847141,2.923569,-0.462898,-1.123835,0.119451,0.968420,-0.028427,0.025713,-0.246360
41.260000,5.530985,-2.858357,2.924763,-0.465111,-1.119271,0.119468,0.968371,-0.028815,0.025576,-0.246521
41.270000,5.526323,-2.869527,2.925958,-0.467322,-1.114689,0.119485,0.968322,-0.029202,0.025439,-0.246682
41.280000,5.521639,-2.880651,2.927153,-0.469532,-1.110088,0.119501,0.968273,-0.029588,0.025302,-0.246842
41.290000,5.516932,-2.891728,2.928348,-0.471740,-1.105471,0.119518,0.968224,-0.029971,0.025163,-0.247003
41.300000,5.512204,-2.902760,2.929543,-0.473945,-1.100835,0.119534,0.968175,-0.030354,0.025024,-0.247163
41.310000,5.507454,-2.913745,2.930739,-0.476149,-1.096182,0.119549,0.968126,-0.030735,0.024884,-0.247324
41.320000,5.502681,-2.924684,2.931934,-0.478351,-1.091511,0.119565,0.968076,-0.031114,0.024744,-0.247484
41.330000,5.497886,-2.935575,2.933130,-0.480552,-1.086823,0.119580,0.968027,-0.031491,0.024602,-0.247644
41.340000,5.493070,-2.946420,2.934326,-0.482750,-1.082117,0.119595,0.967977,-0.031868,0.024460,-0.247804
41.350000,5.488232,-2.957218,2.935522,-0.484946,-1.077394,0.119610,0.967927,-0.032242,0.024318,-0.247964
41.360000,5.483371,-2.967968,2.936718,-0.487140,-1.072654,0.119624,0.967877,-0.032615,0.024174,-0.248124
41.370000,5.478489,-2.978671,2.937914,-0.489333,-1.067897,0.119638,0.967827,-0.032986,0.024030,-0.248284
41.380000,5.473584,-2.989326,2.939111,-0.491523,-1.063122,0.119652,0.967777,-0.033356,0.023885,-0.248444
41.390000,5.468658,-2.999933,2.940307,-0.493712,-1.058331,0.119665,0.967727,-0.033724,0.023740,-0.248603
41.400000,5.463710,-3.010492,2.941504,-0.495898,-1.053523,0.119679,0.967677,-0.034090,0.023594,-0.248763
41.410000,5.458740,-3.021003,2.942701,-0.498082,-1.048697,0.119692,0.967626,-0.034454,0.023447,-0.248923
41.420000,5.453749,-3.031466,2.943898,-0.500265,-1.043855,0.119705,0.967576,-0.034817,0.023299,-0.249082
41.430000,5.448735,-3.041880,2.945095,-0.502445,-1.038997,0.119717,0.967525,-0.035178,0.023151,-0.249241
41.440000,5.443700,-3.052246,2.946292,-0.504624,-1.034121,0.119729,0.967475,-0.035537,0.023002,-0.249401
41.450000,5.438643,-3.062563,2.947490,-0.506800,-1.029230,0.119741,0.967424,-0.035895,0.022852,-0.249560
41.460000,5.433564,-3.072831,2.948687,-0.508975,-1.024321,0.119753,0.967373,-0.036251,0.022701,-0.249719
41.470000,5.428463,-3.083049,2.949885,-0.511147,-1.019397,0.119764,0.967322,-0.036605,0.022550,-0.249878
41.480000,5.423341,-3.093218,2.951082,-0.513318,-1.014456,0.119775,0.967271,-0.036957,0.022398,-0.250037
41.490000,5.418197,-3.103338,2.952280,-0.515486,-1.009498,0.119786,0.967220,-0.037307,0.022246,-0.250196
41.500000,5.413031,-3.113408,2.953478,-0.517652,-1.004525,0.119797,0.967169,-0.037655,0.022092,-0.250354
41.510000,5.407844,-3.123429,2.954676,-0.519816,-0.999535,0.119807,0.967118,-0.038002,0.021938,-0.250513
41.520000,5.402635,-3.133399,2.955874,-0.521978,-0.994530,0.119817,0.967067,-0.038347,0.021784,-0.250672
41.530000,5.397404,-3.143319,2.957072,-0.524138,-0.989509,0.119827,0.967016,-0.038689,0.021628,-0.250830
41.540000,5.392152,-3.153189,2.958271,-0.526296,-0.984471,0.119837,0.966965,-0.039030,0.021472,-0.250988
41.550000,5.386878,-3.163009,2.959469,-0.528452,-0.979418,0.119846,0.966913,-0.039369,0.021315,-0.251147
41.560000,5.381583,-3.172777,2.960668,-0.530606,-0.974350,0.119855,0.966862,-0.039706,0.021158,-0.251305
41.570000,5.376266,-3.182495,2.961866,-0.532757,-0.969265,0.119864,0.966810,-0.040041,0.021000,-0.251463
41.580000,5.370928,-3.192163,2.963065,-0.534907,-0.964166,0.119872,0.966759,-0.040374,0.020841,-0.251621
41.590000,5.365568,-3.201779,2.964264,-0.537054,-0.959051,0.119880,0.966707,-0.040706,0.020681,-0.251779
41.600000,5.360187,-3.211344,2.965462,-0.539199,-0.953920,0.119888,0.966656,-0.041035,0.020521,-0.251936
41.610000,5.354784,-3.220857,2.966661,-0.541342,-0.948774,0.119896,0.966604,-0.041362,0.020360,-0.252094
41.620000,5.349360,-3.230319,2.967860,-0.543483,-0.943613,0.119903,0.966552,-0.041687,0.020199,-0.252252
41.630000,5.343914,-3.239729,2.969059,-0.545622,-0.938437,0.119910,0.966501,-0.042010,0.020036,-0.252409
41.640000,5.338447,-3.249088,2.970259,-0.547758,-0.933246,0.119917,0.966449,-0.042331,0.019873,-0.252566
41.650000,5.332959,-3.258394,2.971458,-0.549893,-0.928040,0.119924,0.966397,-0.042649,0.019710,-0.252724
41.660000,5.327450,-3.267649,2.972657,-0.552025,-0.922819,0.119930,0.966345,-0.042966,0.019545,-0.252881
41.670000,5.321919,-3.276851,2.973856,-0.554155,-0.917584,0.119936,0.966293,-0.043281,0.019380,-0.253038
41.680000,5.316366,-3.286000,2.975056,-0.556282,-0.912334,0.119942,0.966242,-0.043593,0.019215,-0.253195
41.690000,5.310793,-3.295097,2.976255,-0.558408,-0.907069,0.119947,0.966190,-0.043904,0.019048,-0.253351
41.700000,5.305198,-3.304141,2.977455,-0.560531,-0.901789,0.119952,0.966138,-0.044212,0.018881,-0.253508
41.710000,5.299582,-3.313133,2.978654,-0.562652,-0.896495,0.119957,0.966086,-0.044518,0.018714,-0.253665
41.720000,5.293945,-3.322071,2.979854,-0.564771,-0.891187,0.119962,0.966034,-0.044822,0.018545,-0.253821
41.730000,5.288287,-3.330957,2.981054,-0.566887,-0.885865,0.119966,0.965982,-0.045124,0.018376,-0.253977
41.740000,5.282608,-3.339789,2.982253,-0.569001,-0.880528,0.119970,0.965930,-0.045424,0.018206,-0.254134
41.750000,5.276907,-3.348567,2.983453,-0.571113,-0.875178,0.119974,0.965878,-0.045721,0.018036,-0.254290
41.760000,5.271185,-3.357292,2.984653,-0.573223,-0.869813,0.119978,0.965826,-0.046016,0.017865,-0.254446
41.770000,5.265443,-3.365963,2.985852,-0.575330,-0.864434,0.119981,0.965775,-0.046309,0.017693,-0.254601
41.780000,5.259679,-3.374581,2.987052,-0.577435,-0.859042,0.119984,0.965723,-0.046600,0.017521,-0.254757
41.790000,5.253894,-3.383144,2.988252,-0.579538,-0.853636,0.119987,0.965671,-0.046888,0.017348,-0.254913
41.800000,5.248088,-3.391653,2.989452,-0.581638,-0.848216,0.119990,0.965619,-0.047174,0.017174,-0.255068
41.810000,5.242261,-3.400108,2.990652,-0.583736,-0.842782,0.119992,0.965567,-0.047458,0.017000,-0.255223
41.820000,5.236413,-3.408509,2.991852,-0.585832,-0.837335,0.119994,0.965515,-0.047740,0.016825,-0.255379
41.830000,5.230544,-3.416855,2.993052,-0.587925,-0.831875,0.119995,0.965463,-0.048019,0.016649,-0.255534
41.840000,5.224655,-3.425146,2.994252,-0.590016,-0.826402,0.119997,0.965412,-0.048296,0.016473,-0.255689
41.850000,5.218744,-3.433383,2.995452,-0.592105,-0.820915,0.119998,0.965360,-0.048570,0.016296,-0.255843
41.860000,5.212813,-3.441565,2.996652,-0.594191,-0.815415,0.119999,0.965308,-0.048843,0.016118,-0.255998
41.870000,5.206860,-3.449691,2.997852,-0.596275,-0.809902,0.120000,0.965256,-0.049113,0.015940,-0.256153
41.880000,5.200887,-3.457763,2.999052,-0.598357,-0.804376,0.120000,0.965205,-0.049380,0.015761,-0.256307
41.890000,5.194893,-3.465779,3.000252,-0.600436,-0.798837,0.120000,0.965153,-0.049645,0.015582,-0.256461
41.900000,5.188878,-3.473739,3.001452,-0.602513,-0.793285,0.120000,0.965101,-0.049908,0.015401,-0.256615
41.910000,5.182843,-3.481644,3.002652,-0.604587,-0.787721,0.119999,0.965050,-0.050168,0.015221,-0.256769
41.920000,5.176787,-3.489494,3.003852,-0.606659,-0.782144,0.119999,0.964998,-0.050426,0.015039,-0.256923
41.930000,5.170710,-3.497287,3.005052,-0.608729,-0.776555,0.119998,0.964947,-0.050682,0.014857,-0.257077
41.940000,5.164612,-3.505025,3.006252,-0.610796,-0.770953,0.119996,0.964895,-0.050935,0.014674,-0.257230
41.950000,5.158494,-3.512706,3.007452,-0.612860,-0.765339,0.119995,0.964844,-0.051185,0.014491,-0.257383
41.960000,5.152355,-3.520332,3.008652,-0.614922,-0.759712,0.119993,0.964793,-0.051433,0.014307,-0.257537
41.970000,5.146195,-3.527900,3.009852,-0.616982,-0.754074,0.119991,0.964741,-0.051679,0.014123,-0.257690
41.980000,5.140015,-3.535413,3.011051,-0.619039,-0.748423,0.119989,0.964690,-0.051922,0.013937,-0.257842
41.990000,5.133815,-3.542869,3.012251,-0.621094,-0.742760,0.119986,0.964639,-0.052163,0.013752,-0.257995
42.000000,5.127593,-3.550268,3.013451,-0.623146,-0.737086,0.119983,0.964588,-0.052401,0.013565,-0.258148
42.010000,5.121352,-3.557611,3.014651,-0.625196,-0.731399,0.119980,0.964537,-0.052637,0.013378,-0.258300
42.020000,5.115090,-3.564896,3.015851,-0.627243,-0.725701,0.119976,0.964486,-0.052870,0.013190,-0.258452
42.030000,5.108807,-3.572125,3.017050,-0.629288,-0.719992,0.119973,0.964435,-0.053101,0.013002,-0.258604
42.040000,5.102504,-3.579296,3.018250,-0.631331,-0.714271,0.119969,0.964384,-0.053329,0.012813,-0.258756
42.050000,5.096180,-3.586410,3.019450,-0.633370,-0.708538,0.119965,0.964334,-0.053555,0.012624,-0.258908
42.060000,5.089836,-3.593467,3.020649,-0.635407,-0.702794,0.119960,0.964283,-0.053778,0.012434,-0.259059
42.070000,5.083472,-3.600466,3.021849,-0.637442,-0.697039,0.119955,0.964232,-0.053998,0.012243,-0.259211
42.080000,5.077088,-3.607407,3.023049,-0.639474,-0.691273,0.119950,0.964182,-0.054216,0.012052,-0.259362
42.090000,5.070683,-3.614291,3.024248,-0.641504,-0.685495,0.119945,0.964132,-0.054431,0.011860,-0.259513
42.100000,5.064257,-3.621117,3.025447,-0.643531,-0.679707,0.119939,0.964081,-0.054644,0.011667,-0.259664
42.110000,5.057812,-3.627885,3.026647,-0.645555,-0.673908,0.119933,0.964031,-0.054854,0.011474,-0.259814
42.120000,5.051346,-3.634595,3.027846,-0.647577,-0.668098,0.119927,0.963981,-0.055061,0.011281,-0.259965
42.130000,5.044861,-3.641247,3.029045,-0.649596,-0.662277,0.119921,0.963931,-0.055266,0.011086,-0.260115
42.140000,5.038354,-3.647841,3.030245,-0.651613,-0.656446,0.119914,0.963881,-0.055469,0.010891,-0.260265
42.150000,5.031828,-3.654376,3.031444,-0.653627,-0.650604,0.119907,0.963831,-0.055668,0.010696,-0.260415
42.160000,5.025282,-3.660853,3.032643,-0.655638,-0.644752,0.119900,0.963782,-0.055865,0.010500,-0.260565
42.170000,5.018716,-3.667271,3.033842,-0.657647,-0.638889,0.119893,0.963732,-0.056059,0.010304,-0.260714
42.180000,5.012129,-3.673631,3.035041,-0.659653,-0.633017,0.119885,0.963682,-0.056251,0.010106,-0.260864
42.190000,5.005522,-3.679931,3.036239,-0.661657,-0.627134,0.119877,0.963633,-0.056440,0.009909,-0.261013
42.200000,4.998896,-3.686173,3.037438,-0.663658,-0.621241,0.119869,0.963584,-0.056626,0.009711,-0.261162
42.210000,4.992249,-3.692356,3.038637,-0.665656,-0.615338,0.119860,0.963535,-0.056810,0.009512,-0.261310
42.220000,4.985583,-3.698480,3.039835,-0.667652,-0.609425,0.119851,0.963486,-0.056991,0.009312,-0.261459
42.230000,4.978896,-3.704545,3.041034,-0.669644,-0.603503,0.119842,0.963437,-0.057169,0.009112,-0.261607
42.240000,4.972190,-3.710550,3.042232,-0.671635,-0.597571,0.119833,0.963388,-0.057345,0.008912,-0.261755
42.250000,4.965464,-3.716496,3.043430,-0.673622,-0.591629,0.119823,0.963339,-0.057517,0.008711,-0.261903
42.260000,4.958717,-3.722383,3.044629,-0.675607,-0.585678,0.119813,0.963291,-0.057688,0.008509,-0.262051
42.270000,4.951951,-3.728210,3.045827,-0.677589,-0.579718,0.119803,0.963242,-0.057855,0.008307,-0.262198
42.280000,4.945166,-3.733977,3.047025,-0.679569,-0.573748,0.119793,0.963194,-0.058020,0.008105,-0.262345
42.290000,4.938360,-3.739685,3.048223,-0.681545,-0.567769,0.119782,0.963146,-0.058181,0.007901,-0.262492
42.300000,4.931535,-3.745332,3.049420,-0.683519,-0.561781,0.119771,0.963098,-0.058341,0.007698,-0.262639
42.310000,4.924690,-3.750920,3.050618,-0.685491,-0.555784,0.119760,0.963050,-0.058497,0.007493,-0.262786
42.320000,4.917825,-3.756448,3.051815,-0.687459,-0.549778,0.119748,0.963002,-0.058651,0.007289,-0.262932
42.330000,4.910941,-3.761916,3.053013,-0.689425,-0.543763,0.119736,0.962955,-0.058802,0.007083,-0.263078
42.340000,4.904036,-3.767323,3.054210,-0.691388,-0.537740,0.119724,0.962907,-0.058950,0.006878,-0.263224
42.350000,4.897113,-3.772670,3.055407,-0.693348,-0.531708,0.119712,0.962860,-0.059095,0.006671,-0.263369
42.360000,4.890170,-3.777957,3.056604,-0.695305,-0.525667,0.119699,0.962813,-0.059238,0.006464,-0.263515
42.370000,4.883207,-3.783184,3.057801,-0.697260,-0.519618,0.119686,0.962766,-0.059377,0.006257,-0.263660
42.380000,4.876224,-3.788350,3.058998,-0.699212,-0.513561,0.119673,0.962719,-0.059514,0.006049,-0.263805
42.390000,4.869222,-3.793455,3.060195,-0.701161,-0.507496,0.119660,0.962673,-0.059648,0.005841,-0.263950
42.400000,4.862201,-3.798500,3.061391,-0.703107,-0.501422,0.119646,0.962626,-0.059780,0.005632,-0.264094
42.410000,4.855160,-3.803483,3.062588,-0.705051,-0.495341,0.119632,0.962580,-0.059908,0.005423,-0.264238
42.420000,4.848100,-3.808406,3.063784,-0.706992,-0.489251,0.119618,0.962534,-0.060034,0.005213,-0.264382
42.430000,4.841021,-3.813268,3.064980,-0.708929,-0.483154,0.119603,0.962488,-0.060157,0.005002,-0.264526
42.440000,4.833922,-3.818069,3.066176,-0.710864,-0.477049,0.119589,0.962442,-0.060277,0.004792,-0.264669
42.450000,4.826803,-3.822809,3.067372,-0.712796,-0.470936,0.119574,0.962396,-0.060395,0.004580,-0.264812
42.460000,4.819666,-3.827488,3.068568,-0.714726,-0.464816,0.119558,0.962350,-0.060509,0.004368,-0.264955
42.470000,4.812509,-3.832106,3.069763,-0.716652,-0.458688,0.119543,0.962305,-0.060621,0.004156,-0.265098
42.480000,4.805333,-3.836662,3.070958,-0.718576,-0.452553,0.119527,0.962260,-0.060730,0.003943,-0.265240
42.490000,4.798137,-3.841157,3.072154,-0.720496,-0.446411,0.119511,0.962215,-0.060836,0.003730,-0.265382
42.500000,4.790923,-3.845590,3.073349,-0.722414,-0.440261,0.119495,0.962170,-0.060939,0.003517,-0.265524
42.510000,4.783689,-3.849962,3.074543,-0.724329,-0.434105,0.119478,0.962125,-0.061039,0.003303,-0.265666
42.520000,4.776436,-3.854272,3.075738,-0.726241,-0.427941,0.119461,0.962081,-0.061137,0.003088,-0.265807
42.530000,4.769164,-3.858521,3.076933,-0.728150,-0.421771,0.119444,0.962036,-0.061231,0.002873,-0.265948
42.540000,4.761873,-3.862707,3.078127,-0.730057,-0.415594,0.119426,0.961992,-0.061323,0.002658,-0.266089
42.550000,4.754563,-3.866832,3.079321,-0.731960,-0.409411,0.119409,0.961948,-0.061412,0.002442,-0.266229
42.560000,4.747234,-3.870896,3.080515,-0.733860,-0.403220,0.119391,0.961905,-0.061498,0.002225,-0.266370
42.570000,4.739886,-3.874897,3.081709,-0.735758,-0.397024,0.119372,0.961861,-0.061581,0.002009,-0.266509
42.580000,4.732519,-3.878836,3.082903,-0.737652,-0.390821,0.119354,0.961818,-0.061661,0.001791,-0.266649
42.590000,4.725133,-3.882713,3.084096,-0.739544,-0.384612,0.119335,0.961774,-0.061739,0.001574,-0.266788
42.600000,4.717728,-3.886528,3.085289,-0.741432,-0.378396,0.119316,0.961731,-0.061813,0.001356,-0.266927
42.610000,4.710304,-3.890281,3.086482,-0.743318,-0.372175,0.119297,0.961688,-0.061885,0.001137,-0.267066
42.620000,4.702862,-3.893972,3.087675,-0.745200,-0.365947,0.119277,0.961646,-0.061954,0.000918,-0.267205
42.630000,4.695400,-3.897600,3.088868,-0.747080,-0.359714,0.119257,0.961603,-0.062020,0.000699,-0.267343
42.640000,4.687920,-3.901166,3.090060,-0.748957,-0.353475,0.119237,0.961561,-0.062083,0.000479,-0.267481
42.650000,4.680421,-3.904670,3.091253,-0.750830,-0.347230,0.119217,0.961519,-0.062143,0.000259,-0.267618
42.660000,4.672903,-3.908111,3.092445,-0.752701,-0.340980,0.119196,0.961477,-0.062200,0.000039,-0.267756
42.670000,4.665367,-3.911489,3.093637,-0.754569,-0.334724,0.119175,0.961435,-0.062255,-0.000182,-0.267892
42.680000,4.657812,-3.914805,3.094828,-0.756433,-0.328463,0.119154,0.961394,-0.062306,-0.000403,-0.268029
42.690000,4.650238,-3.918058,3.096020,-0.758295,-0.322197,0.119133,0.961353,-0.062355,-0.000625,-0.268165
42.700000,4.642646,-3.921249,3.097211,-0.760154,-0.315926,0.119111,0.961311,-0.062401,-0.000847,-0.268301
42.710000,4.635035,-3.924377,3.098402,-0.762009,-0.309649,0.119089,0.961271,-0.062444,-0.001069,-0.268437
42.720000,4.627406,-3.927442,3.099593,-0.763862,-0.303368,0.119066,0.961230,-0.062484,-0.001292,-0.268573
42.730000,4.619758,-3.930444,3.100783,-0.765711,-0.297081,0.119044,0.961189,-0.062521,-0.001515,-0.268708
42.740000,4.612092,-3.933384,3.101974,-0.767557,-0.290790,0.119021,0.961149,-0.062555,-0.001739,-0.268842
42.750000,4.604407,-3.936260,3.103164,-0.769401,-0.284495,0.118998,0.961109,-0.062586,-0.001962,-0.268977
42.760000,4.596704,-3.939073,3.104354,-0.771241,-0.278194,0.118975,0.961069,-0.062615,-0.002187,-0.269111
42.770000,4.588982,-3.941824,3.105543,-0.773078,-0.271890,0.118951,0.961030,-0.062640,-0.002411,-0.269245
42.780000,4.581242,-3.944511,3.106733,-0.774912,-0.265580,0.118927,0.960990,-0.062663,-0.002636,-0.269378
42.790000,4.573484,-3.947135,3.107922,-0.776743,-0.259267,0.118903,0.960951,-0.062683,-0.002861,-0.269511
42.800000,4.565707,-3.949697,3.109111,-0.778571,-0.252950,0.118879,0.960912,-0.062700,-0.003087,-0.269644
42.810000,4.557912,-3.952194,3.110299,-0.780396,-0.246628,0.118854,0.960873,-0.062714,-0.003312,-0.269776
42.820000,4.550099,-3.954629,3.111488,-0.782217,-0.240303,0.118829,0.960834,-0.062725,-0.003539,-0.269908
42.830000,4.542268,-3.957001,3.112676,-0.784036,-0.233973,0.118804,0.960796,-0.062733,-0.003765,-0.270040
42.840000,4.534419,-3.959309,3.113864,-0.785851,-0.227640,0.118778,0.960758,-0.062738,-0.003992,-0.270171
42.850000,4.526551,-3.961553,3.115051,-0.787663,-0.221304,0.118753,0.960720,-0.062741,-0.004219,-0.270302
42.860000,4.518665,-3.963735,3.116239,-0.789472,-0.214963,0.118727,0.960682,-0.062741,-0.004446,-0.270433
42.870000,4.510762,-3.965853,3.117426,-0.791278,-0.208620,0.118700,0.960644,-0.062737,-0.004674,-0.270563
42.880000,4.502840,-3.967907,3.118613,-0.793081,-0.202273,0.118674,0.960607,-0.062731,-0.004902,-0.270693
42.890000,4.494900,-3.969898,3.119799,-0.794880,-0.195922,0.118647,0.960570,-0.062722,-0.005130,-0.270823
42.900000,4.486942,-3.971825,3.120986,-0.796677,-0.189569,0.118620,0.960533,-0.062710,-0.005359,-0.270952
42.910000,4.478967,-3.973689,3.122172,-0.798470,-0.183213,0.118592,0.960496,-0.062695,-0.005588,-0.271081
42.920000,4.470973,-3.975490,3.123358,-0.800260,-0.176853,0.118565,0.960460,-0.062678,-0.005817,-0.271210
42.930000,4.462961,-3.977226,3.124543,-0.802047,-0.170491,0.118537,0.960423,-0.062657,-0.006046,-0.271338
42.940000,4.454932,-3.978900,3.125728,-0.803830,-0.164126,0.118509,0.960387,-0.062634,-0.006275,-0.271466
42.950000,4.446885,-3.980509,3.126913,-0.805611,-0.157759,0.118480,0.960352,-0.062608,-0.006505,-0.271593
42.960000,4.438820,-3.982055,3.128098,-0.807388,-0.151389,0.118452,0.960316,-0.062579,-0.006735,-0.271720
42.970000,4.430737,-3.983537,3.129282,-0.809162,-0.145016,0.118423,0.960280,-0.062547,-0.006966,-0.271847
42.980000,4.422637,-3.984955,3.130466,-0.810932,-0.138641,0.118393,0.960245,-0.062512,-0.007196,-0.271973
42.990000,4.414518,-3.986310,3.131650,-0.812700,-0.132264,0.118364,0.960210,-0.062474,-0.007427,-0.272099
43.000000,4.406383,-3.987600,3.132834,-0.814464,-0.125885,0.118334,0.960175,-0.062434,-0.007658,-0.272225
43.010000,4.398229,-3.988827,3.134017,-0.816225,-0.119504,0.118304,0.960141,-0.062390,-0.007889,-0.272350
43.020000,4.390058,-3.989990,3.135200,-0.817983,-0.113121,0.118274,0.960107,-0.062344,-0.008121,-0.272475
43.030000,4.381869,-3.991090,3.136382,-0.819737,-0.106736,0.118243,0.960072,-0.062295,-0.008352,-0.272599
43.040000,4.373663,-3.992125,3.137565,-0.821488,-0.100349,0.118213,0.960039,-0.062243,-0.008584,-0.272723
43.050000,4.365440,-3.993097,3.138747,-0.823236,-0.093961,0.118181,0.960005,-0.062189,-0.008816,-0.272847
43.060000,4.357199,-3.994004,3.139928,-0.824980,-0.087572,0.118150,0.959971,-0.062131,-0.009048,-0.272970
43.070000,4.348940,-3.994848,3.141110,-0.826722,-0.081180,0.118119,0.959938,-0.062071,-0.009281,-0.273093
43.080000,4.340664,-3.995628,3.142291,-0.828460,-0.074788,0.118087,0.959905,-0.062008,-0.009513,-0.273216
43.090000,4.332371,-3.996344,3.143471,-0.830194,-0.068395,0.118054,0.959872,-0.061942,-0.009746,-0.273338
43.100000,4.324060,-3.996996,3.144652,-0.831926,-0.062000,0.118022,0.959840,-0.061873,-0.009979,-0.273460
43.110000,4.315732,-3.997584,3.145832,-0.833653,-0.055604,0.117989,0.959807,-0.061802,-0.010212,-0.273581
43.120000,4.307387,-3.998108,3.147012,-0.835378,-0.049208,0.117956,0.959775,-0.061727,-0.010446,-0.273702
43.130000,4.299025,-3.998568,3.148191,-0.837099,-0.042810,0.117923,0.959743,-0.061650,-0.010679,-0.273822
43.140000,4.290645,-3.998964,3.149370,-0.838817,-0.036412,0.117890,0.959711,-0.061570,-0.010913,-0.273942
43.150000,4.282249,-3.999296,3.150549,-0.840532,-0.030014,0.117856,0.959680,-0.061487,-0.011146,-0.274062
43.160000,4.273835,-3.999564,3.151727,-0.842243,-0.023614,0.117822,0.959648,-0.061402,-0.011380,-0.274181
43.170000,4.265404,-3.999768,3.152905,-0.843951,-0.017215,0.117788,0.959617,-0.061314,-0.011614,-0.274300
43.180000,4.256956,-3.999909,3.154083,-0.845655,-0.010815,0.117753,0.959586,-0.061223,-0.011848,-0.274418
43.190000,4.248491,-3.999985,3.155260,-0.847357,-0.004415,0.117718,0.959556,-0.061129,-0.012082,-0.274536
43.200000,4.240009,-3.999997,3.156437,-0.849054,0.001985,0.117683,0.959525,-0.061032,-0.012316,-0.274654
43.210000,4.231510,-3.999945,3.157614,-0.850749,0.008385,0.117648,0.959495,-0.060933,-0.012551,-0.274771
43.220000,4.222994,-3.999829,3.158790,-0.852439,0.014784,0.117612,0.959465,-0.060831,-0.012785,-0.274888
43.230000,4.214461,-3.999649,3.159966,-0.854127,0.021184,0.117577,0.959435,-0.060726,-0.013020,-0.275004
43.240000,4.205911,-3.999406,3.161142,-0.855811,0.027583,0.117540,0.959405,-0.060619,-0.013254,-0.275120
43.250000,4.197345,-3.999098,3.162317,-0.857492,0.033982,0.117504,0.959376,-0.060508,-0.013489,-0.275236
43.260000,4.188761,-3.998726,3.163492,-0.859169,0.040380,0.117467,0.959347,-0.060396,-0.013724,-0.275351
43.270000,4.180161,-3.998290,3.164666,-0.860843,0.046778,0.117430,0.959318,-0.060280,-0.013959,-0.275466
43.280000,4.171544,-3.997790,3.165840,-0.862513,0.053175,0.117393,0.959289,-0.060162,-0.014194,-0.275580
43.290000,4.162911,-3.997227,3.167014,-0.864180,0.059571,0.117356,0.959260,-0.060041,-0.014429,-0.275694
43.300000,4.154261,-3.996599,3.168188,-0.865843,0.065966,0.117318,0.959232,-0.059917,-0.014664,-0.275807
43.310000,4.145594,-3.995907,3.169360,-0.867503,0.072360,0.117280,0.959204,-0.059790,-0.014899,-0.275920
43.320000,4.136911,-3.995152,3.170533,-0.869160,0.078753,0.117242,0.959176,-0.059661,-0.015134,-0.276032
43.330000,4.128211,-3.994332,3.171705,-0.870813,0.085144,0.117203,0.959148,-0.059530,-0.015369,-0.276144
43.340000,4.119495,-3.993449,3.172877,-0.872462,0.091535,0.117165,0.959120,-0.059395,-0.015604,-0.276256
43.350000,4.110762,-3.992502,3.174049,-0.874108,0.097923,0.117126,0.959093,-0.059258,-0.015839,-0.276367
43.360000,4.102012,-3.991490,3.175220,-0.875751,0.104311,0.117086,0.959065,-0.059118,-0.016074,-0.276478
43.370000,4.093247,-3.990415,3.176390,-0.877390,0.110696,0.117047,0.959038,-0.058976,-0.016309,-0.276588
43.380000,4.084465,-3.989276,3.177561,-0.879026,0.117080,0.117007,0.959012,-0.058831,-0.016544,-0.276698
43.390000,4.075666,-3.988074,3.178730,-0.880658,0.123462,0.116967,0.958985,-0.058683,-0.016780,-0.276807
43.400000,4.066851,-3.986807,3.179900,-0.882286,0.129842,0.116927,0.958959,-0.058533,-0.017015,-0.276916
43.410000,4.058020,-3.985477,3.181069,-0.883911,0.136220,0.116886,0.958932,-0.058380,-0.017250,-0.277025
43.420000,4.049173,-3.984083,3.182238,-0.885533,0.142595,0.116845,0.958906,-0.058225,-0.017485,-0.277133
43.430000,4.040310,-3.982625,3.183406,-0.887150,0.148969,0.116804,0.958881,-0.058067,-0.017720,-0.277241
43.440000,4.031430,-3.981104,3.184574,-0.888765,0.155340,0.116763,0.958855,-0.057906,-0.017955,-0.277348
43.450000,4.022535,-3.979518,3.185741,-0.890376,0.161708,0.116721,0.958829,-0.057743,-0.018189,-0.277454
43.460000,4.013623,-3.977869,3.186908,-0.891983,0.168074,0.116679,0.958804,-0.057578,-0.018424,-0.277561
43.470000,4.004695,-3.976157,3.188075,-0.893586,0.174437,0.116637,0.958779,-0.057409,-0.018659,-0.277667
43.480000,3.995751,-3.974381,3.189241,-0.895187,0.180798,0.116594,0.958754,-0.057239,-0.018894,-0.277772
43.490000,3.986791,-3.972541,3.190407,-0.896783,0.187155,0.116552,0.958729,-0.057065,-0.019128,-0.277877
43.500000,3.977815,-3.970638,3.191572,-0.898376,0.193510,0.116509,0.958705,-0.056890,-0.019363,-0.277981
43.510000,3.968824,-3.968671,3.192737,-0.899965,0.199861,0.116465,0.958681,-0.056711,-0.019597,-0.278085
43.520000,3.959816,-3.966640,3.193901,-0.901551,0.206209,0.116422,0.958656,-0.056530,-0.019831,-0.278189
43.530000,3.950793,-3.964546,3.195065,-0.903133,0.212554,0.116378,0.958632,-0.056347,-0.020065,-0.278292
43.540000,3.941753,-3.962389,3.196229,-0.904712,0.218896,0.116334,0.958609,-0.056161,-0.020299,-0.278394
43.550000,3.932698,-3.960169,3.197392,-0.906287,0.225234,0.116290,0.958585,-0.055973,-0.020533,-0.278496
43.560000,3.923628,-3.957885,3.198555,-0.907858,0.231568,0.116245,0.958561,-0.055782,-0.020767,-0.278598
43.570000,3.914541,-3.955537,3.199717,-0.909425,0.237899,0.116200,0.958538,-0.055589,-0.021001,-0.278699
43.580000,3.905439,-3.953127,3.200879,-0.910989,0.244226,0.116155,0.958515,-0.055393,-0.021234,-0.278800
43.590000,3.896322,-3.950653,3.202040,-0.912550,0.250549,0.116110,0.958492,-0.055195,-0.021468,-0.278900
43.600000,3.887188,-3.948116,3.203201,-0.914107,0.256868,0.116064,0.958469,-0.054995,-0.021701,-0.279000
43.610000,3.878039,-3.945515,3.204361,-0.915660,0.263183,0.116019,0.958447,-0.054792,-0.021934,-0.279100
43.620000,3.868875,-3.942852,3.205521,-0.917209,0.269494,0.115973,0.958424,-0.054587,-0.022167,-0.279198
43.630000,3.859695,-3.940125,3.206681,-0.918755,0.275800,0.115926,0.958402,-0.054379,-0.022399,-0.279297
43.640000,3.850500,-3.937336,3.207840,-0.920297,0.282102,0.115880,0.958380,-0.054169,-0.022632,-0.279395
43.650000,3.841289,-3.934483,3.208998,-0.921835,0.288400,0.115833,0.958358,-0.053957,-0.022864,-0.279492
43.660000,3.832063,-3.931568,3.210156,-0.923370,0.294693,0.115785,0.958336,-0.053742,-0.023096,-0.279589
43.670000,3.822822,-3.928590,3.211314,-0.924901,0.300981,0.115738,0.958315,-0.053525,-0.023328,-0.279686
43.680000,3.813565,-3.925548,3.212471,-0.926428,0.307264,0.115690,0.958293,-0.053305,-0.023560,-0.279782
43.690000,3.804293,-3.922444,3.213628,-0.927952,0.313542,0.115642,0.958272,-0.053084,-0.023791,-0.279877
43.700000,3.795006,-3.919278,3.214784,-0.929471,0.319816,0.115594,0.958251,-0.052860,-0.024022,-0.279972
43.710000,3.785704,-3.916048,3.215940,-0.930988,0.326084,0.115546,0.958230,-0.052633,-0.024253,-0.280067
43.720000,3.776387,-3.912756,3.217095,-0.932500,0.332347,0.115497,0.958209,-0.052405,-0.024484,-0.280161
43.730000,3.767054,-3.909401,3.218250,-0.934009,0.338605,0.115448,0.958188,-0.052174,-0.024714,-0.280255
43.740000,3.757706,-3.905984,3.219404,-0.935514,0.344857,0.115399,0.958167,-0.051941,-0.024944,-0.280348
43.750000,3.748344,-3.902504,3.220558,-0.937015,0.351104,0.115349,0.958147,-0.051705,-0.025174,-0.280441
43.760000,3.738966,-3.898962,3.221711,-0.938512,0.357345,0.115300,0.958127,-0.051468,-0.025404,-0.280533
43.770000,3.729573,-3.895357,3.222864,-0.940006,0.363581,0.115250,0.958107,-0.051228,-0.025633,-0.280625
43.780000,3.720166,-3.891690,3.224016,-0.941496,0.369810,0.115199,0.958087,-0.050986,-0.025862,-0.280716
43.790000,3.710744,-3.887961,3.225168,-0.942982,0.376034,0.115149,0.958067,-0.050741,-0.026091,-0.280807
43.800000,3.701306,-3.884170,3.226319,-0.944465,0.382252,0.115098,0.958047,-0.050495,-0.026319,-0.280897
43.810000,3.691854,-3.880316,3.227470,-0.945943,0.388463,0.115047,0.958028,-0.050246,-0.026547,-0.280987
43.820000,3.682387,-3.876400,3.228620,-0.947418,0.394669,0.114996,0.958008,-0.049996,-0.026775,-0.281077
43.830000,3.672906,-3.872423,3.229769,-0.948889,0.400868,0.114944,0.957989,-0.049743,-0.027003,-0.281166
43.840000,3.663410,-3.868383,3.230919,-0.950356,0.407060,0.114892,0.957970,-0.049488,-0.027230,-0.281254
43.850000,3.653899,-3.864281,3.232067,-0.951820,0.413247,0.114840,0.957951,-0.049230,-0.027456,-0.281342
43.860000,3.644373,-3.860118,3.233215,-0.953279,0.419426,0.114788,0.957932,-0.048971,-0.027683,-0.281429
43.870000,3.634833,-3.855893,3.234363,-0.954735,0.425599,0.114735,0.957913,-0.048710,-0.027909,-0.281516
43.880000,3.625279,-3.851606,3.235510,-0.956187,0.431765,0.114682,0.957894,-0.048446,-0.028135,-0.281603
43.890000,3.615710,-3.847258,3.236657,-0.957636,0.437924,0.114629,0.957876,-0.048181,-0.028360,-0.281689
43.900000,3.606126,-3.842848,3.237803,-0.959080,0.444076,0.114576,0.957857,-0.047913,-0.028585,-0.281775
43.910000,3.596528,-3.838376,3.238948,-0.960520,0.450221,0.114522,0.957839,-0.047644,-0.028809,-0.281860
43.920000,3.586916,-3.833843,3.240093,-0.961957,0.456359,0.114468,0.957821,-0.047372,-0.029033,-0.281944
43.930000,3.577289,-3.829249,3.241238,-0.963390,0.462489,0.114414,0.957803,-0.047099,-0.029257,-0.282028
43.940000,3.567648,-3.824593,3.242381,-0.964819,0.468612,0.114360,0.957785,-0.046823,-0.029480,-0.282112
43.950000,3.557992,-3.819877,3.243525,-0.966244,0.474728,0.114305,0.957767,-0.046545,-0.029703,-0.282195
43.960000,3.548323,-3.815099,3.244668,-0.967665,0.480836,0.114250,0.957749,-0.046266,-0.029926,-0.282278
43.970000,3.538639,-3.810260,3.245810,-0.969083,0.486936,0.114195,0.957731,-0.045984,-0.030148,-0.282360
43.980000,3.528941,-3.805360,3.246951,-0.970496,0.493029,0.114140,0.957714,-0.045701,-0.030369,-0.282442
43.990000,3.519229,-3.800400,3.248093,-0.971906,0.499113,0.114084,0.957696,-0.045416,-0.030590,-0.282523
44.000000,3.509503,-3.795378,3.249233,-0.973312,0.505190,0.114028,0.957679,-0.045128,-0.030811,-0.282604
44.010000,3.499763,-3.790296,3.250373,-0.974713,0.511259,0.113972,0.957662,-0.044839,-0.031031,-0.282684
44.020000,3.490009,-3.785153,3.251513,-0.976111,0.517319,0.113915,0.957645,-0.044548,-0.031251,-0.282764
44.030000,3.480241,-3.779949,3.252651,-0.977505,0.523371,0.113859,0.957628,-0.044255,-0.031470,-0.282844
44.040000,3.470459,-3.774685,3.253790,-0.978896,0.529415,0.113802,0.957611,-0.043961,-0.031689,-0.282923
44.050000,3.460663,-3.769361,3.254927,-0.980282,0.535450,0.113744,0.957594,-0.043664,-0.031907,-0.283001
44.060000,3.450853,-3.763976,3.256065,-0.981664,0.541477,0.113687,0.957577,-0.043366,-0.032125,-0.283079
44.070000,3.441030,-3.758532,3.257201,-0.983043,0.547495,0.113629,0.957560,-0.043066,-0.032342,-0.283157
44.080000,3.431192,-3.753027,3.258337,-0.984417,0.553504,0.113571,0.957544,-0.042764,-0.032559,-0.283234
44.090000,3.421341,-3.747462,3.259473,-0.985787,0.559504,0.113513,0.957527,-0.042460,-0.032775,-0.283310
44.100000,3.411477,-3.741837,3.260607,-0.987154,0.565496,0.113454,0.957511,-0.042154,-0.032990,-0.283386
44.110000,3.401598,-3.736152,3.261742,-0.988517,0.571478,0.113396,0.957494,-0.041847,-0.033205,-0.283462
44.120000,3.391706,-3.730407,3.262875,-0.989875,0.577451,0.113337,0.957478,-0.041538,-0.033420,-0.283537
44.130000,3.381801,-3.724603,3.264008,-0.991230,0.583415,0.113277,0.957462,-0.041227,-0.033634,-0.283612
44.140000,3.371882,-3.718739,3.265141,-0.992581,0.589370,0.113218,0.957446,-0.040915,-0.033847,-0.283686
44.150000,3.361949,-3.712815,3.266273,-0.993928,0.595315,0.113158,0.957430,-0.040601,-0.034060,-0.283760
44.160000,3.352003,-3.706832,3.267404,-0.995270,0.601251,0.113098,0.957414,-0.040285,-0.034272,-0.283833
44.170000,3.342044,-3.700790,3.268535,-0.996609,0.607177,0.113038,0.957398,-0.039968,-0.034484,-0.283906
44.180000,3.332071,-3.694689,3.269665,-0.997944,0.613094,0.112977,0.957382,-0.039649,-0.034695,-0.283978
44.190000,3.322085,-3.688528,3.270794,-0.999275,0.619000,0.112916,0.957366,-0.039328,-0.034905,-0.284050
44.200000,3.312086,-3.682309,3.271923,-1.000602,0.624897,0.112855,0.957351,-0.039006,-0.035115,-0.284121
44.210000,3.302073,-3.676031,3.273051,-1.001924,0.630784,0.112794,0.957335,-0.038683,-0.035324,-0.284192
44.220000,3.292047,-3.669693,3.274179,-1.003243,0.636660,0.112732,0.957320,-0.038357,-0.035532,-0.284263
44.230000,3.282008,-3.663297,3.275306,-1.004558,0.642527,0.112671,0.957304,-0.038030,-0.035740,-0.284333
44.240000,3.271956,-3.656843,3.276432,-1.005869,0.648383,0.112608,0.957289,-0.037702,-0.035947,-0.284403
44.250000,3.261891,-3.650330,3.277558,-1.007176,0.654228,0.112546,0.957273,-0.037372,-0.036154,-0.284472
44.260000,3.251812,-3.643758,3.278683,-1.008478,0.660064,0.112484,0.957258,-0.037041,-0.036360,-0.284540
44.270000,3.241721,-3.637129,3.279808,-1.009777,0.665888,0.112421,0.957243,-0.036708,-0.036565,-0.284609
44.280000,3.231617,-3.630441,3.280932,-1.011072,0.671702,0.112358,0.957227,-0.036373,-0.036770,-0.284676
44.290000,3.221500,-3.623695,3.282055,-1.012362,0.677506,0.112294,0.957212,-0.036038,-0.036973,-0.284744
44.300000,3.211370,-3.616891,3.283178,-1.013649,0.683298,0.112231,0.957197,-0.035700,-0.037177,-0.284811
44.310000,3.201227,-3.610029,3.284300,-1.014931,0.689080,0.112167,0.957182,-0.035362,-0.037379,-0.284877
44.320000,3.191071,-3.603109,3.285421,-1.016210,0.694850,0.112103,0.957167,-0.035022,-0.037581,-0.284943
44.330000,3.180903,-3.596132,3.286542,-1.017484,0.700610,0.112038,0.957152,-0.034680,-0.037782,-0.285008
44.340000,3.170721,-3.589097,3.287662,-1.018755,0.706358,0.111974,0.957137,-0.034337,-0.037982,-0.285073
44.350000,3.160527,-3.582005,3.288781,-1.020021,0.712095,0.111909,0.957122,-0.033993,-0.038182,-0.285138
44.360000,3.150321,-3.574855,3.289900,-1.021283,0.717820,0.111844,0.957107,-0.033648,-0.038380,-0.285202
44.370000,3.140102,-3.567648,3.291018,-1.022541,0.723534,0.111779,0.957092,-0.033301,-0.038578,-0.285266
44.380000,3.129870,-3.560384,3.292135,-1.023795,0.729237,0.111713,0.957078,-0.032953,-0.038776,-0.285329
44.390000,3.119626,-3.553063,3.293252,-1.025045,0.734927,0.111647,0.957063,-0.032604,-0.038972,-0.285392
44.400000,3.109369,-3.545686,3.294368,-1.026291,0.740606,0.111581,0.957048,-0.032253,-0.039168,-0.285455
44.410000,3.099100,-3.538251,3.295484,-1.027533,0.746274,0.111515,0.957034,-0.031901,-0.039363,-0.285517
44.420000,3.088819,-3.530760,3.296599,-1.028770,0.751929,0.111448,0.957019,-0.031548,-0.039557,-0.285578
44.430000,3.078525,-3.523213,3.297713,-1.030004,0.757572,0.111381,0.957004,-0.031194,-0.039750,-0.285639
44.440000,3.068219,-3.515609,3.298826,-1.031233,0.763203,0.111314,0.956990,-0.030838,-0.039943,-0.285700
44.450000,3.057900,-3.507949,3.299939,-1.032458,0.768822,0.111247,0.956975,-0.030482,-0.040135,-0.285760
44.460000,3.047569,-3.500233,3.301051,-1.033679,0.774429,0.111179,0.956960,-0.030124,-0.040326,-0.285820
44.470000,3.037227,-3.492460,3.302163,-1.034896,0.780023,0.111111,0.956946,-0.029765,-0.040516,-0.285880
44.480000,3.026871,-3.484632,3.303273,-1.036109,0.785604,0.111043,0.956931,-0.029405,-0.040705,-0.285939
44.490000,3.016504,-3.476748,3.304384,-1.037318,0.791173,0.110975,0.956917,-0.029044,-0.040893,-0.285997
44.500000,3.006125,-3.468809,3.305493,-1.038522,0.796730,0.110906,0.956902,-0.028682,-0.041081,-0.286055
44.510000,2.995734,-3.460814,3.306602,-1.039723,0.802274,0.110837,0.956888,-0.028319,-0.041268,-0.286113
44.520000,2.985331,-3.452763,3.307710,-1.040919,0.807804,0.110768,0.956873,-0.027954,-0.041454,-0.286170
44.530000,2.974916,-3.444658,3.308817,-1.042111,0.813322,0.110699,0.956859,-0.027589,-0.041639,-0.286227
44.540000,2.964488,-3.436497,3.309924,-1.043299,0.818827,0.110629,0.956845,-0.027223,-0.041823,-0.286284
44.550000,2.954050,-3.428281,3.311030,-1.044482,0.824319,0.110559,0.956830,-0.026855,-0.042006,-0.286340
44.560000,2.943599,-3.420011,3.312135,-1.045662,0.829798,0.110489,0.956816,-0.026487,-0.042188,-0.286395
44.570000,2.933136,-3.411685,3.313239,-1.046837,0.835263,0.110419,0.956801,-0.026118,-0.042370,-0.286451
44.580000,2.922662,-3.403305,3.314343,-1.048009,0.840715,0.110348,0.956787,-0.025747,-0.042550,-0.286505
44.590000,2.912176,-3.394871,3.315446,-1.049175,0.846154,0.110277,0.956773,-0.025376,-0.042730,-0.286560
44.600000,2.901679,-3.386382,3.316549,-1.050338,0.851579,0.110206,0.956758,-0.025004,-0.042908,-0.286614
44.610000,2.891169,-3.377839,3.317651,-1.051497,0.856990,0.110135,0.956744,-0.024631,-0.043086,-0.286667
44.620000,2.880649,-3.369243,3.318751,-1.052651,0.862388,0.110063,0.956729,-0.024258,-0.043263,-0.286721
44.630000,2.870116,-3.360592,3.319852,-1.053801,0.867772,0.109992,0.956715,-0.023883,-0.043438,-0.286774
44.640000,2.859573,-3.351887,3.320951,-1.054947,0.873142,0.109919,0.956701,-0.023508,-0.043613,-0.286826
44.650000,2.849018,-3.343129,3.322050,-1.056089,0.878498,0.109847,0.956686,-0.023131,-0.043787,-0.286878
44.660000,2.838451,-3.334317,3.323148,-1.057226,0.883840,0.109775,0.956672,-0.022754,-0.043960,-0.286930
44.670000,2.827873,-3.325452,3.324246,-1.058360,0.889167,0.109702,0.956658,-0.022377,-0.044132,-0.286981
44.680000,2.817284,-3.316534,3.325342,-1.059489,0.894481,0.109629,0.956643,-0.021998,-0.044303,-0.287032
44.690000,2.806683,-3.307563,3.326438,-1.060614,0.899780,0.109555,0.956629,-0.021619,-0.044473,-0.287082
44.700000,2.796071,-3.298538,3.327533,-1.061734,0.905065,0.109482,0.956614,-0.021239,-0.044642,-0.287132
44.710000,2.785449,-3.289461,3.328628,-1.062850,0.910336,0.109408,0.956600,-0.020858,-0.044810,-0.287182
44.720000,2.774814,-3.280332,3.329722,-1.063962,0.915592,0.109334,0.956586,-0.020477,-0.044977,-0.287232
44.730000,2.764169,-3.271150,3.330815,-1.065070,0.920833,0.109260,0.956571,-0.020095,-0.045142,-0.287281
44.740000,2.753513,-3.261915,3.331907,-1.066174,0.926059,0.109185,0.956557,-0.019712,-0.045307,-0.287329
44.750000,2.742846,-3.252628,3.332998,-1.067273,0.931271,0.109110,0.956542,-0.019329,-0.045471,-0.287377
44.760000,2.732168,-3.243290,3.334089,-1.068368,0.936468,0.109035,0.956528,-0.018945,-0.045634,-0.287425
44.770000,2.721479,-3.233899,3.335179,-1.069459,0.941649,0.108960,0.956513,-0.018561,-0.045796,-0.287473
44.780000,2.710778,-3.224457,3.336268,-1.070545,0.946816,0.108884,0.956499,-0.018176,-0.045956,-0.287520
44.790000,2.700068,-3.214963,3.337357,-1.071627,0.951968,0.108808,0.956484,-0.017790,-0.046116,-0.287567
44.800000,2.689346,-3.205418,3.338444,-1.072705,0.957104,0.108732,0.956470,-0.017404,-0.046274,-0.287613
44.810000,2.678614,-3.195821,3.339531,-1.073779,0.962225,0.108656,0.956455,-0.017018,-0.046432,-0.287659
44.820000,2.667870,-3.186173,3.340617,-1.074848,0.967330,0.108580,0.956441,-0.016631,-0.046588,-0.287705
44.830000,2.657117,-3.176474,3.341703,-1.075913,0.972421,0.108503,0.956426,-0.016243,-0.046743,-0.287750
44.840000,2.646352,-3.166725,3.342787,-1.076974,0.977495,0.108426,0.956412,-0.015855,-0.046897,-0.287795
44.850000,2.635577,-3.156924,3.343871,-1.078030,0.982554,0.108349,0.956397,-0.015467,-0.047051,-0.287840
44.860000,2.624792,-3.147074,3.344954,-1.079082,0.987597,0.108271,0.956382,-0.015078,-0.047202,-0.287884
44.870000,2.613995,-3.137173,3.346037,-1.080130,0.992625,0.108193,0.956368,-0.014689,-0.047353,-0.287928
44.880000,2.603189,-3.127221,3.347118,-1.081174,0.997636,0.108115,0.956353,-0.014299,-0.047503,-0.287972
44.890000,2.592372,-3.117220,3.348199,-1.082213,1.002632,0.108037,0.956338,-0.013909,-0.047651,-0.288015
44.900000,2.581545,-3.107169,3.349279,-1.083247,1.007611,0.107959,0.956324,-0.013519,-0.047799,-0.288058
44.910000,2.570707,-3.097068,3.350358,-1.084278,1.012575,0.107880,0.956309,-0.013128,-0.047945,-0.288101
44.920000,2.559859,-3.086917,3.351437,-1.085304,1.017522,0.107801,0.956294,-0.012738,-0.048090,-0.288143
44.930000,2.549001,-3.076717,3.352514,-1.086326,1.022453,0.107722,0.956280,-0.012346,-0.048234,-0.288185
44.940000,2.538133,-3.066468,3.353591,-1.087343,1.027367,0.107642,0.956265,-0.011955,-0.048377,-0.288226
44.950000,2.527254,-3.056170,3.354667,-1.088356,1.032265,0.107563,0.956250,-0.011563,-0.048518,-0.288268
44.960000,2.516366,-3.045823,3.355742,-1.089365,1.037147,0.107483,0.956235,-0.011172,-0.048658,-0.288309
44.970000,2.505467,-3.035427,3.356817,-1.090369,1.042012,0.107403,0.956220,-0.010780,-0.048798,-0.288349
44.980000,2.494558,-3.024983,3.357890,-1.091369,1.046860,0.107322,0.956205,-0.010387,-0.048936,-0.288390
44.990000,2.483640,-3.014490,3.358963,-1.092365,1.051692,0.107242,0.956191,-0.009995,-0.049072,-0.288430
45.000000,2.472711,-3.003949,3.360035,-1.093356,1.056507,0.107161,0.956176,-0.009602,-0.049208,-0.288469
45.010000,2.461772,-2.993360,3.361106,-1.094343,1.061305,0.107080,0.956161,-0.009210,-0.049342,-0.288509
45.020000,2.450824,-2.982723,3.362177,-1.095326,1.066085,0.106998,0.956146,-0.008817,-0.049475,-0.288548
45.030000,2.439866,-2.972038,3.363246,-1.096304,1.070849,0.106917,0.956131,-0.008424,-0.049607,-0.288587
45.040000,2.428898,-2.961306,3.364315,-1.097278,1.075596,0.106835,0.956116,-0.008031,-0.049738,-0.288625
45.050000,2.417920,-2.950526,3.365383,-1.098247,1.080325,0.106753,0.956101,-0.007638,-0.049867,-0.288664
45.060000,2.406933,-2.939700,3.366450,-1.099212,1.085038,0.106670,0.956085,-0.007245,-0.049995,-0.288702
45.070000,2.395936,-2.928826,3.367517,-1.100173,1.089732,0.106588,0.956070,-0.006852,-0.050122,-0.288739
45.080000,2.384930,-2.917905,3.368582,-1.101129,1.094410,0.106505,0.956055,-0.006459,-0.050248,-0.288776
45.090000,2.373914,-2.906938,3.369647,-1.102080,1.099070,0.106422,0.956040,-0.006066,-0.050372,-0.288814
45.100000,2.362888,-2.895924,3.370710,-1.103028,1.103712,0.106339,0.956025,-0.005674,-0.050495,-0.288850
45.110000,2.351853,-2.884863,3.371773,-1.103971,1.108337,0.106255,0.956010,-0.005281,-0.050617,-0.288887
45.120000,2.340809,-2.873757,3.372836,-1.104909,1.112944,0.106171,0.955994,-0.004888,-0.050737,-0.288923
45.130000,2.329755,-2.862605,3.373897,-1.105843,1.117533,0.106087,0.955979,-0.004495,-0.050856,-0.288959
45.140000,2.318692,-2.851406,3.374957,-1.106773,1.122104,0.106003,0.955964,-0.004103,-0.050974,-0.288995
45.150000,2.307619,-2.840163,3.376017,-1.107698,1.126657,0.105919,0.955949,-0.003711,-0.051091,-0.289030
45.160000,2.296538,-2.828873,3.377076,-1.108619,1.131192,0.105834,0.955933,-0.003318,-0.051206,-0.289065
45.170000,2.285447,-2.817539,3.378134,-1.109536,1.135709,0.105749,0.955918,-0.002926,-0.051320,-0.289100
45.180000,2.274347,-2.806159,3.379191,-1.110448,1.140208,0.105664,0.955902,-0.002534,-0.051432,-0.289134
45.190000,2.263238,-2.794735,3.380247,-1.111355,1.144689,0.105578,0.955887,-0.002143,-0.051544,-0.289169
45.200000,2.252120,-2.783265,3.381302,-1.112258,1.149152,0.105493,0.955872,-0.001752,-0.051654,-0.289203
45.210000,2.240993,-2.771752,3.382357,-1.113157,1.153596,0.105407,0.955856,-0.001360,-0.051762,-0.289237
45.220000,2.229857,-2.760194,3.383410,-1.114051,1.158021,0.105321,0.955841,-0.000970,-0.051869,-0.289270
45.230000,2.218712,-2.748591,3.384463,-1.114941,1.162428,0.105234,0.955825,-0.000579,-0.051975,-0.289304
45.240000,2.207558,-2.736945,3.385515,-1.115826,1.166817,0.105148,0.955810,-0.000189,-0.052080,-0.289337
45.250000,2.196395,-2.725255,3.386566,-1.116707,1.171186,0.105061,0.955794,0.000201,-0.052183,-0.289369
45.260000,2.185224,-2.713521,3.387616,-1.117583,1.175537,0.104974,0.955778,0.000591,-0.052285,-0.289402
45.270000,2.174044,-2.701744,3.388666,-1.118455,1.179870,0.104886,0.955763,0.000980,-0.052385,-0.289434
45.280000,2.162855,-2.689924,3.389714,-1.119322,1.184183,0.104799,0.955747,0.001368,-0.052484,-0.289466
45.290000,2.151657,-2.678061,3.390761,-1.120185,1.188477,0.104711,0.955732,0.001757,-0.052581,-0.289498
45.300000,2.140451,-2.666155,3.391808,-1.121044,1.192753,0.104623,0.955716,0.002145,-0.052678,-0.289530
45.310000,2.129237,-2.654206,3.392854,-1.121898,1.197009,0.104535,0.955700,0.002532,-0.052772,-0.289561
45.320000,2.118013,-2.642214,3.393899,-1.122747,1.201246,0.104446,0.955685,0.002919,-0.052866,-0.289592
45.330000,2.106782,-2.630181,3.394943,-1.123592,1.205464,0.104357,0.955669,0.003306,-0.052958,-0.289623
45.340000,2.095541,-2.618105,3.395986,-1.124432,1.209663,0.104268,0.955653,0.003692,-0.053048,-0.289654
45.350000,2.084293,-2.605988,3.397028,-1.125268,1.213842,0.104179,0.955637,0.004077,-0.053138,-0.289685
45.360000,2.073036,-2.593829,3.398070,-1.126100,1.218002,0.104090,0.955621,0.004462,-0.053225,-0.289715
45.370000,2.061771,-2.581628,3.399110,-1.126927,1.222142,0.104000,0.955606,0.004847,-0.053312,-0.289745
45.380000,2.050498,-2.569386,3.400150,-1.127749,1.226263,0.103910,0.955590,0.005230,-0.053396,-0.289775
45.390000,2.039216,-2.557103,3.401188,-1.128567,1.230364,0.103820,0.955574,0.005614,-0.053480,-0.289805
45.400000,2.027926,-2.544779,3.402226,-1.129381,1.234446,0.103730,0.955558,0.005996,-0.053562,-0.289834
45.410000,2.016628,-2.532414,3.403263,-1.130190,1.238508,0.103639,0.955542,0.006378,-0.053642,-0.289863
45.420000,2.005323,-2.520008,3.404299,-1.130994,1.242549,0.103548,0.955526,0.006760,-0.053721,-0.289892
45.430000,1.994009,-2.507563,3.405334,-1.131794,1.246572,0.103457,0.955511,0.007140,-0.053799,-0.289921
45.440000,1.982687,-2.495077,3.406368,-1.132589,1.250574,0.103366,0.955495,0.007520,-0.053875,-0.289950
45.450000,1.971357,-2.482551,3.407401,-1.133380,1.254556,0.103274,0.955479,0.007900,-0.053949,-0.289978
45.460000,1.960019,-2.469986,3.408433,-1.134166,1.258518,0.103182,0.955463,0.008278,-0.054023,-0.290007
45.470000,1.948673,-2.457381,3.409465,-1.134948,1.262460,0.103090,0.955447,0.008656,-0.054094,-0.290035
45.480000,1.937320,-2.444737,3.410495,-1.135725,1.266381,0.102998,0.955431,0.009033,-0.054164,-0.290063
45.490000,1.925959,-2.432054,3.411525,-1.136498,1.270283,0.102906,0.955415,0.009409,-0.054233,-0.290090
45.500000,1.914590,-2.419331,3.412553,-1.137266,1.274164,0.102813,0.955399,0.009785,-0.054300,-0.290118
45.510000,1.903214,-2.406570,3.413581,-1.138029,1.278025,0.102720,0.955383,0.010160,-0.054366,-0.290145
45.520000,1.891830,-2.393771,3.414608,-1.138788,1.281865,0.102627,0.955367,0.010533,-0.054430,-0.290172
45.530000,1.880438,-2.380933,3.415633,-1.139543,1.285685,0.102533,0.955351,0.010906,-0.054493,-0.290199
45.540000,1.869039,-2.368057,3.416658,-1.140293,1.289484,0.102440,0.955335,0.011279,-0.054554,-0.290226
45.550000,1.857632,-2.355143,3.417682,-1.141038,1.293262,0.102346,0.955319,0.011650,-0.054613,-0.290253
45.560000,1.846218,-2.342192,3.418705,-1.141779,1.297020,0.102252,0.955303,0.012020,-0.054671,-0.290279
45.570000,1.834797,-2.329203,3.419727,-1.142515,1.300757,0.102157,0.955287,0.012390,-0.054728,-0.290306
45.580000,1.823368,-2.316177,3.420748,-1.143247,1.304474,0.102063,0.955271,0.012758,-0.054783,-0.290332
45.590000,1.811932,-2.303114,3.421769,-1.143974,1.308169,0.101968,0.955255,0.013126,-0.054836,-0.290358
45.600000,1.800488,-2.290014,3.422788,-1.144696,1.311844,0.101873,0.955240,0.013492,-0.054888,-0.290384
45.610000,1.789038,-2.276877,3.423806,-1.145414,1.315497,0.101778,0.955224,0.013858,-0.054939,-0.290409
45.620000,1.777580,-2.263704,3.424823,-1.146128,1.319130,0.101682,0.955208,0.014222,-0.054987,-0.290435
45.630000,1.766115,-2.250494,3.425840,-1.146836,1.322741,0.101587,0.955192,0.014586,-0.055035,-0.290460
45.640000,1.754643,-2.237249,3.426855,-1.147540,1.326331,0.101491,0.955176,0.014948,-0.055080,-0.290486
45.650000,1.743164,-2.223968,3.427870,-1.148240,1.329900,0.101395,0.955160,0.015310,-0.055124,-0.290511
45.660000,1.731678,-2.210651,3.428883,-1.148935,1.333448,0.101298,0.955144,0.015670,-0.055167,-0.290536
45.670000,1.720186,-2.197299,3.429895,-1.149625,1.336974,0.101202,0.955128,0.016030,-0.055208,-0.290561
45.680000,1.708686,-2.183912,3.430907,-1.150311,1.340479,0.101105,0.955112,0.016388,-0.055247,-0.290585
45.690000,1.697179,-2.170489,3.431918,-1.150992,1.343963,0.101008,0.955096,0.016745,-0.055285,-0.290610
45.700000,1.685666,-2.157033,3.432927,-1.151669,1.347425,0.100910,0.955081,0.017101,-0.055322,-0.290634
45.710000,1.674146,-2.143541,3.433936,-1.152341,1.350865,0.100813,0.955065,0.017455,-0.055356,-0.290659
45.720000,1.662619,-2.130015,3.434943,-1.153008,1.354284,0.100715,0.955049,0.017809,-0.055389,-0.290683
45.730000,1.651086,-2.116455,3.435950,-1.153671,1.357681,0.100617,0.955033,0.018161,-0.055421,-0.290707
45.740000,1.639546,-2.102862,3.436956,-1.154329,1.361057,0.100519,0.955017,0.018512,-0.055451,-0.290731
45.750000,1.627999,-2.089234,3.437960,-1.154983,1.364410,0.100421,0.955002,0.018862,-0.055479,-0.290754
45.760000,1.616446,-2.075574,3.438964,-1.155631,1.367742,0.100322,0.954986,0.019211,-0.055506,-0.290778
45.770000,1.604887,-2.061880,3.439967,-1.156276,1.371052,0.100223,0.954970,0.019559,-0.055531,-0.290802
45.780000,1.593321,-2.048153,3.440969,-1.156915,1.374340,0.100124,0.954955,0.019905,-0.055554,-0.290825
45.790000,1.581748,-2.034393,3.441969,-1.157550,1.377606,0.100025,0.954939,0.020250,-0.055576,-0.290848
45.800000,1.570170,-2.020601,3.442969,-1.158181,1.380850,0.099925,0.954923,0.020593,-0.055596,-0.290872
45.810000,1.558585,-2.006776,3.443968,-1.158807,1.384072,0.099825,0.954908,0.020935,-0.055615,-0.290895
45.820000,1.546994,-1.992919,3.444966,-1.159428,1.387272,0.099725,0.954892,0.021276,-0.055632,-0.290918
45.830000,1.535396,-1.979031,3.445962,-1.160044,1.390450,0.099625,0.954877,0.021616,-0.055647,-0.290940
45.840000,1.523793,-1.965110,3.446958,-1.160656,1.393605,0.099525,0.954861,0.021954,-0.055661,-0.290963
45.850000,1.512183,-1.951159,3.447953,-1.161263,1.396738,0.099424,0.954846,0.022291,-0.055673,-0.290986
45.860000,1.500568,-1.937176,3.448947,-1.161866,1.399849,0.099323,0.954831,0.022626,-0.055683,-0.291008
45.870000,1.488946,-1.923162,3.449939,-1.162464,1.402937,0.099222,0.954815,0.022960,-0.055692,-0.291031
45.880000,1.477318,-1.909117,3.450931,-1.163057,1.406003,0.099121,0.954800,0.023293,-0.055699,-0.291053
45.890000,1.465685,-1.895042,3.451922,-1.163645,1.409046,0.099019,0.954785,0.023624,-0.055705,-0.291076
45.900000,1.454045,-1.880936,3.452911,-1.164229,1.412067,0.098917,0.954770,0.023953,-0.055709,-0.291098
45.910000,1.442400,-1.866800,3.453900,-1.164809,1.415065,0.098815,0.954754,0.024281,-0.055711,-0.291120
45.920000,1.430749,-1.852635,3.454888,-1.165383,1.418041,0.098713,0.954739,0.024608,-0.055712,-0.291142
45.930000,1.419093,-1.838440,3.455874,-1.165953,1.420993,0.098610,0.954724,0.024933,-0.055710,-0.291164
45.940000,1.407430,-1.824215,3.456860,-1.166519,1.423924,0.098508,0.954709,0.025257,-0.055708,-0.291185
45.950000,1.395762,-1.809961,3.457844,-1.167079,1.426831,0.098405,0.954694,0.025579,-0.055703,-0.291207
45.960000,1.384089,-1.795679,3.458828,-1.167635,1.429715,0.098302,0.954679,0.025899,-0.055697,-0.291229
45.970000,1.372410,-1.781367,3.459811,-1.168186,1.432577,0.098198,0.954665,0.026218,-0.055690,-0.291250
45.980000,1.360725,-1.767027,3.460792,-1.168733,1.435416,0.098095,0.954650,0.026535,-0.055680,-0.291272
45.990000,1.349035,-1.752659,3.461772,-1.169275,1.438232,0.097991,0.954635,0.026851,-0.055669,-0.291293
46.000000,1.337339,-1.738262,3.462752,-1.169812,1.441024,0.097887,0.954620,0.027165,-0.055656,-0.291314
46.010000,1.325639,-1.723838,3.463730,-1.170345,1.443794,0.097783,0.954606,0.027478,-0.055642,-0.291336
46.020000,1.313933,-1.709387,3.464707,-1.170873,1.446541,0.097678,0.954591,0.027789,-0.055626,-0.291357
46.030000,1.302221,-1.694908,3.465684,-1.171396,1.449264,0.097574,0.954577,0.028098,-0.055608,-0.291378
46.040000,1.290505,-1.680401,3.466659,-1.171915,1.451964,0.097469,0.954563,0.028405,-0.055589,-0.291399
46.050000,1.278783,-1.665868,3.467633,-1.172428,1.454641,0.097364,0.954548,0.028711,-0.055568,-0.291420
46.060000,1.267056,-1.651309,3.468606,-1.172938,1.457295,0.097258,0.954534,0.029015,-0.055545,-0.291441
46.070000,1.255324,-1.636723,3.469578,-1.173442,1.459925,0.097153,0.954520,0.029318,-0.055520,-0.291462
46.080000,1.243587,-1.622110,3.470549,-1.173942,1.462532,0.097047,0.954506,0.029618,-0.055494,-0.291482
46.090000,1.231845,-1.607472,3.471519,-1.174437,1.465116,0.096941,0.954492,0.029917,-0.055466,-0.291503
46.100000,1.220099,-1.592808,3.472488,-1.174927,1.467676,0.096835,0.954478,0.030214,-0.055437,-0.291523
46.110000,1.208347,-1.578119,3.473456,-1.175413,1.470213,0.096728,0.954464,0.030510,-0.055405,-0.291544
46.120000,1.196590,-1.563404,3.474423,-1.175894,1.472726,0.096622,0.954450,0.030803,-0.055373,-0.291564
46.130000,1.184829,-1.548664,3.475388,-1.176370,1.475216,0.096515,0.954437,0.031095,-0.055338,-0.291585
46.140000,1.173063,-1.533900,3.476353,-1.176842,1.477682,0.096408,0.954423,0.031385,-0.055302,-0.291605
46.150000,1.161292,-1.519111,3.477316,-1.177309,1.480124,0.096301,0.954409,0.031673,-0.055264,-0.291625
46.160000,1.149517,-1.504297,3.478279,-1.177771,1.482543,0.096193,0.954396,0.031960,-0.055224,-0.291646
46.170000,1.137737,-1.489460,3.479240,-1.178228,1.484938,0.096085,0.954383,0.032244,-0.055182,-0.291666
46.180000,1.125952,-1.474599,3.480201,-1.178681,1.487309,0.095977,0.954369,0.032527,-0.055139,-0.291686
46.190000,1.114163,-1.459714,3.481160,-1.179129,1.489657,0.095869,0.954356,0.032807,-0.055095,-0.291706
46.200000,1.102370,-1.444805,3.482118,-1.179572,1.491981,0.095761,0.954343,0.033086,-0.055048,-0.291726
46.210000,1.090572,-1.429874,3.483075,-1.180011,1.494280,0.095652,0.954330,0.033363,-0.055000,-0.291746
46.220000,1.078769,-1.414920,3.484031,-1.180445,1.496556,0.095544,0.954317,0.033638,-0.054950,-0.291766
46.230000,1.066963,-1.399943,3.484986,-1.180874,1.498808,0.095434,0.954305,0.033911,-0.054898,-0.291786
46.240000,1.055152,-1.384944,3.485940,-1.181299,1.501036,0.095325,0.954292,0.034182,-0.054845,-0.291805
46.250000,1.043337,-1.369922,3.486892,-1.181718,1.503240,0.095216,0.954279,0.034451,-0.054790,-0.291825
46.260000,1.031518,-1.354879,3.487844,-1.182133,1.505420,0.095106,0.954267,0.034719,-0.054733,-0.291845
46.270000,1.019694,-1.339814,3.488795,-1.182543,1.507575,0.094996,0.954255,0.034984,-0.054675,-0.291864
46.280000,1.007867,-1.324728,3.489744,-1.182949,1.509707,0.094886,0.954242,0.035247,-0.054615,-0.291884
46.290000,0.996035,-1.309620,3.490692,-1.183350,1.511815,0.094776,0.954230,0.035508,-0.054553,-0.291903
46.300000,0.984200,-1.294492,3.491640,-1.183746,1.513898,0.094665,0.954218,0.035768,-0.054489,-0.291923
46.310000,0.972360,-1.279342,3.492586,-1.184137,1.515957,0.094555,0.954206,0.036025,-0.054424,-0.291942
46.320000,0.960517,-1.264172,3.493531,-1.184524,1.517992,0.094444,0.954195,0.036280,-0.054357,-0.291962
46.330000,0.948670,-1.248982,3.494475,-1.184905,1.520002,0.094333,0.954183,0.036533,-0.054288,-0.291981
46.340000,0.936819,-1.233772,3.495417,-1.185283,1.521988,0.094221,0.954172,0.036784,-0.054218,-0.292000
46.350000,0.924964,-1.218543,3.496359,-1.185655,1.523950,0.094110,0.954160,0.037033,-0.054146,-0.292019
46.360000,0.913106,-1.203294,3.497299,-1.186023,1.525888,0.093998,0.954149,0.037280,-0.054072,-0.292039
46.370000,0.901244,-1.188025,3.498239,-1.186385,1.527801,0.093886,0.954138,0.037525,-0.053996,-0.292058
46.380000,0.889378,-1.172738,3.499177,-1.186744,1.529689,0.093774,0.954127,0.037768,-0.053919,-0.292077
46.390000,0.877509,-1.157431,3.500114,-1.187097,1.531554,0.093661,0.954116,0.038008,-0.053840,-0.292096
46.400000,0.865636,-1.142107,3.501050,-1.187446,1.533393,0.093549,0.954105,0.038247,-0.053759,-0.292115
46.410000,0.853760,-1.126764,3.501985,-1.187789,1.535208,0.093436,0.954094,0.038483,-0.053677,-0.292134
46.420000,0.841881,-1.111403,3.502919,-1.188129,1.536999,0.093323,0.954084,0.038717,-0.053593,-0.292153
46.430000,0.829998,-1.096024,3.503852,-1.188463,1.538765,0.093209,0.954073,0.038949,-0.053507,-0.292171
46.440000,0.818111,-1.080627,3.504783,-1.188793,1.540506,0.093096,0.954063,0.039179,-0.053420,-0.292190
46.450000,0.806222,-1.065214,3.505714,-1.189117,1.542223,0.092982,0.954053,0.039407,-0.053330,-0.292209
46.460000,0.794329,-1.049783,3.506643,-1.189438,1.543915,0.092868,0.954043,0.039632,-0.053240,-0.292228
46.470000,0.782433,-1.034335,3.507571,-1.189753,1.545582,0.092754,0.954033,0.039856,-0.053147,-0.292246
46.480000,0.770534,-1.018871,3.508498,-1.190063,1.547225,0.092640,0.954023,0.040077,-0.053053,-0.292265
46.490000,0.758632,-1.003391,3.509424,-1.190369,1.548842,0.092525,0.954014,0.040296,-0.052957,-0.292284
46.500000,0.746727,-0.987895,3.510349,-1.190670,1.550436,0.092411,0.954004,0.040512,-0.052859,-0.292302
46.510000,0.734818,-0.972382,3.511272,-1.190967,1.552004,0.092296,0.953995,0.040727,-0.052759,-0.292321
46.520000,0.722907,-0.956855,3.512194,-1.191258,1.553547,0.092181,0.953986,0.040939,-0.052658,-0.292339
46.530000,0.710993,-0.941312,3.513116,-1.191545,1.555066,0.092065,0.953977,0.041149,-0.052555,-0.292357
46.540000,0.699076,-0.925753,3.514036,-1.191827,1.556559,0.091950,0.953968,0.041356,-0.052451,-0.292376
46.550000,0.687157,-0.910180,3.514955,-1.192104,1.558028,0.091834,0.953959,0.041562,-0.052345,-0.292394
46.560000,0.675234,-0.894593,3.515872,-1.192377,1.559472,0.091718,0.953951,0.041765,-0.052237,-0.292412
46.570000,0.663309,-0.878991,3.516789,-1.192644,1.560891,0.091602,0.953942,0.041966,-0.052127,-0.292430
46.580000,0.651381,-0.863375,3.517705,-1.192907,1.562285,0.091485,0.953934,0.042164,-0.052016,-0.292448
46.590000,0.639451,-0.847746,3.518619,-1.193166,1.563654,0.091369,0.953926,0.042360,-0.051903,-0.292467
46.600000,0.627518,-0.832102,3.519532,-1.193419,1.564997,0.091252,0.953918,0.042554,-0.051788,-0.292485
46.610000,0.615583,-0.816446,3.520444,-1.193668,1.566316,0.091135,0.953910,0.042746,-0.051672,-0.292503
46.620000,0.603645,-0.800776,3.521355,-1.193911,1.567610,0.091018,0.953903,0.042935,-0.051554,-0.292521
46.630000,0.591704,-0.785094,3.522264,-1.194151,1.568879,0.090901,0.953895,0.043122,-0.051434,-0.292538
46.640000,0.579762,-0.769398,3.523173,-1.194385,1.570122,0.090783,0.953888,0.043306,-0.051312,-0.292556
46.650000,0.567817,-0.753691,3.524080,-1.194614,1.571341,0.090665,0.953881,0.043489,-0.051189,-0.292574
46.660000,0.555869,-0.737972,3.524986,-1.194839,1.572534,0.090547,0.953874,0.043668,-0.051065,-0.292592
46.670000,0.543920,-0.722241,3.525891,-1.195059,1.573702,0.090429,0.953867,0.043846,-0.050938,-0.292609
46.680000,0.531968,-0.706498,3.526794,-1.195274,1.574845,0.090310,0.953861,0.044021,-0.050810,-0.292627
46.690000,0.520015,-0.690744,3.527697,-1.195485,1.575963,0.090192,0.953854,0.044193,-0.050680,-0.292645
46.700000,0.508059,-0.674979,3.528598,-1.195690,1.577056,0.090073,0.953848,0.044364,-0.050549,-0.292662
46.710000,0.496101,-0.659203,3.529498,-1.195891,1.578123,0.089954,0.953842,0.044532,-0.050415,-0.292679
46.720000,0.484141,-0.643416,3.530397,-1.196087,1.579165,0.089835,0.953836,0.044697,-0.050281,-0.292697
46.730000,0.472179,-0.627619,3.531295,-1.196278,1.580182,0.089715,0.953830,0.044860,-0.050144,-0.292714
46.740000,0.460215,-0.611813,3.532192,-1.196465,1.581173,0.089596,0.953824,0.045021,-0.050006,-0.292731
46.750000,0.448250,-0.595996,3.533087,-1.196647,1.582140,0.089476,0.953819,0.045179,-0.049866,-0.292749
46.760000,0.436282,-0.580170,3.533981,-1.196823,1.583081,0.089356,0.953814,0.045334,-0.049724,-0.292766
46.770000,0.424313,-0.564335,3.534874,-1.196996,1.583996,0.089235,0.953809,0.045488,-0.049581,-0.292783
46.780000,0.412342,-0.548490,3.535766,-1.197163,1.584887,0.089115,0.953804,0.045639,-0.049436,-0.292800
46.790000,0.400370,-0.532637,3.536656,-1.197325,1.585751,0.088994,0.953799,0.045787,-0.049290,-0.292817
46.800000,0.388396,-0.516775,3.537546,-1.197483,1.586591,0.088874,0.953794,0.045933,-0.049142,-0.292834
46.810000,0.376420,-0.500905,3.538434,-1.197636,1.587405,0.088752,0.953790,0.046076,-0.048992,-0.292850
46.820000,0.364443,-0.485027,3.539321,-1.197784,1.588194,0.088631,0.953786,0.046217,-0.048841,-0.292867
46.830000,0.352465,-0.469141,3.540207,-1.197928,1.588957,0.088510,0.953782,0.046356,-0.048688,-0.292884
46.840000,0.340485,-0.453248,3.541091,-1.198066,1.589695,0.088388,0.953778,0.046492,-0.048533,-0.292900
46.850000,0.328503,-0.437348,3.541974,-1.198200,1.590408,0.088266,0.953774,0.046625,-0.048377,-0.292917
46.860000,0.316521,-0.421440,3.542856,-1.198329,1.591095,0.088144,0.953771,0.046756,-0.048219,-0.292933
46.870000,0.304537,-0.405526,3.543737,-1.198453,1.591756,0.088022,0.953768,0.046885,-0.048059,-0.292950
46.880000,0.292552,-0.389605,3.544617,-1.198573,1.592392,0.087900,0.953765,0.047011,-0.047898,-0.292966
46.890000,0.280565,-0.373678,3.545495,-1.198687,1.593003,0.087777,0.953762,0.047134,-0.047735,-0.292982
46.900000,0.268578,-0.357745,3.546372,-1.198797,1.593588,0.087654,0.953759,0.047255,-0.047571,-0.292998
46.910000,0.256589,-0.341806,3.547248,-1.198902,1.594148,0.087531,0.953756,0.047374,-0.047405,-0.293014
46.920000,0.244600,-0.325862,3.548123,-1.199002,1.594682,0.087408,0.953754,0.047490,-0.047237,-0.293030
46.930000,0.232609,-0.309913,3.548996,-1.199098,1.595190,0.087284,0.953752,0.047603,-0.047068,-0.293046
46.940000,0.220618,-0.293958,3.549869,-1.199189,1.595674,0.087161,0.953750,0.047714,-0.046897,-0.293062
46.950000,0.208626,-0.277999,3.550740,-1.199274,1.596131,0.087037,0.953748,0.047822,-0.046724,-0.293077
46.960000,0.196633,-0.262036,3.551609,-1.199355,1.596563,0.086913,0.953747,0.047928,-0.046550,-0.293093
46.970000,0.184639,-0.246068,3.552478,-1.199432,1.596970,0.086789,0.953745,0.048031,-0.046374,-0.293108
46.980000,0.172644,-0.230097,3.553345,-1.199503,1.597351,0.086664,0.953744,0.048132,-0.046197,-0.293124
46.990000,0.160649,-0.214121,3.554211,-1.199570,1.597706,0.086540,0.953743,0.048230,-0.046018,-0.293139
47.000000,0.148653,-0.198143,3.555076,-1.199632,1.598036,0.086415,0.953742,0.048326,-0.045838,-0.293154
47.010000,0.136656,-0.182161,3.555939,-1.199689,1.598340,0.086290,0.953742,0.048419,-0.045656,-0.293169
47.020000,0.124659,-0.166176,3.556802,-1.199741,1.598619,0.086165,0.953741,0.048509,-0.045472,-0.293184
47.030000,0.112661,-0.150188,3.557663,-1.199788,1.598872,0.086039,0.953741,0.048597,-0.045287,-0.293199
47.040000,0.100663,-0.134198,3.558523,-1.199831,1.599099,0.085914,0.953741,0.048683,-0.045100,-0.293214
47.050000,0.088665,-0.118206,3.559381,-1.199869,1.599301,0.085788,0.953741,0.048765,-0.044912,-0.293229
47.060000,0.076666,-0.102213,3.560238,-1.199902,1.599478,0.085662,0.953741,0.048845,-0.044722,-0.293243
47.070000,0.064667,-0.086217,3.561094,-1.199930,1.599628,0.085536,0.953742,0.048923,-0.044531,-0.293258
47.080000,0.052667,-0.070220,3.561949,-1.199954,1.599753,0.085410,0.953743,0.048998,-0.044338,-0.293272
47.090000,0.040667,-0.054222,3.562802,-1.199972,1.599853,0.085283,0.953743,0.049071,-0.044144,-0.293286
47.100000,0.028668,-0.038223,3.563655,-1.199986,1.599927,0.085156,0.953745,0.049140,-0.043948,-0.293300
47.110000,0.016668,-0.022224,3.564506,-1.199995,1.599975,0.085029,0.953746,0.049208,-0.043750,-0.293314
47.120000,0.004668,-0.006224,3.565355,-1.200000,1.599998,0.084902,0.953747,0.049272,-0.043551,-0.293328
47.130000,-0.007332,0.009776,3.566204,-1.199999,1.599995,0.084775,0.953749,0.049334,-0.043350,-0.293342
47.140000,-0.019332,0.025776,3.567051,-1.199994,1.599967,0.084648,0.953751,0.049394,-0.043148,-0.293355
47.150000,-0.031332,0.041776,3.567897,-1.199984,1.599913,0.084520,0.953753,0.049451,-0.042945,-0.293369
47.160000,-0.043332,0.057774,3.568741,-1.199969,1.599833,0.084392,0.953755,0.049505,-0.042739,-0.293382
47.170000,-0.055331,0.073772,3.569584,-1.199949,1.599728,0.084264,0.953758,0.049557,-0.042533,-0.293395
47.180000,-0.067331,0.089769,3.570426,-1.199924,1.599597,0.084136,0.953761,0.049606,-0.042325,-0.293408
47.190000,-0.079330,0.105764,3.571267,-1.199895,1.599441,0.084007,0.953764,0.049652,-0.042115,-0.293421
47.200000,-0.091329,0.121758,3.572107,-1.199861,1.599259,0.083879,0.953767,0.049696,-0.041904,-0.293434
47.210000,-0.103327,0.137749,3.572945,-1.199822,1.599051,0.083750,0.953770,0.049737,-0.041691,-0.293447
47.220000,-0.115325,0.153738,3.573782,-1.199778,1.598818,0.083621,0.953773,0.049776,-0.041477,-0.293459
47.230000,-0.127323,0.169725,3.574617,-1.199730,1.598559,0.083492,0.953777,0.049812,-0.041262,-0.293471
47.240000,-0.139320,0.185710,3.575451,-1.199676,1.598275,0.083362,0.953781,0.049846,-0.041044,-0.293484
47.250000,-0.151316,0.201691,3.576284,-1.199618,1.597965,0.083233,0.953785,0.049876,-0.040826,-0.293496
47.260000,-0.163312,0.217669,3.577116,-1.199555,1.597629,0.083103,0.953789,0.049905,-0.040606,-0.293507
47.270000,-0.175307,0.233643,3.577946,-1.199488,1.597268,0.082973,0.953794,0.049930,-0.040385,-0.293519
47.280000,-0.187302,0.249614,3.578776,-1.199415,1.596882,0.082843,0.953798,0.049953,-0.040162,-0.293531
47.290000,-0.199296,0.265581,3.579603,-1.199338,1.596469,0.082712,0.953803,0.049974,-0.039937,-0.293542
47.300000,-0.211289,0.281543,3.580430,-1.199256,1.596032,0.082582,0.953808,0.049992,-0.039712,-0.293553
47.310000,-0.223281,0.297501,3.581255,-1.199169,1.595569,0.082451,0.953814,0.050007,-0.039485,-0.293564
47.320000,-0.235272,0.313455,3.582079,-1.199077,1.595080,0.082320,0.953819,0.050020,-0.039256,-0.293575
47.330000,-0.247262,0.329403,3.582901,-1.198981,1.594565,0.082189,0.953825,0.050030,-0.039026,-0.293586
47.340000,-0.259251,0.345346,3.583723,-1.198879,1.594026,0.082058,0.953830,0.050037,-0.038795,-0.293596
47.350000,-0.271240,0.361283,3.584543,-1.198773,1.593460,0.081927,0.953836,0.050042,-0.038562,-0.293607
47.360000,-0.283227,0.377215,3.585361,-1.198662,1.592870,0.081795,0.953843,0.050044,-0.038328,-0.293617
47.370000,-0.295213,0.393141,3.586178,-1.198547,1.592253,0.081663,0.953849,0.050044,-0.038092,-0.293627
47.380000,-0.307198,0.409060,3.586994,-1.198426,1.591612,0.081531,0.953856,0.050041,-0.037855,-0.293636
47.390000,-0.319182,0.424973,3.587809,-1.198301,1.590944,0.081399,0.953862,0.050035,-0.037617,-0.293646
47.400000,-0.331164,0.440879,3.588622,-1.198171,1.590252,0.081267,0.953869,0.050027,-0.037377,-0.293655
47.410000,-0.343145,0.456778,3.589434,-1.198036,1.589533,0.081134,0.953877,0.050016,-0.037136,-0.293665
47.420000,-0.355125,0.472669,3.590245,-1.197896,1.588790,0.081001,0.953884,0.050003,-0.036893,-0.293674
47.430000,-0.367103,0.488553,3.591054,-1.197752,1.588021,0.080869,0.953891,0.049987,-0.036649,-0.293682
47.440000,-0.379080,0.504430,3.591862,-1.197603,1.587227,0.080736,0.953899,0.049968,-0.036404,-0.293691
47.450000,-0.391055,0.520298,3.592669,-1.197449,1.586407,0.080602,0.953907,0.049947,-0.036158,-0.293699
47.460000,-0.403029,0.536158,3.593474,-1.197290,1.585562,0.080469,0.953915,0.049924,-0.035910,-0.293707
47.470000,-0.415001,0.552009,3.594278,-1.197126,1.584691,0.080335,0.953923,0.049897,-0.035661,-0.293715
47.480000,-0.426971,0.567851,3.595081,-1.196958,1.583795,0.080201,0.953932,0.049869,-0.035410,-0.293723
47.490000,-0.438940,0.583685,3.595883,-1.196785,1.582874,0.080067,0.953941,0.049837,-0.035158,-0.293731
47.500000,-0.450907,0.599509,3.596683,-1.196607,1.581927,0.079933,0.953949,0.049803,-0.034905,-0.293738
47.510000,-0.462872,0.615323,3.597481,-1.196424,1.580956,0.079799,0.953958,0.049767,-0.034651,-0.293745
47.520000,-0.474835,0.631128,3.598278,-1.196236,1.579958,0.079664,0.953968,0.049727,-0.034395,-0.293752
47.530000,-0.486797,0.646922,3.599074,-1.196044,1.578936,0.079530,0.953977,0.049686,-0.034138,-0.293758
47.540000,-0.498756,0.662706,3.599869,-1.195847,1.577888,0.079395,0.953986,0.049642,-0.033880,-0.293765
47.550000,-0.510714,0.678480,3.600662,-1.195645,1.576815,0.079260,0.953996,0.049595,-0.033621,-0.293771
47.560000,-0.522669,0.694243,3.601454,-1.195438,1.575717,0.079125,0.954006,0.049545,-0.033360,-0.293777
47.570000,-0.534622,0.709994,3.602245,-1.195227,1.574594,0.078989,0.954016,0.049493,-0.033098,-0.293782
47.580000,-0.546573,0.725735,3.603034,-1.195011,1.573445,0.078853,0.954026,0.049439,-0.032834,-0.293788
47.590000,-0.558522,0.741463,3.603822,-1.194790,1.572271,0.078718,0.954037,0.049382,-0.032570,-0.293793
47.600000,-0.570469,0.757180,3.604608,-1.194564,1.571072,0.078582,0.954048,0.049323,-0.032304,-0.293798
47.610000,-0.582414,0.772884,3.605394,-1.194333,1.569848,0.078446,0.954058,0.049260,-0.032037,-0.293802
47.620000,-0.594356,0.788577,3.606177,-1.194098,1.568599,0.078309,0.954069,0.049196,-0.031769,-0.293807
47.630000,-0.606296,0.804256,3.606960,-1.193858,1.567325,0.078173,0.954080,0.049129,-0.031500,-0.293811
47.640000,-0.618233,0.819923,3.607741,-1.193613,1.566026,0.078036,0.954092,0.049059,-0.031229,-0.293814
47.650000,-0.630168,0.835577,3.608520,-1.193363,1.564701,0.077899,0.954103,0.048987,-0.030957,-0.293818
47.660000,-0.642100,0.851217,3.609299,-1.193109,1.563352,0.077762,0.954115,0.048912,-0.030684,-0.293821
47.670000,-0.654030,0.866844,3.610076,-1.192849,1.561977,0.077625,0.954127,0.048835,-0.030410,-0.293824
47.680000,-0.665957,0.882457,3.610851,-1.192585,1.560578,0.077488,0.954139,0.048756,-0.030135,-0.293827
47.690000,-0.677882,0.898055,3.611625,-1.192317,1.559153,0.077350,0.954151,0.048673,-0.029858,-0.293830
47.700000,-0.689804,0.913640,3.612398,-1.192043,1.557704,0.077213,0.954163,0.048589,-0.029580,-0.293832
47.710000,-0.701723,0.929209,3.613170,-1.191765,1.556230,0.077075,0.954175,0.048502,-0.029302,-0.293834
47.720000,-0.713639,0.944764,3.613940,-1.191482,1.554731,0.076937,0.954188,0.048412,-0.029022,-0.293835
47.730000,-0.725552,0.960304,3.614708,-1.191194,1.553207,0.076798,0.954201,0.048320,-0.028741,-0.293836
47.740000,-0.737463,0.975828,3.615476,-1.190901,1.551658,0.076660,0.954214,0.048226,-0.028458,-0.293837
47.750000,-0.749370,0.991337,3.616242,-1.190604,1.550084,0.076522,0.954227,0.048129,-0.028175,-0.293838
47.760000,-0.761275,1.006830,3.617006,-1.190302,1.548485,0.076383,0.954240,0.048029,-0.027891,-0.293839
47.770000,-0.773176,1.022306,3.617769,-1.189995,1.546862,0.076244,0.954253,0.047927,-0.027605,-0.293839
47.780000,-0.785075,1.037767,3.618531,-1.189683,1.545214,0.076105,0.954267,0.047823,-0.027319,-0.293839
47.790000,-0.796970,1.053211,3.619291,-1.189367,1.543541,0.075966,0.954281,0.047716,-0.027031,-0.293838
47.800000,-0.808862,1.068638,3.620050,-1.189046,1.541844,0.075826,0.954295,0.047607,-0.026742,-0.293837
47.810000,-0.820751,1.084047,3.620808,-1.188720,1.540122,0.075686,0.954309,0.047496,-0.026452,-0.293836
47.820000,-0.832636,1.099440,3.621564,-1.188389,1.538375,0.075547,0.954323,0.047382,-0.026162,-0.293835
47.830000,-0.844519,1.114815,3.622319,-1.188054,1.536603,0.075407,0.954337,0.047265,-0.025870,-0.293833
47.840000,-0.856397,1.130172,3.623072,-1.187713,1.534807,0.075267,0.954351,0.047146,-0.025577,-0.293831
47.850000,-0.868273,1.145511,3.623824,-1.187369,1.532987,0.075126,0.954366,0.047025,-0.025283,-0.293828
47.860000,-0.880145,1.160832,3.624575,-1.187019,1.531142,0.074986,0.954381,0.046902,-0.024988,-0.293825
47.870000,-0.892013,1.176134,3.625324,-1.186664,1.529272,0.074845,0.954396,0.046776,-0.024692,-0.293822
47.880000,-0.903878,1.191417,3.626072,-1.186305,1.527378,0.074705,0.954411,0.046647,-0.024395,-0.293819
47.890000,-0.915739,1.206681,3.626818,-1.185941,1.525460,0.074564,0.954426,0.046517,-0.024097,-0.293815
47.900000,-0.927597,1.221926,3.627563,-1.185573,1.523517,0.074422,0.954441,0.046383,-0.023798,-0.293811
47.910000,-0.939451,1.237151,3.628306,-1.185199,1.521550,0.074281,0.954456,0.046248,-0.023498,-0.293806
47.920000,-0.951301,1.252357,3.629049,-1.184821,1.519558,0.074140,0.954472,0.046110,-0.023197,-0.293802
47.930000,-0.963147,1.267542,3.629789,-1.184438,1.517542,0.073998,0.954487,0.045970,-0.022895,-0.293796
47.940000,-0.974990,1.282708,3.630529,-1.184051,1.515502,0.073856,0.954503,0.045828,-0.022593,-0.293791
47.950000,-0.986828,1.297852,3.631266,-1.183658,1.513437,0.073714,0.954519,0.045683,-0.022289,-0.293785
47.960000,-0.998663,1.312976,3.632003,-1.183261,1.511349,0.073572,0.954535,0.045536,-0.021984,-0.293779
47.970000,-1.010493,1.328079,3.632738,-1.182859,1.509236,0.073430,0.954551,0.045387,-0.021679,-0.293772
47.980000,-1.022320,1.343161,3.633471,-1.182453,1.507099,0.073288,0.954568,0.045235,-0.021372,-0.293765
47.990000,-1.034142,1.358221,3.634204,-1.182041,1.504938,0.073145,0.954584,0.045081,-0.021065,-0.293758
48.000000,-1.045961,1.373260,3.634934,-1.181625,1.502753,0.073002,0.954600,0.044925,-0.020757,-0.293750
48.010000,-1.057775,1.388276,3.635664,-1.181205,1.500543,0.072859,0.954617,0.044767,-0.020447,-0.293742
48.020000,-1.069585,1.403271,3.636391,-1.180779,1.498310,0.072716,0.954634,0.044606,-0.020137,-0.293733
48.030000,-1.081390,1.418242,3.637118,-1.180349,1.496053,0.072573,0.954651,0.044443,-0.019827,-0.293724
48.040000,-1.093192,1.433191,3.637843,-1.179914,1.493772,0.072429,0.954668,0.044278,-0.019515,-0.293715
48.050000,-1.104989,1.448118,3.638567,-1.179474,1.491467,0.072286,0.954685,0.044111,-0.019202,-0.293705
48.060000,-1.116781,1.463021,3.639289,-1.179030,1.489138,0.072142,0.954702,0.043941,-0.018889,-0.293695
48.070000,-1.128569,1.477900,3.640009,-1.178581,1.486785,0.071998,0.954719,0.043770,-0.018575,-0.293685
48.080000,-1.140353,1.492756,3.640729,-1.178127,1.484408,0.071854,0.954736,0.043596,-0.018260,-0.293674
48.090000,-1.152132,1.507588,3.641446,-1.177669,1.482008,0.071710,0.954754,0.043420,-0.017944,-0.293663
48.100000,-1.163906,1.522396,3.642163,-1.177206,1.479584,0.071565,0.954771,0.043241,-0.017627,-0.293651
48.110000,-1.175676,1.537180,3.642878,-1.176738,1.477137,0.071421,0.954789,0.043061,-0.017310,-0.293639
48.120000,-1.187441,1.551939,3.643591,-1.176265,1.474665,0.071276,0.954807,0.042878,-0.016992,-0.293627
48.130000,-1.199201,1.566673,3.644303,-1.175788,1.472170,0.071131,0.954825,0.042693,-0.016673,-0.293614
48.140000,-1.210957,1.581382,3.645014,-1.175306,1.469652,0.070986,0.954843,0.042506,-0.016353,-0.293600
48.150000,-1.222707,1.596066,3.645723,-1.174819,1.467110,0.070841,0.954861,0.042317,-0.016033,-0.293587
48.160000,-1.234453,1.610725,3.646431,-1.174327,1.464545,0.070696,0.954879,0.042126,-0.015712,-0.293572
48.170000,-1.246194,1.625357,3.647137,-1.173831,1.461956,0.070550,0.954897,0.041933,-0.015390,-0.293558
48.180000,-1.257930,1.639964,3.647842,-1.173331,1.459343,0.070404,0.954915,0.041738,-0.015068,-0.293543
48.190000,-1.269660,1.654544,3.648545,-1.172825,1.456708,0.070259,0.954934,0.041540,-0.014744,-0.293528
48.200000,-1.281386,1.669098,3.649247,-1.172315,1.454049,0.070113,0.954952,0.041341,-0.014420,-0.293512
48.210000,-1.293107,1.683625,3.649947,-1.171800,1.451367,0.069966,0.954971,0.041139,-0.014096,-0.293495
48.220000,-1.304822,1.698125,3.650646,-1.171280,1.448661,0.069820,0.954989,0.040936,-0.013771,-0.293479
48.230000,-1.316532,1.712598,3.651344,-1.170756,1.445933,0.069674,0.955008,0.040730,-0.013445,-0.293462
48.240000,-1.328237,1.727043,3.652040,-1.170227,1.443181,0.069527,0.955027,0.040522,-0.013118,-0.293444
48.250000,-1.339937,1.741461,3.652734,-1.169693,1.440406,0.069380,0.955046,0.040313,-0.012791,-0.293426
48.260000,-1.351631,1.755852,3.653427,-1.169155,1.437608,0.069233,0.955065,0.040101,-0.012463,-0.293407
48.270000,-1.363320,1.770214,3.654119,-1.168612,1.434787,0.069086,0.955084,0.039887,-0.012135,-0.293389
48.280000,-1.375003,1.784547,3.654809,-1.168064,1.431944,0.068939,0.955103,0.039672,-0.011806,-0.293369
48.290000,-1.386681,1.798852,3.655498,-1.167512,1.429077,0.068791,0.955122,0.039454,-0.011476,-0.293349
48.300000,-1.398353,1.813129,3.656185,-1.166955,1.426187,0.068644,0.955141,0.039235,-0.011146,-0.293329
48.310000,-1.410020,1.827376,3.656870,-1.166393,1.423275,0.068496,0.955160,0.039013,-0.010815,-0.293308
48.320000,-1.421681,1.841594,3.657555,-1.165827,1.420340,0.068348,0.955180,0.038790,-0.010484,-0.293287
48.330000,-1.433337,1.855783,3.658237,-1.165256,1.417382,0.068200,0.955199,0.038564,-0.010152,-0.293265
48.340000,-1.444986,1.869942,3.658919,-1.164680,1.414401,0.068052,0.955218,0.038337,-0.009819,-0.293243
48.350000,-1.456630,1.884071,3.659598,-1.164100,1.411398,0.067904,0.955238,0.038108,-0.009486,-0.293221
48.360000,-1.468268,1.898170,3.660277,-1.163515,1.408372,0.067755,0.955257,0.037877,-0.009153,-0.293198
48.370000,-1.479901,1.912238,3.660954,-1.162926,1.405324,0.067607,0.955277,0.037644,-0.008819,-0.293174
48.380000,-1.491527,1.926276,3.661629,-1.162331,1.402253,0.067458,0.955297,0.037410,-0.008485,-0.293150
48.390000,-1.503147,1.940283,3.662303,-1.161732,1.399160,0.067309,0.955316,0.037173,-0.008150,-0.293126
48.400000,-1.514762,1.954259,3.662975,-1.161129,1.396044,0.067160,0.955336,0.036935,-0.007814,-0.293101
48.410000,-1.526370,1.968204,3.663646,-1.160520,1.392906,0.067011,0.955356,0.036695,-0.007478,-0.293075
48.420000,-1.537972,1.982117,3.664315,-1.159908,1.389746,0.066861,0.955375,0.036453,-0.007142,-0.293049
48.430000,-1.549568,1.995999,3.664983,-1.159290,1.386563,0.066712,0.955395,0.036209,-0.006805,-0.293023
48.440000,-1.561158,2.009848,3.665650,-1.158668,1.383359,0.066562,0.955415,0.035963,-0.006468,-0.292996
48.450000,-1.572741,2.023666,3.666314,-1.158041,1.380132,0.066412,0.955435,0.035716,-0.006131,-0.292969
48.460000,-1.584319,2.037451,3.666978,-1.157410,1.376883,0.066262,0.955455,0.035467,-0.005793,-0.292941
48.470000,-1.595889,2.051203,3.667640,-1.156774,1.373612,0.066112,0.955475,0.035216,-0.005454,-0.292912
48.480000,-1.607454,2.064923,3.668300,-1.156133,1.370319,0.065962,0.955495,0.034964,-0.005115,-0.292884
48.490000,-1.619012,2.078610,3.668959,-1.155488,1.367004,0.065811,0.955515,0.034709,-0.004776,-0.292854
48.500000,-1.630564,2.092263,3.669616,-1.154838,1.363668,0.065661,0.955535,0.034454,-0.004437,-0.292824
48.510000,-1.642109,2.105883,3.670272,-1.154183,1.360309,0.065510,0.955555,0.034196,-0.004097,-0.292794
48.520000,-1.653647,2.119469,3.670926,-1.153524,1.356929,0.065359,0.955575,0.033937,-0.003757,-0.292763
48.530000,-1.665179,2.133021,3.671579,-1.152860,1.353527,0.065208,0.955595,0.033676,-0.003416,-0.292732
48.540000,-1.676705,2.146540,3.672231,-1.152192,1.350103,0.065057,0.955615,0.033413,-0.003075,-0.292700
48.550000,-1.688223,2.160023,3.672880,-1.151519,1.346658,0.064905,0.955636,0.033149,-0.002734,-0.292668
48.560000,-1.699735,2.173473,3.673529,-1.150841,1.343191,0.064754,0.955656,0.032884,-0.002393,-0.292635
48.570000,-1.711240,2.186887,3.674175,-1.150159,1.339703,0.064602,0.955676,0.032616,-0.002051,-0.292602
48.580000,-1.722738,2.200267,3.674821,-1.149472,1.336193,0.064451,0.955696,0.032347,-0.001709,-0.292568
48.590000,-1.734229,2.213611,3.675465,-1.148781,1.332662,0.064299,0.955716,0.032077,-0.001367,-0.292533
48.600000,-1.745714,2.226920,3.676107,-1.148085,1.329110,0.064147,0.955736,0.031805,-0.001025,-0.292498
48.610000,-1.757191,2.240193,3.676747,-1.147384,1.325536,0.063994,0.955757,0.031531,-0.000682,-0.292463
48.620000,-1.768661,2.253431,3.677387,-1.146679,1.321941,0.063842,0.955777,0.031256,-0.000339,-0.292427
48.630000,-1.780125,2.266632,3.678024,-1.145970,1.318325,0.063690,0.955797,0.030980,0.000004,-0.292391
48.640000,-1.791581,2.279797,3.678660,-1.145255,1.314688,0.063537,0.955817,0.030702,0.000347,-0.292354
48.650000,-1.803030,2.292926,3.679295,-1.144536,1.311030,0.063384,0.955837,0.030422,0.000691,-0.292316
48.660000,-1.814472,2.306017,3.679928,-1.143813,1.307351,0.063231,0.955858,0.030141,0.001035,-0.292278
48.670000,-1.825906,2.319073,3.680560,-1.143085,1.303650,0.063078,0.955878,0.029859,0.001378,-0.292240
48.680000,-1.837333,2.332090,3.681190,-1.142352,1.299929,0.062925,0.955898,0.029575,0.001722,-0.292200
48.690000,-1.848753,2.345071,3.681818,-1.141615,1.296188,0.062772,0.955918,0.029290,0.002066,-0.292161
48.700000,-1.860165,2.358014,3.682445,-1.140873,1.292425,0.062618,0.955939,0.029003,0.002411,-0.292121
48.710000,-1.871570,2.370919,3.683071,-1.140127,1.288642,0.062465,0.955959,0.028715,0.002755,-0.292080
48.720000,-1.882968,2.383787,3.683694,-1.139376,1.284838,0.062311,0.955979,0.028426,0.003099,-0.292039
48.730000,-1.894358,2.396616,3.684317,-1.138620,1.281014,0.062157,0.955999,0.028135,0.003444,-0.291997
48.740000,-1.905740,2.409407,3.684938,-1.137860,1.277169,0.062003,0.956019,0.027843,0.003789,-0.291955
48.750000,-1.917115,2.422159,3.685557,-1.137096,1.273304,0.061849,0.956039,0.027549,0.004133,-0.291912
48.760000,-1.928482,2.434873,3.686174,-1.136327,1.269418,0.061694,0.956059,0.027255,0.004478,-0.291869
48.770000,-1.939842,2.447548,3.686791,-1.135553,1.265512,0.061540,0.956080,0.026959,0.004823,-0.291825
48.780000,-1.951193,2.460183,3.687405,-1.134775,1.261586,0.061385,0.956100,0.026661,0.005168,-0.291781
48.790000,-1.962537,2.472779,3.688018,-1.133992,1.257640,0.061231,0.956120,0.026363,0.005513,-0.291736
48.800000,-1.973873,2.485336,3.688630,-1.133205,1.253673,0.061076,0.956140,0.026063,0.005857,-0.291691
48.810000,-1.985201,2.497853,3.689240,-1.132413,1.249687,0.060921,0.956160,0.025762,0.006202,-0.291645
48.820000,-1.996521,2.510330,3.689848,-1.131617,1.245680,0.060766,0.956180,0.025460,0.006547,-0.291598
48.830000,-2.007834,2.522766,3.690455,-1.130816,1.241654,0.060610,0.956200,0.025157,0.006892,-0.291551
48.840000,-2.019138,2.535163,3.691061,-1.130010,1.237607,0.060455,0.956219,0.024852,0.007237,-0.291503
48.850000,-2.030434,2.547518,3.691664,-1.129200,1.233541,0.060299,0.956239,0.024546,0.007581,-0.291455
48.860000,-2.041722,2.559833,3.692267,-1.128386,1.229455,0.060144,0.956259,0.024240,0.007926,-0.291407
48.870000,-2.053001,2.572107,3.692867,-1.127567,1.225350,0.059988,0.956279,0.023932,0.008271,-0.291358
48.880000,-2.064273,2.584340,3.693466,-1.126744,1.221225,0.059832,0.956299,0.023623,0.008615,-0.291308
48.890000,-2.075536,2.596532,3.694064,-1.125916,1.217080,0.059676,0.956319,0.023312,0.008959,-0.291258
48.900000,-2.086791,2.608682,3.694660,-1.125083,1.212916,0.059520,0.956338,0.023001,0.009304,-0.291207
48.910000,-2.098038,2.620790,3.695254,-1.124246,1.208732,0.059363,0.956358,0.022689,0.009648,-0.291155
48.920000,-2.109276,2.632856,3.695847,-1.123405,1.204529,0.059207,0.956378,0.022375,0.009992,-0.291103
48.930000,-2.120506,2.644881,3.696438,-1.122559,1.200307,0.059050,0.956397,0.022061,0.010336,-0.291051
48.940000,-2.131727,2.656863,3.697028,-1.121708,1.196066,0.058893,0.956417,0.021746,0.010680,-0.290998
48.950000,-2.142940,2.668802,3.697616,-1.120853,1.191805,0.058736,0.956436,0.021429,0.011023,-0.290945
48.960000,-2.154144,2.680699,3.698203,-1.119994,1.187525,0.058579,0.956456,0.021112,0.011366,-0.290890
48.970000,-2.165340,2.692552,3.698788,-1.119130,1.183227,0.058422,0.956475,0.020794,0.011710,-0.290836
48.980000,-2.176527,2.704363,3.699371,-1.118262,1.178909,0.058265,0.956495,0.020475,0.012053,-0.290781
48.990000,-2.187705,2.716131,3.699953,-1.117389,1.174573,0.058107,0.956514,0.020154,0.012395,-0.290725
49.000000,-2.198875,2.727854,3.700533,-1.116512,1.170218,0.057950,0.956533,0.019833,0.012738,-0.290669
49.010000,-2.210035,2.739535,3.701112,-1.115630,1.165844,0.057792,0.956553,0.019511,0.013080,-0.290612
49.020000,-2.221187,2.751171,3.701689,-1.114743,1.161451,0.057634,0.956572,0.019189,0.013422,-0.290555
49.030000,-2.232330,2.762764,3.702265,-1.113853,1.157040,0.057476,0.956591,0.018865,0.013764,-0.290497
49.040000,-2.243464,2.774312,3.702839,-1.112958,1.152610,0.057318,0.956610,0.018540,0.014105,-0.290438
49.050000,-2.254589,2.785816,3.703411,-1.112058,1.148162,0.057160,0.956629,0.018215,0.014446,-0.290380
49.060000,-2.265706,2.797275,3.703982,-1.111154,1.143696,0.057002,0.956648,0.017889,0.014787,-0.290320
49.070000,-2.276813,2.808690,3.704551,-1.110245,1.139211,0.056843,0.956667,0.017562,0.015128,-0.290260
49.080000,-2.287910,2.820059,3.705119,-1.109333,1.134708,0.056685,0.956686,0.017234,0.015468,-0.290199
49.090000,-2.298999,2.831384,3.705685,-1.108415,1.130187,0.056526,0.956705,0.016906,0.015808,-0.290138
49.100000,-2.310079,2.842663,3.706249,-1.107493,1.125648,0.056367,0.956724,0.016577,0.016148,-0.290077
49.110000,-2.321149,2.853897,3.706812,-1.106567,1.121090,0.056208,0.956742,0.016247,0.016487,-0.290015
49.120000,-2.332210,2.865085,3.707374,-1.105636,1.116515,0.056049,0.956761,0.015916,0.016826,-0.289952
49.130000,-2.343262,2.876227,3.707933,-1.104701,1.111922,0.055890,0.956780,0.015585,0.017164,-0.289889
49.140000,-2.354304,2.887323,3.708491,-1.103762,1.107311,0.055731,0.956798,0.015253,0.017502,-0.289825
49.150000,-2.365337,2.898373,3.709048,-1.102818,1.102683,0.055571,0.956817,0.014920,0.017840,-0.289760
49.160000,-2.376360,2.909377,3.709603,-1.101870,1.098037,0.055412,0.956835,0.014587,0.018177,-0.289696
49.170000,-2.387374,2.920334,3.710156,-1.100917,1.093373,0.055252,0.956853,0.014253,0.018514,-0.289630
49.180000,-2.398379,2.931244,3.710708,-1.099960,1.088692,0.055092,0.956872,0.013919,0.018850,-0.289564
49.190000,-2.409374,2.942108,3.711258,-1.098998,1.083993,0.054932,0.956890,0.013584,0.019186,-0.289498
49.200000,-2.420359,2.952924,3.711806,-1.098032,1.079277,0.054772,0.956908,0.013248,0.019521,-0.289431
49.210000,-2.431334,2.963693,3.712353,-1.097062,1.074543,0.054612,0.956926,0.012912,0.019856,-0.289363
49.220000,-2.442300,2.974415,3.712899,-1.096087,1.069793,0.054451,0.956944,0.012576,0.020190,-0.289295
49.230000,-2.453256,2.985089,3.713442,-1.095108,1.065025,0.054291,0.956962,0.012239,0.020524,-0.289227
49.240000,-2.464202,2.995715,3.713984,-1.094124,1.060241,0.054130,0.956980,0.011901,0.020858,-0.289157
49.250000,-2.475138,3.006294,3.714525,-1.093137,1.055439,0.053970,0.956998,0.011563,0.021191,-0.289088
49.260000,-2.486065,3.016824,3.715064,-1.092144,1.050621,0.053809,0.957016,0.011225,0.021523,-0.289018
49.270000,-2.496981,3.027306,3.715601,-1.091148,1.045785,0.053648,0.957034,0.010886,0.021855,-0.288947
49.280000,-2.507888,3.037740,3.716137,-1.090147,1.040933,0.053487,0.957051,0.010546,0.022186,-0.288876
49.290000,-2.518784,3.048125,3.716671,-1.089141,1.036065,0.053326,0.957069,0.010207,0.022516,-0.288804
49.300000,-2.529671,3.058461,3.717203,-1.088132,1.031179,0.053164,0.957087,0.009867,0.022847,-0.288732
49.310000,-2.540547,3.068748,3.717734,-1.087118,1.026278,0.053003,0.957104,0.009526,0.023176,-0.288659
49.320000,-2.551413,3.078986,3.718263,-1.086099,1.021359,0.052841,0.957121,0.009185,0.023505,-0.288586
49.330000,-2.562269,3.089175,3.718791,-1.085077,1.016425,0.052680,0.957139,0.008844,0.023833,-0.288512
49.340000,-2.573114,3.099315,3.719317,-1.084049,1.011474,0.052518,0.957156,0.008503,0.024161,-0.288437
49.350000,-2.583950,3.109405,3.719841,-1.083018,1.006507,0.052356,0.957173,0.008161,0.024488,-0.288363
49.360000,-2.594775,3.119445,3.720364,-1.081982,1.001524,0.052194,0.957190,0.007819,0.024814,-0.288287
49.370000,-2.605589,3.129435,3.720885,-1.080942,0.996525,0.052032,0.957208,0.007477,0.025139,-0.288211
49.380000,-2.616394,3.139375,3.721405,-1.079898,0.991510,0.051869,0.957225,0.007134,0.025464,-0.288135
49.390000,-2.627187,3.149265,3.721923,-1.078849,0.986479,0.051707,0.957242,0.006792,0.025789,-0.288058
49.400000,-2.637971,3.159105,3.722439,-1.077796,0.981432,0.051545,0.957258,0.006449,0.026112,-0.287981
49.410000,-2.648743,3.168894,3.722953,-1.076739,0.976370,0.051382,0.957275,0.006106,0.026435,-0.287903
49.420000,-2.659505,3.178632,3.723466,-1.075677,0.971292,0.051219,0.957292,0.005762,0.026757,-0.287824
49.430000,-2.670257,3.188320,3.723978,-1.074611,0.966198,0.051056,0.957309,0.005419,0.027078,-0.287745
49.440000,-2.680997,3.197956,3.724488,-1.073541,0.961089,0.050893,0.957325,0.005075,0.027399,-0.287666
49.450000,-2.691728,3.207541,3.724996,-1.072466,0.955965,0.050730,0.957342,0.004732,0.027719,-0.287586
49.460000,-2.702447,3.217075,3.725502,-1.071388,0.950825,0.050567,0.957358,0.004388,0.028038,-0.287505
49.470000,-2.713155,3.226558,3.726007,-1.070304,0.945670,0.050404,0.957375,0.004044,0.028356,-0.287425
49.480000,-2.723853,3.235989,3.726510,-1.069217,0.940500,0.050241,0.957391,0.003701,0.028674,-0.287343
49.490000,-2.734540,3.245368,3.727012,-1.068125,0.935315,0.050077,0.957408,0.003357,0.028991,-0.287261
49.500000,-2.745215,3.254695,3.727512,-1.067029,0.930115,0.049913,0.957424,0.003013,0.029306,-0.287179
49.510000,-2.755880,3.263970,3.728010,-1.065929,0.924900,0.049750,0.957440,0.002669,0.029622,-0.287096
49.520000,-2.766534,3.273193,3.728507,-1.064825,0.919670,0.049586,0.957456,0.002325,0.029936,-0.287013
49.530000,-2.777177,3.282363,3.729002,-1.063716,0.914426,0.049422,0.957472,0.001981,0.030249,-0.286929
49.540000,-2.787808,3.291481,3.729495,-1.062603,0.909167,0.049258,0.957488,0.001638,0.030562,-0.286844
49.550000,-2.798429,3.300547,3.729987,-1.061486,0.903893,0.049094,0.957504,0.001294,0.030873,-0.286760
49.560000,-2.809038,3.309559,3.730477,-1.060364,0.898605,0.048929,0.957520,0.000950,0.031184,-0.286674
49.570000,-2.819636,3.318519,3.730966,-1.059238,0.893302,0.048765,0.957536,0.000607,0.031494,-0.286589
49.580000,-2.830223,3.327425,3.731452,-1.058108,0.887986,0.048600,0.957552,0.000264,0.031803,-0.286502
49.590000,-2.840798,3.336278,3.731938,-1.056974,0.882655,0.048436,0.957567,-0.000080,0.032111,-0.286416
49.600000,-2.851362,3.345078,3.732421,-1.055836,0.877310,0.048271,0.957583,-0.000423,0.032418,-0.286328
49.610000,-2.861915,3.353825,3.732903,-1.054693,0.871951,0.048106,0.957598,-0.000765,0.032724,-0.286241
49.620000,-2.872456,3.362517,3.733383,-1.053546,0.866577,0.047941,0.957614,-0.001108,0.033030,-0.286153
49.630000,-2.882986,3.371156,3.733862,-1.052395,0.861191,0.047776,0.957629,-0.001450,0.033334,-0.286064
49.640000,-2.893504,3.379741,3.734339,-1.051240,0.855790,0.047611,0.957645,-0.001793,0.033637,-0.285975
49.650000,-2.904011,3.388272,3.734814,-1.050080,0.850375,0.047446,0.957660,-0.002135,0.033939,-0.285886
49.660000,-2.914505,3.396748,3.735288,-1.048917,0.844947,0.047280,0.957675,-0.002476,0.034241,-0.285796
49.670000,-2.924989,3.405171,3.735760,-1.047749,0.839506,0.047115,0.957691,-0.002818,0.034541,-0.285705
49.680000,-2.935460,3.413538,3.736230,-1.046577,0.834051,0.046949,0.957706,-0.003159,0.034840,-0.285614
49.690000,-2.945920,3.421852,3.736699,-1.045400,0.828583,0.046783,0.957721,-0.003499,0.035139,-0.285523
49.700000,-2.956368,3.430110,3.737166,-1.044220,0.823101,0.046618,0.957736,-0.003840,0.035436,-0.285431
49.710000,-2.966805,3.438314,3.737631,-1.043035,0.817606,0.046452,0.957751,-0.004180,0.035732,-0.285339
49.720000,-2.977229,3.446462,3.738095,-1.041847,0.812098,0.046286,0.957766,-0.004519,0.036027,-0.285247
49.730000,-2.987642,3.454556,3.738557,-1.040654,0.806578,0.046120,0.957781,-0.004859,0.036322,-0.285154
49.740000,-2.998042,3.462594,3.739017,-1.039456,0.801044,0.045953,0.957796,-0.005197,0.036615,-0.285060
49.750000,-3.008431,3.470576,3.739476,-1.038255,0.795497,0.045787,0.957811,-0.005536,0.036907,-0.284966
49.760000,-3.018807,3.478504,3.739933,-1.037050,0.789938,0.045621,0.957826,-0.005874,0.037197,-0.284872
49.770000,-3.029172,3.486375,3.740388,-1.035840,0.784366,0.045454,0.957840,-0.006211,0.037487,-0.284777
49.780000,-3.039524,3.494191,3.740842,-1.034626,0.778782,0.045287,0.957855,-0.006548,0.037776,-0.284682
49.790000,-3.049864,3.501951,3.741294,-1.033408,0.773185,0.045121,0.957870,-0.006885,0.038063,-0.284586
49.800000,-3.060192,3.509655,3.741744,-1.032186,0.767575,0.044954,0.957884,-0.007221,0.038350,-0.284490
49.810000,-3.070508,3.517302,3.742193,-1.030960,0.761954,0.044787,0.957899,-0.007556,0.038635,-0.284394
49.820000,-3.080811,3.524894,3.742640,-1.029730,0.756320,0.044620,0.957913,-0.007891,0.038919,-0.284297
49.830000,-3.091103,3.532429,3.743085,-1.028496,0.750674,0.044453,0.957928,-0.008225,0.039202,-0.284200
49.840000,-3.101381,3.539907,3.743529,-1.027257,0.745016,0.044285,0.957942,-0.008559,0.039484,-0.284102
49.850000,-3.111648,3.547329,3.743971,-1.026015,0.739347,0.044118,0.957957,-0.008892,0.039764,-0.284004
49.860000,-3.121902,3.554694,3.744411,-1.024768,0.733665,0.043951,0.957971,-0.009224,0.040043,-0.283906
49.870000,-3.132143,3.562002,3.744850,-1.023517,0.727972,0.043783,0.957986,-0.009556,0.040322,-0.283807
49.880000,-3.142372,3.569253,3.745287,-1.022262,0.722267,0.043615,0.958000,-0.009887,0.040599,-0.283708
49.890000,-3.152588,3.576447,3.745722,-1.021003,0.716550,0.043448,0.958014,-0.010218,0.040874,-0.283608
49.900000,-3.162792,3.583584,3.746156,-1.019740,0.710822,0.043280,0.958029,-0.010547,0.041149,-0.283508
49.910000,-3.172983,3.590664,3.746588,-1.018473,0.705083,0.043112,0.958043,-0.010876,0.041422,-0.283407
49.920000,-3.183161,3.597686,3.747018,-1.017202,0.699332,0.042944,0.958057,-0.011205,0.041694,-0.283307
49.930000,-3.193327,3.604650,3.747447,-1.015926,0.693570,0.042776,0.958071,-0.011532,0.041965,-0.283205
49.940000,-3.203480,3.611557,3.747874,-1.014647,0.687797,0.042608,0.958085,-0.011859,0.042234,-0.283104
49.950000,-3.213620,3.618406,3.748299,-1.013364,0.682013,0.042439,0.958100,-0.012185,0.042502,-0.283002
49.960000,-3.223747,3.625197,3.748723,-1.012076,0.676218,0.042271,0.958114,-0.012510,0.042769,-0.282900
49.970000,-3.233862,3.631931,3.749145,-1.010785,0.670412,0.042102,0.958128,-0.012835,0.043035,-0.282797
49.980000,-3.243963,3.638606,3.749565,-1.009489,0.664596,0.041934,0.958142,-0.013158,0.043299,-0.282694
49.990000,-3.254051,3.645222,3.749983,-1.008189,0.658769,0.041765,0.958156,-0.013481,0.043562,-0.282591
50.000000,-3.264127,3.651781,3.750400,-1.006886,0.652931,0.041596,0.958170,-0.013803,0.043823,-0.282487
50.010000,-3.274189,3.658281,3.750815,-1.005578,0.647083,0.041427,0.958184,-0.014124,0.044083,-0.282383
50.020000,-3.284238,3.664723,3.751229,-1.004266,0.641225,0.041258,0.958198,-0.014444,0.044342,-0.282278
50.030000,-3.294274,3.671106,3.751640,-1.002951,0.635356,0.041089,0.958212,-0.014763,0.044600,-0.282174
50.040000,-3.304297,3.677430,3.752050,-1.001631,0.629477,0.040920,0.958226,-0.015081,0.044856,-0.282069
50.050000,-3.314307,3.683695,3.752459,-1.000307,0.623588,0.040751,0.958240,-0.015399,0.045111,-0.281963
50.060000,-3.324303,3.689901,3.752865,-0.998980,0.617690,0.040582,0.958254,-0.015715,0.045364,-0.281857
50.070000,-3.334286,3.696049,3.753270,-0.997648,0.611781,0.040412,0.958268,-0.016030,0.045616,-0.281751
50.080000,-3.344256,3.702137,3.753674,-0.996312,0.605862,0.040243,0.958282,-0.016345,0.045867,-0.281645
50.090000,-3.354213,3.708166,3.754075,-0.994973,0.599934,0.040073,0.958296,-0.016658,0.046116,-0.281538
50.100000,-3.364156,3.714136,3.754475,-0.993629,0.593996,0.039903,0.958311,-0.016970,0.046364,-0.281431
50.110000,-3.374085,3.720046,3.754873,-0.992281,0.588049,0.039733,0.958325,-0.017281,0.046610,-0.281323
50.120000,-3.384001,3.725897,3.755270,-0.990930,0.582092,0.039564,0.958339,-0.017591,0.046855,-0.281216
50.130000,-3.393904,3.731688,3.755664,-0.989574,0.576126,0.039394,0.958353,-0.017901,0.047099,-0.281108
50.140000,-3.403793,3.737419,3.756058,-0.988214,0.570151,0.039223,0.958367,-0.018208,0.047341,-0.280999
50.150000,-3.413668,3.743091,3.756449,-0.986851,0.564166,0.039053,0.958381,-0.018515,0.047581,-0.280891
50.160000,-3.423530,3.748702,3.756839,-0.985484,0.558173,0.038883,0.958395,-0.018821,0.047821,-0.280782
50.170000,-3.433378,3.754254,3.757227,-0.984112,0.552170,0.038713,0.958409,-0.019126,0.048058,-0.280672
50.180000,-3.443212,3.759746,3.757613,-0.982737,0.546159,0.038542,0.958423,-0.019429,0.048294,-0.280563
50.190000,-3.453033,3.765177,3.757997,-0.981358,0.540139,0.038372,0.958437,-0.019731,0.048529,-0.280453
50.200000,-3.462839,3.770549,3.758380,-0.979974,0.534111,0.038201,0.958451,-0.020032,0.048762,-0.280343
50.210000,-3.472632,3.775859,3.758761,-0.978587,0.528074,0.038031,0.958465,-0.020332,0.048994,-0.280232
50.220000,-3.482411,3.781110,3.759141,-0.977196,0.522028,0.037860,0.958480,-0.020631,0.049224,-0.280122
50.230000,-3.492176,3.786300,3.759519,-0.975801,0.515974,0.037689,0.958494,-0.020928,0.049452,-0.280011
50.240000,-3.501927,3.791429,3.759895,-0.974403,0.509912,0.037518,0.958508,-0.021224,0.049679,-0.279899
50.250000,-3.511664,3.796498,3.760269,-0.973000,0.503841,0.037347,0.958522,-0.021519,0.049905,-0.279788
50.260000,-3.521387,3.801506,3.760642,-0.971593,0.497763,0.037176,0.958537,-0.021813,0.050129,-0.279676
50.270000,-3.531096,3.806453,3.761013,-0.970183,0.491677,0.037005,0.958551,-0.022105,0.050351,-0.279564
50.280000,-3.540791,3.811340,3.761382,-0.968768,0.485582,0.036833,0.958565,-0.022396,0.050572,-0.279452
50.290000,-3.550471,3.816165,3.761749,-0.967350,0.479480,0.036662,0.958580,-0.022686,0.050792,-0.279339
50.300000,-3.560138,3.820929,3.762115,-0.965928,0.473371,0.036491,0.958594,-0.022974,0.051009,-0.279226
50.310000,-3.569790,3.825632,3.762479,-0.964502,0.467253,0.036319,0.958609,-0.023261,0.051225,-0.279113
50.320000,-3.579428,3.830274,3.762841,-0.963072,0.461129,0.036148,0.958623,-0.023546,0.051440,-0.279000
50.330000,-3.589051,3.834855,3.763202,-0.961638,0.454997,0.035976,0.958638,-0.023830,0.051653,-0.278886
50.340000,-3.598660,3.839374,3.763561,-0.960201,0.448857,0.035804,0.958653,-0.024113,0.051864,-0.278772
50.350000,-3.608255,3.843832,3.763918,-0.958760,0.442711,0.035632,0.958667,-0.024395,0.052074,-0.278658
50.360000,-3.617836,3.848228,3.764274,-0.957314,0.436557,0.035460,0.958682,-0.024674,0.052282,-0.278544
50.370000,-3.627401,3.852563,3.764627,-0.955865,0.430396,0.035288,0.958697,-0.024953,0.052488,-0.278429
50.380000,-3.636953,3.856836,3.764979,-0.954412,0.424229,0.035116,0.958712,-0.025230,0.052693,-0.278314
50.390000,-3.646490,3.861048,3.765330,-0.952956,0.418055,0.034944,0.958727,-0.025505,0.052896,-0.278199
50.400000,-3.656012,3.865197,3.765678,-0.951495,0.411874,0.034772,0.958742,-0.025779,0.053098,-0.278084
50.410000,-3.665520,3.869285,3.766025,-0.950031,0.405686,0.034600,0.958757,-0.026052,0.053297,-0.277969
50.420000,-3.675013,3.873311,3.766370,-0.948563,0.399492,0.034427,0.958772,-0.026323,0.053496,-0.277853
50.430000,-3.684491,3.877275,3.766714,-0.947091,0.393291,0.034255,0.958787,-0.026592,0.053692,-0.277737
50.440000,-3.693954,3.881177,3.767055,-0.945615,0.387085,0.034082,0.958802,-0.026860,0.053887,-0.277621
50.450000,-3.703403,3.885017,3.767395,-0.944136,0.380872,0.033909,0.958817,-0.027126,0.054080,-0.277505
50.460000,-3.712837,3.888794,3.767733,-0.942652,0.374653,0.033737,0.958833,-0.027391,0.054272,-0.277388
50.470000,-3.722256,3.892510,3.768070,-0.941165,0.368428,0.033564,0.958848,-0.027654,0.054461,-0.277271
50.480000,-3.731660,3.896163,3.768405,-0.939675,0.362197,0.033391,0.958864,-0.027916,0.054649,-0.277155
50.490000,-3.741050,3.899754,3.768738,-0.938180,0.355960,0.033218,0.958879,-0.028176,0.054836,-0.277037
50.500000,-3.750424,3.903282,3.769069,-0.936682,0.349717,0.033045,0.958895,-0.028434,0.055020,-0.276920
50.510000,-3.759783,3.906748,3.769399,-0.935180,0.343469,0.032872,0.958911,-0.028691,0.055203,-0.276803
50.520000,-3.769127,3.910151,3.769727,-0.933674,0.337216,0.032699,0.958927,-0.028946,0.055384,-0.276685
50.530000,-3.778457,3.913492,3.770053,-0.932164,0.330957,0.032526,0.958942,-0.029199,0.055564,-0.276567
50.540000,-3.787771,3.916771,3.770377,-0.930651,0.324693,0.032352,0.958958,-0.029451,0.055741,-0.276449
50.550000,-3.797070,3.919986,3.770700,-0.929134,0.318423,0.032179,0.958975,-0.029701,0.055917,-0.276331
50.560000,-3.806353,3.923139,3.771021,-0.927614,0.312149,0.032006,0.958991,-0.029949,0.056091,-0.276213
50.570000,-3.815622,3.926229,3.771340,-0.926089,0.305869,0.031832,0.959007,-0.030195,0.056264,-0.276094
50.580000,-3.824875,3.929256,3.771657,-0.924561,0.299585,0.031659,0.959023,-0.030440,0.056435,-0.275976
50.590000,-3.834113,3.932221,3.771973,-0.923029,0.293296,0.031485,0.959040,-0.030683,0.056603,-0.275857
50.600000,-3.843336,3.935122,3.772287,-0.921494,0.287002,0.031311,0.959057,-0.030925,0.056771,-0.275738
50.610000,-3.852543,3.937961,3.772599,-0.919955,0.280703,0.031137,0.959073,-0.031164,0.056936,-0.275619
50.620000,-3.861735,3.940736,3.772910,-0.918412,0.274400,0.030963,0.959090,-0.031402,0.057099,-0.275499
50.630000,-3.870911,3.943449,3.773218,-0.916865,0.268093,0.030790,0.959107,-0.031638,0.057261,-0.275380
50.640000,-3.880072,3.946098,3.773526,-0.915315,0.261781,0.030616,0.959124,-0.031872,0.057421,-0.275260
50.650000,-3.889218,3.948684,3.773831,-0.913761,0.255466,0.030441,0.959141,-0.032104,0.057579,-0.275141
50.660000,-3.898347,3.951207,3.774134,-0.912204,0.249146,0.030267,0.959158,-0.032334,0.057736,-0.275021
50.670000,-3.907462,3.953667,3.774436,-0.910642,0.242822,0.030093,0.959176,-0.032563,0.057890,-0.274901
50.680000,-3.916560,3.956064,3.774736,-0.909078,0.236494,0.029919,0.959193,-0.032790,0.058043,-0.274781
50.690000,-3.925643,3.958397,3.775035,-0.907509,0.230162,0.029744,0.959211,-0.033015,0.058194,-0.274660
50.700000,-3.934710,3.960667,3.775331,-0.905937,0.223827,0.029570,0.959228,-0.033238,0.058343,-0.274540
50.710000,-3.943762,3.962874,3.775626,-0.904361,0.217488,0.029396,0.959246,-0.033459,0.058490,-0.274419
50.720000,-3.952798,3.965017,3.775919,-0.902782,0.211146,0.029221,0.959264,-0.033678,0.058635,-0.274299
50.730000,-3.961817,3.967097,3.776210,-0.901199,0.204800,0.029046,0.959282,-0.033895,0.058779,-0.274178
50.740000,-3.970822,3.969113,3.776500,-0.899613,0.198451,0.028872,0.959301,-0.034111,0.058921,-0.274057
50.750000,-3.979810,3.971066,3.776788,-0.898023,0.192099,0.028697,0.959319,-0.034324,0.059060,-0.273936
50.760000,-3.988782,3.972955,3.777074,-0.896429,0.185744,0.028522,0.959337,-0.034535,0.059198,-0.273815
50.770000,-3.997738,3.974780,3.777358,-0.894832,0.179386,0.028347,0.959356,-0.034745,0.059334,-0.273694
50.780000,-4.006679,3.976543,3.777641,-0.893231,0.173025,0.028172,0.959375,-0.034952,0.059469,-0.273572
50.790000,-4.015603,3.978241,3.777922,-0.891626,0.166661,0.027997,0.959394,-0.035158,0.059601,-0.273451
50.800000,-4.024511,3.979876,3.778201,-0.890018,0.160294,0.027822,0.959413,-0.035362,0.059732,-0.273330
50.810000,-4.033403,3.981447,3.778478,-0.888407,0.153925,0.027647,0.959432,-0.035563,0.059860,-0.273208
50.820000,-4.042279,3.982954,3.778754,-0.886791,0.147554,0.027472,0.959451,-0.035763,0.059987,-0.273086
50.830000,-4.051139,3.984398,3.779028,-0.885173,0.141180,0.027297,0.959471,-0.035960,0.060112,-0.272965
50.840000,-4.059983,3.985778,3.779300,-0.883551,0.134804,0.027121,0.959490,-0.036156,0.060235,-0.272843
50.850000,-4.068810,3.987094,3.779570,-0.881925,0.128425,0.026946,0.959510,-0.036349,0.060356,-0.272721
50.860000,-4.077621,3.988346,3.779839,-0.880296,0.122045,0.026771,0.959530,-0.036540,0.060475,-0.272599
50.870000,-4.086416,3.989535,3.780105,-0.878663,0.115663,0.026595,0.959550,-0.036730,0.060592,-0.272477
50.880000,-4.095194,3.990660,3.780370,-0.877026,0.109278,0.026420,0.959570,-0.036917,0.060708,-0.272354
50.890000,-4.103956,3.991720,3.780634,-0.875387,0.102893,0.026244,0.959591,-0.037102,0.060821,-0.272232
50.900000,-4.112702,3.992717,3.780895,-0.873743,0.096505,0.026068,0.959611,-0.037285,0.060933,-0.272110
50.910000,-4.121431,3.993651,3.781155,-0.872096,0.090116,0.025893,0.959632,-0.037466,0.061042,-0.271987
50.920000,-4.130144,3.994520,3.781413,-0.870446,0.083725,0.025717,0.959653,-0.037645,0.061150,-0.271865
50.930000,-4.138840,3.995325,3.781669,-0.868792,0.077333,0.025541,0.959674,-0.037822,0.061256,-0.271742
50.940000,-4.147520,3.996066,3.781924,-0.867135,0.070940,0.025365,0.959695,-0.037996,0.061360,-0.271620
50.950000,-4.156183,3.996744,3.782177,-0.865474,0.064546,0.025189,0.959716,-0.038169,0.061462,-0.271497
50.960000,-4.164829,3.997357,3.782428,-0.863810,0.058151,0.025013,0.959738,-0.038339,0.061562,-0.271374
50.970000,-4.173459,3.997907,3.782677,-0.862142,0.051755,0.024837,0.959759,-0.038507,0.061660,-0.271251
50.980000,-4.182072,3.998392,3.782925,-0.860471,0.045358,0.024661,0.959781,-0.038673,0.061756,-0.271129
50.990000,-4.190669,3.998814,3.783170,-0.858797,0.038960,0.024485,0.959803,-0.038837,0.061850,-0.271006
51.000000,-4.199248,3.999172,3.783414,-0.857119,0.032561,0.024308,0.959825,-0.038998,0.061942,-0.270883
51.010000,-4.207811,3.999465,3.783656,-0.855437,0.026162,0.024132,0.959848,-0.039158,0.062032,-0.270760
51.020000,-4.216357,3.999695,3.783897,-0.853753,0.019763,0.023956,0.959870,-0.039315,0.062121,-0.270637
51.030000,-4.224886,3.999860,3.784136,-0.852064,0.013363,0.023779,0.959893,-0.039470,0.062207,-0.270514
51.040000,-4.233398,3.999962,3.784372,-0.850373,0.006964,0.023603,0.959916,-0.039623,0.062292,-0.270391
51.050000,-4.241893,4.000000,3.784608,-0.848678,0.000564,0.023426,0.959939,-0.039773,0.062374,-0.270267
51.060000,-4.250372,3.999973,3.784841,-0.846979,-0.005836,0.023250,0.959962,-0.039922,0.062455,-0.270144
51.070000,-4.258833,3.999883,3.785073,-0.845277,-0.012236,0.023073,0.959986,-0.040068,0.062533,-0.270021
51.080000,-4.267277,3.999729,3.785302,-0.843572,-0.018636,0.022897,0.960010,-0.040212,0.062610,-0.269898
51.090000,-4.275704,3.999510,3.785531,-0.841863,-0.025035,0.022720,0.960033,-0.040353,0.062684,-0.269774
51.100000,-4.284114,3.999228,3.785757,-0.840151,-0.031434,0.022543,0.960057,-0.040492,0.062757,-0.269651
51.110000,-4.292507,3.998882,3.785981,-0.838436,-0.037833,0.022366,0.960082,-0.040630,0.062828,-0.269528
51.120000,-4.300883,3.998471,3.786204,-0.836717,-0.044231,0.022189,0.960106,-0.040764,0.062896,-0.269404
51.130000,-4.309242,3.997997,3.786425,-0.834995,-0.050628,0.022012,0.960131,-0.040897,0.062963,-0.269281
51.140000,-4.317583,3.997459,3.786644,-0.833270,-0.057024,0.021835,0.960155,-0.041027,0.063028,-0.269157
51.150000,-4.325907,3.996857,3.786862,-0.831541,-0.063420,0.021658,0.960180,-0.041155,0.063091,-0.269034
51.160000,-4.334214,3.996190,3.787078,-0.829809,-0.069814,0.021481,0.960206,-0.041280,0.063151,-0.268911
51.170000,-4.342503,3.995460,3.787292,-0.828074,-0.076208,0.021304,0.960231,-0.041404,0.063210,-0.268787
51.180000,-4.350775,3.994666,3.787504,-0.826335,-0.082600,0.021127,0.960257,-0.041525,0.063267,-0.268664
51.190000,-4.359030,3.993808,3.787714,-0.824593,-0.088990,0.020950,0.960282,-0.041643,0.063322,-0.268540
51.200000,-4.367267,3.992886,3.787923,-0.822848,-0.095380,0.020773,0.960308,-0.041760,0.063375,-0.268416
51.210000,-4.375487,3.991901,3.788130,-0.821100,-0.101768,0.020595,0.960335,-0.041874,0.063426,-0.268293
51.220000,-4.383689,3.990851,3.788335,-0.819348,-0.108154,0.020418,0.960361,-0.041985,0.063474,-0.268169
51.230000,-4.391874,3.989738,3.788538,-0.817593,-0.114538,0.020241,0.960388,-0.042095,0.063521,-0.268046
51.240000,-4.400041,3.988560,3.788739,-0.815834,-0.120921,0.020063,0.960415,-0.042201,0.063566,-0.267922
51.250000,-4.408191,3.987319,3.788939,-0.814073,-0.127302,0.019886,0.960442,-0.042306,0.063609,-0.267799
51.260000,-4.416322,3.986014,3.789137,-0.812308,-0.133680,0.019708,0.960469,-0.042408,0.063650,-0.267675
51.270000,-4.424437,3.984646,3.789333,-0.810540,-0.140057,0.019531,0.960496,-0.042508,0.063689,-0.267551
51.280000,-4.432533,3.983213,3.789528,-0.808768,-0.146431,0.019353,0.960524,-0.042606,0.063726,-0.267428
51.290000,-4.440612,3.981717,3.789720,-0.806994,-0.152803,0.019175,0.960552,-0.042701,0.063761,-0.267304
51.300000,-4.448673,3.980157,3.789911,-0.805216,-0.159173,0.018998,0.960580,-0.042793,0.063794,-0.267181
51.310000,-4.456716,3.978534,3.790100,-0.803435,-0.165540,0.018820,0.960608,-0.042884,0.063825,-0.267057
51.320000,-4.464742,3.976846,3.790288,-0.801650,-0.171904,0.018642,0.960637,-0.042971,0.063854,-0.266933
51.330000,-4.472749,3.975095,3.790473,-0.799863,-0.178266,0.018464,0.960665,-0.043057,0.063881,-0.266810
51.340000,-4.480739,3.973281,3.790657,-0.798072,-0.184624,0.018286,0.960694,-0.043140,0.063905,-0.266686
51.350000,-4.488711,3.971403,3.790839,-0.796278,-0.190980,0.018108,0.960723,-0.043221,0.063928,-0.266562
51.360000,-4.496665,3.969461,3.791019,-0.794481,-0.197333,0.017930,0.960753,-0.043299,0.063949,-0.266439
51.370000,-4.504600,3.967456,3.791197,-0.792681,-0.203682,0.017752,0.960782,-0.043375,0.063968,-0.266315
51.380000,-4.512518,3.965388,3.791374,-0.790877,-0.210029,0.017574,0.960812,-0.043448,0.063985,-0.266192
51.390000,-4.520418,3.963256,3.791549,-0.789071,-0.216371,0.017396,0.960842,-0.043519,0.064000,-0.266068
51.400000,-4.528300,3.961060,3.791722,-0.787261,-0.222711,0.017218,0.960872,-0.043588,0.064013,-0.265945
51.410000,-4.536163,3.958802,3.791893,-0.785448,-0.229047,0.017040,0.960903,-0.043654,0.064024,-0.265821
51.420000,-4.544009,3.956479,3.792063,-0.783632,-0.235379,0.016862,0.960934,-0.043718,0.064033,-0.265697
51.430000,-4.551836,3.954094,3.792231,-0.781813,-0.241707,0.016684,0.960965,-0.043779,0.064040,-0.265574
51.440000,-4.559645,3.951645,3.792397,-0.779991,-0.248032,0.016505,0.960996,-0.043838,0.064045,-0.265450
51.450000,-4.567436,3.949133,3.792561,-0.778165,-0.254353,0.016327,0.961027,-0.043894,0.064048,-0.265327
51.460000,-4.575208,3.946558,3.792723,-0.776337,-0.260669,0.016149,0.961059,-0.043948,0.064049,-0.265203
51.470000,-4.582962,3.943920,3.792884,-0.774505,-0.266982,0.015970,0.961090,-0.044000,0.064048,-0.265080
51.480000,-4.590698,3.941219,3.793042,-0.772670,-0.273290,0.015792,0.961122,-0.044049,0.064044,-0.264956
51.490000,-4.598416,3.938454,3.793199,-0.770833,-0.279594,0.015613,0.961155,-0.044095,0.064039,-0.264833
51.500000,-4.606115,3.935627,3.793355,-0.768992,-0.285893,0.015435,0.961187,-0.044139,0.064032,-0.264709
51.510000,-4.613796,3.932736,3.793508,-0.767148,-0.292188,0.015256,0.961220,-0.044181,0.064023,-0.264586
51.520000,-4.621458,3.929783,3.793660,-0.765301,-0.298478,0.015078,0.961253,-0.044220,0.064012,-0.264462
51.530000,-4.629102,3.926767,3.793810,-0.763451,-0.304763,0.014899,0.961286,-0.044257,0.063999,-0.264339
51.540000,-4.636727,3.923688,3.793958,-0.761597,-0.311043,0.014721,0.961319,-0.044291,0.063984,-0.264215
51.550000,-4.644333,3.920546,3.794104,-0.759741,-0.317319,0.014542,0.961353,-0.044323,0.063967,-0.264092
51.560000,-4.651922,3.917341,3.794249,-0.757882,-0.323589,0.014363,0.961387,-0.044352,0.063948,-0.263969
51.570000,-4.659491,3.914074,3.794391,-0.756020,-0.329854,0.014185,0.961421,-0.044379,0.063927,-0.263845
51.580000,-4.667042,3.910744,3.794532,-0.754154,-0.336114,0.014006,0.961455,-0.044403,0.063904,-0.263722
51.590000,-4.674574,3.907352,3.794672,-0.752286,-0.342368,0.013827,0.961489,-0.044425,0.063879,-0.263598
51.600000,-4.682088,3.903897,3.794809,-0.750415,-0.348617,0.013648,0.961524,-0.044444,0.063852,-0.263475
51.610000,-4.689582,3.900380,3.794944,-0.748540,-0.354861,0.013469,0.961559,-0.044461,0.063823,-0.263352
51.620000,-4.697059,3.896800,3.795078,-0.746663,-0.361099,0.013290,0.961594,-0.044476,0.063792,-0.263228
51.630000,-4.704516,3.893158,3.795210,-0.744783,-0.367331,0.013112,0.961630,-0.044488,0.063759,-0.263105
51.640000,-4.711954,3.889453,3.795341,-0.742899,-0.373557,0.012933,0.961665,-0.044497,0.063724,-0.262982
51.650000,-4.719374,3.885687,3.795469,-0.741013,-0.379777,0.012754,0.961701,-0.044504,0.063688,-0.262858
51.660000,-4.726774,3.881858,3.795596,-0.739124,-0.385991,0.012575,0.961737,-0.044508,0.063649,-0.262735
51.670000,-4.734156,3.877967,3.795720,-0.737232,-0.392199,0.012396,0.961773,-0.044510,0.063608,-0.262612
51.680000,-4.741519,3.874014,3.795844,-0.735337,-0.398400,0.012217,0.961810,-0.044510,0.063565,-0.262488
51.690000,-4.748863,3.869999,3.795965,-0.733439,-0.404595,0.012038,0.961847,-0.044507,0.063520,-0.262365
51.700000,-4.756188,3.865922,3.796084,-0.731537,-0.410784,0.011858,0.961884,-0.044502,0.063474,-0.262242
51.710000,-4.763494,3.861783,3.796202,-0.729634,-0.416966,0.011679,0.961921,-0.044494,0.063425,-0.262119
51.720000,-4.770780,3.857583,3.796318,-0.727727,-0.423142,0.011500,0.961958,-0.044483,0.063374,-0.261995
51.730000,-4.778048,3.853320,3.796432,-0.725817,-0.429311,0.011321,0.961996,-0.044470,0.063322,-0.261872
51.740000,-4.785297,3.848996,3.796544,-0.723904,-0.435472,0.011142,0.962034,-0.044455,0.063267,-0.261749
51.750000,-4.792526,3.844611,3.796655,-0.721989,-0.441627,0.010962,0.962072,-0.044437,0.063210,-0.261626
51.760000,-4.799737,3.840164,3.796764,-0.720070,-0.447775,0.010783,0.962110,-0.044416,0.063152,-0.261502
51.770000,-4.806928,3.835655,3.796870,-0.718149,-0.453916,0.010604,0.962148,-0.044394,0.063091,-0.261379
51.780000,-4.814100,3.831086,3.796976,-0.716225,-0.460049,0.010425,0.962187,-0.044368,0.063029,-0.261256
51.790000,-4.821252,3.826454,3.797079,-0.714298,-0.466175,0.010245,0.962226,-0.044340,0.062965,-0.261133
51.800000,-4.828385,3.821762,3.797180,-0.712368,-0.472294,0.010066,0.962265,-0.044310,0.062898,-0.261009
51.810000,-4.835499,3.817009,3.797280,-0.710435,-0.478405,0.009887,0.962305,-0.044277,0.062830,-0.260886
51.820000,-4.842594,3.812194,3.797378,-0.708499,-0.484508,0.009707,0.962344,-0.044242,0.062760,-0.260763
51.830000,-4.849669,3.807318,3.797474,-0.706561,-0.490604,0.009528,0.962384,-0.044204,0.062688,-0.260640
51.840000,-4.856725,3.802382,3.797569,-0.704620,-0.496692,0.009348,0.962424,-0.044164,0.062614,-0.260517
51.850000,-4.863762,3.797385,3.797661,-0.702675,-0.502771,0.009169,0.962464,-0.044121,0.062538,-0.260393
51.860000,-4.870779,3.792327,3.797752,-0.700729,-0.508843,0.008989,0.962505,-0.044076,0.062460,-0.260270
51.870000,-4.877776,3.787208,3.797841,-0.698779,-0.514907,0.008810,0.962546,-0.044029,0.062380,-0.260147
51.880000,-4.884754,3.782028,3.797928,-0.696826,-0.520962,0.008630,0.962586,-0.043979,0.062298,-0.260024
51.890000,-4.891713,3.776789,3.798014,-0.694871,-0.527009,0.008451,0.962627,-0.043926,0.062215,-0.259900
51.900000,-4.898652,3.771488,3.798097,-0.692913,-0.533048,0.008271,0.962669,-0.043871,0.062129,-0.259777
51.910000,-4.905571,3.766128,3.798179,-0.690952,-0.539078,0.008092,0.962710,-0.043813,0.062042,-0.259654
51.920000,-4.912471,3.760707,3.798259,-0.688989,-0.545100,0.007912,0.962752,-0.043754,0.061952,-0.259530
51.930000,-4.919351,3.755226,3.798337,-0.687022,-0.551112,0.007732,0.962794,-0.043691,0.061861,-0.259407
51.940000,-4.926211,3.749685,3.798414,-0.685053,-0.557116,0.007553,0.962836,-0.043626,0.061768,-0.259284
51.950000,-4.933052,3.744083,3.798488,-0.683081,-0.563111,0.007373,0.962879,-0.043559,0.061673,-0.259160
51.960000,-4.939873,3.738422,3.798561,-0.681107,-0.569097,0.007193,0.962921,-0.043489,0.061576,-0.259037
51.970000,-4.946674,3.732701,3.798632,-0.679129,-0.575074,0.007014,0.962964,-0.043417,0.061477,-0.258914
51.980000,-4.953455,3.726921,3.798702,-0.677149,-0.581042,0.006834,0.963007,-0.043343,0.061376,-0.258790
51.990000,-4.960217,3.721081,3.798769,-0.675167,-0.587000,0.006654,0.963050,-0.043266,0.061273,-0.258667
52.000000,-4.966959,3.715181,3.798835,-0.673181,-0.592949,0.006475,0.963093,-0.043186,0.061169,-0.258543
52.010000,-4.973681,3.709222,3.798899,-0.671193,-0.598889,0.006295,0.963137,-0.043104,0.061063,-0.258420
52.020000,-4.980383,3.703203,3.798961,-0.669202,-0.604819,0.006115,0.963181,-0.043020,0.060954,-0.258296
52.030000,-4.987065,3.697125,3.799021,-0.667209,-0.610739,0.005935,0.963225,-0.042933,0.060844,-0.258173
52.040000,-4.993727,3.690988,3.799079,-0.665213,-0.616650,0.005756,0.963269,-0.042844,0.060732,-0.258049
52.050000,-5.000369,3.684792,3.799136,-0.663214,-0.622550,0.005576,0.963313,-0.042752,0.060618,-0.257925
52.060000,-5.006991,3.678537,3.799191,-0.661212,-0.628441,0.005396,0.963358,-0.042658,0.060503,-0.257802
52.070000,-5.013593,3.672224,3.799244,-0.659208,-0.634321,0.005216,0.963402,-0.042562,0.060385,-0.257678
52.080000,-5.020175,3.665851,3.799295,-0.657201,-0.640192,0.005036,0.963447,-0.042463,0.060266,-0.257554
52.090000,-5.026737,3.659420,3.799345,-0.655192,-0.646052,0.004856,0.963492,-0.042362,0.060145,-0.257430
52.100000,-5.033279,3.652930,3.799392,-0.653180,-0.651902,0.004677,0.963538,-0.042259,0.060022,-0.257307
52.110000,-5.039801,3.646382,3.799438,-0.651165,-0.657742,0.004497,0.963583,-0.042153,0.059897,-0.257183
52.120000,-5.046302,3.639775,3.799482,-0.649148,-0.663570,0.004317,0.963629,-0.042044,0.059770,-0.257059
52.130000,-5.052784,3.633110,3.799524,-0.647128,-0.669389,0.004137,0.963675,-0.041934,0.059642,-0.256935
52.140000,-5.059245,3.626388,3.799565,-0.645106,-0.675196,0.003957,0.963721,-0.041821,0.059511,-0.256811
52.150000,-5.065686,3.619607,3.799604,-0.643081,-0.680993,0.003777,0.963767,-0.041705,0.059379,-0.256687
52.160000,-5.072107,3.612768,3.799640,-0.641053,-0.686779,0.003597,0.963813,-0.041588,0.059245,-0.256562
52.170000,-5.078507,3.605871,3.799676,-0.639023,-0.692554,0.003417,0.963860,-0.041468,0.059110,-0.256438
52.180000,-5.084887,3.598917,3.799709,-0.636991,-0.698318,0.003237,0.963907,-0.041345,0.058972,-0.256314
52.190000,-5.091247,3.591905,3.799740,-0.634955,-0.704071,0.003057,0.963954,-0.041220,0.058833,-0.256190
52.200000,-5.097586,3.584835,3.799770,-0.632918,-0.709812,0.002878,0.964001,-0.041093,0.058692,-0.256065
52.210000,-5.103905,3.577709,3.799798,-0.630877,-0.715542,0.002698,0.964048,-0.040964,0.058549,-0.255941
52.220000,-5.110204,3.570524,3.799824,-0.628834,-0.721261,0.002518,0.964095,-0.040832,0.058404,-0.255816
52.230000,-5.116482,3.563283,3.799848,-0.626789,-0.726968,0.002338,0.964143,-0.040698,0.058258,-0.255692
52.240000,-5.122739,3.555985,3.799871,-0.624741,-0.732663,0.002158,0.964191,-0.040562,0.058110,-0.255567
52.250000,-5.128977,3.548630,3.799891,-0.622691,-0.738347,0.001978,0.964239,-0.040423,0.057960,-0.255442
52.260000,-5.135193,3.541218,3.799910,-0.620638,-0.744019,0.001798,0.964287,-0.040282,0.057808,-0.255317
52.270000,-5.141389,3.533750,3.799927,-0.618583,-0.749679,0.001618,0.964335,-0.040139,0.057655,-0.255192
52.280000,-5.147565,3.526225,3.799943,-0.616525,-0.755327,0.001438,0.964383,-0.039993,0.057500,-0.255067
52.290000,-5.153720,3.518643,3.799956,-0.614465,-0.760962,0.001258,0.964432,-0.039846,0.057343,-0.254942
52.300000,-5.159854,3.511006,3.799968,-0.612402,-0.766586,0.001078,0.964480,-0.039696,0.057184,-0.254817
52.310000,-5.165968,3.503312,3.799978,-0.610337,-0.772198,0.000898,0.964529,-0.039543,0.057024,-0.254692
52.320000,-5.172061,3.495562,3.799986,-0.608269,-0.777797,0.000718,0.964578,-0.039389,0.056862,-0.254566
52.330000,-5.178133,3.487756,3.799992,-0.606199,-0.783383,0.000538,0.964627,-0.039232,0.056698,-0.254441
52.340000,-5.184185,3.479894,3.799996,-0.604127,-0.788958,0.000358,0.964677,-0.039073,0.056533,-0.254315
52.350000,-5.190216,3.471977,3.799999,-0.602052,-0.794519,0.000178,0.964726,-0.038912,0.056366,-0.254189
52.360000,-5.196226,3.464004,3.800000,-0.599975,-0.800068,-0.000002,0.964776,-0.038748,0.056197,-0.254064
52.370000,-5.202215,3.455975,3.799999,-0.597895,-0.805604,-0.000182,0.964825,-0.038583,0.056026,-0.253938
52.380000,-5.208184,3.447892,3.799996,-0.595813,-0.811127,-0.000362,0.964875,-0.038415,0.055854,-0.253812
52.390000,-5.214131,3.439753,3.799992,-0.593728,-0.816637,-0.000542,0.964925,-0.038245,0.055680,-0.253686
52.400000,-5.220058,3.431559,3.799986,-0.591641,-0.822134,-0.000722,0.964975,-0.038072,0.055505,-0.253559
52.410000,-5.225964,3.423310,3.799977,-0.589552,-0.827618,-0.000902,0.965026,-0.037898,0.055327,-0.253433
52.420000,-5.231849,3.415007,3.799967,-0.587461,-0.833089,-0.001082,0.965076,-0.037721,0.055149,-0.253306
52.430000,-5.237714,3.406648,3.799956,-0.585367,-0.838546,-0.001262,0.965126,-0.037543,0.054968,-0.253180
52.440000,-5.243557,3.398236,3.799942,-0.583271,-0.843990,-0.001442,0.965177,-0.037362,0.054786,-0.253053
52.450000,-5.249379,3.389769,3.799927,-0.581172,-0.849420,-0.001622,0.965228,-0.037179,0.054602,-0.252926
52.460000,-5.255180,3.381247,3.799910,-0.579071,-0.854837,-0.001802,0.965279,-0.036994,0.054417,-0.252799
52.470000,-5.260960,3.372672,3.799891,-0.576968,-0.860240,-0.001982,0.965330,-0.036806,0.054230,-0.252672
52.480000,-5.266719,3.364043,3.799870,-0.574862,-0.865630,-0.002162,0.965381,-0.036617,0.054041,-0.252545
52.490000,-5.272458,3.355359,3.799848,-0.572754,-0.871005,-0.002342,0.965432,-0.036425,0.053851,-0.252417
52.500000,-5.278175,3.346623,3.799823,-0.570644,-0.876367,-0.002522,0.965483,-0.036232,0.053660,-0.252290
52.510000,-5.283870,3.337832,3.799797,-0.568532,-0.881714,-0.002702,0.965535,-0.036036,0.053466,-0.252162
52.520000,-5.289545,3.328988,3.799769,-0.566417,-0.887048,-0.002882,0.965586,-0.035838,0.053271,-0.252034
52.530000,-5.295199,3.320091,3.799740,-0.564300,-0.892367,-0.003062,0.965638,-0.035639,0.053075,-0.251906
52.540000,-5.300831,3.311141,3.799708,-0.562181,-0.897672,-0.003242,0.965690,-0.035437,0.052877,-0.251778
52.550000,-5.306442,3.302138,3.799675,-0.560060,-0.902963,-0.003422,0.965741,-0.035233,0.052677,-0.251649
52.560000,-5.312032,3.293082,3.799640,-0.557936,-0.908239,-0.003602,0.965793,-0.035027,0.052476,-0.251521
52.570000,-5.317601,3.283973,3.799603,-0.555810,-0.913501,-0.003782,0.965845,-0.034819,0.052273,-0.251392
52.580000,-5.323149,3.274812,3.799564,-0.553682,-0.918748,-0.003961,0.965897,-0.034609,0.052069,-0.251263
52.590000,-5.328675,3.265598,3.799523,-0.551551,-0.923980,-0.004141,0.965950,-0.034397,0.051863,-0.251134
52.600000,-5.334180,3.256332,3.799481,-0.549419,-0.929197,-0.004321,0.966002,-0.034183,0.051656,-0.251005
52.610000,-5.339663,3.247014,3.799437,-0.547284,-0.934400,-0.004501,0.966054,-0.033967,0.051447,-0.250876
52.620000,-5.345125,3.237644,3.799391,-0.545147,-0.939588,-0.004681,0.966107,-0.033749,0.051236,-0.250746
52.630000,-5.350566,3.228223,3.799343,-0.543008,-0.944761,-0.004861,0.966159,-0.033529,0.051024,-0.250616
52.640000,-5.355985,3.218749,3.799294,-0.540867,-0.949918,-0.005041,0.966212,-0.033308,0.050811,-0.250486
52.650000,-5.361383,3.209224,3.799243,-0.538723,-0.955061,-0.005221,0.966265,-0.033084,0.050596,-0.250356
52.660000,-5.366760,3.199648,3.799189,-0.536578,-0.960188,-0.005400,0.966317,-0.032858,0.050380,-0.250226
52.670000,-5.372115,3.190021,3.799135,-0.534430,-0.965299,-0.005580,0.966370,-0.032631,0.050162,-0.250095
52.680000,-5.377448,3.180342,3.799078,-0.532280,-0.970396,-0.005760,0.966423,-0.032401,0.049943,-0.249965
52.690000,-5.382761,3.170613,3.799019,-0.530128,-0.975477,-0.005940,0.966476,-0.032170,0.049722,-0.249834
52.700000,-5.388051,3.160833,3.798959,-0.527974,-0.980542,-0.006120,0.966529,-0.031936,0.049500,-0.249702
52.710000,-5.393320,3.151002,3.798897,-0.525817,-0.985591,-0.006299,0.966582,-0.031701,0.049276,-0.249571
52.720000,-5.398567,3.141121,3.798833,-0.523659,-0.990625,-0.006479,0.966635,-0.031464,0.049051,-0.249439
52.730000,-5.403793,3.131189,3.798767,-0.521499,-0.995643,-0.006659,0.966689,-0.031226,0.048825,-0.249308
52.740000,-5.408997,3.121208,3.798700,-0.519336,-1.000645,-0.006838,0.966742,-0.030985,0.048597,-0.249176
52.750000,-5.414180,3.111177,3.798631,-0.517171,-1.005631,-0.007018,0.966795,-0.030742,0.048368,-0.249043
52.760000,-5.419341,3.101095,3.798560,-0.515005,-1.010600,-0.007198,0.966848,-0.030498,0.048137,-0.248911
52.770000,-5.424480,3.090965,3.798487,-0.512836,-1.015554,-0.007378,0.966902,-0.030252,0.047905,-0.248778
52.780000,-5.429597,3.080784,3.798412,-0.510665,-1.020491,-0.007557,0.966955,-0.030004,0.047672,-0.248645
52.790000,-5.434693,3.070555,3.798336,-0.508492,-1.025413,-0.007737,0.967009,-0.029755,0.047437,-0.248512
52.800000,-5.439767,3.060276,3.798257,-0.506317,-1.030317,-0.007916,0.967062,-0.029503,0.047201,-0.248379
52.810000,-5.444820,3.049949,3.798177,-0.504140,-1.035205,-0.008096,0.967116,-0.029250,0.046963,-0.248245
52.820000,-5.449850,3.039572,3.798095,-0.501962,-1.040077,-0.008276,0.967170,-0.028995,0.046725,-0.248111
52.830000,-5.454859,3.029147,3.798012,-0.499781,-1.044932,-0.008455,0.967223,-0.028739,0.046484,-0.247977
52.840000,-5.459846,3.018674,3.797926,-0.497598,-1.049770,-0.008635,0.967277,-0.028480,0.046243,-0.247843
52.850000,-5.464811,3.008152,3.797839,-0.495413,-1.054592,-0.008814,0.967330,-0.028220,0.046000,-0.247708
52.860000,-5.469754,2.997582,3.797750,-0.493226,-1.059396,-0.008994,0.967384,-0.027959,0.045756,-0.247573
52.870000,-5.474675,2.986964,3.797659,-0.491037,-1.064184,-0.009173,0.967438,-0.027695,0.045510,-0.247438
52.880000,-5.479575,2.976298,3.797566,-0.488846,-1.068955,-0.009353,0.967492,-0.027430,0.045264,-0.247303
52.890000,-5.484452,2.965585,3.797472,-0.486653,-1.073708,-0.009532,0.967545,-0.027164,0.045016,-0.247167
52.900000,-5.489308,2.954824,3.797376,-0.484458,-1.078444,-0.009712,0.967599,-0.026896,0.044766,-0.247031
52.910000,-5.494141,2.944016,3.797278,-0.482262,-1.083163,-0.009891,0.967653,-0.026626,0.044516,-0.246895
52.920000,-5.498953,2.933161,3.797178,-0.480063,-1.087865,-0.010070,0.967707,-0.026354,0.044264,-0.246758
52.930000,-5.503743,2.922259,3.797076,-0.477863,-1.092550,-0.010250,0.967761,-0.026081,0.044011,-0.246622
52.940000,-5.508510,2.911310,3.796973,-0.475660,-1.097216,-0.010429,0.967814,-0.025807,0.043757,-0.246484
52.950000,-5.513256,2.900315,3.796868,-0.473456,-1.101866,-0.010608,0.967868,-0.025531,0.043501,-0.246347
52.960000,-5.517979,2.889273,3.796761,-0.471250,-1.106497,-0.010788,0.967922,-0.025253,0.043244,-0.246210
52.970000,-5.522681,2.878185,3.796652,-0.469041,-1.111111,-0.010967,0.967976,-0.024974,0.042986,-0.246072
52.980000,-5.527360,2.867051,3.796542,-0.466831,-1.115708,-0.011146,0.968030,-0.024693,0.042727,-0.245933
52.990000,-5.532017,2.855871,3.796429,-0.464620,-1.120286,-0.011325,0.968083,-0.024411,0.042467,-0.245795
53.000000,-5.536653,2.844645,3.796315,-0.462406,-1.124846,-0.011505,0.968137,-0.024127,0.042205,-0.245656
53.010000,-5.541266,2.833374,3.796199,-0.460190,-1.129389,-0.011684,0.968191,-0.023842,0.041942,-0.245517
53.020000,-5.545856,2.822057,3.796081,-0.457973,-1.133913,-0.011863,0.968245,-0.023555,0.041679,-0.245377
53.030000,-5.550425,2.810695,3.795962,-0.455754,-1.138419,-0.012042,0.968299,-0.023267,0.041414,-0.245238
53.040000,-5.554971,2.799289,3.795841,-0.453532,-1.142907,-0.012221,0.968352,-0.022977,0.041147,-0.245098
53.050000,-5.559496,2.787837,3.795717,-0.451310,-1.147377,-0.012400,0.968406,-0.022686,0.040880,-0.244957
53.060000,-5.563998,2.776341,3.795593,-0.449085,-1.151828,-0.012579,0.968460,-0.022394,0.040612,-0.244817
53.070000,-5.568477,2.764801,3.795466,-0.446858,-1.156261,-0.012758,0.968513,-0.022100,0.040342,-0.244676
53.080000,-5.572935,2.753216,3.795337,-0.444630,-1.160676,-0.012937,0.968567,-0.021805,0.040071,-0.244534
53.090000,-5.577370,2.741587,3.795207,-0.442400,-1.165072,-0.013116,0.968620,-0.021509,0.039800,-0.244393
53.100000,-5.581783,2.729915,3.795075,-0.440168,-1.169449,-0.013295,0.968674,-0.021211,0.039527,-0.244251
53.110000,-5.586173,2.718199,3.794941,-0.437935,-1.173807,-0.013474,0.968728,-0.020912,0.039253,-0.244108
53.120000,-5.590541,2.706439,3.794806,-0.435699,-1.178147,-0.013653,0.968781,-0.020612,0.038978,-0.243966
53.130000,-5.594887,2.694636,3.794668,-0.433462,-1.182468,-0.013831,0.968834,-0.020310,0.038702,-0.243823
53.140000,-5.599211,2.682789,3.794529,-0.431223,-1.186770,-0.014010,0.968888,-0.020007,0.038424,-0.243679
53.150000,-5.603512,2.670900,3.794388,-0.428983,-1.191053,-0.014189,0.968941,-0.019703,0.038146,-0.243535
53.160000,-5.607790,2.658968,3.794245,-0.426741,-1.195317,-0.014368,0.968995,-0.019397,0.037867,-0.243391
53.170000,-5.612046,2.646994,3.794101,-0.424497,-1.199561,-0.014546,0.969048,-0.019091,0.037587,-0.243247
53.180000,-5.616280,2.634977,3.793954,-0.422251,-1.203787,-0.014725,0.969101,-0.018783,0.037306,-0.243102
53.190000,-5.620492,2.622918,3.793806,-0.420004,-1.207993,-0.014904,0.969154,-0.018473,0.037023,-0.242957
53.200000,-5.624680,2.610818,3.793656,-0.417755,-1.212180,-0.015082,0.969207,-0.018163,0.036740,-0.242812
53.210000,-5.628847,2.598675,3.793504,-0.415504,-1.216348,-0.015261,0.969260,-0.017852,0.036456,-0.242666
53.220000,-5.632990,2.586491,3.793351,-0.413251,-1.220496,-0.015439,0.969313,-0.017539,0.036171,-0.242520
53.230000,-5.637112,2.574265,3.793196,-0.410997,-1.224625,-0.015618,0.969366,-0.017225,0.035885,-0.242373
53.240000,-5.641210,2.561998,3.793039,-0.408742,-1.228734,-0.015796,0.969419,-0.016910,0.035598,-0.242226
53.250000,-5.645286,2.549690,3.792880,-0.406484,-1.232823,-0.015975,0.969472,-0.016594,0.035309,-0.242079
53.260000,-5.649340,2.537342,3.792719,-0.404226,-1.236893,-0.016153,0.969525,-0.016277,0.035021,-0.241931
53.270000,-5.653371,2.524953,3.792557,-0.401965,-1.240943,-0.016331,0.969577,-0.015959,0.034731,-0.241783
53.280000,-5.657379,2.512523,3.792392,-0.399703,-1.244972,-0.016510,0.969630,-0.015640,0.034440,-0.241635
53.290000,-5.661365,2.500053,3.792226,-0.397439,-1.248983,-0.016688,0.969682,-0.015320,0.034148,-0.241486
53.300000,-5.665328,2.487543,3.792059,-0.395174,-1.252973,-0.016866,0.969735,-0.014999,0.033856,-0.241337
53.310000,-5.669268,2.474994,3.791889,-0.392907,-1.256943,-0.017044,0.969787,-0.014676,0.033562,-0.241187
53.320000,-5.673186,2.462405,3.791718,-0.390638,-1.260893,-0.017223,0.969839,-0.014353,0.033268,-0.241037
53.330000,-5.677081,2.449776,3.791545,-0.388368,-1.264822,-0.017401,0.969892,-0.014029,0.032973,-0.240887
53.340000,-5.680954,2.437108,3.791370,-0.386097,-1.268732,-0.017579,0.969944,-0.013704,0.032677,-0.240736
53.350000,-5.684803,2.424401,3.791193,-0.383824,-1.272621,-0.017757,0.969996,-0.013378,0.032380,-0.240585
53.360000,-5.688630,2.411656,3.791015,-0.381549,-1.276490,-0.017935,0.970048,-0.013051,0.032082,-0.240433
53.370000,-5.692434,2.398872,3.790834,-0.379273,-1.280338,-0.018113,0.970099,-0.012723,0.031783,-0.240281
53.380000,-5.696215,2.386049,3.790652,-0.376995,-1.284166,-0.018291,0.970151,-0.012394,0.031484,-0.240129
53.390000,-5.699974,2.373188,3.790469,-0.374716,-1.287974,-0.018469,0.970203,-0.012064,0.031184,-0.239976
53.400000,-5.703710,2.360290,3.790283,-0.372435,-1.291760,-0.018646,0.970254,-0.011734,0.030883,-0.239823
53.410000,-5.707423,2.347353,3.790096,-0.370153,-1.295527,-0.018824,0.970306,-0.011402,0.030581,-0.239669
53.420000,-5.711113,2.334379,3.789907,-0.367869,-1.299272,-0.019002,0.970357,-0.011070,0.030279,-0.239515
53.430000,-5.714780,2.321368,3.789716,-0.365584,-1.302997,-0.019180,0.970408,-0.010737,0.029976,-0.239361
53.440000,-5.718425,2.308319,3.789523,-0.363297,-1.306700,-0.019357,0.970460,-0.010403,0.029672,-0.239206
53.450000,-5.722046,2.295234,3.789329,-0.361009,-1.310383,-0.019535,0.970511,-0.010069,0.029367,-0.239051
53.460000,-5.725645,2.282112,3.789132,-0.358720,-1.314045,-0.019712,0.970562,-0.009734,0.029062,-0.238895
53.470000,-5.729220,2.268953,3.788934,-0.356429,-1.317686,-0.019890,0.970612,-0.009398,0.028756,-0.238739
53.480000,-5.732773,2.255758,3.788734,-0.354136,-1.321306,-0.020067,0.970663,-0.009061,0.028449,-0.238582
53.490000,-5.736303,2.242527,3.788533,-0.351842,-1.324904,-0.020245,0.970714,-0.008723,0.028141,-0.238425
53.500000,-5.739810,2.229260,3.788330,-0.349547,-1.328482,-0.020422,0.970764,-0.008385,0.027833,-0.238268
53.510000,-5.743294,2.215958,3.788124,-0.347251,-1.332038,-0.020600,0.970815,-0.008047,0.027524,-0.238110
53.520000,-5.746755,2.202620,3.787918,-0.344953,-1.335573,-0.020777,0.970865,-0.007707,0.027215,-0.237952
53.530000,-5.750193,2.189246,3.787709,-0.342653,-1.339086,-0.020954,0.970915,-0.007367,0.026904,-0.237793
53.540000,-5.753608,2.175838,3.787498,-0.340352,-1.342578,-0.021131,0.970965,-0.007026,0.026594,-0.237634
53.550000,-5.757000,2.162395,3.787286,-0.338050,-1.346049,-0.021309,0.971015,-0.006685,0.026282,-0.237474
53.560000,-5.760369,2.148917,3.787072,-0.335747,-1.349498,-0.021486,0.971065,-0.006343,0.025970,-0.237314
53.570000,-5.763715,2.135405,3.786857,-0.333442,-1.352925,-0.021663,0.971115,-0.006001,0.025658,-0.237154
53.580000,-5.767038,2.121859,3.786639,-0.331136,-1.356331,-0.021840,0.971164,-0.005658,0.025344,-0.236993
53.590000,-5.770338,2.108278,3.786420,-0.328828,-1.359715,-0.022017,0.971214,-0.005315,0.025030,-0.236831
53.600000,-5.773615,2.094664,3.786199,-0.326520,-1.363078,-0.022194,0.971263,-0.004971,0.024716,-0.236670
53.610000,-5.776868,2.081017,3.785976,-0.324209,-1.366418,-0.022371,0.971312,-0.004626,0.024401,-0.236507
53.620000,-5.780099,2.067336,3.785751,-0.321898,-1.369737,-0.022547,0.971361,-0.004281,0.024086,-0.236345
53.630000,-5.783306,2.053622,3.785525,-0.319585,-1.373034,-0.022724,0.971410,-0.003936,0.023769,-0.236181
53.640000,-5.786490,2.039875,3.785297,-0.317271,-1.376309,-0.022901,0.971459,-0.003590,0.023453,-0.236018
53.650000,-5.789652,2.026096,3.785067,-0.314956,-1.379561,-0.023078,0.971508,-0.003244,0.023136,-0.235854
53.660000,-5.792790,2.012284,3.784835,-0.312640,-1.382792,-0.023254,0.971556,-0.002897,0.022818,-0.235689
53.670000,-5.795904,1.998440,3.784602,-0.310322,-1.386001,-0.023431,0.971605,-0.002550,0.022500,-0.235524
53.680000,-5.798996,1.984564,3.784367,-0.308003,-1.389187,-0.023607,0.971653,-0.002203,0.022181,-0.235359
53.690000,-5.802064,1.970657,3.784130,-0.305683,-1.392351,-0.023784,0.971701,-0.001855,0.021862,-0.235193
53.700000,-5.805110,1.956717,3.783891,-0.303361,-1.395493,-0.023960,0.971749,-0.001507,0.021543,-0.235026
53.710000,-5.808132,1.942747,3.783651,-0.301039,-1.398613,-0.024136,0.971797,-0.001159,0.021223,-0.234859
53.720000,-5.811130,1.928745,3.783408,-0.298715,-1.401710,-0.024313,0.971845,-0.000811,0.020902,-0.234692
53.730000,-5.814106,1.914713,3.783164,-0.296390,-1.404785,-0.024489,0.971892,-0.000462,0.020581,-0.234524
53.740000,-5.817058,1.900650,3.782918,-0.294064,-1.407837,-0.024665,0.971940,-0.000113,0.020260,-0.234356
53.750000,-5.819987,1.886556,3.782671,-0.291736,-1.410867,-0.024841,0.971987,0.000237,0.019938,-0.234187
53.760000,-5.822893,1.872432,3.782422,-0.289408,-1.413874,-0.025017,0.972034,0.000586,0.019616,-0.234018
53.770000,-5.825775,1.858279,3.782171,-0.287078,-1.416859,-0.025193,0.972081,0.000936,0.019294,-0.233848
53.780000,-5.828634,1.844095,3.781918,-0.284747,-1.419820,-0.025369,0.972128,0.001286,0.018971,-0.233678
53.790000,-5.831470,1.829882,3.781663,-0.282415,-1.422760,-0.025545,0.972175,0.001636,0.018648,-0.233507
53.800000,-5.834283,1.815640,3.781407,-0.280082,-1.425676,-0.025721,0.972221,0.001986,0.018324,-0.233336
53.810000,-5.837072,1.801369,3.781149,-0.277747,-1.428570,-0.025897,0.972268,0.002337,0.018000,-0.233165
53.820000,-5.839838,1.787069,3.780889,-0.275412,-1.431440,-0.026073,0.972314,0.002687,0.017676,-0.232993
53.830000,-5.842580,1.772740,3.780627,-0.273076,-1.434288,-0.026248,0.972360,0.003038,0.017351,-0.232820
53.840000,-5.845299,1.758383,3.780364,-0.270738,-1.437113,-0.026424,0.972406,0.003388,0.017026,-0.232647
53.850000,-5.847995,1.743998,3.780099,-0.268399,-1.439915,-0.026599,0.972452,0.003739,0.016701,-0.232473
53.860000,-5.850667,1.729585,3.779832,-0.266060,-1.442694,-0.026775,0.972498,0.004090,0.016376,-0.232299
53.870000,-5.853316,1.715144,3.779563,-0.263719,-1.445450,-0.026950,0.972543,0.004440,0.016050,-0.232125
53.880000,-5.855942,1.700676,3.779293,-0.261377,-1.448182,-0.027126,0.972589,0.004791,0.015724,-0.231950
53.890000,-5.858544,1.686181,3.779021,-0.259034,-1.450892,-0.027301,0.972634,0.005142,0.015397,-0.231775
53.900000,-5.861122,1.671658,3.778747,-0.256690,-1.453578,-0.027476,0.972679,0.005493,0.015071,-0.231599
53.910000,-5.863677,1.657109,3.778471,-0.254345,-1.456241,-0.027651,0.972724,0.005843,0.014744,-0.231422
53.920000,-5.866209,1.642533,3.778194,-0.251999,-1.458881,-0.027827,0.972769,0.006194,0.014417,-0.231245
53.930000,-5.868717,1.627932,3.777915,-0.249652,-1.461497,-0.028002,0.972814,0.006544,0.014090,-0.231068
53.940000,-5.871202,1.613304,3.777634,-0.247304,-1.464090,-0.028177,0.972858,0.006894,0.013762,-0.230890
53.950000,-5.873664,1.598650,3.777351,-0.244955,-1.466660,-0.028352,0.972902,0.007245,0.013435,-0.230712
53.960000,-5.876101,1.583970,3.777067,-0.242605,-1.469206,-0.028526,0.972947,0.007595,0.013107,-0.230533
53.970000,-5.878516,1.569266,3.776781,-0.240254,-1.471729,-0.028701,0.972991,0.007944,0.012779,-0.230354
53.980000,-5.880906,1.554536,3.776493,-0.237903,-1.474228,-0.028876,0.973035,0.008294,0.012451,-0.230174
53.990000,-5.883274,1.539781,3.776203,-0.235550,-1.476703,-0.029051,0.973078,0.008644,0.012122,-0.229993
54.000000,-5.885617,1.525002,3.775912,-0.233196,-1.479155,-0.029225,0.973122,0.008993,0.011794,-0.229813
54.010000,-5.887938,1.510198,3.775619,-0.230841,-1.481583,-0.029400,0.973165,0.009342,0.011465,-0.229631
54.020000,-5.890234,1.495370,3.775324,-0.228486,-1.483987,-0.029574,0.973209,0.009691,0.011137,-0.229450
54.030000,-5.892507,1.480519,3.775027,-0.226129,-1.486368,-0.029749,0.973252,0.010039,0.010808,-0.229267
54.040000,-5.894757,1.465643,3.774729,-0.223772,-1.488725,-0.029923,0.973295,0.010387,0.010479,-0.229085
54.050000,-5.896983,1.450744,3.774429,-0.221413,-1.491058,-0.030097,0.973337,0.010735,0.010150,-0.228901
54.060000,-5.899185,1.435822,3.774127,-0.219054,-1.493367,-0.030272,0.973380,0.011082,0.009821,-0.228718
54.070000,-5.901364,1.420877,3.773823,-0.216694,-1.495653,-0.030446,0.973423,0.011430,0.009492,-0.228534
54.080000,-5.903519,1.405909,3.773518,-0.214333,-1.497914,-0.030620,0.973465,0.011776,0.009163,-0.228349
54.090000,-5.905650,1.390919,3.773211,-0.211971,-1.500152,-0.030794,0.973507,0.012123,0.008834,-0.228164
54.100000,-5.907758,1.375906,3.772902,-0.209608,-1.502365,-0.030968,0.973549,0.012469,0.008504,-0.227978
54.110000,-5.909843,1.360871,3.772592,-0.207245,-1.504555,-0.031142,0.973591,0.012814,0.008175,-0.227792
54.120000,-5.911903,1.345815,3.772279,-0.204880,-1.506720,-0.031315,0.973633,0.013160,0.007846,-0.227605
54.130000,-5.913940,1.330737,3.771965,-0.202515,-1.508861,-0.031489,0.973675,0.013504,0.007516,-0.227418
54.140000,-5.915954,1.315638,3.771650,-0.200149,-1.510978,-0.031663,0.973716,0.013848,0.007187,-0.227231
54.150000,-5.917943,1.300518,3.771332,-0.197783,-1.513071,-0.031836,0.973757,0.014192,0.006858,-0.227042
54.160000,-5.919909,1.285377,3.771013,-0.195415,-1.515140,-0.032010,0.973798,0.014535,0.006529,-0.226854
54.170000,-5.921851,1.270215,3.770692,-0.193047,-1.517184,-0.032183,0.973839,0.014878,0.006200,-0.226665
54.180000,-5.923770,1.255033,3.770369,-0.190678,-1.519205,-0.032357,0.973880,0.015220,0.005870,-0.226475
54.190000,-5.925665,1.239831,3.770045,-0.188308,-1.521201,-0.032530,0.973921,0.015561,0.005541,-0.226285
54.200000,-5.927536,1.224609,3.769719,-0.185937,-1.523172,-0.032703,0.973962,0.015902,0.005212,-0.226095
54.210000,-5.929384,1.209368,3.769391,-0.183566,-1.525119,-0.032876,0.974002,0.016243,0.004884,-0.225904
54.220000,-5.931208,1.194107,3.769061,-0.181193,-1.527042,-0.033049,0.974042,0.016582,0.004555,-0.225712
54.230000,-5.933008,1.178827,3.768730,-0.178821,-1.528940,-0.033222,0.974082,0.016921,0.004226,-0.225520
54.240000,-5.934784,1.163528,3.768397,-0.176447,-1.530814,-0.033395,0.974122,0.017260,0.003898,-0.225328
54.250000,-5.936537,1.148211,3.768062,-0.174073,-1.532664,-0.033568,0.974162,0.017598,0.003569,-0.225135
54.260000,-5.938265,1.132875,3.767725,-0.171698,-1.534489,-0.033741,0.974202,0.017935,0.003241,-0.224942
54.270000,-5.939971,1.117521,3.767387,-0.169322,-1.536289,-0.033914,0.974241,0.018271,0.002913,-0.224748
54.280000,-5.941652,1.102149,3.767047,-0.166946,-1.538065,-0.034086,0.974281,0.018607,0.002585,-0.224553
54.290000,-5.943309,1.086760,3.766705,-0.164569,-1.539816,-0.034259,0.974320,0.018941,0.002257,-0.224359
54.300000,-5.944943,1.071353,3.766362,-0.162191,-1.541542,-0.034431,0.974359,0.019275,0.001929,-0.224163
54.310000,-5.946553,1.055929,3.766017,-0.159813,-1.543244,-0.034604,0.974398,0.019609,0.001602,-0.223967
54.320000,-5.948140,1.040488,3.765670,-0.157434,-1.544921,-0.034776,0.974437,0.019941,0.001274,-0.223771
54.330000,-5.949702,1.025031,3.765321,-0.155054,-1.546574,-0.034948,0.974476,0.020273,0.000947,-0.223574
54.340000,-5.951241,1.009557,3.764971,-0.152674,-1.548201,-0.035120,0.974514,0.020604,0.000621,-0.223377
54.350000,-5.952755,0.994067,3.764619,-0.150293,-1.549804,-0.035293,0.974552,0.020934,0.000294,-0.223180
54.360000,-5.954246,0.978561,3.764265,-0.147912,-1.551382,-0.035465,0.974591,0.021263,-0.000032,-0.222981
54.370000,-5.955714,0.963039,3.763909,-0.145530,-1.552936,-0.035636,0.974629,0.021591,-0.000358,-0.222783
54.380000,-5.957157,0.947502,3.763552,-0.143147,-1.554464,-0.035808,0.974667,0.021918,-0.000684,-0.222584
54.390000,-5.958577,0.931950,3.763193,-0.140764,-1.555968,-0.035980,0.974705,0.022245,-0.001010,-0.222384
54.400000,-5.959972,0.916383,3.762833,-0.138381,-1.557446,-0.036152,0.974743,0.022570,-0.001335,-0.222184
54.410000,-5.961344,0.900801,3.762470,-0.135996,-1.558900,-0.036323,0.974780,0.022895,-0.001660,-0.221984
54.420000,-5.962692,0.885205,3.762106,-0.133612,-1.560329,-0.036495,0.974818,0.023218,-0.001985,-0.221783
54.430000,-5.964016,0.869595,3.761740,-0.131226,-1.561733,-0.036666,0.974855,0.023541,-0.002309,-0.221582
54.440000,-5.965317,0.853970,3.761373,-0.128840,-1.563111,-0.036838,0.974892,0.023862,-0.002633,-0.221380
54.450000,-5.966593,0.838332,3.761003,-0.126454,-1.564465,-0.037009,0.974929,0.024183,-0.002957,-0.221177
54.460000,-5.967846,0.822681,3.760633,-0.124067,-1.565794,-0.037180,0.974966,0.024502,-0.003280,-0.220975
54.470000,-5.969075,0.807017,3.760260,-0.121680,-1.567098,-0.037351,0.975003,0.024820,-0.003604,-0.220771
54.480000,-5.970279,0.791339,3.759886,-0.119292,-1.568377,-0.037522,0.975040,0.025138,-0.003926,-0.220568
54.490000,-5.971460,0.775649,3.759509,-0.116903,-1.569630,-0.037693,0.975076,0.025454,-0.004249,-0.220364
54.500000,-5.972618,0.759947,3.759132,-0.114515,-1.570859,-0.037864,0.975113,0.025769,-0.004570,-0.220159
54.510000,-5.973751,0.744232,3.758752,-0.112125,-1.572062,-0.038035,0.975149,0.026083,-0.004892,-0.219954
54.520000,-5.974860,0.728506,3.758371,-0.109736,-1.573240,-0.038205,0.975185,0.026396,-0.005213,-0.219749
54.530000,-5.975945,0.712767,3.757988,-0.107345,-1.574393,-0.038376,0.975222,0.026707,-0.005534,-0.219543
54.540000,-5.977007,0.697018,3.757603,-0.104955,-1.575521,-0.038547,0.975258,0.027018,-0.005854,-0.219337
54.550000,-5.978045,0.681257,3.757217,-0.102564,-1.576624,-0.038717,0.975293,0.027327,-0.006174,-0.219130
54.560000,-5.979058,0.665485,3.756829,-0.100172,-1.577701,-0.038887,0.975329,0.027635,-0.006493,-0.218923
54.570000,-5.980048,0.649703,3.756439,-0.097781,-1.578753,-0.039057,0.975365,0.027942,-0.006812,-0.218715
54.580000,-5.981014,0.633910,3.756048,-0.095388,-1.579780,-0.039228,0.975400,0.028248,-0.007131,-0.218507
54.590000,-5.981956,0.618108,3.755655,-0.092996,-1.580782,-0.039398,0.975436,0.028552,-0.007449,-0.218298
54.600000,-5.982874,0.602295,3.755260,-0.090603,-1.581758,-0.039568,0.975471,0.028855,-0.007767,-0.218089
54.610000,-5.983768,0.586472,3.754863,-0.088210,-1.582709,-0.039738,0.975506,0.029157,-0.008084,-0.217880
54.620000,-5.984638,0.570641,3.754465,-0.085816,-1.583635,-0.039907,0.975542,0.029457,-0.008400,-0.217670
54.630000,-5.985484,0.554800,3.754065,-0.083422,-1.584535,-0.040077,0.975577,0.029757,-0.008716,-0.217460
54.640000,-5.986306,0.538950,3.753664,-0.081027,-1.585410,-0.040247,0.975612,0.030054,-0.009032,-0.217249
54.650000,-5.987105,0.523092,3.753260,-0.078633,-1.586260,-0.040416,0.975646,0.030351,-0.009347,-0.217038
54.660000,-5.987879,0.507225,3.752855,-0.076238,-1.587084,-0.040586,0.975681,0.030646,-0.009662,-0.216827
54.670000,-5.988629,0.491350,3.752449,-0.073842,-1.587883,-0.040755,0.975716,0.030940,-0.009976,-0.216615
54.680000,-5.989356,0.475467,3.752040,-0.071447,-1.588656,-0.040924,0.975750,0.031232,-0.010289,-0.216403
54.690000,-5.990058,0.459577,3.751630,-0.069051,-1.589404,-0.041093,0.975785,0.031523,-0.010602,-0.216190
54.700000,-5.990737,0.443679,3.751218,-0.066655,-1.590127,-0.041263,0.975819,0.031812,-0.010914,-0.215977
54.710000,-5.991391,0.427775,3.750805,-0.064258,-1.590824,-0.041431,0.975853,0.032100,-0.011226,-0.215763
54.720000,-5.992022,0.411863,3.750390,-0.061862,-1.591496,-0.041600,0.975887,0.032387,-0.011537,-0.215550
54.730000,-5.992629,0.395945,3.749973,-0.059465,-1.592142,-0.041769,0.975922,0.032672,-0.011848,-0.215335
54.740000,-5.993211,0.380020,3.749554,-0.057068,-1.592763,-0.041938,0.975956,0.032955,-0.012158,-0.215121
54.750000,-5.993770,0.364090,3.749134,-0.054670,-1.593358,-0.042106,0.975990,0.033237,-0.012467,-0.214905
54.760000,-5.994305,0.348153,3.748712,-0.052273,-1.593928,-0.042275,0.976023,0.033518,-0.012776,-0.214690
54.770000,-5.994815,0.332211,3.748289,-0.049875,-1.594472,-0.042443,0.976057,0.033797,-0.013084,-0.214474
54.780000,-5.995302,0.316264,3.747863,-0.047477,-1.594991,-0.042612,0.976091,0.034074,-0.013391,-0.214258
54.790000,-5.995765,0.300311,3.747436,-0.045079,-1.595484,-0.042780,0.976124,0.034350,-0.013698,-0.214041
54.800000,-5.996204,0.284354,3.747008,-0.042680,-1.595952,-0.042948,0.976158,0.034624,-0.014004,-0.213824
54.810000,-5.996619,0.268393,3.746577,-0.040282,-1.596394,-0.043116,0.976191,0.034897,-0.014309,-0.213606
54.820000,-5.997009,0.252426,3.746145,-0.037883,-1.596811,-0.043284,0.976225,0.035168,-0.014614,-0.213389
54.830000,-5.997376,0.236456,3.745712,-0.035484,-1.597202,-0.043452,0.976258,0.035437,-0.014918,-0.213170
54.840000,-5.997719,0.220482,3.745276,-0.033085,-1.597568,-0.043620,0.976291,0.035705,-0.015222,-0.212952
54.850000,-5.998038,0.204505,3.744839,-0.030686,-1.597908,-0.043787,0.976325,0.035971,-0.015524,-0.212733
54.860000,-5.998333,0.188524,3.744401,-0.028287,-1.598222,-0.043955,0.976358,0.036235,-0.015826,-0.212514
54.870000,-5.998604,0.172541,3.743960,-0.025887,-1.598511,-0.044122,0.976391,0.036498,-0.016128,-0.212294
54.880000,-5.998851,0.156554,3.743518,-0.023488,-1.598774,-0.044290,0.976424,0.036759,-0.016428,-0.212074
54.890000,-5.999073,0.140565,3.743075,-0.021088,-1.599012,-0.044457,0.976457,0.037018,-0.016728,-0.211854
54.900000,-5.999272,0.124574,3.742629,-0.018688,-1.599224,-0.044624,0.976490,0.037276,-0.017027,-0.211633
54.910000,-5.999447,0.108581,3.742182,-0.016289,-1.599410,-0.044791,0.976523,0.037532,-0.017325,-0.211412
54.920000,-5.999598,0.092586,3.741733,-0.013889,-1.599571,-0.044958,0.976555,0.037786,-0.017623,-0.211190
54.930000,-5.999725,0.076590,3.741283,-0.011489,-1.599707,-0.045125,0.976588,0.038038,-0.017919,-0.210968
54.940000,-5.999828,0.060592,3.740831,-0.009089,-1.599816,-0.045291,0.976621,0.038289,-0.018215,-0.210746
54.950000,-5.999907,0.044593,3.740377,-0.006689,-1.599901,-0.045458,0.976653,0.038537,-0.018511,-0.210524
54.960000,-5.999962,0.028594,3.739922,-0.004289,-1.599959,-0.045625,0.976686,0.038784,-0.018805,-0.210301
54.970000,-5.999993,0.012594,3.739465,-0.001889,-1.599992,-0.045791,0.976719,0.039029,-0.019099,-0.210078
54.980000,-5.999999,-0.003406,3.739006,0.000511,-1.599999,-0.045957,0.976751,0.039272,-0.019391,-0.209854
54.990000,-5.999982,-0.019406,3.738545,0.002911,-1.599981,-0.046124,0.976784,0.039514,-0.019683,-0.209630
55.000000,-5.999941,-0.035405,3.738083,0.005311,-1.599937,-0.046290,0.976816,0.039753,-0.019975,-0.209406
55.010000,-5.999876,-0.051404,3.737620,0.007711,-1.599868,-0.046456,0.976849,0.039991,-0.020265,-0.209182
55.020000,-5.999787,-0.067403,3.737154,0.010111,-1.599773,-0.046622,0.976881,0.040227,-0.020554,-0.208957
55.030000,-5.999674,-0.083400,3.736687,0.012511,-1.599652,-0.046787,0.976913,0.040460,-0.020843,-0.208732
55.040000,-5.999537,-0.099395,3.736219,0.014910,-1.599506,-0.046953,0.976946,0.040692,-0.021131,-0.208506
55.050000,-5.999376,-0.115390,3.735748,0.017310,-1.599334,-0.047119,0.976978,0.040922,-0.021418,-0.208280
55.060000,-5.999191,-0.131382,3.735276,0.019710,-1.599137,-0.047284,0.977010,0.041150,-0.021704,-0.208054
55.070000,-5.998982,-0.147372,3.734802,0.022110,-1.598914,-0.047450,0.977042,0.041376,-0.021989,-0.207828
55.080000,-5.998748,-0.163360,3.734327,0.024509,-1.598665,-0.047615,0.977075,0.041601,-0.022273,-0.207601
55.090000,-5.998491,-0.179346,3.733850,0.026909,-1.598391,-0.047780,0.977107,0.041823,-0.022556,-0.207374
55.100000,-5.998210,-0.195328,3.733372,0.029308,-1.598091,-0.047945,0.977139,0.042043,-0.022839,-0.207147
55.110000,-5.997905,-0.211307,3.732891,0.031707,-1.597766,-0.048110,0.977171,0.042261,-0.023120,-0.206919
55.120000,-5.997576,-0.227283,3.732409,0.034106,-1.597415,-0.048275,0.977204,0.042477,-0.023401,-0.206691
55.130000,-5.997223,-0.243256,3.731926,0.036505,-1.597039,-0.048440,0.977236,0.042691,-0.023681,-0.206463
55.140000,-5.996846,-0.259224,3.731441,0.038904,-1.596637,-0.048604,0.977268,0.042903,-0.023960,-0.206235
55.150000,-5.996445,-0.275188,3.730954,0.041303,-1.596209,-0.048769,0.977300,0.043113,-0.024237,-0.206006
55.160000,-5.996020,-0.291148,3.730465,0.043701,-1.595756,-0.048933,0.977332,0.043321,-0.024514,-0.205777
55.170000,-5.995571,-0.307103,3.729975,0.046100,-1.595277,-0.049098,0.977364,0.043527,-0.024790,-0.205548
55.180000,-5.995098,-0.323053,3.729483,0.048498,-1.594773,-0.049262,0.977396,0.043731,-0.025065,-0.205318
55.190000,-5.994601,-0.338999,3.728990,0.050896,-1.594244,-0.049426,0.977429,0.043932,-0.025339,-0.205088
55.200000,-5.994080,-0.354938,3.728495,0.053293,-1.593688,-0.049590,0.977461,0.044132,-0.025612,-0.204858
55.210000,-5.993535,-0.370872,3.727998,0.055691,-1.593108,-0.049754,0.977493,0.044329,-0.025884,-0.204628
55.220000,-5.992966,-0.386800,3.727500,0.058088,-1.592502,-0.049917,0.977525,0.044525,-0.026155,-0.204397
55.230000,-5.992373,-0.402722,3.727000,0.060485,-1.591870,-0.050081,0.977557,0.044718,-0.026426,-0.204166
55.240000,-5.991757,-0.418638,3.726498,0.062882,-1.591213,-0.050245,0.977589,0.044909,-0.026695,-0.203935
55.250000,-5.991116,-0.434546,3.725995,0.065279,-1.590530,-0.050408,0.977622,0.045098,-0.026963,-0.203704
55.260000,-5.990451,-0.450448,3.725490,0.067675,-1.589822,-0.050571,0.977654,0.045284,-0.027230,-0.203472
55.270000,-5.989762,-0.466343,3.724983,0.070071,-1.589089,-0.050734,0.977686,0.045469,-0.027496,-0.203240
55.280000,-5.989050,-0.482230,3.724475,0.072467,-1.588330,-0.050897,0.977718,0.045651,-0.027761,-0.203008
55.290000,-5.988313,-0.498109,3.723965,0.074862,-1.587546,-0.051060,0.977751,0.045831,-0.028025,-0.202776
55.300000,-5.987552,-0.513981,3.723454,0.077257,-1.586736,-0.051223,0.977783,0.046009,-0.028288,-0.202543
55.310000,-5.986768,-0.529844,3.722941,0.079652,-1.585901,-0.051386,0.977815,0.046185,-0.028550,-0.202310
55.320000,-5.985959,-0.545699,3.722426,0.082047,-1.585041,-0.051549,0.977848,0.046358,-0.028811,-0.202077
55.330000,-5.985127,-0.561545,3.721910,0.084441,-1.584155,-0.051711,0.977880,0.046529,-0.029070,-0.201844
55.340000,-5.984270,-0.577382,3.721392,0.086835,-1.583244,-0.051873,0.977912,0.046698,-0.029329,-0.201610
55.350000,-5.983390,-0.593209,3.720872,0.089228,-1.582307,-0.052036,0.977945,0.046865,-0.029587,-0.201376
55.360000,-5.982486,-0.609028,3.720351,0.091622,-1.581346,-0.052198,0.977977,0.047029,-0.029843,-0.201142
55.370000,-5.981558,-0.624836,3.719829,0.094014,-1.580358,-0.052360,0.978010,0.047192,-0.030099,-0.200908
55.380000,-5.980606,-0.640635,3.719304,0.096407,-1.579346,-0.052522,0.978042,0.047351,-0.030353,-0.200674
55.390000,-5.979630,-0.656423,3.718778,0.098799,-1.578308,-0.052684,0.978075,0.047509,-0.030606,-0.200439
55.400000,-5.978630,-0.672201,3.718250,0.101191,-1.577245,-0.052845,0.978107,0.047664,-0.030859,-0.200204
55.410000,-5.977606,-0.687968,3.717721,0.103582,-1.576157,-0.053007,0.978140,0.047817,-0.031110,-0.199969
55.420000,-5.976558,-0.703724,3.717190,0.105973,-1.575044,-0.053168,0.978173,0.047968,-0.031360,-0.199734
55.430000,-5.975486,-0.719469,3.716658,0.108363,-1.573905,-0.053330,0.978205,0.048116,-0.031609,-0.199499
55.440000,-5.974391,-0.735202,3.716124,0.110753,-1.572742,-0.053491,0.978238,0.048262,-0.031856,-0.199263
55.450000,-5.973271,-0.750923,3.715588,0.113143,-1.571553,-0.053652,0.978271,0.048405,-0.032103,-0.199027
55.460000,-5.972128,-0.766633,3.715051,0.115532,-1.570339,-0.053813,0.978304,0.048546,-0.032348,-0.198791
55.470000,-5.970961,-0.782330,3.714512,0.117920,-1.569100,-0.053974,0.978337,0.048685,-0.032593,-0.198555
55.480000,-5.969769,-0.798015,3.713971,0.120308,-1.567835,-0.054134,0.978370,0.048822,-0.032836,-0.198319
55.490000,-5.968554,-0.813687,3.713429,0.122696,-1.566546,-0.054295,0.978403,0.048956,-0.033078,-0.198083
55.500000,-5.967316,-0.829346,3.712885,0.125083,-1.565232,-0.054455,0.978436,0.049087,-0.033319,-0.197846
55.510000,-5.966053,-0.844991,3.712340,0.127470,-1.563892,-0.054616,0.978469,0.049216,-0.033558,-0.197609
55.520000,-5.964766,-0.860623,3.711793,0.129856,-1.562528,-0.054776,0.978503,0.049343,-0.033797,-0.197372
55.530000,-5.963456,-0.876242,3.711244,0.132242,-1.561138,-0.054936,0.978536,0.049468,-0.034034,-0.197135
55.540000,-5.962121,-0.891846,3.710694,0.134627,-1.559724,-0.055096,0.978569,0.049590,-0.034270,-0.196898
55.550000,-5.960763,-0.907436,3.710143,0.137011,-1.558284,-0.055256,0.978603,0.049709,-0.034505,-0.196660
55.560000,-5.959381,-0.923012,3.709589,0.139395,-1.556820,-0.055415,0.978636,0.049826,-0.034739,-0.196422
55.570000,-5.957975,-0.938572,3.709034,0.141779,-1.555331,-0.055575,0.978670,0.049941,-0.034972,-0.196185
55.580000,-5.956545,-0.954118,3.708478,0.144162,-1.553816,-0.055735,0.978703,0.050053,-0.035203,-0.195947
55.590000,-5.955092,-0.969649,3.707920,0.146544,-1.552277,-0.055894,0.978737,0.050163,-0.035433,-0.195709
55.600000,-5.953615,-0.985164,3.707360,0.148926,-1.550714,-0.056053,0.978771,0.050270,-0.035662,-0.195471
55.610000,-5.952113,-1.000663,3.706798,0.151307,-1.549125,-0.056212,0.978805,0.050375,-0.035890,-0.195232
55.620000,-5.950588,-1.016146,3.706236,0.153688,-1.547511,-0.056371,0.978839,0.050478,-0.036117,-0.194994
55.630000,-5.949040,-1.031613,3.705671,0.156068,-1.545873,-0.056530,0.978873,0.050577,-0.036342,-0.194755
55.640000,-5.947467,-1.047064,3.705105,0.158447,-1.544210,-0.056689,0.978907,0.050675,-0.036566,-0.194516
55.650000,-5.945871,-1.062497,3.704537,0.160825,-1.542523,-0.056847,0.978941,0.050770,-0.036789,-0.194277
55.660000,-5.944251,-1.077914,3.703968,0.163203,-1.540810,-0.057006,0.978975,0.050862,-0.037011,-0.194038
55.670000,-5.942607,-1.093313,3.703397,0.165581,-1.539073,-0.057164,0.979009,0.050952,-0.037231,-0.193799
55.680000,-5.940939,-1.108695,3.702825,0.167958,-1.537312,-0.057322,0.979044,0.051039,-0.037450,-0.193560
55.690000,-5.939248,-1.124059,3.702251,0.170334,-1.535525,-0.057480,0.979078,0.051124,-0.037668,-0.193321
55.700000,-5.937532,-1.139406,3.701675,0.172709,-1.533715,-0.057638,0.979113,0.051207,-0.037885,-0.193081
55.710000,-5.935793,-1.154734,3.701098,0.175084,-1.531879,-0.057796,0.979148,0.051286,-0.038100,-0.192842
55.720000,-5.934031,-1.170043,3.700519,0.177458,-1.530020,-0.057954,0.979182,0.051364,-0.038314,-0.192602
55.730000,-5.932244,-1.185334,3.699939,0.179831,-1.528135,-0.058111,0.979217,0.051438,-0.038527,-0.192362
55.740000,-5.930434,-1.200606,3.699357,0.182203,-1.526226,-0.058269,0.979252,0.051511,-0.038738,-0.192123
55.750000,-5.928600,-1.215858,3.698773,0.184575,-1.524293,-0.058426,0.979287,0.051580,-0.038949,-0.191883
55.760000,-5.926743,-1.231092,3.698188,0.186946,-1.522336,-0.058583,0.979322,0.051647,-0.039158,-0.191643
55.770000,-5.924861,-1.246305,3.697602,0.189317,-1.520354,-0.058740,0.979358,0.051712,-0.039365,-0.191402
55.780000,-5.922956,-1.261499,3.697014,0.191686,-1.518348,-0.058897,0.979393,0.051774,-0.039572,-0.191162
55.790000,-5.921028,-1.276672,3.696424,0.194055,-1.516317,-0.059054,0.979428,0.051833,-0.039777,-0.190922
55.800000,-5.919075,-1.291825,3.695833,0.196423,-1.514262,-0.059211,0.979464,0.051890,-0.039981,-0.190681
55.810000,-5.917099,-1.306957,3.695240,0.198790,-1.512183,-0.059367,0.979500,0.051944,-0.040183,-0.190441
55.820000,-5.915099,-1.322068,3.694645,0.201157,-1.510080,-0.059523,0.979535,0.051996,-0.040384,-0.190200
55.830000,-5.913076,-1.337159,3.694049,0.203522,-1.507953,-0.059680,0.979571,0.052045,-0.040584,-0.189960
55.840000,-5.911029,-1.352227,3.693452,0.205887,-1.505801,-0.059836,0.979607,0.052092,-0.040783,-0.189719
55.850000,-5.908958,-1.367275,3.692852,0.208251,-1.503625,-0.059992,0.979643,0.052136,-0.040980,-0.189478
55.860000,-5.906864,-1.382300,3.692252,0.210614,-1.501426,-0.060147,0.979679,0.052177,-0.041176,-0.189238
55.870000,-5.904746,-1.397303,3.691650,0.212977,-1.499202,-0.060303,0.979715,0.052216,-0.041371,-0.188997
55.880000,-5.902604,-1.412284,3.691046,0.215338,-1.496954,-0.060459,0.979752,0.052252,-0.041564,-0.188756
55.890000,-5.900439,-1.427242,3.690440,0.217699,-1.494683,-0.060614,0.979788,0.052285,-0.041756,-0.188515
55.900000,-5.898250,-1.442177,3.689833,0.220058,-1.492387,-0.060769,0.979825,0.052316,-0.041947,-0.188274
55.910000,-5.896038,-1.457090,3.689225,0.222417,-1.490068,-0.060925,0.979861,0.052345,-0.042136,-0.188032
55.920000,-5.893802,-1.471979,3.688615,0.224775,-1.487725,-0.061080,0.979898,0.052370,-0.042324,-0.187791
55.930000,-5.891542,-1.486844,3.688003,0.227132,-1.485358,-0.061234,0.979935,0.052393,-0.042510,-0.187550
55.940000,-5.889259,-1.501686,3.687390,0.229488,-1.482967,-0.061389,0.979972,0.052414,-0.042696,-0.187309
55.950000,-5.886953,-1.516503,3.686776,0.231844,-1.480552,-0.061544,0.980009,0.052432,-0.042879,-0.187068
55.960000,-5.884623,-1.531297,3.686159,0.234198,-1.478114,-0.061698,0.980046,0.052447,-0.043062,-0.186826
55.970000,-5.882269,-1.546066,3.685542,0.236551,-1.475652,-0.061853,0.980084,0.052460,-0.043243,-0.186585
55.980000,-5.879891,-1.560810,3.684922,0.238904,-1.473167,-0.062007,0.980121,0.052470,-0.043423,-0.186343
55.990000,-5.877491,-1.575529,3.684302,0.241255,-1.470657,-0.062161,0.980159,0.052477,-0.043602,-0.186102
56.000000,-5.875066,-1.590223,3.683679,0.243606,-1.468125,-0.062315,0.980196,0.052482,-0.043779,-0.185860
56.010000,-5.872619,-1.604891,3.683055,0.245955,-1.465569,-0.062468,0.980234,0.052484,-0.043954,-0.185619
56.020000,-5.870147,-1.619534,3.682430,0.248304,-1.462989,-0.062622,0.980272,0.052483,-0.044129,-0.185377
56.030000,-5.867652,-1.634151,3.681803,0.250651,-1.460386,-0.062775,0.980310,0.052480,-0.044302,-0.185136
56.040000,-5.865134,-1.648742,3.681174,0.252998,-1.457760,-0.062929,0.980348,0.052475,-0.044473,-0.184894
56.050000,-5.862593,-1.663306,3.680544,0.255344,-1.455110,-0.063082,0.980386,0.052466,-0.044643,-0.184653
56.060000,-5.860027,-1.677844,3.679913,0.257688,-1.452437,-0.063235,0.980425,0.052455,-0.044812,-0.184411
56.070000,-5.857439,-1.692355,3.679279,0.260032,-1.449741,-0.063388,0.980463,0.052442,-0.044980,-0.184169
56.080000,-5.854827,-1.706839,3.678645,0.262374,-1.447022,-0.063541,0.980502,0.052425,-0.045146,-0.183928
56.090000,-5.852191,-1.721295,3.678009,0.264715,-1.444279,-0.063693,0.980541,0.052406,-0.045311,-0.183686
56.100000,-5.849532,-1.735724,3.677371,0.267056,-1.441514,-0.063846,0.980579,0.052385,-0.045474,-0.183444
56.110000,-5.846850,-1.750125,3.676732,0.269395,-1.438725,-0.063998,0.980618,0.052361,-0.045636,-0.183203
56.120000,-5.844145,-1.764498,3.676091,0.271733,-1.435913,-0.064150,0.980657,0.052334,-0.045796,-0.182961
56.130000,-5.841416,-1.778843,3.675449,0.274070,-1.433079,-0.064302,0.980697,0.052304,-0.045955,-0.182719
56.140000,-5.838663,-1.793160,3.674805,0.276406,-1.430221,-0.064454,0.980736,0.052272,-0.046113,-0.182478
56.150000,-5.835887,-1.807448,3.674160,0.278741,-1.427341,-0.064606,0.980775,0.052238,-0.046269,-0.182236
56.160000,-5.833088,-1.821707,3.673513,0.281075,-1.424437,-0.064758,0.980815,0.052200,-0.046424,-0.181994
56.170000,-5.830266,-1.835936,3.672865,0.283408,-1.421511,-0.064909,0.980855,0.052160,-0.046578,-0.181753
56.180000,-5.827420,-1.850137,3.672215,0.285739,-1.418562,-0.065060,0.980894,0.052118,-0.046730,-0.181511
56.190000,-5.824551,-1.864308,3.671563,0.288070,-1.415591,-0.065212,0.980934,0.052073,-0.046880,-0.181269
56.200000,-5.821659,-1.878449,3.670910,0.290399,-1.412597,-0.065363,0.980974,0.052025,-0.047030,-0.181028
56.210000,-5.818743,-1.892560,3.670256,0.292727,-1.409580,-0.065514,0.981014,0.051974,-0.047177,-0.180786
56.220000,-5.815804,-1.906640,3.669600,0.295054,-1.406540,-0.065664,0.981055,0.051921,-0.047324,-0.180545
56.230000,-5.812842,-1.920690,3.668943,0.297380,-1.403478,-0.065815,0.981095,0.051865,-0.047469,-0.180303
56.240000,-5.809857,-1.934710,3.668284,0.299704,-1.400394,-0.065965,0.981136,0.051807,-0.047612,-0.180061
56.250000,-5.806848,-1.948698,3.667623,0.302028,-1.397287,-0.066116,0.981176,0.051746,-0.047755,-0.179820
56.260000,-5.803816,-1.962655,3.666962,0.304350,-1.394158,-0.066266,0.981217,0.051683,-0.047895,-0.179578
56.270000,-5.800761,-1.976581,3.666298,0.306671,-1.391007,-0.066416,0.981258,0.051616,-0.048035,-0.179337
56.280000,-5.797683,-1.990475,3.665633,0.308990,-1.387833,-0.066566,0.981299,0.051548,-0.048172,-0.179095
56.290000,-5.794581,-2.004338,3.664967,0.311309,-1.384637,-0.066715,0.981340,0.051476,-0.048309,-0.178854
56.300000,-5.791457,-2.018168,3.664299,0.313626,-1.381419,-0.066865,0.981381,0.051402,-0.048444,-0.178612
56.310000,-5.788309,-2.031966,3.663630,0.315942,-1.378179,-0.067014,0.981422,0.051326,-0.048577,-0.178371
56.320000,-5.785138,-2.045732,3.662959,0.318257,-1.374917,-0.067163,0.981464,0.051246,-0.048710,-0.178130
56.330000,-5.781944,-2.059464,3.662286,0.320570,-1.371633,-0.067313,0.981505,0.051164,-0.048840,-0.177888
56.340000,-5.778726,-2.073164,3.661612,0.322882,-1.368327,-0.067461,0.981547,0.051080,-0.048969,-0.177647
56.350000,-5.775486,-2.086831,3.660937,0.325193,-1.364999,-0.067610,0.981589,0.050993,-0.049097,-0.177406
56.360000,-5.772222,-2.100464,3.660260,0.327503,-1.361649,-0.067759,0.981631,0.050903,-0.049224,-0.177164
56.370000,-5.768936,-2.114064,3.659582,0.329811,-1.358277,-0.067907,0.981673,0.050811,-0.049349,-0.176923
56.380000,-5.765626,-2.127630,3.658902,0.332118,-1.354884,-0.068056,0.981715,0.050716,-0.049472,-0.176682
56.390000,-5.762294,-2.141161,3.658221,0.334423,-1.351469,-0.068204,0.981757,0.050619,-0.049594,-0.176441
56.400000,-5.758938,-2.154659,3.657538,0.336728,-1.348032,-0.068352,0.981799,0.050519,-0.049715,-0.176200
56.410000,-5.755559,-2.168122,3.656854,0.339030,-1.344574,-0.068500,0.981842,0.050417,-0.049834,-0.175959
56.420000,-5.752157,-2.181550,3.656168,0.341332,-1.341094,-0.068648,0.981884,0.050311,-0.049952,-0.175718
56.430000,-5.748732,-2.194944,3.655481,0.343632,-1.337593,-0.068795,0.981927,0.050204,-0.050068,-0.175477
56.440000,-5.745285,-2.208302,3.654792,0.345931,-1.334071,-0.068942,0.981970,0.050094,-0.050183,-0.175236
56.450000,-5.741814,-2.221625,3.654102,0.348228,-1.330527,-0.069090,0.982013,0.049981,-0.050296,-0.174995
56.460000,-5.738320,-2.234912,3.653410,0.350524,-1.326961,-0.069237,0.982056,0.049865,-0.050408,-0.174754
56.470000,-5.734803,-2.248164,3.652717,0.352819,-1.323375,-0.069384,0.982099,0.049748,-0.050519,-0.174513
56.480000,-5.731264,-2.261380,3.652023,0.355112,-1.319767,-0.069531,0.982142,0.049627,-0.050628,-0.174273
56.490000,-5.727701,-2.274559,3.651327,0.357404,-1.316139,-0.069677,0.982185,0.049504,-0.050735,-0.174032
56.500000,-5.724115,-2.287703,3.650629,0.359694,-1.312489,-0.069824,0.982229,0.049379,-0.050842,-0.173791
56.510000,-5.720507,-2.300809,3.649930,0.361983,-1.308818,-0.069970,0.982272,0.049251,-0.050946,-0.173551
56.520000,-5.716876,-2.313879,3.649230,0.364271,-1.305126,-0.070116,0.982316,0.049120,-0.051050,-0.173310
56.530000,-5.713222,-2.326912,3.648528,0.366557,-1.301414,-0.070262,0.982360,0.048987,-0.051151,-0.173070
56.540000,-5.709545,-2.339907,3.647824,0.368841,-1.297680,-0.070408,0.982404,0.048851,-0.051252,-0.172829
56.550000,-5.705845,-2.352865,3.647120,0.371124,-1.293926,-0.070554,0.982448,0.048713,-0.051351,-0.172589
56.560000,-5.702122,-2.365786,3.646413,0.373406,-1.290151,-0.070699,0.982492,0.048573,-0.051448,-0.172349
56.570000,-5.698377,-2.378668,3.645706,0.375686,-1.286355,-0.070845,0.982536,0.048430,-0.051544,-0.172108
56.580000,-5.694609,-2.391513,3.644996,0.377965,-1.282539,-0.070990,0.982580,0.048284,-0.051639,-0.171868
56.590000,-5.690817,-2.404319,3.644286,0.380242,-1.278703,-0.071135,0.982624,0.048136,-0.051732,-0.171628
56.600000,-5.687004,-2.417087,3.643574,0.382517,-1.274845,-0.071280,0.982669,0.047985,-0.051823,-0.171388
56.610000,-5.683167,-2.429816,3.642860,0.384791,-1.270968,-0.071424,0.982713,0.047833,-0.051913,-0.171148
56.620000,-5.679308,-2.442506,3.642145,0.387064,-1.267070,-0.071569,0.982758,0.047677,-0.052002,-0.170908
56.630000,-5.675426,-2.455157,3.641429,0.389335,-1.263152,-0.071713,0.982803,0.047519,-0.052089,-0.170668
56.640000,-5.671521,-2.467769,3.640711,0.391604,-1.259214,-0.071858,0.982847,0.047359,-0.052175,-0.170428
56.650000,-5.667594,-2.480341,3.639992,0.393872,-1.255255,-0.072002,0.982892,0.047196,-0.052260,-0.170188
56.660000,-5.663644,-2.492874,3.639271,0.396138,-1.251276,-0.072146,0.982937,0.047031,-0.052342,-0.169949
56.670000,-5.659671,-2.505367,3.638549,0.398403,-1.247278,-0.072289,0.982982,0.046863,-0.052424,-0.169709
56.680000,-5.655676,-2.517819,3.637825,0.400666,-1.243259,-0.072433,0.983028,0.046693,-0.052504,-0.169469
56.690000,-5.651658,-2.530232,3.637100,0.402928,-1.239221,-0.072576,0.983073,0.046520,-0.052582,-0.169230
56.700000,-5.647617,-2.542604,3.636374,0.405187,-1.235163,-0.072720,0.983118,0.046345,-0.052660,-0.168990
56.710000,-5.643554,-2.554935,3.635646,0.407446,-1.231085,-0.072863,0.983164,0.046168,-0.052735,-0.168751
56.720000,-5.639468,-2.567225,3.634916,0.409702,-1.226987,-0.073006,0.983209,0.045988,-0.052809,-0.168511
56.730000,-5.635360,-2.579475,3.634186,0.411957,-1.222869,-0.073148,0.983255,0.045806,-0.052882,-0.168272
56.740000,-5.631229,-2.591683,3.633453,0.414211,-1.218733,-0.073291,0.983300,0.045622,-0.052953,-0.168033
56.750000,-5.627076,-2.603849,3.632720,0.416462,-1.214576,-0.073433,0.983346,0.045435,-0.053023,-0.167794
56.760000,-5.622900,-2.615974,3.631985,0.418712,-1.210400,-0.073576,0.983392,0.045246,-0.053092,-0.167554
56.770000,-5.618701,-2.628057,3.631248,0.420961,-1.206205,-0.073718,0.983438,0.045054,-0.053159,-0.167315
56.780000,-5.614481,-2.640098,3.630510,0.423207,-1.201990,-0.073860,0.983484,0.044860,-0.053224,-0.167076
56.790000,-5.610237,-2.652097,3.629771,0.425452,-1.197757,-0.074002,0.983530,0.044664,-0.053288,-0.166837
56.800000,-5.605972,-2.664053,3.629030,0.427695,-1.193504,-0.074143,0.983576,0.044466,-0.053351,-0.166598
56.810000,-5.601683,-2.675967,3.628288,0.429937,-1.189232,-0.074285,0.983622,0.044265,-0.053412,-0.166359
56.820000,-5.597373,-2.687838,3.627545,0.432177,-1.184941,-0.074426,0.983668,0.044062,-0.053471,-0.166121
56.830000,-5.593040,-2.699666,3.626800,0.434415,-1.180631,-0.074567,0.983715,0.043856,-0.053530,-0.165882
56.840000,-5.588685,-2.711450,3.626053,0.436651,-1.176302,-0.074708,0.983761,0.043648,-0.053587,-0.165643
56.850000,-5.584307,-2.723192,3.625306,0.438886,-1.171954,-0.074849,0.983807,0.043438,-0.053642,-0.165405
56.860000,-5.579907,-2.734889,3.624556,0.441119,-1.167588,-0.074989,0.983854,0.043226,-0.053696,-0.165166
56.870000,-5.575485,-2.746543,3.623806,0.443350,-1.163202,-0.075130,0.983900,0.043011,-0.053748,-0.164928
56.880000,-5.571040,-2.758153,3.623054,0.445579,-1.158799,-0.075270,0.983947,0.042795,-0.053799,-0.164689
56.890000,-5.566573,-2.769719,3.622300,0.447806,-1.154376,-0.075410,0.983994,0.042576,-0.053849,-0.164451
56.900000,-5.562084,-2.781241,3.621546,0.450032,-1.149936,-0.075550,0.984040,0.042354,-0.053897,-0.164212
56.910000,-5.557572,-2.792718,3.620789,0.452256,-1.145476,-0.075690,0.984087,0.042131,-0.053944,-0.163974
56.920000,-5.553039,-2.804150,3.620032,0.454478,-1.140999,-0.075830,0.984134,0.041905,-0.053989,-0.163736
56.930000,-5.548483,-2.815538,3.619273,0.456699,-1.136503,-0.075969,0.984181,0.041677,-0.054033,-0.163498
56.940000,-5.543905,-2.826880,3.618512,0.458917,-1.131989,-0.076108,0.984228,0.041447,-0.054075,-0.163260
56.950000,-5.539304,-2.838178,3.617751,0.461134,-1.127457,-0.076247,0.984275,0.041215,-0.054116,-0.163022
56.960000,-5.534682,-2.849429,3.616987,0.463348,-1.122907,-0.076386,0.984322,0.040980,-0.054156,-0.162784
56.970000,-5.530037,-2.860636,3.616223,0.465561,-1.118339,-0.076525,0.984369,0.040744,-0.054194,-0.162546
56.980000,-5.525371,-2.871796,3.615457,0.467772,-1.113753,-0.076663,0.984416,0.040505,-0.054231,-0.162308
56.990000,-5.520682,-2.882911,3.614690,0.469982,-1.109149,-0.076802,0.984463,0.040264,-0.054266,-0.162070
57.000000,-5.515971,-2.893979,3.613921,0.472189,-1.104528,-0.076940,0.984510,0.040021,-0.054300,-0.161832
57.010000,-5.511238,-2.905001,3.613151,0.474394,-1.099889,-0.077078,0.984557,0.039776,-0.054332,-0.161594
57.020000,-5.506483,-2.915977,3.612379,0.476598,-1.095232,-0.077216,0.984605,0.039528,-0.054363,-0.161356
57.030000,-5.501706,-2.926906,3.611607,0.478800,-1.090558,-0.077354,0.984652,0.039279,-0.054393,-0.161119
57.040000,-5.496907,-2.937788,3.610832,0.480999,-1.085866,-0.077491,0.984699,0.039028,-0.054421,-0.160881
57.050000,-5.492086,-2.948623,3.610057,0.483197,-1.081157,-0.077629,0.984746,0.038774,-0.054448,-0.160644
57.060000,-5.487243,-2.959411,3.609280,0.485393,-1.076430,-0.077766,0.984794,0.038518,-0.054473,-0.160406
57.070000,-5.482378,-2.970152,3.608501,0.487587,-1.071687,-0.077903,0.984841,0.038261,-0.054497,-0.160169
57.080000,-5.477492,-2.980845,3.607722,0.489779,-1.066926,-0.078040,0.984889,0.038001,-0.054520,-0.159931
57.090000,-5.472583,-2.991490,3.606941,0.491969,-1.062148,-0.078176,0.984936,0.037739,-0.054541,-0.159694
57.100000,-5.467652,-3.002087,3.606158,0.494157,-1.057353,-0.078313,0.984983,0.037476,-0.054560,-0.159456
57.110000,-5.462700,-3.012637,3.605374,0.496343,-1.052541,-0.078449,0.985031,0.037210,-0.054579,-0.159219
57.120000,-5.457725,-3.023138,3.604589,0.498527,-1.047713,-0.078585,0.985078,0.036942,-0.054595,-0.158982
57.130000,-5.452729,-3.033591,3.603803,0.500709,-1.042867,-0.078721,0.985126,0.036673,-0.054611,-0.158744
57.140000,-5.447711,-3.043996,3.603015,0.502889,-1.038005,-0.078857,0.985173,0.036401,-0.054625,-0.158507
57.150000,-5.442671,-3.054351,3.602225,0.505067,-1.033126,-0.078992,0.985221,0.036128,-0.054638,-0.158270
57.160000,-5.437610,-3.064658,3.601435,0.507243,-1.028231,-0.079128,0.985268,0.035852,-0.054649,-0.158033
57.170000,-5.432527,-3.074916,3.600643,0.509418,-1.023320,-0.079263,0.985316,0.035575,-0.054659,-0.157796
57.180000,-5.427422,-3.085124,3.599850,0.511590,-1.018391,-0.079398,0.985363,0.035295,-0.054667,-0.157559
57.190000,-5.422295,-3.095284,3.599055,0.513759,-1.013447,-0.079533,0.985411,0.035014,-0.054674,-0.157322
57.200000,-5.417146,-3.105393,3.598259,0.515927,-1.008487,-0.079668,0.985458,0.034731,-0.054680,-0.157085
57.210000,-5.411976,-3.115453,3.597462,0.518093,-1.003510,-0.079802,0.985506,0.034446,-0.054684,-0.156847
57.220000,-5.406784,-3.125463,3.596663,0.520257,-0.998517,-0.079937,0.985553,0.034159,-0.054687,-0.156610
57.230000,-5.401571,-3.135424,3.595863,0.522419,-0.993508,-0.080071,0.985601,0.033870,-0.054689,-0.156374
57.240000,-5.396336,-3.145333,3.595062,0.524578,-0.988484,-0.080205,0.985648,0.033580,-0.054689,-0.156137
57.250000,-5.391080,-3.155193,3.594259,0.526736,-0.983443,-0.080338,0.985696,0.033288,-0.054688,-0.155900
57.260000,-5.385801,-3.165002,3.593455,0.528891,-0.978387,-0.080472,0.985743,0.032993,-0.054685,-0.155663
57.270000,-5.380502,-3.174761,3.592649,0.531044,-0.973315,-0.080606,0.985791,0.032697,-0.054681,-0.155426
57.280000,-5.375181,-3.184469,3.591843,0.533195,-0.968228,-0.080739,0.985838,0.032400,-0.054676,-0.155189
57.290000,-5.369838,-3.194125,3.591035,0.535344,-0.963125,-0.080872,0.985886,0.032100,-0.054669,-0.154952
57.300000,-5.364474,-3.203731,3.590225,0.537491,-0.958007,-0.081005,0.985933,0.031799,-0.054661,-0.154715
57.310000,-5.359088,-3.213285,3.589414,0.539636,-0.952873,-0.081137,0.985981,0.031496,-0.054652,-0.154478
57.320000,-5.353681,-3.222788,3.588602,0.541779,-0.947724,-0.081270,0.986028,0.031191,-0.054641,-0.154241
57.330000,-5.348252,-3.232240,3.587789,0.543919,-0.942560,-0.081402,0.986075,0.030885,-0.054629,-0.154005
57.340000,-5.342803,-3.241640,3.586974,0.546057,-0.937381,-0.081534,0.986123,0.030577,-0.054615,-0.153768
57.350000,-5.337331,-3.250987,3.586158,0.548193,-0.932187,-0.081666,0.986170,0.030267,-0.054600,-0.153531
57.360000,-5.331839,-3.260283,3.585341,0.550327,-0.926978,-0.081798,0.986217,0.029956,-0.054584,-0.153294
57.370000,-5.326325,-3.269527,3.584522,0.552459,-0.921754,-0.081930,0.986264,0.029642,-0.054567,-0.153057
57.380000,-5.320790,-3.278718,3.583702,0.554588,-0.916516,-0.082061,0.986311,0.029328,-0.054548,-0.152820
57.390000,-5.315233,-3.287857,3.582881,0.556715,-0.911262,-0.082193,0.986359,0.029011,-0.054528,-0.152584
57.400000,-5.309655,-3.296944,3.582059,0.558840,-0.905995,-0.082324,0.986406,0.028693,-0.054506,-0.152347
57.410000,-5.304056,-3.305977,3.581235,0.560963,-0.900712,-0.082454,0.986453,0.028374,-0.054483,-0.152110
57.420000,-5.298436,-3.314958,3.580410,0.563084,-0.895415,-0.082585,0.986500,0.028053,-0.054459,-0.151873
57.430000,-5.292795,-3.323885,3.579583,0.565202,-0.890104,-0.082716,0.986547,0.027730,-0.054433,-0.151636
57.440000,-5.287132,-3.332760,3.578755,0.567318,-0.884779,-0.082846,0.986594,0.027406,-0.054406,-0.151399
57.450000,-5.281448,-3.341581,3.577926,0.569431,-0.879440,-0.082976,0.986641,0.027080,-0.054378,-0.151162
57.460000,-5.275743,-3.350349,3.577096,0.571543,-0.874086,-0.083106,0.986687,0.026753,-0.054349,-0.150926
57.470000,-5.270017,-3.359063,3.576264,0.573652,-0.868718,-0.083236,0.986734,0.026424,-0.054318,-0.150689
57.480000,-5.264270,-3.367723,3.575431,0.575759,-0.863337,-0.083365,0.986781,0.026094,-0.054285,-0.150452
57.490000,-5.258502,-3.376329,3.574597,0.577863,-0.857942,-0.083495,0.986828,0.025762,-0.054252,-0.150215
57.500000,-5.252713,-3.384882,3.573761,0.579966,-0.852533,-0.083624,0.986874,0.025429,-0.054217,-0.149978
57.510000,-5.246903,-3.393380,3.572924,0.582066,-0.847110,-0.083753,0.986921,0.025094,-0.054181,-0.149741
57.520000,-5.241072,-3.401824,3.572086,0.584163,-0.841674,-0.083882,0.986967,0.024758,-0.054144,-0.149504
57.530000,-5.235220,-3.410213,3.571247,0.586258,-0.836224,-0.084010,0.987014,0.024421,-0.054105,-0.149267
57.540000,-5.229347,-3.418548,3.570406,0.588351,-0.830761,-0.084139,0.987060,0.024082,-0.054065,-0.149029
57.550000,-5.223453,-3.426828,3.569564,0.590442,-0.825285,-0.084267,0.987106,0.023742,-0.054024,-0.148792
57.560000,-5.217538,-3.435054,3.568720,0.592530,-0.819796,-0.084395,0.987152,0.023400,-0.053981,-0.148555
57.570000,-5.211602,-3.443224,3.567876,0.594616,-0.814293,-0.084523,0.987199,0.023058,-0.053937,-0.148318
57.580000,-5.205645,-3.451340,3.567030,0.596699,-0.808777,-0.084651,0.987245,0.022713,-0.053892,-0.148081
57.590000,-5.199668,-3.459400,3.566183,0.598781,-0.803249,-0.084778,0.987291,0.022368,-0.053845,-0.147843
57.600000,-5.193670,-3.467405,3.565334,0.600859,-0.797707,-0.084905,0.987337,0.022021,-0.053798,-0.147606
57.610000,-5.187651,-3.475354,3.564485,0.602935,-0.792153,-0.085033,0.987382,0.021673,-0.053749,-0.147368
57.620000,-5.181611,-3.483248,3.563634,0.605009,-0.786586,-0.085159,0.987428,0.021324,-0.053698,-0.147131
57.630000,-5.175551,-3.491086,3.562782,0.607081,-0.781007,-0.085286,0.987474,0.020973,-0.053647,-0.146893
57.640000,-5.169470,-3.498868,3.561928,0.609150,-0.775415,-0.085413,0.987519,0.020621,-0.053594,-0.146656
57.650000,-5.163368,-3.506594,3.561073,0.611216,-0.769810,-0.085539,0.987565,0.020268,-0.053540,-0.146418
57.660000,-5.157245,-3.514264,3.560217,0.613280,-0.764194,-0.085665,0.987610,0.019914,-0.053485,-0.146180
57.670000,-5.151102,-3.521878,3.559360,0.615342,-0.758565,-0.085791,0.987656,0.019559,-0.053428,-0.145943
57.680000,-5.144938,-3.529435,3.558502,0.617401,-0.752924,-0.085917,0.987701,0.019202,-0.053370,-0.145705
57.690000,-5.138754,-3.536936,3.557642,0.619458,-0.747271,-0.086042,0.987746,0.018844,-0.053311,-0.145467
57.700000,-5.132549,-3.544381,3.556781,0.621512,-0.741605,-0.086168,0.987791,0.018486,-0.053251,-0.145229
57.710000,-5.126324,-3.551768,3.555918,0.623564,-0.735929,-0.086293,0.987836,0.018126,-0.053189,-0.144991
57.720000,-5.120078,-3.559099,3.555055,0.625613,-0.730240,-0.086418,0.987881,0.017765,-0.053127,-0.144753
57.730000,-5.113812,-3.566373,3.554190,0.627660,-0.724539,-0.086543,0.987926,0.017403,-0.053063,-0.144515
57.740000,-5.107525,-3.573590,3.553324,0.629704,-0.718827,-0.086667,0.987970,0.017040,-0.052997,-0.144277
57.750000,-5.101218,-3.580749,3.552457,0.631746,-0.713104,-0.086792,0.988015,0.016675,-0.052931,-0.144038
57.760000,-5.094890,-3.587852,3.551588,0.633785,-0.707369,-0.086916,0.988059,0.016310,-0.052863,-0.143800
57.770000,-5.088542,-3.594897,3.550718,0.635822,-0.701623,-0.087040,0.988104,0.015944,-0.052794,-0.143561
57.780000,-5.082173,-3.601884,3.549847,0.637856,-0.695865,-0.087164,0.988148,0.015577,-0.052724,-0.143323
57.790000,-5.075785,-3.608814,3.548975,0.639888,-0.690097,-0.087287,0.988192,0.015209,-0.052653,-0.143084
57.800000,-5.069376,-3.615686,3.548102,0.641917,-0.684317,-0.087411,0.988236,0.014840,-0.052580,-0.142845
57.810000,-5.062946,-3.622500,3.547227,0.643943,-0.678527,-0.087534,0.988280,0.014470,-0.052506,-0.142606
57.820000,-5.056497,-3.629257,3.546351,0.645967,-0.672725,-0.087657,0.988324,0.014099,-0.052432,-0.142367
57.830000,-5.050027,-3.635955,3.545474,0.647988,-0.666913,-0.087780,0.988367,0.013727,-0.052355,-0.142128
57.840000,-5.043537,-3.642595,3.544595,0.650007,-0.661090,-0.087903,0.988411,0.013354,-0.052278,-0.141889
57.850000,-5.037027,-3.649177,3.543716,0.652023,-0.655257,-0.088025,0.988454,0.012981,-0.052200,-0.141650
57.860000,-5.030497,-3.655700,3.542835,0.654037,-0.649413,-0.088147,0.988498,0.012607,-0.052120,-0.141410
57.870000,-5.023946,-3.662165,3.541953,0.656048,-0.643559,-0.088269,0.988541,0.012231,-0.052039,-0.141171
57.880000,-5.017376,-3.668571,3.541069,0.658056,-0.637694,-0.088391,0.988584,0.011855,-0.051957,-0.140931
57.890000,-5.010785,-3.674919,3.540185,0.660062,-0.631819,-0.088513,0.988627,0.011478,-0.051874,-0.140692
57.900000,-5.004174,-3.681207,3.539299,0.662065,-0.625934,-0.088634,0.988670,0.011101,-0.051789,-0.140452
57.910000,-4.997544,-3.687437,3.538412,0.664065,-0.620039,-0.088755,0.988712,0.010723,-0.051704,-0.140212
57.920000,-4.990893,-3.693608,3.537524,0.666063,-0.614135,-0.088876,0.988755,0.010344,-0.051617,-0.139972
57.930000,-4.984223,-3.699720,3.536635,0.668058,-0.608220,-0.088997,0.988798,0.009964,-0.051529,-0.139732
57.940000,-4.977532,-3.705773,3.535744,0.670050,-0.602296,-0.089118,0.988840,0.009583,-0.051440,-0.139491
57.950000,-4.970822,-3.711766,3.534852,0.672040,-0.596361,-0.089238,0.988882,0.009202,-0.051350,-0.139251
57.960000,-4.964091,-3.717700,3.533959,0.674027,-0.590418,-0.089359,0.988924,0.008820,-0.051259,-0.139010
57.970000,-4.957341,-3.723574,3.533065,0.676011,-0.584465,-0.089479,0.988966,0.008438,-0.051166,-0.138770
57.980000,-4.950571,-3.729389,3.532170,0.677993,-0.578502,-0.089599,0.989008,0.008055,-0.051073,-0.138529
57.990000,-4.943781,-3.735144,3.531273,0.679971,-0.572531,-0.089718,0.989049,0.007671,-0.050978,-0.138288
58.000000,-4.936972,-3.740840,3.530375,0.681948,-0.566550,-0.089838,0.989091,0.007287,-0.050882,-0.138047
58.010000,-4.930142,-3.746475,3.529476,0.683921,-0.560560,-0.089957,0.989132,0.006902,-0.050785,-0.137805
58.020000,-4.923293,-3.752051,3.528576,0.685892,-0.554561,-0.090076,0.989174,0.006517,-0.050687,-0.137564
58.030000,-4.916424,-3.757566,3.527675,0.687860,-0.548554,-0.090195,0.989215,0.006131,-0.050588,-0.137322
58.040000,-4.909536,-3.763022,3.526772,0.689825,-0.542537,-0.090313,0.989256,0.005744,-0.050488,-0.137081
58.050000,-4.902628,-3.768417,3.525869,0.691787,-0.536512,-0.090432,0.989297,0.005357,-0.050386,-0.136839
58.060000,-4.895700,-3.773752,3.524964,0.693747,-0.530478,-0.090550,0.989337,0.004970,-0.050284,-0.136597
58.070000,-4.888753,-3.779027,3.524058,0.695704,-0.524436,-0.090668,0.989378,0.004582,-0.050180,-0.136355
58.080000,-4.881786,-3.784241,3.523150,0.697658,-0.518385,-0.090786,0.989418,0.004194,-0.050076,-0.136112
58.090000,-4.874800,-3.789394,3.522242,0.699609,-0.512327,-0.090903,0.989458,0.003805,-0.049970,-0.135870
58.100000,-4.867794,-3.794487,3.521332,0.701558,-0.506259,-0.091021,0.989498,0.003416,-0.049863,-0.135627
58.110000,-4.860769,-3.799520,3.520422,0.703503,-0.500184,-0.091138,0.989538,0.003027,-0.049755,-0.135384
58.120000,-4.853724,-3.804491,3.519510,0.705446,-0.494101,-0.091255,0.989578,0.002637,-0.049646,-0.135141
58.130000,-4.846660,-3.809402,3.518596,0.707386,-0.488010,-0.091372,0.989618,0.002247,-0.049536,-0.134898
58.140000,-4.839576,-3.814251,3.517682,0.709324,-0.481911,-0.091488,0.989657,0.001856,-0.049425,-0.134655
58.150000,-4.832473,-3.819040,3.516767,0.711258,-0.475804,-0.091605,0.989697,0.001465,-0.049313,-0.134411
58.160000,-4.825351,-3.823767,3.515850,0.713190,-0.469690,-0.091721,0.989736,0.001074,-0.049200,-0.134168
58.170000,-4.818210,-3.828433,3.514932,0.715118,-0.463568,-0.091837,0.989775,0.000683,-0.049085,-0.133924
58.180000,-4.811049,-3.833039,3.514013,0.717044,-0.457439,-0.091953,0.989814,0.000291,-0.048970,-0.133680
58.190000,-4.803869,-3.837582,3.513093,0.718967,-0.451303,-0.092068,0.989853,-0.000100,-0.048854,-0.133435
58.200000,-4.796669,-3.842065,3.512172,0.720887,-0.445159,-0.092184,0.989891,-0.000493,-0.048736,-0.133191
58.210000,-4.789451,-3.846485,3.511249,0.722805,-0.439008,-0.092299,0.989930,-0.000885,-0.048618,-0.132946
58.220000,-4.782213,-3.850845,3.510326,0.724719,-0.432850,-0.092414,0.989968,-0.001277,-0.048499,-0.132702
58.230000,-4.774957,-3.855142,3.509401,0.726630,-0.426685,-0.092528,0.990006,-0.001670,-0.048378,-0.132457
58.240000,-4.767681,-3.859378,3.508475,0.728539,-0.420514,-0.092643,0.990044,-0.002062,-0.048257,-0.132211
58.250000,-4.760386,-3.863553,3.507548,0.730444,-0.414335,-0.092757,0.990082,-0.002455,-0.048134,-0.131966
58.260000,-4.753072,-3.867665,3.506620,0.732347,-0.408150,-0.092871,0.990119,-0.002848,-0.048011,-0.131720
58.270000,-4.745739,-3.871716,3.505691,0.734247,-0.401959,-0.092985,0.990157,-0.003241,-0.047886,-0.131475
58.280000,-4.738387,-3.875704,3.504761,0.736144,-0.395761,-0.093099,0.990194,-0.003634,-0.047760,-0.131229
58.290000,-4.731016,-3.879631,3.503829,0.738038,-0.389557,-0.093212,0.990232,-0.004027,-0.047634,-0.130982
58.300000,-4.723626,-3.883495,3.502896,0.739929,-0.383346,-0.093325,0.990269,-0.004420,-0.047506,-0.130736
58.310000,-4.716217,-3.887298,3.501962,0.741817,-0.377129,-0.093439,0.990305,-0.004813,-0.047378,-0.130489
58.320000,-4.708790,-3.891038,3.501028,0.743702,-0.370907,-0.093551,0.990342,-0.005206,-0.047248,-0.130242
58.330000,-4.701343,-3.894716,3.500091,0.745584,-0.364678,-0.093664,0.990379,-0.005599,-0.047118,-0.129995
58.340000,-4.693878,-3.898331,3.499154,0.747463,-0.358444,-0.093776,0.990415,-0.005992,-0.046987,-0.129748
58.350000,-4.686394,-3.901885,3.498216,0.749339,-0.352204,-0.093889,0.990451,-0.006385,-0.046854,-0.129500
58.360000,-4.678891,-3.905375,3.497276,0.751212,-0.345958,-0.094001,0.990487,-0.006778,-0.046721,-0.129253
58.370000,-4.671370,-3.908804,3.496336,0.753082,-0.339706,-0.094112,0.990523,-0.007171,-0.046587,-0.129005
58.380000,-4.663830,-3.912170,3.495394,0.754949,-0.333450,-0.094224,0.990559,-0.007563,-0.046451,-0.128757
58.390000,-4.656271,-3.915473,3.494451,0.756813,-0.327187,-0.094335,0.990594,-0.007956,-0.046315,-0.128508
58.400000,-4.648694,-3.918713,3.493508,0.758674,-0.320920,-0.094446,0.990630,-0.008348,-0.046178,-0.128259
58.410000,-4.641098,-3.921891,3.492562,0.760532,-0.314648,-0.094557,0.990665,-0.008740,-0.046040,-0.128011
58.420000,-4.633483,-3.925006,3.491616,0.762387,-0.308370,-0.094668,0.990700,-0.009132,-0.045901,-0.127761
58.430000,-4.625850,-3.928059,3.490669,0.764239,-0.302088,-0.094779,0.990735,-0.009523,-0.045761,-0.127512
58.440000,-4.618198,-3.931048,3.489721,0.766087,-0.295800,-0.094889,0.990770,-0.009914,-0.045620,-0.127262
58.450000,-4.610528,-3.933975,3.488771,0.767933,-0.289508,-0.094999,0.990804,-0.010305,-0.045478,-0.127013
58.460000,-4.602839,-3.936838,3.487821,0.769776,-0.283212,-0.095109,0.990839,-0.010696,-0.045335,-0.126762
58.470000,-4.595133,-3.939639,3.486869,0.771615,-0.276910,-0.095219,0.990873,-0.011087,-0.045192,-0.126512
58.480000,-4.587407,-3.942376,3.485916,0.773452,-0.270605,-0.095328,0.990907,-0.011477,-0.045047,-0.126262
58.490000,-4.579664,-3.945051,3.484963,0.775285,-0.264295,-0.095437,0.990941,-0.011867,-0.044902,-0.126011
58.500000,-4.571902,-3.947662,3.484008,0.777116,-0.257981,-0.095546,0.990975,-0.012256,-0.044756,-0.125760
58.510000,-4.564121,-3.950210,3.483052,0.778943,-0.251662,-0.095655,0.991009,-0.012645,-0.044608,-0.125508
58.520000,-4.556323,-3.952695,3.482095,0.780767,-0.245340,-0.095764,0.991042,-0.013034,-0.044460,-0.125257
58.530000,-4.548506,-3.955117,3.481136,0.782588,-0.239014,-0.095872,0.991075,-0.013422,-0.044311,-0.125005
58.540000,-4.540671,-3.957476,3.480177,0.784406,-0.232684,-0.095980,0.991108,-0.013810,-0.044162,-0.124753
58.550000,-4.532818,-3.959771,3.479217,0.786220,-0.226350,-0.096088,0.991141,-0.014197,-0.044011,-0.124500
58.560000,-4.524947,-3.962003,3.478255,0.788032,-0.220013,-0.096196,0.991174,-0.014584,-0.043859,-0.124248
58.570000,-4.517057,-3.964171,3.477293,0.789840,-0.213672,-0.096303,0.991207,-0.014970,-0.043707,-0.123995
58.580000,-4.509150,-3.966276,3.476329,0.791646,-0.207327,-0.096410,0.991239,-0.015356,-0.043553,-0.123742
58.590000,-4.501224,-3.968318,3.475365,0.793448,-0.200980,-0.096518,0.991272,-0.015741,-0.043399,-0.123488
58.600000,-4.493281,-3.970296,3.474399,0.795247,-0.194629,-0.096624,0.991304,-0.016126,-0.043244,-0.123234
58.610000,-4.485319,-3.972210,3.473432,0.797042,-0.188275,-0.096731,0.991336,-0.016510,-0.043089,-0.122980
58.620000,-4.477340,-3.974061,3.472464,0.798835,-0.181918,-0.096837,0.991368,-0.016893,-0.042932,-0.122726
58.630000,-4.469343,-3.975849,3.471495,0.800624,-0.175558,-0.096944,0.991399,-0.017276,-0.042774,-0.122472
58.640000,-4.461327,-3.977572,3.470526,0.802410,-0.169195,-0.097050,0.991431,-0.017659,-0.042616,-0.122217
58.650000,-4.453294,-3.979232,3.469554,0.804193,-0.162829,-0.097155,0.991462,-0.018040,-0.042457,-0.121962
58.660000,-4.445244,-3.980829,3.468582,0.805973,-0.156461,-0.097261,0.991493,-0.018421,-0.042297,-0.121706
58.670000,-4.437175,-3.982362,3.467609,0.807749,-0.150091,-0.097366,0.991524,-0.018801,-0.042136,-0.121451
58.680000,-4.429089,-3.983831,3.466635,0.809523,-0.143718,-0.097471,0.991555,-0.019181,-0.041975,-0.121195
58.690000,-4.420985,-3.985236,3.465660,0.811293,-0.137343,-0.097576,0.991586,-0.019560,-0.041812,-0.120939
58.700000,-4.412863,-3.986578,3.464684,0.813059,-0.130965,-0.097681,0.991617,-0.019938,-0.041649,-0.120682
58.710000,-4.404723,-3.987855,3.463706,0.814823,-0.124586,-0.097785,0.991647,-0.020315,-0.041485,-0.120425
58.720000,-4.396566,-3.989069,3.462728,0.816583,-0.118204,-0.097890,0.991677,-0.020692,-0.041320,-0.120168
58.730000,-4.388392,-3.990219,3.461748,0.818340,-0.111821,-0.097994,0.991708,-0.021068,-0.041155,-0.119911
58.740000,-4.380200,-3.991306,3.460768,0.820094,-0.105435,-0.098097,0.991737,-0.021442,-0.040988,-0.119653
58.750000,-4.371990,-3.992328,3.459786,0.821844,-0.099048,-0.098201,0.991767,-0.021817,-0.040821,-0.119395
58.760000,-4.363763,-3.993287,3.458804,0.823592,-0.092660,-0.098304,0.991797,-0.022190,-0.040654,-0.119137
58.770000,-4.355518,-3.994181,3.457820,0.825335,-0.086270,-0.098407,0.991826,-0.022562,-0.040485,-0.118879
58.780000,-4.347256,-3.995012,3.456836,0.827076,-0.079879,-0.098510,0.991856,-0.022934,-0.040316,-0.118620
58.790000,-4.338977,-3.995779,3.455850,0.828813,-0.073486,-0.098613,0.991885,-0.023304,-0.040145,-0.118361
58.800000,-4.330680,-3.996482,3.454864,0.830547,-0.067092,-0.098715,0.991914,-0.023674,-0.039975,-0.118101
58.810000,-4.322366,-3.997121,3.453876,0.832278,-0.060697,-0.098818,0.991943,-0.024043,-0.039803,-0.117841
58.820000,-4.314034,-3.997696,3.452887,0.834005,-0.054301,-0.098920,0.991972,-0.024410,-0.039631,-0.117581
58.830000,-4.305686,-3.998207,3.451897,0.835729,-0.047905,-0.099021,0.992000,-0.024777,-0.039458,-0.117321
58.840000,-4.297320,-3.998654,3.450907,0.837450,-0.041507,-0.099123,0.992029,-0.025143,-0.039284,-0.117060
58.850000,-4.288937,-3.999037,3.449915,0.839167,-0.035109,-0.099224,0.992057,-0.025508,-0.039109,-0.116800
58.860000,-4.280536,-3.999356,3.448922,0.840881,-0.028710,-0.099325,0.992086,-0.025871,-0.038934,-0.116538
58.870000,-4.272119,-3.999611,3.447929,0.842591,-0.022311,-0.099426,0.992114,-0.026234,-0.038758,-0.116277
58.880000,-4.263684,-3.999802,3.446934,0.844298,-0.015912,-0.099527,0.992141,-0.026595,-0.038581,-0.116015
58.890000,-4.255233,-3.999929,3.445938,0.846002,-0.009512,-0.099627,0.992169,-0.026956,-0.038404,-0.115753
58.900000,-4.246764,-3.999992,3.444941,0.847703,-0.003112,-0.099728,0.992197,-0.027315,-0.038226,-0.115490
58.910000,-4.238279,-3.999992,3.443943,0.849400,0.003288,-0.099828,0.992224,-0.027673,-0.038047,-0.115227
58.920000,-4.229776,-3.999927,3.442945,0.851093,0.009688,-0.099927,0.992252,-0.028031,-0.037868,-0.114964
58.930000,-4.221257,-3.999798,3.441945,0.852783,0.016088,-0.100027,0.992279,-0.028386,-0.037688,-0.114701
58.940000,-4.212721,-3.999605,3.440944,0.854470,0.022487,-0.100126,0.992306,-0.028741,-0.037507,-0.114437
58.950000,-4.204168,-3.999348,3.439942,0.856154,0.028887,-0.100225,0.992333,-0.029095,-0.037326,-0.114173
58.960000,-4.195598,-3.999027,3.438940,0.857834,0.035285,-0.100324,0.992360,-0.029447,-0.037143,-0.113909
58.970000,-4.187011,-3.998642,3.437936,0.859510,0.041683,-0.100423,0.992387,-0.029798,-0.036961,-0.113644
58.980000,-4.178408,-3.998194,3.436931,0.861183,0.048081,-0.100521,0.992413,-0.030148,-0.036777,-0.113379
58.990000,-4.169787,-3.997681,3.435925,0.862853,0.054478,-0.100620,0.992439,-0.030497,-0.036593,-0.113114
59.000000,-4.161151,-3.997104,3.434919,0.864519,0.060873,-0.100718,0.992466,-0.030844,-0.036408,-0.112848
59.010000,-4.152497,-3.996463,3.433911,0.866182,0.067268,-0.100815,0.992492,-0.031190,-0.036223,-0.112582
59.020000,-4.143827,-3.995759,3.432902,0.867841,0.073662,-0.100913,0.992518,-0.031535,-0.036037,-0.112316
59.030000,-4.135140,-3.994990,3.431893,0.869497,0.080055,-0.101010,0.992544,-0.031878,-0.035850,-0.112049
59.040000,-4.126437,-3.994158,3.430882,0.871149,0.086446,-0.101107,0.992570,-0.032220,-0.035663,-0.111783
59.050000,-4.117717,-3.993261,3.429871,0.872798,0.092836,-0.101204,0.992595,-0.032560,-0.035475,-0.111515
59.060000,-4.108981,-3.992301,3.428858,0.874443,0.099224,-0.101301,0.992621,-0.032900,-0.035287,-0.111248
59.070000,-4.100228,-3.991277,3.427845,0.876085,0.105611,-0.101397,0.992646,-0.033238,-0.035098,-0.110980
59.080000,-4.091459,-3.990189,3.426830,0.877723,0.111996,-0.101493,0.992672,-0.033574,-0.034908,-0.110712
59.090000,-4.082674,-3.989037,3.425815,0.879358,0.118380,-0.101589,0.992697,-0.033909,-0.034718,-0.110443
59.100000,-4.073872,-3.987821,3.424798,0.880990,0.124761,-0.101685,0.992722,-0.034242,-0.034527,-0.110174
59.110000,-4.065054,-3.986541,3.423781,0.882617,0.131141,-0.101780,0.992747,-0.034574,-0.034335,-0.109905
59.120000,-4.056220,-3.985198,3.422763,0.884242,0.137518,-0.101875,0.992772,-0.034905,-0.034143,-0.109636
59.130000,-4.047369,-3.983791,3.421744,0.885862,0.143893,-0.101970,0.992797,-0.035234,-0.033950,-0.109366
59.140000,-4.038503,-3.982320,3.420723,0.887480,0.150266,-0.102065,0.992821,-0.035561,-0.033757,-0.109096
59.150000,-4.029620,-3.980786,3.419702,0.889093,0.156637,-0.102160,0.992846,-0.035887,-0.033563,-0.108825
59.160000,-4.020721,-3.979188,3.418680,0.890703,0.163005,-0.102254,0.992870,-0.036212,-0.033369,-0.108554
59.170000,-4.011806,-3.977526,3.417657,0.892310,0.169370,-0.102348,0.992894,-0.036535,-0.033174,-0.108283
59.180000,-4.002875,-3.975800,3.416633,0.893913,0.175733,-0.102442,0.992919,-0.036856,-0.032978,-0.108012
59.190000,-3.993927,-3.974011,3.415608,0.895512,0.182093,-0.102536,0.992943,-0.037176,-0.032782,-0.107740
59.200000,-3.984964,-3.972158,3.414583,0.897108,0.188450,-0.102629,0.992967,-0.037494,-0.032586,-0.107468
59.210000,-3.975985,-3.970242,3.413556,0.898700,0.194804,-0.102722,0.992991,-0.037810,-0.032388,-0.107196
59.220000,-3.966990,-3.968262,3.412528,0.900289,0.201154,-0.102815,0.993014,-0.038125,-0.032191,-0.106923
59.230000,-3.957980,-3.966219,3.411500,0.901874,0.207502,-0.102908,0.993038,-0.038438,-0.031993,-0.106650
59.240000,-3.948953,-3.964112,3.410470,0.903455,0.213846,-0.103000,0.993062,-0.038750,-0.031794,-0.106376
59.250000,-3.939910,-3.961942,3.409439,0.905033,0.220187,-0.103093,0.993085,-0.039059,-0.031594,-0.106103
59.260000,-3.930852,-3.959709,3.408408,0.906607,0.226524,-0.103185,0.993109,-0.039367,-0.031395,-0.105829
59.270000,-3.921778,-3.957412,3.407376,0.908177,0.232858,-0.103276,0.993132,-0.039674,-0.031194,-0.105554
59.280000,-3.912689,-3.955051,3.406343,0.909744,0.239188,-0.103368,0.993155,-0.039978,-0.030994,-0.105280
59.290000,-3.903583,-3.952628,3.405308,0.911308,0.245514,-0.103459,0.993178,-0.040281,-0.030792,-0.105005
59.300000,-3.894463,-3.950141,3.404273,0.912867,0.251837,-0.103550,0.993201,-0.040582,-0.030590,-0.104729
59.310000,-3.885326,-3.947591,3.403237,0.914423,0.258155,-0.103641,0.993224,-0.040881,-0.030388,-0.104454
59.320000,-3.876174,-3.944978,3.402201,0.915975,0.264469,-0.103732,0.993247,-0.041179,-0.030185,-0.104178
59.330000,-3.867007,-3.942302,3.401163,0.917524,0.270779,-0.103822,0.993270,-0.041474,-0.029982,-0.103901
59.340000,-3.857824,-3.939562,3.400124,0.919069,0.277084,-0.103912,0.993293,-0.041768,-0.029778,-0.103625
59.350000,-3.848625,-3.936760,3.399085,0.920610,0.283385,-0.104002,0.993315,-0.042060,-0.029574,-0.103348
59.360000,-3.839411,-3.933895,3.398044,0.922148,0.289682,-0.104092,0.993338,-0.042350,-0.029369,-0.103070
59.370000,-3.830182,-3.930966,3.397003,0.923682,0.295974,-0.104181,0.993361,-0.042638,-0.029164,-0.102793
59.380000,-3.820938,-3.927975,3.395960,0.925212,0.302261,-0.104271,0.993383,-0.042924,-0.028958,-0.102515
59.390000,-3.811678,-3.924921,3.394917,0.926739,0.308543,-0.104360,0.993405,-0.043209,-0.028752,-0.102236
59.400000,-3.802403,-3.921804,3.393873,0.928261,0.314821,-0.104448,0.993428,-0.043491,-0.028546,-0.101958
59.410000,-3.793113,-3.918625,3.392828,0.929781,0.321093,-0.104537,0.993450,-0.043772,-0.028339,-0.101679
59.420000,-3.783807,-3.915383,3.391783,0.931296,0.327360,-0.104625,0.993472,-0.044051,-0.028131,-0.101400
59.430000,-3.774487,-3.912078,3.390736,0.932808,0.333622,-0.104713,0.993494,-0.044327,-0.027923,-0.101120
59.440000,-3.765151,-3.908710,3.389688,0.934315,0.339879,-0.104801,0.993516,-0.044602,-0.027715,-0.100840
59.450000,-3.755801,-3.905280,3.388640,0.935820,0.346130,-0.104888,0.993538,-0.044875,-0.027506,-0.100560
59.460000,-3.746435,-3.901788,3.387591,0.937320,0.352376,-0.104976,0.993560,-0.045145,-0.027297,-0.100280
59.470000,-3.737054,-3.898233,3.386540,0.938817,0.358616,-0.105063,0.993581,-0.045414,-0.027087,-0.099999
59.480000,-3.727659,-3.894615,3.385489,0.940310,0.364850,-0.105150,0.993603,-0.045680,-0.026877,-0.099718
59.490000,-3.718248,-3.890936,3.384437,0.941799,0.371078,-0.105236,0.993625,-0.045945,-0.026667,-0.099436
59.500000,-3.708823,-3.887194,3.383385,0.943284,0.377301,-0.105323,0.993646,-0.046208,-0.026456,-0.099154
59.510000,-3.699382,-3.883390,3.382331,0.944766,0.383517,-0.105409,0.993668,-0.046468,-0.026245,-0.098872
59.520000,-3.689927,-3.879523,3.381276,0.946244,0.389728,-0.105495,0.993690,-0.046726,-0.026033,-0.098590
59.530000,-3.680458,-3.875595,3.380221,0.947718,0.395932,-0.105580,0.993711,-0.046983,-0.025821,-0.098307
59.540000,-3.670973,-3.871605,3.379165,0.949188,0.402130,-0.105666,0.993732,-0.047237,-0.025609,-0.098024
59.550000,-3.661474,-3.867553,3.378108,0.950655,0.408321,-0.105751,0.993754,-0.047489,-0.025396,-0.097741
59.560000,-3.651960,-3.863438,3.377050,0.952117,0.414506,-0.105836,0.993775,-0.047739,-0.025183,-0.097457
59.570000,-3.642431,-3.859262,3.375991,0.953576,0.420684,-0.105921,0.993796,-0.047987,-0.024969,-0.097173
59.580000,-3.632888,-3.855025,3.374931,0.955031,0.426855,-0.106005,0.993818,-0.048232,-0.024756,-0.096889
59.590000,-3.623331,-3.850725,3.373871,0.956483,0.433020,-0.106089,0.993839,-0.048476,-0.024541,-0.096604
59.600000,-3.613759,-3.846364,3.372810,0.957930,0.439178,-0.106173,0.993860,-0.048717,-0.024327,-0.096320
59.610000,-3.604172,-3.841942,3.371747,0.959374,0.445328,-0.106257,0.993881,-0.048956,-0.024112,-0.096034
59.620000,-3.594571,-3.837458,3.370684,0.960813,0.451472,-0.106341,0.993902,-0.049193,-0.023896,-0.095749
59.630000,-3.584956,-3.832912,3.369621,0.962249,0.457608,-0.106424,0.993923,-0.049427,-0.023681,-0.095463
59.640000,-3.575326,-3.828306,3.368556,0.963681,0.463737,-0.106507,0.993944,-0.049660,-0.023465,-0.095177
59.650000,-3.565682,-3.823638,3.367490,0.965110,0.469859,-0.106590,0.993965,-0.049890,-0.023248,-0.094891
59.660000,-3.556024,-3.818909,3.366424,0.966534,0.475973,-0.106672,0.993986,-0.050118,-0.023032,-0.094604
59.670000,-3.546352,-3.814118,3.365357,0.967954,0.482079,-0.106755,0.994007,-0.050343,-0.022815,-0.094317
59.680000,-3.536665,-3.809267,3.364289,0.969371,0.488178,-0.106837,0.994028,-0.050567,-0.022597,-0.094030
59.690000,-3.526964,-3.804355,3.363220,0.970784,0.494269,-0.106919,0.994048,-0.050788,-0.022380,-0.093742
59.700000,-3.517249,-3.799382,3.362151,0.972192,0.500352,-0.107000,0.994069,-0.051007,-0.022162,-0.093454
59.710000,-3.507520,-3.794348,3.361080,0.973597,0.506427,-0.107082,0.994090,-0.051223,-0.021943,-0.093166
59.720000,-3.497778,-3.789253,3.360009,0.974999,0.512494,-0.107163,0.994111,-0.051437,-0.021725,-0.092878
59.730000,-3.488021,-3.784098,3.358937,0.976396,0.518552,-0.107244,0.994131,-0.051649,-0.021506,-0.092589
59.740000,-3.478250,-3.778882,3.357864,0.977789,0.524603,-0.107324,0.994152,-0.051858,-0.021287,-0.092300
59.750000,-3.468465,-3.773606,3.356791,0.979178,0.530645,-0.107405,0.994173,-0.052065,-0.021067,-0.092011
59.760000,-3.458666,-3.768269,3.355716,0.980564,0.536678,-0.107485,0.994193,-0.052270,-0.020848,-0.091721
59.770000,-3.448854,-3.762872,3.354641,0.981945,0.542703,-0.107565,0.994214,-0.052473,-0.020628,-0.091431
59.780000,-3.439027,-3.757415,3.353565,0.983323,0.548719,-0.107644,0.994235,-0.052672,-0.020407,-0.091141
59.790000,-3.429187,-3.751898,3.352488,0.984696,0.554727,-0.107724,0.994255,-0.052870,-0.020187,-0.090850
59.800000,-3.419333,-3.746321,3.351410,0.986066,0.560725,-0.107803,0.994276,-0.053065,-0.019966,-0.090560
59.810000,-3.409466,-3.740684,3.350332,0.987432,0.566715,-0.107882,0.994296,-0.053258,-0.019745,-0.090269
59.820000,-3.399585,-3.734986,3.349253,0.988794,0.572696,-0.107961,0.994317,-0.053448,-0.019523,-0.089977
59.830000,-3.389690,-3.729230,3.348173,0.990152,0.578667,-0.108039,0.994337,-0.053636,-0.019302,-0.089686
59.840000,-3.379782,-3.723413,3.347092,0.991505,0.584629,-0.108117,0.994358,-0.053822,-0.019080,-0.089394
59.850000,-3.369860,-3.717537,3.346010,0.992855,0.590582,-0.108195,0.994379,-0.054004,-0.018858,-0.089102
59.860000,-3.359925,-3.711602,3.344928,0.994201,0.596525,-0.108273,0.994399,-0.054185,-0.018635,-0.088810
59.870000,-3.349976,-3.705607,3.343845,0.995543,0.602459,-0.108351,0.994420,-0.054363,-0.018412,-0.088517
59.880000,-3.340014,-3.699552,3.342761,0.996881,0.608383,-0.108428,0.994440,-0.054539,-0.018190,-0.088224
59.890000,-3.330038,-3.693439,3.341676,0.998215,0.614297,-0.108505,0.994461,-0.054712,-0.017967,-0.087931
59.900000,-3.320049,-3.687267,3.340591,0.999545,0.620202,-0.108582,0.994481,-0.054882,-0.017743,-0.087637
59.910000,-3.310047,-3.681035,3.339505,1.000871,0.626097,-0.108658,0.994502,-0.055050,-0.017520,-0.087344
59.920000,-3.300032,-3.674745,3.338418,1.002193,0.631981,-0.108734,0.994522,-0.055216,-0.017296,-0.087050
59.930000,-3.290003,-3.668395,3.337330,1.003511,0.637856,-0.108810,0.994543,-0.055379,-0.017072,-0.086756
59.940000,-3.279962,-3.661988,3.336241,1.004825,0.643720,-0.108886,0.994563,-0.055539,-0.016848,-0.086461
59.950000,-3.269907,-3.655521,3.335152,1.006135,0.649574,-0.108962,0.994584,-0.055697,-0.016623,-0.086167
59.960000,-3.259839,-3.648996,3.334062,1.007441,0.655418,-0.109037,0.994604,-0.055852,-0.016399,-0.085872
59.970000,-3.249758,-3.642413,3.332972,1.008743,0.661251,-0.109112,0.994625,-0.056005,-0.016174,-0.085576
59.980000,-3.239664,-3.635771,3.331880,1.010041,0.667073,-0.109187,0.994645,-0.056155,-0.015949,-0.085281
59.990000,-3.229557,-3.629071,3.330788,1.011335,0.672885,-0.109261,0.994666,-0.056303,-0.015724,-0.084985
