t,wx,wy,wz,ax,ay,az
0.000000,0.089334,0.018619,0.066709,-0.771362,-0.056070,9.866137
0.005000,0.092861,0.021776,0.062665,-0.814028,-0.055873,9.856384
0.010000,0.081964,0.018198,0.061026,-0.799585,-0.050677,9.845509
0.015000,0.090163,0.021902,0.064366,-0.738171,-0.051479,9.865398
0.020000,0.091627,0.018975,0.062510,-0.808359,-0.042430,9.861311
0.025000,0.085875,0.017985,0.064251,-0.766021,-0.019433,9.865219
0.030000,0.086929,0.018143,0.067069,-0.738977,-0.060819,9.899828
0.035000,0.092914,0.020794,0.065498,-0.794728,0.023518,9.913070
0.040000,0.094266,0.022314,0.065766,-0.823085,-0.017532,9.873807
0.045000,0.084979,0.019473,0.065972,-0.767474,-0.050097,9.834113
0.050000,0.087517,0.014696,0.069889,-0.804749,-0.001881,9.846057
0.055000,0.093558,0.022085,0.066559,-0.857489,-0.007366,9.874174
0.060000,0.091800,0.016188,0.070114,-0.832504,-0.025950,9.881564
0.065000,0.088915,0.023967,0.065202,-0.813390,-0.014608,9.820627
0.070000,0.084913,0.019768,0.066369,-0.757055,-0.023098,9.903883
0.075000,0.087862,0.022518,0.063316,-0.819450,0.009855,9.884001
0.080000,0.089184,0.015955,0.060580,-0.840921,0.020263,9.882596
0.085000,0.088183,0.014406,0.067212,-0.838772,-0.013390,9.871382
0.090000,0.081900,0.018705,0.062837,-0.798562,0.008550,9.858661
0.095000,0.090707,0.015188,0.068834,-0.781533,0.038952,9.887390
0.100000,0.090959,0.019912,0.064787,-0.847590,0.012406,9.829204
0.105000,0.084300,0.018071,0.062844,-0.837147,-0.012016,9.860186
0.110000,0.089615,0.021179,0.064498,-0.776460,0.064158,9.886483
0.115000,0.081412,0.020814,0.065548,-0.796459,0.036041,9.863305
0.120000,0.089435,0.015967,0.058814,-0.813893,0.003606,9.884071
0.125000,0.087578,0.017210,0.061959,-0.827392,0.030185,9.806948
0.130000,0.089313,0.016557,0.060941,-0.885464,0.048734,9.842424
0.135000,0.086786,0.016082,0.069937,-0.816450,0.038752,9.806582
0.140000,0.093283,0.019459,0.067678,-0.814960,0.066462,9.862164
0.145000,0.090144,0.016165,0.060046,-0.786954,-0.016278,9.843679
0.150000,0.087654,0.013408,0.066297,-0.825255,0.031472,9.866314
0.155000,0.086799,0.020618,0.065502,-0.834895,-0.010945,9.811326
0.160000,0.091450,0.016214,0.063588,-0.772784,0.011708,9.832829
0.165000,0.086731,0.018039,0.062437,-0.841895,0.004836,9.872119
0.170000,0.090526,0.014765,0.064908,-0.863678,0.041637,9.891417
0.175000,0.088473,0.023040,0.062047,-0.808892,0.052726,9.866892
0.180000,0.088001,0.014339,0.061796,-0.735717,0.059070,9.789256
0.185000,0.086032,0.017971,0.062890,-0.788277,0.094259,9.845024
0.190000,0.086516,0.012836,0.062280,-0.874672,0.103114,9.897153
0.195000,0.084118,0.012219,0.059065,-0.860777,-0.023415,9.815001
0.200000,0.091730,0.014640,0.066926,-0.847908,0.125387,9.855083
0.205000,0.086645,0.023248,0.063379,-0.871250,0.081414,9.847778
0.210000,0.090941,0.012738,0.066758,-0.810400,0.058115,9.853676
0.215000,0.085199,0.022454,0.062222,-0.850938,0.048956,9.838231
0.220000,0.087623,0.017632,0.062494,-0.844279,0.041221,9.823628
0.225000,0.095855,0.018365,0.061973,-0.880182,0.057231,9.847635
0.230000,0.087639,0.012921,0.060448,-0.798739,0.102830,9.836883
0.235000,0.086819,0.013478,0.055491,-0.839286,0.059941,9.817874
0.240000,0.085505,0.017175,0.060779,-0.887124,0.114030,9.870420
0.245000,0.084493,0.016578,0.063407,-0.836393,0.059780,9.872609
0.250000,0.090922,0.016713,0.065949,-0.959931,0.108200,9.846693
0.255000,0.086813,0.012822,0.064432,-0.835725,0.095237,9.833389
0.260000,0.090885,0.011309,0.067348,-0.844106,0.081789,9.838422
0.265000,0.084375,0.016562,0.065293,-0.867430,0.075618,9.856006
0.270000,0.089947,0.014106,0.065496,-0.863319,0.113474,9.838048
0.275000,0.087895,0.009830,0.066165,-0.860243,0.124966,9.836409
0.280000,0.087911,0.011052,0.067792,-0.905753,0.085789,9.853520
0.285000,0.091274,0.015015,0.063473,-0.898697,0.113984,9.845685
0.290000,0.091892,0.015957,0.059622,-0.796433,0.110626,9.819728
0.295000,0.091179,0.013852,0.063099,-0.851961,0.150574,9.875743
0.300000,0.082562,0.019907,0.067034,-0.871183,0.103416,9.816703
0.305000,0.086990,0.011878,0.061892,-0.836747,0.141658,9.833766
0.310000,0.088754,0.017834,0.060895,-0.880457,0.161743,9.867001
0.315000,0.087162,0.017129,0.060907,-0.908000,0.110209,9.848939
0.320000,0.084023,0.012090,0.061239,-0.883502,0.108798,9.856116
0.325000,0.088724,0.012020,0.063535,-0.883579,0.157614,9.847593
0.330000,0.091049,0.010084,0.065237,-0.854081,0.133596,9.862256
0.335000,0.081878,0.019636,0.060116,-0.841055,0.113504,9.879105
0.340000,0.084964,0.013664,0.064296,-0.836871,0.140218,9.755391
0.345000,0.083763,0.013649,0.062807,-0.848038,0.183047,9.839802
0.350000,0.081498,0.017159,0.067371,-0.881342,0.218556,9.833596
0.355000,0.082478,0.012448,0.067349,-0.901719,0.216561,9.816995
0.360000,0.088674,0.014457,0.063646,-0.842403,0.115744,9.884445
0.365000,0.085540,0.011105,0.066349,-0.844241,0.186543,9.903530
0.370000,0.088893,0.016491,0.062476,-0.874057,0.183046,9.842840
0.375000,0.086475,0.013827,0.066622,-0.881510,0.158367,9.818349
0.380000,0.082812,0.015974,0.063829,-0.856057,0.132642,9.784880
0.385000,0.082257,0.015804,0.067281,-0.870904,0.150195,9.838928
0.390000,0.084427,0.011237,0.056552,-0.907797,0.171252,9.888171
0.395000,0.085717,0.016382,0.062883,-0.890829,0.062663,9.856404
0.400000,0.086790,0.017378,0.062598,-0.881608,0.161168,9.807043
0.405000,0.082923,0.010959,0.068119,-0.885546,0.161302,9.846412
0.410000,0.085627,0.009873,0.067476,-0.943437,0.181292,9.861934
0.415000,0.080870,0.012892,0.067919,-0.874346,0.139671,9.819961
0.420000,0.088492,0.012610,0.064006,-0.875885,0.214681,9.820378
0.425000,0.083833,0.012051,0.062398,-0.894284,0.234655,9.812423
0.430000,0.090393,0.017167,0.058884,-0.895665,0.208666,9.818456
0.435000,0.082297,0.010723,0.066236,-0.907924,0.255848,9.849807
0.440000,0.084119,0.015689,0.065892,-0.882650,0.193772,9.895352
0.445000,0.086767,0.010637,0.059277,-0.883679,0.172049,9.789278
0.450000,0.083399,0.011998,0.067850,-0.887528,0.233193,9.803805
0.455000,0.084072,0.011432,0.066585,-0.893649,0.235782,9.825280
0.460000,0.085116,0.012210,0.060244,-0.892989,0.204691,9.783108
0.465000,0.086819,0.009785,0.061431,-0.910694,0.221087,9.885292
0.470000,0.083347,0.012194,0.068104,-0.884482,0.251633,9.825583
0.475000,0.086057,0.010508,0.067202,-0.931704,0.198821,9.877765
0.480000,0.083055,0.009510,0.064207,-0.923386,0.264793,9.802052
0.485000,0.083089,0.011533,0.063656,-0.927869,0.201406,9.852113
0.490000,0.080346,0.012336,0.059393,-0.921543,0.231165,9.801610
0.495000,0.085290,0.010246,0.060852,-0.951549,0.185723,9.840530
0.500000,0.079759,0.006112,0.063263,-0.838741,0.243627,9.861710
0.505000,0.083761,0.012460,0.059923,-0.921060,0.245747,9.838109
0.510000,0.082440,0.008018,0.063173,-0.932444,0.167853,9.802635
0.515000,0.084336,0.014591,0.069385,-0.907384,0.269906,9.865533
0.520000,0.080723,0.004731,0.064033,-0.964215,0.236099,9.856361
0.525000,0.078430,0.009825,0.067656,-0.901562,0.263955,9.865143
0.530000,0.087779,0.010087,0.067621,-0.915385,0.234484,9.847209
0.535000,0.080651,0.007817,0.062106,-0.983371,0.256613,9.799674
0.540000,0.082035,0.013790,0.062362,-0.931811,0.296940,9.853801
0.545000,0.085173,0.008278,0.066166,-0.937173,0.238312,9.855123
0.550000,0.080334,0.011548,0.071093,-0.968205,0.238591,9.870664
0.555000,0.081579,0.012634,0.060885,-0.908707,0.259201,9.841095
0.560000,0.082891,0.005393,0.060689,-0.877692,0.275070,9.839898
0.565000,0.081649,0.010026,0.060441,-0.950657,0.307959,9.841070
0.570000,0.084214,0.007043,0.068036,-0.911340,0.285807,9.852817
0.575000,0.079154,0.003165,0.060678,-0.873789,0.312931,9.825772
0.580000,0.080520,0.011775,0.063394,-0.962683,0.314413,9.850319
0.585000,0.073755,0.007628,0.064328,-0.910264,0.283543,9.816755
0.590000,0.080836,0.009355,0.063090,-0.936850,0.319067,9.807253
0.595000,0.080012,0.002279,0.065514,-0.901830,0.300480,9.863006
0.600000,0.082260,0.009302,0.065311,-0.935678,0.322192,9.824843
0.605000,0.076426,0.010726,0.069438,-0.957439,0.286004,9.814562
0.610000,0.079547,0.008217,0.060158,-0.937934,0.247579,9.817903
0.615000,0.077004,0.004804,0.058722,-0.893989,0.309331,9.777250
0.620000,0.078645,0.005871,0.061806,-0.974935,0.319186,9.822723
0.625000,0.081712,0.009364,0.068003,-0.986929,0.351202,9.872488
0.630000,0.081898,0.014836,0.064490,-0.908788,0.279377,9.868280
0.635000,0.080553,0.006234,0.070224,-0.943520,0.304274,9.828156
0.640000,0.077652,0.009082,0.066086,-0.924684,0.235665,9.864139
0.645000,0.078737,0.003741,0.065679,-0.919363,0.277659,9.907898
0.650000,0.076027,0.002092,0.060405,-0.894553,0.306138,9.822389
0.655000,0.079336,0.005402,0.061795,-0.957336,0.335110,9.863990
0.660000,0.076223,0.007810,0.066229,-0.971470,0.301246,9.802061
0.665000,0.075381,0.007299,0.061655,-0.920996,0.317887,9.845408
0.670000,0.078241,0.004989,0.063590,-0.940987,0.300035,9.845653
0.675000,0.081221,0.007269,0.069001,-0.960709,0.339263,9.820420
0.680000,0.079548,0.004205,0.067205,-0.937355,0.361842,9.794526
0.685000,0.077225,0.003917,0.062262,-0.964305,0.324882,9.831818
0.690000,0.078443,0.004829,0.064419,-0.918145,0.303848,9.832190
0.695000,0.078204,0.007800,0.063665,-0.945764,0.303595,9.832642
0.700000,0.075520,0.007842,0.063546,-0.944974,0.308999,9.855931
0.705000,0.080220,0.008780,0.070537,-0.948615,0.374237,9.827932
0.710000,0.079183,0.007191,0.064648,-0.928157,0.331411,9.832703
0.715000,0.079463,0.011238,0.061326,-1.002948,0.328395,9.834001
0.720000,0.078238,0.006171,0.067401,-0.920337,0.343821,9.817046
0.725000,0.076529,0.004724,0.063175,-0.997647,0.333845,9.818215
0.730000,0.076854,0.004930,0.065868,-0.967269,0.336889,9.847049
0.735000,0.076568,0.006241,0.065860,-0.939490,0.359915,9.824727
0.740000,0.079172,0.006018,0.062337,-0.957506,0.318224,9.801603
0.745000,0.071329,0.003350,0.067858,-0.970504,0.380746,9.830177
0.750000,0.074726,0.009304,0.065598,-1.007186,0.390707,9.797867
0.755000,0.076144,0.007192,0.062952,-0.921881,0.384642,9.782635
0.760000,0.075109,0.005933,0.062127,-0.962749,0.388130,9.839276
0.765000,0.073612,0.005509,0.062015,-0.993522,0.332561,9.838213
0.770000,0.076137,0.004900,0.060413,-0.963385,0.337668,9.801644
0.775000,0.075572,0.000632,0.065860,-0.884057,0.384861,9.797981
0.780000,0.075099,0.000014,0.062720,-0.944234,0.391085,9.798148
0.785000,0.076654,0.008048,0.069119,-0.981262,0.349778,9.830566
0.790000,0.066816,0.002883,0.063041,-0.974798,0.330482,9.821400
0.795000,0.073113,0.006647,0.061099,-0.970262,0.373298,9.845628
0.800000,0.067647,0.003250,0.066135,-0.973411,0.336759,9.838233
0.805000,0.076136,0.003359,0.060377,-0.985544,0.375429,9.802003
0.810000,0.069206,0.001760,0.063672,-0.979293,0.384842,9.830614
0.815000,0.077496,0.010577,0.066054,-1.006964,0.309661,9.825105
0.820000,0.074859,0.000377,0.064676,-0.988589,0.403704,9.818009
0.825000,0.075675,-0.001469,0.062546,-0.970781,0.351125,9.884081
0.830000,0.072697,0.007828,0.061869,-0.973958,0.431629,9.836562
0.835000,0.074732,0.004353,0.059765,-0.979476,0.369652,9.833207
0.840000,0.072359,0.003320,0.063633,-0.969606,0.399529,9.807551
0.845000,0.070663,0.001356,0.067081,-0.958011,0.420400,9.868359
0.850000,0.070121,0.004776,0.060643,-0.979980,0.419532,9.875229
0.855000,0.071146,0.002858,0.067339,-1.015354,0.418074,9.817389
0.860000,0.070679,0.003480,0.065657,-0.998726,0.420809,9.831677
0.865000,0.069430,0.007597,0.067143,-0.997860,0.394002,9.849439
0.870000,0.071500,-0.002686,0.067022,-0.972491,0.470996,9.836880
0.875000,0.073389,0.011353,0.063362,-1.001997,0.422838,9.860070
0.880000,0.069149,-0.000099,0.065229,-1.070045,0.385352,9.849703
0.885000,0.070712,-0.002357,0.069659,-1.017117,0.404595,9.814498
0.890000,0.072549,0.001310,0.063641,-0.973747,0.419851,9.828321
0.895000,0.064989,0.003638,0.059673,-1.041137,0.466040,9.786800
0.900000,0.072491,-0.000107,0.061853,-0.962289,0.395294,9.836389
0.905000,0.072919,0.005600,0.062883,-0.946056,0.480496,9.872653
0.910000,0.073359,0.003350,0.072442,-0.911138,0.408003,9.852605
0.915000,0.073230,0.002115,0.064356,-0.964113,0.461241,9.831305
0.920000,0.072266,0.005970,0.064852,-0.963035,0.464938,9.873585
0.925000,0.074749,0.002821,0.064525,-1.016727,0.446097,9.793318
0.930000,0.067817,0.003536,0.063603,-0.966480,0.420623,9.860316
0.935000,0.071141,0.005044,0.065928,-0.976311,0.427165,9.825073
0.940000,0.073013,0.003469,0.060324,-0.951114,0.437185,9.848433
0.945000,0.068255,0.003185,0.061524,-0.978615,0.436735,9.815257
0.950000,0.068466,0.000706,0.058695,-0.956804,0.476592,9.810390
0.955000,0.065843,-0.000879,0.066763,-0.964936,0.440789,9.850441
0.960000,0.066674,-0.000881,0.065348,-0.987174,0.434174,9.748010
0.965000,0.071628,0.001823,0.058698,-0.966876,0.453462,9.831590
0.970000,0.072264,-0.001473,0.066071,-0.964954,0.478774,9.872155
0.975000,0.071219,-0.001044,0.069329,-1.019267,0.444074,9.793994
0.980000,0.068748,0.003782,0.067831,-0.972715,0.441693,9.806173
0.985000,0.067059,0.003289,0.061222,-0.961252,0.461008,9.827797
0.990000,0.073216,-0.001101,0.068930,-1.030033,0.439247,9.775138
0.995000,0.066251,0.001968,0.066162,-0.979103,0.473998,9.787144
1.000000,0.064321,0.001026,0.067996,-0.999781,0.429916,9.776201
1.005000,0.066069,0.004747,0.063334,-1.020541,0.451668,9.807550
1.010000,0.068717,-0.002077,0.061291,-0.995583,0.485983,9.843425
1.015000,0.069379,-0.001576,0.058880,-1.014432,0.482409,9.781762
1.020000,0.068293,-0.002079,0.062223,-0.957420,0.482404,9.862737
1.025000,0.064524,0.002977,0.066701,-1.081378,0.475141,9.867756
1.030000,0.069481,-0.001845,0.063280,-1.031137,0.485916,9.767554
1.035000,0.063906,0.002730,0.063921,-1.003461,0.478481,9.903466
1.040000,0.069862,-0.003060,0.068987,-0.995729,0.505772,9.803472
1.045000,0.063747,0.001566,0.061685,-1.017005,0.512430,9.786071
1.050000,0.062105,0.000689,0.058116,-1.016613,0.476431,9.780437
1.055000,0.062813,0.000945,0.064878,-1.022923,0.505182,9.866238
1.060000,0.062119,-0.000975,0.069935,-0.976701,0.515588,9.814520
1.065000,0.063373,0.002165,0.065971,-0.997061,0.479107,9.767958
1.070000,0.066035,-0.003447,0.063620,-0.975859,0.519540,9.841825
1.075000,0.072132,0.002017,0.061782,-1.021006,0.566648,9.800222
1.080000,0.065033,0.003649,0.069171,-0.998558,0.505917,9.770937
1.085000,0.062238,-0.002788,0.064013,-1.007075,0.505074,9.885639
1.090000,0.066153,-0.000873,0.064041,-1.002984,0.539332,9.789990
1.095000,0.064180,-0.005193,0.064302,-0.994701,0.531788,9.855527
1.100000,0.066341,0.002854,0.068811,-0.989252,0.517194,9.761380
1.105000,0.065108,-0.002135,0.058986,-1.012089,0.536529,9.782177
1.110000,0.067820,-0.000802,0.063371,-1.003847,0.534507,9.776271
1.115000,0.069857,-0.004774,0.061766,-0.963377,0.535106,9.858848
1.120000,0.066666,-0.001312,0.060239,-1.014604,0.519143,9.818445
1.125000,0.057162,0.000585,0.069267,-0.956908,0.484432,9.831915
1.130000,0.056732,0.002414,0.058259,-0.988922,0.551613,9.857451
1.135000,0.063934,-0.007040,0.063781,-1.009689,0.529546,9.848221
1.140000,0.064679,0.003494,0.066074,-1.013699,0.569146,9.809031
1.145000,0.063328,-0.002436,0.057217,-0.994120,0.530671,9.812054
1.150000,0.061847,-0.006939,0.064350,-0.957722,0.518403,9.802561
1.155000,0.060236,0.002858,0.060043,-0.977840,0.528788,9.875732
1.160000,0.065780,-0.003566,0.059490,-0.960673,0.570902,9.784840
1.165000,0.063869,-0.005811,0.061792,-1.052209,0.556853,9.826003
1.170000,0.062903,0.000841,0.066133,-0.986755,0.553041,9.785815
1.175000,0.061102,-0.007243,0.061433,-1.007404,0.564108,9.879383
1.180000,0.057734,-0.003213,0.063926,-0.989183,0.551402,9.828394
1.185000,0.057872,-0.002657,0.066823,-1.020748,0.594945,9.810360
1.190000,0.058656,-0.003060,0.063379,-1.046701,0.536475,9.865166
1.195000,0.066348,-0.005758,0.066874,-1.002044,0.547428,9.855204
1.200000,0.062679,-0.003702,0.061379,-1.040069,0.538633,9.826780
1.205000,0.061414,-0.001927,0.067110,-1.078765,0.569290,9.785538
1.210000,0.063027,-0.003371,0.066070,-1.023218,0.552290,9.760836
1.215000,0.062751,-0.005482,0.056418,-0.975458,0.595728,9.790461
1.220000,0.062883,-0.006847,0.057392,-1.018346,0.556813,9.820644
1.225000,0.059335,-0.003817,0.064848,-1.014391,0.530584,9.808557
1.230000,0.057747,-0.005724,0.060897,-1.024483,0.552678,9.825709
1.235000,0.058388,-0.005474,0.065816,-0.984061,0.572191,9.763825
1.240000,0.056991,-0.002915,0.065765,-0.988385,0.562786,9.790613
1.245000,0.061801,-0.009219,0.067184,-1.009549,0.510734,9.804232
1.250000,0.061520,-0.007014,0.060602,-1.017994,0.531920,9.778498
1.255000,0.058997,-0.002963,0.062585,-0.993889,0.546390,9.812924
1.260000,0.057829,-0.000987,0.065770,-1.039833,0.575005,9.809181
1.265000,0.055834,-0.008095,0.064176,-1.011920,0.548985,9.773985
1.270000,0.051885,-0.005300,0.064797,-0.944873,0.557201,9.846265
1.275000,0.060365,-0.005976,0.064500,-1.023507,0.617316,9.770273
1.280000,0.056432,-0.001750,0.063954,-1.027979,0.572539,9.831241
1.285000,0.058025,-0.005166,0.066535,-0.982714,0.533827,9.803971
1.290000,0.058703,-0.004654,0.064996,-0.991139,0.597070,9.789504
1.295000,0.052183,-0.009690,0.069876,-1.043169,0.562930,9.809590
1.300000,0.058727,-0.011553,0.064189,-0.975321,0.604866,9.827343
1.305000,0.054620,-0.001174,0.059299,-0.982535,0.588107,9.832705
1.310000,0.055969,-0.005941,0.067115,-1.046761,0.536898,9.819760
1.315000,0.055096,-0.006175,0.069101,-1.029750,0.598257,9.826332
1.320000,0.061806,-0.010982,0.062700,-1.026269,0.616748,9.790115
1.325000,0.059447,-0.002090,0.066943,-0.999633,0.531848,9.820093
1.330000,0.049948,-0.008082,0.064963,-1.022204,0.608451,9.810669
1.335000,0.049360,-0.010283,0.060540,-1.022608,0.618737,9.829634
1.340000,0.054789,-0.011069,0.071477,-1.014135,0.655190,9.788358
1.345000,0.051832,0.000477,0.061153,-1.000893,0.573900,9.789898
1.350000,0.059782,-0.010444,0.067078,-0.980486,0.555046,9.757304
1.355000,0.047720,-0.009940,0.065062,-1.003707,0.581071,9.810984
1.360000,0.055747,-0.005346,0.065538,-1.032429,0.611403,9.819502
1.365000,0.050344,-0.009491,0.068096,-0.958703,0.573508,9.751648
1.370000,0.054112,-0.010579,0.066616,-1.025482,0.657600,9.817283
1.375000,0.054819,-0.011624,0.055969,-1.010276,0.599874,9.835451
1.380000,0.050209,-0.011964,0.059634,-0.997869,0.614617,9.787497
1.385000,0.050047,-0.010383,0.058758,-1.008612,0.619972,9.806999
1.390000,0.047123,-0.008903,0.068545,-0.950804,0.603936,9.789961
1.395000,0.045193,-0.013056,0.064194,-1.008039,0.604825,9.805671
1.400000,0.046278,-0.013257,0.064911,-1.039654,0.637523,9.769726
1.405000,0.055727,-0.010637,0.065147,-1.008321,0.589299,9.753023
1.410000,0.048976,-0.004180,0.060643,-1.070373,0.594285,9.800990
1.415000,0.046301,-0.011115,0.063051,-1.027584,0.606956,9.834498
1.420000,0.051097,-0.007942,0.069543,-0.982421,0.515898,9.802341
1.425000,0.044962,-0.011145,0.066825,-1.021393,0.591632,9.852684
1.430000,0.044936,-0.009469,0.066167,-1.014705,0.570776,9.812437
1.435000,0.051624,-0.008226,0.065482,-1.006271,0.610909,9.775818
1.440000,0.048029,-0.008115,0.055194,-0.992839,0.618146,9.780472
1.445000,0.046471,-0.010129,0.065787,-1.026830,0.644192,9.825335
1.450000,0.046103,-0.011041,0.065238,-0.993807,0.630731,9.809958
1.455000,0.048664,-0.009813,0.067030,-1.045289,0.629554,9.757260
1.460000,0.049321,-0.009079,0.064572,-1.079717,0.659598,9.839732
1.465000,0.047796,-0.008582,0.061764,-1.000403,0.660516,9.777386
1.470000,0.055549,-0.011379,0.067073,-1.040581,0.626532,9.774460
1.475000,0.045245,-0.010864,0.062633,-1.023061,0.645194,9.774317
1.480000,0.043384,-0.010147,0.062917,-1.045946,0.620962,9.795651
1.485000,0.047730,-0.010518,0.064015,-1.017890,0.648773,9.851959
1.490000,0.045992,-0.013599,0.060094,-1.082855,0.583861,9.786921
1.495000,0.046062,-0.016261,0.068926,-0.983939,0.657548,9.797060
1.500000,0.046700,-0.013572,0.069295,-1.052229,0.605827,9.855107
1.505000,0.053185,-0.011115,0.063412,-1.091040,0.673581,9.821609
1.510000,0.039811,-0.008336,0.066506,-1.026440,0.606554,9.834227
1.515000,0.045912,-0.009600,0.068353,-0.979988,0.647115,9.829844
1.520000,0.041122,-0.014517,0.067138,-0.996338,0.640845,9.837458
1.525000,0.043040,-0.009587,0.061725,-1.013848,0.654168,9.791906
1.530000,0.050306,-0.007990,0.068818,-1.022013,0.585598,9.791220
1.535000,0.045848,-0.012339,0.066875,-1.011118,0.610542,9.840171
1.540000,0.047992,-0.013809,0.066256,-1.010882,0.637617,9.808989
1.545000,0.039923,-0.007495,0.061599,-1.041641,0.649825,9.817478
1.550000,0.041037,-0.013806,0.064263,-1.028542,0.650468,9.777126
1.555000,0.044258,-0.007352,0.065352,-1.042040,0.610305,9.813334
1.560000,0.041038,-0.008351,0.059237,-0.966148,0.572159,9.810768
1.565000,0.039405,-0.009704,0.062445,-1.049229,0.623611,9.799643
1.570000,0.036590,-0.010912,0.057599,-0.979861,0.624801,9.840539
1.575000,0.040335,-0.014765,0.066741,-1.032584,0.589155,9.809314
1.580000,0.037747,-0.012535,0.068933,-0.986084,0.636508,9.806933
1.585000,0.040668,-0.014520,0.065870,-1.019598,0.625860,9.819987
1.590000,0.035304,-0.006848,0.066705,-1.056567,0.641610,9.777994
1.595000,0.039481,-0.015513,0.068100,-1.072262,0.628363,9.762378
1.600000,0.040777,-0.013892,0.060614,-0.971329,0.686723,9.794908
1.605000,0.042143,-0.013496,0.065574,-0.968433,0.632575,9.865585
1.610000,0.039451,-0.013440,0.070521,-1.006010,0.580479,9.818551
1.615000,0.036208,-0.018258,0.062035,-1.004348,0.608829,9.769757
1.620000,0.038652,-0.012167,0.062784,-1.053183,0.577830,9.788499
1.625000,0.042062,-0.010485,0.067252,-1.019102,0.647661,9.849807
1.630000,0.036660,-0.012510,0.059279,-0.993222,0.631008,9.777099
1.635000,0.041321,-0.017046,0.062300,-0.967428,0.613906,9.792082
1.640000,0.036689,-0.011469,0.059404,-0.975857,0.638722,9.802251
1.645000,0.035784,-0.014370,0.069332,-1.006814,0.618772,9.801333
1.650000,0.039813,-0.013788,0.064159,-0.994888,0.658294,9.779421
1.655000,0.032200,-0.012653,0.070513,-1.037467,0.643934,9.852374
1.660000,0.042898,-0.014070,0.068700,-0.990140,0.632181,9.751188
1.665000,0.034685,-0.013268,0.066218,-1.027535,0.623805,9.763745
1.670000,0.032107,-0.014853,0.060246,-1.012724,0.626266,9.798973
1.675000,0.043257,-0.014453,0.063949,-1.017268,0.606653,9.851938
1.680000,0.039158,-0.016304,0.065678,-1.032008,0.663397,9.771481
1.685000,0.037150,-0.010315,0.066338,-1.029349,0.680637,9.870294
1.690000,0.038273,-0.014637,0.062603,-0.998358,0.710435,9.751280
1.695000,0.038744,-0.014596,0.069559,-1.015041,0.588468,9.871541
1.700000,0.032066,-0.012749,0.064646,-1.012160,0.658109,9.795434
1.705000,0.035835,-0.014338,0.067444,-1.006986,0.664131,9.851669
1.710000,0.032300,-0.015161,0.066484,-0.979433,0.653241,9.814819
1.715000,0.033702,-0.011761,0.064095,-0.989690,0.652659,9.812780
1.720000,0.030798,-0.015422,0.064980,-1.054504,0.634057,9.798257
1.725000,0.029611,-0.019354,0.069487,-1.040638,0.631114,9.770019
1.730000,0.037609,-0.013059,0.066043,-1.006948,0.642590,9.803380
1.735000,0.031634,-0.013949,0.067175,-0.981827,0.719334,9.833149
1.740000,0.035289,-0.013023,0.060482,-1.008789,0.613002,9.859275
1.745000,0.031635,-0.010826,0.068302,-1.025218,0.609082,9.778262
1.750000,0.035959,-0.017219,0.060684,-1.015107,0.710142,9.860286
1.755000,0.031152,-0.015442,0.066976,-1.052449,0.643848,9.799874
1.760000,0.033511,-0.018007,0.060955,-0.998052,0.641039,9.775229
1.765000,0.028350,-0.017256,0.069510,-1.012712,0.692945,9.744713
1.770000,0.029238,-0.020471,0.064343,-0.984062,0.644797,9.774794
1.775000,0.034324,-0.019094,0.065995,-1.026804,0.677134,9.800656
1.780000,0.033593,-0.015055,0.071851,-1.008941,0.632777,9.777364
1.785000,0.029142,-0.015903,0.063055,-0.960642,0.668452,9.782923
1.790000,0.029271,-0.019054,0.065741,-1.036643,0.701295,9.801582
1.795000,0.029674,-0.014480,0.062971,-1.005588,0.716985,9.824645
1.800000,0.030992,-0.018789,0.062243,-0.952741,0.658786,9.869291
1.805000,0.027784,-0.013705,0.064620,-0.992356,0.700450,9.825640
1.810000,0.031969,-0.022269,0.063864,-0.943167,0.657422,9.821996
1.815000,0.028796,-0.019555,0.060773,-1.038403,0.715108,9.810110
1.820000,0.025444,-0.020513,0.067886,-1.032202,0.646195,9.779030
1.825000,0.024957,-0.012964,0.064853,-1.013064,0.647224,9.833950
1.830000,0.028642,-0.017144,0.065696,-1.013765,0.651141,9.760579
1.835000,0.026706,-0.011641,0.061576,-1.002535,0.675929,9.848498
1.840000,0.035880,-0.019432,0.062673,-0.970476,0.672524,9.872920
1.845000,0.029804,-0.020358,0.064724,-0.989200,0.681420,9.778759
1.850000,0.021578,-0.023273,0.067175,-1.006093,0.611608,9.796313
1.855000,0.021262,-0.019362,0.062738,-1.017834,0.664364,9.818374
1.860000,0.026975,-0.014807,0.072546,-0.975129,0.661436,9.835512
1.865000,0.024336,-0.021270,0.062739,-0.991505,0.704498,9.879736
1.870000,0.030213,-0.016809,0.063298,-0.997559,0.683854,9.809405
1.875000,0.031550,-0.021472,0.063230,-0.988034,0.727949,9.758753
1.880000,0.023145,-0.015259,0.063345,-0.937234,0.643282,9.845369
1.885000,0.025140,-0.017854,0.062284,-1.046759,0.691365,9.797385
1.890000,0.022369,-0.022658,0.062266,-0.957537,0.640579,9.797057
1.895000,0.030746,-0.020749,0.065394,-0.986659,0.659526,9.792756
1.900000,0.028403,-0.018603,0.063532,-1.038798,0.633811,9.782733
1.905000,0.017819,-0.016150,0.065736,-0.980683,0.626099,9.798987
1.910000,0.023287,-0.019555,0.064821,-1.033669,0.701532,9.834921
1.915000,0.023951,-0.016795,0.069073,-0.954038,0.673768,9.804243
1.920000,0.022007,-0.017328,0.063354,-1.022789,0.685597,9.829452
1.925000,0.025076,-0.022659,0.066370,-0.967447,0.654646,9.805794
1.930000,0.021991,-0.015663,0.068180,-1.034640,0.623483,9.833420
1.935000,0.021965,-0.018733,0.066284,-0.963646,0.620387,9.797561
1.940000,0.023076,-0.019737,0.062652,-1.009255,0.651623,9.815418
1.945000,0.024144,-0.021376,0.065046,-1.055767,0.637394,9.869749
1.950000,0.016617,-0.016566,0.064621,-1.051333,0.712975,9.852766
1.955000,0.019969,-0.018167,0.064457,-0.990399,0.674237,9.807399
1.960000,0.022771,-0.019721,0.063965,-0.982532,0.653624,9.818431
1.965000,0.019425,-0.020696,0.070345,-1.010507,0.625329,9.862329
1.970000,0.021511,-0.023049,0.064803,-1.017777,0.697327,9.835994
1.975000,0.022237,-0.020546,0.059411,-1.025442,0.677681,9.735037
1.980000,0.019831,-0.024392,0.067470,-0.995194,0.700861,9.824907
1.985000,0.020127,-0.024345,0.067463,-0.917375,0.617714,9.784160
1.990000,0.024496,-0.019999,0.064701,-0.964746,0.678923,9.795388
1.995000,0.017216,-0.019078,0.066628,-0.955322,0.688471,9.796644
2.000000,0.023510,-0.024523,0.064247,-1.010578,0.626719,9.833840
2.005000,0.015496,-0.023915,0.068444,-0.960574,0.649997,9.776020
2.010000,0.018058,-0.026765,0.062594,-0.997594,0.663769,9.798706
2.015000,0.017652,-0.017934,0.067515,-0.944010,0.695255,9.822425
2.020000,0.014163,-0.026198,0.065581,-0.997065,0.640187,9.827860
2.025000,0.021193,-0.022503,0.065909,-1.000630,0.647422,9.874884
2.030000,0.013467,-0.022891,0.064319,-0.986927,0.699275,9.845594
2.035000,0.016532,-0.019146,0.063370,-0.972364,0.721084,9.798561
2.040000,0.017284,-0.018129,0.063151,-0.980503,0.658055,9.782490
2.045000,0.017597,-0.025266,0.070654,-0.981206,0.660984,9.817335
2.050000,0.016409,-0.023440,0.065867,-0.998458,0.652082,9.832033
2.055000,0.009407,-0.025350,0.065730,-0.970325,0.655114,9.820422
2.060000,0.014483,-0.028642,0.068534,-0.971934,0.637862,9.860699
2.065000,0.017279,-0.025045,0.069041,-0.963175,0.691190,9.798513
2.070000,0.013292,-0.025745,0.064107,-1.048105,0.698566,9.781271
2.075000,0.016386,-0.027280,0.066089,-1.013844,0.665173,9.768812
2.080000,0.012617,-0.021515,0.066389,-0.972298,0.639721,9.751028
2.085000,0.011428,-0.025135,0.070193,-0.959695,0.674660,9.799590
2.090000,0.011635,-0.021789,0.064648,-0.986233,0.722383,9.787714
2.095000,0.012693,-0.024568,0.063818,-1.017813,0.702686,9.774920
2.100000,0.010529,-0.023159,0.062050,-0.979475,0.656474,9.810317
2.105000,0.012547,-0.028261,0.064141,-0.935595,0.698734,9.800124
2.110000,0.015936,-0.026964,0.061705,-1.033972,0.630059,9.831472
2.115000,0.011420,-0.019267,0.068324,-0.983400,0.656370,9.811328
2.120000,0.015108,-0.025513,0.065770,-0.994150,0.701639,9.807464
2.125000,0.009885,-0.029028,0.068720,-0.989146,0.660161,9.805756
2.130000,0.010980,-0.030524,0.063476,-1.003207,0.727208,9.858610
2.135000,0.012568,-0.017224,0.069670,-1.010338,0.622872,9.826375
2.140000,0.010760,-0.024157,0.063371,-0.913924,0.650455,9.852083
2.145000,0.015061,-0.026655,0.067583,-0.920787,0.704283,9.841167
2.150000,0.011716,-0.024771,0.069668,-0.950366,0.663800,9.804572
2.155000,0.006053,-0.025635,0.071463,-0.981643,0.640358,9.811674
2.160000,0.009187,-0.026900,0.067807,-0.956633,0.694592,9.837082
2.165000,0.010099,-0.031639,0.066476,-0.985267,0.690937,9.821383
2.170000,0.006966,-0.027067,0.062288,-0.981360,0.667548,9.854689
2.175000,0.010527,-0.023116,0.068573,-0.973899,0.701162,9.778919
2.180000,0.009052,-0.027229,0.060011,-0.913671,0.597100,9.840298
2.185000,0.013776,-0.026369,0.065569,-1.019650,0.648987,9.863294
2.190000,0.006544,-0.028790,0.058975,-0.923356,0.668274,9.810856
2.195000,0.010953,-0.027566,0.064928,-0.897441,0.628459,9.828777
2.200000,0.008209,-0.025788,0.065956,-0.999591,0.650636,9.812946
2.205000,0.005246,-0.028688,0.062939,-0.983899,0.666436,9.821467
2.210000,0.011933,-0.024485,0.064166,-0.975009,0.648365,9.810028
2.215000,0.006692,-0.020578,0.065503,-0.954090,0.617183,9.775668
2.220000,0.005988,-0.027760,0.066571,-0.916549,0.636984,9.800305
2.225000,0.009044,-0.027922,0.066145,-0.959633,0.708028,9.770507
2.230000,0.003360,-0.024769,0.069460,-0.986533,0.686360,9.807030
2.235000,0.003358,-0.028719,0.067048,-0.940317,0.624081,9.827501
2.240000,0.004105,-0.030513,0.071069,-0.983069,0.652718,9.786539
2.245000,0.003671,-0.026769,0.066485,-0.983939,0.645352,9.832147
2.250000,0.009132,-0.024753,0.069226,-0.933414,0.628228,9.811963
2.255000,0.007113,-0.029316,0.062650,-0.952891,0.592983,9.798507
2.260000,0.000689,-0.028598,0.069958,-0.881170,0.664584,9.793328
2.265000,0.006016,-0.026205,0.064220,-0.923476,0.631543,9.804933
2.270000,0.003709,-0.025516,0.064929,-0.938409,0.590413,9.831254
2.275000,0.001816,-0.029247,0.058463,-0.991694,0.592162,9.840820
2.280000,0.000200,-0.026965,0.068023,-0.963758,0.612926,9.859144
2.285000,0.003466,-0.031588,0.067494,-0.966422,0.656906,9.847788
2.290000,-0.000056,-0.026521,0.057025,-0.929231,0.583354,9.898944
2.295000,0.003172,-0.029943,0.069465,-0.968310,0.644916,9.814806
2.300000,0.001828,-0.029886,0.067386,-0.966099,0.643889,9.842385
2.305000,-0.000247,-0.025806,0.067534,-0.951891,0.624255,9.822244
2.310000,-0.000105,-0.029960,0.065685,-0.948509,0.642027,9.866481
2.315000,0.003704,-0.025975,0.067641,-0.959367,0.606141,9.817241
2.320000,0.004242,-0.025032,0.061721,-0.993584,0.687331,9.867000
2.325000,-0.001481,-0.028966,0.066251,-0.906366,0.621559,9.842186
2.330000,0.000936,-0.027938,0.069269,-0.934158,0.596859,9.851689
2.335000,-0.001632,-0.026251,0.066906,-0.966990,0.642039,9.805751
2.340000,0.000356,-0.030263,0.069148,-0.958087,0.622435,9.803991
2.345000,-0.003121,-0.029964,0.066766,-0.918995,0.634060,9.811523
2.350000,-0.005701,-0.026433,0.064606,-0.922871,0.599628,9.870790
2.355000,0.000766,-0.032030,0.067178,-0.893682,0.625323,9.774514
2.360000,-0.000222,-0.023927,0.061348,-0.902286,0.622665,9.823009
2.365000,-0.001301,-0.029537,0.068733,-0.967029,0.626086,9.797868
2.370000,-0.003693,-0.020760,0.063612,-0.917682,0.636861,9.768530
2.375000,-0.005886,-0.035231,0.065696,-0.969639,0.599746,9.780268
2.380000,-0.000709,-0.028096,0.070619,-0.934521,0.647787,9.860405
2.385000,0.003264,-0.033740,0.063733,-0.957715,0.583014,9.848146
2.390000,-0.001111,-0.034289,0.062912,-0.917911,0.608819,9.833781
2.395000,-0.004086,-0.027019,0.069554,-0.981249,0.663203,9.812654
2.400000,-0.007264,-0.028494,0.063240,-0.963097,0.611098,9.868144
2.405000,-0.009598,-0.033531,0.061109,-0.960543,0.615912,9.787914
2.410000,-0.003497,-0.030193,0.068354,-0.865816,0.589623,9.813281
2.415000,-0.006523,-0.031971,0.067402,-0.904434,0.602996,9.867863
2.420000,-0.005808,-0.031066,0.063527,-0.901396,0.639431,9.828199
2.425000,-0.011735,-0.031553,0.067981,-0.932955,0.613031,9.843696
2.430000,-0.011016,-0.028541,0.060524,-0.916567,0.632043,9.813466
2.435000,-0.004438,-0.029547,0.064614,-0.931156,0.637760,9.837925
2.440000,-0.004320,-0.029899,0.064505,-0.949120,0.581839,9.788860
2.445000,-0.012430,-0.033005,0.063515,-0.914463,0.604457,9.840341
2.450000,-0.003308,-0.034280,0.065470,-0.926791,0.583913,9.793565
2.455000,-0.006788,-0.030650,0.065393,-0.897470,0.618276,9.859916
2.460000,-0.007118,-0.031084,0.069591,-0.926257,0.621573,9.859637
2.465000,-0.004821,-0.029150,0.068108,-0.920733,0.636023,9.814903
2.470000,-0.009071,-0.032386,0.067862,-0.862942,0.644894,9.868434
2.475000,-0.006015,-0.031384,0.063637,-0.927674,0.608206,9.881631
2.480000,-0.006635,-0.030835,0.067987,-0.949334,0.582947,9.846126
2.485000,-0.005581,-0.033835,0.067923,-0.964541,0.616617,9.873677
2.490000,-0.009532,-0.034003,0.074276,-0.905518,0.641709,9.811580
2.495000,-0.012777,-0.036849,0.069241,-0.955668,0.539044,9.812881
2.500000,-0.010657,-0.033188,0.062535,-0.929086,0.599319,9.773519
2.505000,-0.009477,-0.030646,0.070378,-0.890120,0.631012,9.840756
2.510000,-0.005567,-0.032183,0.072523,-0.884714,0.578242,9.837481
2.515000,-0.015554,-0.029034,0.065444,-0.864638,0.659901,9.832473
2.520000,-0.010493,-0.033222,0.067386,-0.834038,0.630791,9.839625
2.525000,-0.007705,-0.039045,0.066641,-0.984321,0.624635,9.767542
2.530000,-0.009522,-0.035681,0.073949,-0.936271,0.579666,9.883607
2.535000,-0.010112,-0.032451,0.065585,-0.894393,0.565657,9.828086
2.540000,-0.011852,-0.030982,0.066520,-0.870717,0.542137,9.875599
2.545000,-0.010626,-0.028357,0.067875,-0.898048,0.589570,9.798899
2.550000,-0.012955,-0.032817,0.066685,-0.942974,0.598637,9.803632
2.555000,-0.013198,-0.030923,0.064164,-0.896511,0.569275,9.850169
2.560000,-0.016287,-0.038232,0.060062,-0.826349,0.601371,9.882735
2.565000,-0.014229,-0.030311,0.064951,-0.928377,0.604986,9.825584
2.570000,-0.012604,-0.032522,0.068063,-0.895737,0.508825,9.799006
2.575000,-0.011963,-0.028039,0.066185,-0.846818,0.505328,9.879581
2.580000,-0.017343,-0.037020,0.065392,-0.878161,0.539205,9.864993
2.585000,-0.018538,-0.033672,0.063642,-0.879507,0.513107,9.805963
2.590000,-0.018234,-0.031451,0.059576,-0.832823,0.556721,9.841270
2.595000,-0.022405,-0.036671,0.068809,-0.838577,0.540864,9.869791
2.600000,-0.014512,-0.032454,0.065660,-0.836970,0.517828,9.855316
2.605000,-0.010699,-0.032172,0.065438,-0.865721,0.575347,9.828019
2.610000,-0.012377,-0.030550,0.062217,-0.824317,0.567496,9.831393
2.615000,-0.013081,-0.036980,0.067705,-0.888713,0.563323,9.848374
2.620000,-0.016070,-0.035762,0.069917,-0.860492,0.577765,9.863537
2.625000,-0.022675,-0.032149,0.073223,-0.907540,0.636734,9.783524
2.630000,-0.018772,-0.032953,0.064509,-0.902019,0.564176,9.850583
2.635000,-0.014330,-0.035891,0.060217,-0.856938,0.596829,9.823866
2.640000,-0.014865,-0.039263,0.064136,-0.908504,0.559217,9.802799
2.645000,-0.012529,-0.033735,0.066434,-0.850227,0.593019,9.849847
2.650000,-0.020279,-0.035109,0.064995,-0.854330,0.541429,9.840551
2.655000,-0.014891,-0.037865,0.065861,-0.876270,0.533091,9.915434
2.660000,-0.014804,-0.037544,0.064377,-0.857804,0.587697,9.835836
2.665000,-0.016026,-0.040907,0.067517,-0.827057,0.552886,9.820089
2.670000,-0.015520,-0.038714,0.065457,-0.847164,0.519080,9.918932
2.675000,-0.019693,-0.041899,0.069616,-0.853474,0.543505,9.854425
2.680000,-0.017465,-0.036263,0.068387,-0.851163,0.571709,9.825612
2.685000,-0.020795,-0.034149,0.068430,-0.862334,0.544270,9.868970
2.690000,-0.022466,-0.039738,0.068706,-0.848838,0.518463,9.831955
2.695000,-0.022466,-0.037806,0.070281,-0.857738,0.504391,9.856442
2.700000,-0.018881,-0.036529,0.066099,-0.842921,0.559026,9.837970
2.705000,-0.022431,-0.037129,0.069241,-0.833614,0.521491,9.926350
2.710000,-0.013473,-0.039701,0.069389,-0.885446,0.533648,9.887978
2.715000,-0.018952,-0.040223,0.067851,-0.927873,0.482940,9.842670
2.720000,-0.024019,-0.032006,0.066697,-0.814678,0.532240,9.846945
2.725000,-0.021290,-0.030935,0.071148,-0.885282,0.519094,9.892690
2.730000,-0.026593,-0.031414,0.068197,-0.881054,0.458401,9.844158
2.735000,-0.017112,-0.036324,0.067955,-0.834541,0.515841,9.854526
2.740000,-0.024490,-0.038844,0.063519,-0.859067,0.510119,9.848459
2.745000,-0.023909,-0.042192,0.062972,-0.854587,0.535365,9.834426
2.750000,-0.021965,-0.041932,0.069855,-0.859079,0.493436,9.844525
2.755000,-0.022050,-0.038090,0.068265,-0.896915,0.512722,9.869445
2.760000,-0.022228,-0.038359,0.067259,-0.789916,0.479944,9.851725
2.765000,-0.023551,-0.035509,0.062857,-0.793245,0.538061,9.913684
2.770000,-0.023952,-0.039504,0.060888,-0.854137,0.471923,9.784036
2.775000,-0.027055,-0.038579,0.065775,-0.761103,0.554837,9.850508
2.780000,-0.022558,-0.039020,0.065033,-0.822361,0.502773,9.892913
2.785000,-0.022725,-0.041089,0.061800,-0.831207,0.540290,9.813768
2.790000,-0.028032,-0.030871,0.066359,-0.844580,0.576848,9.836575
2.795000,-0.028892,-0.037923,0.062520,-0.880847,0.529177,9.828933
2.800000,-0.024293,-0.041590,0.065542,-0.868828,0.469925,9.898440
2.805000,-0.023775,-0.036315,0.066198,-0.841003,0.495454,9.833255
2.810000,-0.024738,-0.038737,0.066852,-0.748910,0.494155,9.813795
2.815000,-0.021764,-0.041643,0.063149,-0.773493,0.505610,9.816408
2.820000,-0.026502,-0.034391,0.063538,-0.820004,0.563525,9.843145
2.825000,-0.032066,-0.039874,0.065412,-0.840683,0.540730,9.853563
2.830000,-0.027197,-0.037147,0.066724,-0.881542,0.506519,9.864042
2.835000,-0.026397,-0.036706,0.069602,-0.780581,0.436118,9.825019
2.840000,-0.030889,-0.040385,0.067341,-0.874555,0.502007,9.802521
2.845000,-0.031077,-0.042772,0.064752,-0.809969,0.418124,9.895047
2.850000,-0.031249,-0.032715,0.061610,-0.792300,0.494843,9.841471
2.855000,-0.032905,-0.040704,0.070092,-0.791068,0.501457,9.893488
2.860000,-0.027405,-0.039577,0.068838,-0.794490,0.514865,9.863306
2.865000,-0.027287,-0.036447,0.066215,-0.846533,0.470357,9.852218
2.870000,-0.025993,-0.037617,0.064709,-0.805657,0.460323,9.834677
2.875000,-0.027188,-0.042803,0.069397,-0.821468,0.480084,9.837754
2.880000,-0.031871,-0.041651,0.068736,-0.860692,0.468493,9.830701
2.885000,-0.031659,-0.034384,0.064093,-0.830452,0.416387,9.794163
2.890000,-0.031115,-0.042002,0.068264,-0.800835,0.433304,9.894581
2.895000,-0.027345,-0.039980,0.068537,-0.754093,0.470228,9.834373
2.900000,-0.030544,-0.039608,0.067013,-0.769669,0.465747,9.801481
2.905000,-0.033549,-0.043420,0.067239,-0.810663,0.464585,9.836471
2.910000,-0.033584,-0.037260,0.067379,-0.808340,0.401895,9.812963
2.915000,-0.035203,-0.040586,0.063289,-0.767611,0.471823,9.846872
2.920000,-0.034455,-0.042001,0.067032,-0.797628,0.440937,9.887267
2.925000,-0.033199,-0.040998,0.067815,-0.788679,0.477478,9.837569
2.930000,-0.034735,-0.038701,0.066530,-0.771585,0.464443,9.873808
2.935000,-0.035573,-0.041056,0.064523,-0.807886,0.444216,9.898334
2.940000,-0.026631,-0.043324,0.066013,-0.816556,0.414837,9.845006
2.945000,-0.038009,-0.039867,0.062746,-0.796182,0.411982,9.873759
2.950000,-0.030990,-0.039222,0.065942,-0.837744,0.401839,9.866902
2.955000,-0.035468,-0.042088,0.067658,-0.724590,0.408953,9.866841
2.960000,-0.035597,-0.044594,0.065075,-0.794079,0.415912,9.869407
2.965000,-0.034999,-0.047492,0.067685,-0.770582,0.383595,9.834123
2.970000,-0.035822,-0.039361,0.065344,-0.754989,0.401579,9.880234
2.975000,-0.034615,-0.042597,0.068589,-0.758127,0.439214,9.851078
2.980000,-0.031724,-0.037991,0.065149,-0.777282,0.374099,9.834733
2.985000,-0.032187,-0.044527,0.067077,-0.780145,0.466519,9.859627
2.990000,-0.040982,-0.043017,0.067335,-0.759268,0.428756,9.893816
2.995000,-0.034835,-0.047519,0.064142,-0.769636,0.391903,9.866401
3.000000,-0.034984,-0.037088,0.063936,-0.810520,0.372382,9.841946
3.005000,-0.034576,-0.042484,0.063977,-0.806191,0.400549,9.875078
3.010000,-0.032972,-0.038357,0.068168,-0.762290,0.386470,9.866070
3.015000,-0.032107,-0.041866,0.068266,-0.769807,0.416954,9.829214
3.020000,-0.040641,-0.045228,0.060178,-0.742551,0.471808,9.850990
3.025000,-0.039419,-0.041298,0.070797,-0.764094,0.436369,9.857222
3.030000,-0.036578,-0.047001,0.067054,-0.793177,0.363955,9.810766
3.035000,-0.035712,-0.035683,0.063834,-0.771808,0.382084,9.871256
3.040000,-0.034802,-0.042736,0.064788,-0.816091,0.409399,9.860656
3.045000,-0.043413,-0.046235,0.063021,-0.773994,0.360995,9.881864
3.050000,-0.041080,-0.044315,0.062831,-0.738332,0.372486,9.858950
3.055000,-0.036804,-0.042917,0.065537,-0.734933,0.394143,9.862523
3.060000,-0.039852,-0.042483,0.063796,-0.711061,0.388892,9.872812
3.065000,-0.040856,-0.043728,0.068015,-0.812835,0.369728,9.840304
3.070000,-0.042568,-0.041103,0.063631,-0.783969,0.405336,9.803445
3.075000,-0.036300,-0.040031,0.059792,-0.758048,0.381353,9.890601
3.080000,-0.041225,-0.043812,0.068150,-0.776680,0.387650,9.893474
3.085000,-0.043012,-0.042502,0.066141,-0.779555,0.372166,9.852844
3.090000,-0.042479,-0.044569,0.062966,-0.734508,0.377319,9.883525
3.095000,-0.040028,-0.042937,0.064210,-0.725313,0.343692,9.878021
3.100000,-0.041933,-0.045978,0.067046,-0.694226,0.385522,9.847853
3.105000,-0.044958,-0.048248,0.066708,-0.736749,0.299330,9.856819
3.110000,-0.037788,-0.043901,0.065760,-0.774863,0.375300,9.840637
3.115000,-0.042959,-0.040469,0.062807,-0.744525,0.351679,9.873646
3.120000,-0.036863,-0.044047,0.067403,-0.739606,0.299122,9.895711
3.125000,-0.039507,-0.040472,0.062670,-0.730963,0.403735,9.928733
3.130000,-0.041705,-0.043271,0.062935,-0.739778,0.321076,9.894215
3.135000,-0.043368,-0.044517,0.068188,-0.735938,0.372564,9.858041
3.140000,-0.040137,-0.047360,0.065742,-0.774616,0.312812,9.841199
3.145000,-0.036810,-0.047585,0.071597,-0.708910,0.349870,9.841715
3.150000,-0.040391,-0.038830,0.068708,-0.715152,0.335607,9.884562
3.155000,-0.042580,-0.045196,0.068371,-0.735389,0.357241,9.927213
3.160000,-0.040400,-0.046104,0.065188,-0.691986,0.303196,9.920384
3.165000,-0.044089,-0.044323,0.067003,-0.624442,0.322561,9.847411
3.170000,-0.044937,-0.042849,0.070815,-0.751025,0.311879,9.858248
3.175000,-0.045106,-0.040400,0.068371,-0.676362,0.305323,9.832169
3.180000,-0.044322,-0.047227,0.066347,-0.685407,0.251370,9.887471
3.185000,-0.037963,-0.048744,0.066654,-0.750872,0.288023,9.868987
3.190000,-0.039134,-0.040321,0.066019,-0.683068,0.228477,9.855240
3.195000,-0.045580,-0.043508,0.063314,-0.738758,0.280982,9.883134
3.200000,-0.043921,-0.046409,0.068463,-0.714762,0.287063,9.845466
3.205000,-0.051545,-0.044897,0.067724,-0.693913,0.382930,9.855980
3.210000,-0.049349,-0.040107,0.070326,-0.730705,0.298523,9.852079
3.215000,-0.044072,-0.046561,0.067926,-0.675995,0.356973,9.854645
3.220000,-0.043588,-0.042503,0.066329,-0.655118,0.307947,9.871559
3.225000,-0.039745,-0.048020,0.069174,-0.724153,0.309790,9.892008
3.230000,-0.043471,-0.041432,0.063582,-0.737806,0.295377,9.877505
3.235000,-0.046791,-0.038385,0.065950,-0.737071,0.264757,9.882197
3.240000,-0.047039,-0.042385,0.068227,-0.669361,0.309208,9.892816
3.245000,-0.047330,-0.041332,0.068927,-0.716201,0.293882,9.899741
3.250000,-0.042837,-0.044669,0.068122,-0.752036,0.270060,9.868954
3.255000,-0.050451,-0.046190,0.064728,-0.726706,0.291621,9.849119
3.260000,-0.048781,-0.043354,0.063559,-0.648172,0.285945,9.844188
3.265000,-0.052178,-0.046099,0.063285,-0.723890,0.230768,9.853831
3.270000,-0.049458,-0.045936,0.061714,-0.702625,0.247319,9.846992
3.275000,-0.044333,-0.045684,0.071893,-0.661276,0.274218,9.907529
3.280000,-0.044932,-0.051436,0.063027,-0.690071,0.268732,9.878523
3.285000,-0.053283,-0.045521,0.066767,-0.708544,0.222188,9.887423
3.290000,-0.050187,-0.044181,0.068447,-0.668546,0.211277,9.843820
3.295000,-0.054554,-0.048336,0.062726,-0.631186,0.270703,9.863314
3.300000,-0.052930,-0.041467,0.062750,-0.736815,0.225836,9.827777
3.305000,-0.047023,-0.050041,0.066902,-0.629440,0.217840,9.867689
3.310000,-0.043949,-0.047841,0.064581,-0.682199,0.219966,9.847639
3.315000,-0.046742,-0.043393,0.062630,-0.610901,0.288924,9.862410
3.320000,-0.055046,-0.050255,0.064712,-0.676599,0.288057,9.833562
3.325000,-0.050626,-0.047844,0.067771,-0.674604,0.225099,9.871560
3.330000,-0.051870,-0.045690,0.066942,-0.691940,0.256066,9.882216
3.335000,-0.051032,-0.044481,0.069130,-0.687036,0.216681,9.875784
3.340000,-0.045895,-0.046292,0.065966,-0.602157,0.217347,9.902147
3.345000,-0.053108,-0.047274,0.067987,-0.682008,0.201703,9.869066
3.350000,-0.046778,-0.052593,0.063444,-0.629000,0.152550,9.929983
3.355000,-0.050981,-0.041700,0.062366,-0.632131,0.195837,9.881997
3.360000,-0.053889,-0.049695,0.060043,-0.740217,0.210644,9.944558
3.365000,-0.052743,-0.049322,0.066645,-0.673493,0.193831,9.836023
3.370000,-0.054845,-0.044703,0.062605,-0.645534,0.195114,9.848022
3.375000,-0.051321,-0.045530,0.061476,-0.639343,0.226712,9.865124
3.380000,-0.052685,-0.048068,0.065738,-0.681852,0.184570,9.886931
3.385000,-0.054914,-0.048416,0.064892,-0.669601,0.200950,9.913967
3.390000,-0.055209,-0.050076,0.064612,-0.680629,0.175805,9.830442
3.395000,-0.058620,-0.047297,0.067589,-0.590501,0.185928,9.903824
3.400000,-0.054095,-0.050578,0.066994,-0.648337,0.207398,9.884141
3.405000,-0.056328,-0.051749,0.061934,-0.658768,0.211753,9.872197
3.410000,-0.049321,-0.046882,0.064491,-0.662859,0.122458,9.908328
3.415000,-0.049863,-0.049290,0.070253,-0.637288,0.177550,9.910200
3.420000,-0.053926,-0.050024,0.063913,-0.685086,0.172784,9.875590
3.425000,-0.050493,-0.046801,0.062734,-0.607518,0.180774,9.923377
3.430000,-0.051624,-0.049115,0.068084,-0.641070,0.140049,9.883859
3.435000,-0.052849,-0.045738,0.064848,-0.626306,0.187415,9.874622
3.440000,-0.049873,-0.053403,0.061118,-0.634487,0.195732,9.874241
3.445000,-0.058951,-0.046686,0.061525,-0.585884,0.186453,9.922356
3.450000,-0.051307,-0.045800,0.067027,-0.631824,0.153097,9.877816
3.455000,-0.054657,-0.050768,0.062670,-0.578094,0.117810,9.909986
3.460000,-0.049324,-0.052275,0.069016,-0.622266,0.193724,9.860937
3.465000,-0.051725,-0.051356,0.060900,-0.563903,0.121540,9.839856
3.470000,-0.055686,-0.050305,0.068379,-0.641096,0.130247,9.901909
3.475000,-0.058127,-0.046329,0.068012,-0.553705,0.203133,9.856679
3.480000,-0.058294,-0.052241,0.064717,-0.615202,0.130378,9.844100
3.485000,-0.052422,-0.054017,0.063135,-0.585558,0.152463,9.872532
3.490000,-0.053645,-0.050628,0.070675,-0.576252,0.107943,9.904669
3.495000,-0.057332,-0.048550,0.068380,-0.630595,0.169323,9.871117
3.500000,-0.053568,-0.048445,0.063036,-0.644731,0.087179,9.888220
3.505000,-0.060286,-0.051325,0.063931,-0.621326,0.107234,9.897701
3.510000,-0.053840,-0.048508,0.066586,-0.584184,0.104218,9.885231
3.515000,-0.062440,-0.049732,0.063348,-0.561209,0.058366,9.847749
3.520000,-0.050702,-0.047837,0.068759,-0.620114,0.067210,9.894503
3.525000,-0.057230,-0.048476,0.069230,-0.568938,0.061116,9.864903
3.530000,-0.064500,-0.048534,0.063174,-0.630803,0.115029,9.847223
3.535000,-0.055024,-0.048090,0.071254,-0.613370,0.129581,9.867032
3.540000,-0.061829,-0.044732,0.061345,-0.539374,0.086977,9.902472
3.545000,-0.059665,-0.052692,0.061808,-0.599517,0.101709,9.922953
3.550000,-0.060931,-0.050352,0.063680,-0.587626,0.060316,9.839666
3.555000,-0.060123,-0.050600,0.071682,-0.538242,0.075533,9.842405
3.560000,-0.064010,-0.047738,0.068058,-0.518985,0.076473,9.893104
3.565000,-0.060073,-0.046358,0.067211,-0.602615,0.086087,9.851612
3.570000,-0.058874,-0.054943,0.064993,-0.541689,0.115590,9.844581
3.575000,-0.059217,-0.054766,0.067658,-0.563341,0.040275,9.854517
3.580000,-0.057854,-0.055921,0.064568,-0.562781,0.051165,9.874120
3.585000,-0.059421,-0.049155,0.060594,-0.588573,0.091630,9.803915
3.590000,-0.056910,-0.046939,0.070009,-0.640588,0.050460,9.862983
3.595000,-0.055657,-0.049013,0.067370,-0.545817,0.015141,9.895168
3.600000,-0.066702,-0.049752,0.064878,-0.571355,0.064636,9.904171
3.605000,-0.062671,-0.050065,0.068621,-0.552140,0.061015,9.882445
3.610000,-0.064376,-0.046917,0.062994,-0.560871,0.041753,9.872367
3.615000,-0.062407,-0.053377,0.067006,-0.519168,0.054568,9.848533
3.620000,-0.060991,-0.044665,0.065123,-0.564080,0.019327,9.899246
3.625000,-0.061664,-0.047536,0.067424,-0.540838,0.042750,9.899653
3.630000,-0.060152,-0.052151,0.068131,-0.557099,0.021034,9.833310
3.635000,-0.061896,-0.056111,0.066407,-0.576553,0.006199,9.815855
3.640000,-0.060574,-0.052480,0.066196,-0.578261,0.060917,9.906090
3.645000,-0.056634,-0.052996,0.067461,-0.572948,0.029963,9.877001
3.650000,-0.057533,-0.050382,0.069932,-0.534510,0.028750,9.882266
3.655000,-0.061026,-0.053900,0.060832,-0.560463,0.009178,9.869082
3.660000,-0.055435,-0.052335,0.063134,-0.504677,0.043690,9.862829
3.665000,-0.059563,-0.048810,0.061507,-0.544562,0.034619,9.912013
3.670000,-0.064500,-0.048315,0.065621,-0.565882,0.002525,9.940032
3.675000,-0.061240,-0.057646,0.060225,-0.491207,0.004621,9.890119
3.680000,-0.066070,-0.047417,0.063577,-0.552733,-0.000977,9.975454
3.685000,-0.062627,-0.050976,0.059596,-0.551568,-0.056630,9.913938
3.690000,-0.064904,-0.053505,0.064245,-0.519821,0.057544,9.886068
3.695000,-0.059834,-0.054359,0.060864,-0.550156,-0.009527,9.893222
3.700000,-0.059977,-0.049514,0.062128,-0.517919,0.021137,9.845498
3.705000,-0.065311,-0.056150,0.065618,-0.525525,-0.040914,9.900979
3.710000,-0.064498,-0.049434,0.063181,-0.512931,-0.059965,9.899400
3.715000,-0.064703,-0.057527,0.058310,-0.550074,0.001700,9.822364
3.720000,-0.060177,-0.053031,0.064421,-0.496260,-0.049050,9.885194
3.725000,-0.064277,-0.054332,0.066262,-0.513204,-0.006162,9.911958
3.730000,-0.062774,-0.050301,0.060298,-0.554160,0.011232,9.874937
3.735000,-0.062157,-0.049384,0.064748,-0.488659,-0.072287,9.846973
3.740000,-0.067717,-0.054557,0.055806,-0.522993,-0.094967,9.916409
3.745000,-0.063080,-0.051330,0.057784,-0.520657,0.000700,9.865230
3.750000,-0.061936,-0.055505,0.063110,-0.427473,-0.026369,9.926200
3.755000,-0.064786,-0.057502,0.059189,-0.479985,-0.041013,9.930506
3.760000,-0.066199,-0.051885,0.061434,-0.482920,-0.116038,9.888073
3.765000,-0.067560,-0.053395,0.066539,-0.489233,-0.038320,9.863242
3.770000,-0.073044,-0.056438,0.064255,-0.533915,-0.049553,9.831902
3.775000,-0.065626,-0.049118,0.064952,-0.522308,-0.043873,9.883261
3.780000,-0.067154,-0.049793,0.064558,-0.553594,-0.087043,9.933638
3.785000,-0.065753,-0.047281,0.065653,-0.464323,-0.121341,9.873132
3.790000,-0.061007,-0.049154,0.063955,-0.510667,-0.101890,9.879381
3.795000,-0.065976,-0.056268,0.060420,-0.471729,-0.040512,9.900086
3.800000,-0.065429,-0.049280,0.059710,-0.491582,-0.094036,9.872024
3.805000,-0.068779,-0.050429,0.065063,-0.491627,-0.039756,9.843008
3.810000,-0.066584,-0.056291,0.068293,-0.488031,-0.079948,9.877307
3.815000,-0.062844,-0.051890,0.064695,-0.475892,-0.067117,9.903405
3.820000,-0.064397,-0.057868,0.066872,-0.445831,-0.075653,9.879666
3.825000,-0.066247,-0.056842,0.061751,-0.416403,-0.103484,9.871756
3.830000,-0.065601,-0.054033,0.059987,-0.459535,-0.116444,9.890201
3.835000,-0.063022,-0.052907,0.067189,-0.455995,-0.127040,9.865749
3.840000,-0.066439,-0.056857,0.064487,-0.425170,-0.117213,9.885080
3.845000,-0.061088,-0.051158,0.064809,-0.439145,-0.109153,9.935823
3.850000,-0.064120,-0.060920,0.065344,-0.453939,-0.163402,9.922924
3.855000,-0.067207,-0.055588,0.056827,-0.464647,-0.121461,9.907465
3.860000,-0.066428,-0.054039,0.060709,-0.471441,-0.108519,9.838283
3.865000,-0.068809,-0.054035,0.062856,-0.439731,-0.074460,9.879297
3.870000,-0.068098,-0.055252,0.056555,-0.421836,-0.122572,9.910096
3.875000,-0.067393,-0.051553,0.062228,-0.434736,-0.154710,9.925553
3.880000,-0.071062,-0.052057,0.063697,-0.428941,-0.147651,9.868101
3.885000,-0.069301,-0.055037,0.062462,-0.480268,-0.152453,9.833746
3.890000,-0.068981,-0.054802,0.068701,-0.402196,-0.110416,9.912122
3.895000,-0.068026,-0.059386,0.061807,-0.460025,-0.172759,9.916210
3.900000,-0.068790,-0.056713,0.057862,-0.404270,-0.125269,9.887902
3.905000,-0.066836,-0.054710,0.064987,-0.433478,-0.171245,9.871033
3.910000,-0.072030,-0.055473,0.066177,-0.494610,-0.147959,9.903073
3.915000,-0.070173,-0.059229,0.060879,-0.457432,-0.148594,9.904404
3.920000,-0.069286,-0.052792,0.060210,-0.436182,-0.135785,9.879803
3.925000,-0.068776,-0.058648,0.062072,-0.420813,-0.187183,9.933238
3.930000,-0.066686,-0.054403,0.065456,-0.396232,-0.139154,9.859923
3.935000,-0.070830,-0.054609,0.060385,-0.372031,-0.236602,9.895620
3.940000,-0.073248,-0.057969,0.066435,-0.432519,-0.180345,9.903784
3.945000,-0.070351,-0.052990,0.064346,-0.426655,-0.198465,9.896058
3.950000,-0.066156,-0.055281,0.062256,-0.464677,-0.165024,9.870926
3.955000,-0.066338,-0.053281,0.066286,-0.409909,-0.221505,9.960159
3.960000,-0.065480,-0.054841,0.060455,-0.452222,-0.151976,9.882995
3.965000,-0.068285,-0.052364,0.063373,-0.402256,-0.205972,9.911741
3.970000,-0.066286,-0.055248,0.063448,-0.426378,-0.197703,9.930497
3.975000,-0.068318,-0.056084,0.062203,-0.446122,-0.217519,9.928655
3.980000,-0.064865,-0.060255,0.064515,-0.405540,-0.264031,9.902759
3.985000,-0.068499,-0.053148,0.058537,-0.424468,-0.204112,9.841953
3.990000,-0.065272,-0.054075,0.060870,-0.367590,-0.184622,9.878659
3.995000,-0.072622,-0.052837,0.070424,-0.398340,-0.235249,9.856690
4.000000,-0.067562,-0.059020,0.064106,-0.388190,-0.220814,9.882332
4.005000,-0.063743,-0.055040,0.067707,-0.383022,-0.190864,9.876356
4.010000,-0.068524,-0.055130,0.061564,-0.435715,-0.232228,9.956938
4.015000,-0.064719,-0.055737,0.067976,-0.391662,-0.263378,9.888438
4.020000,-0.068701,-0.053089,0.062713,-0.394283,-0.224299,9.894109
4.025000,-0.073349,-0.055806,0.062097,-0.406526,-0.233308,9.894583
4.030000,-0.072319,-0.051597,0.060895,-0.383584,-0.254001,9.867948
4.035000,-0.068814,-0.054773,0.064201,-0.331548,-0.252171,9.884019
4.040000,-0.079157,-0.053941,0.059998,-0.409169,-0.275164,9.903717
4.045000,-0.071455,-0.056348,0.061016,-0.385626,-0.271453,9.868424
4.050000,-0.073935,-0.052802,0.063365,-0.383787,-0.285478,9.941529
4.055000,-0.072010,-0.053656,0.058271,-0.348165,-0.248492,9.863623
4.060000,-0.070623,-0.058785,0.060890,-0.416900,-0.267430,9.920375
4.065000,-0.072900,-0.056911,0.062752,-0.429742,-0.273173,9.875711
4.070000,-0.070931,-0.063979,0.058554,-0.384226,-0.257911,9.850063
4.075000,-0.075120,-0.056790,0.060178,-0.365104,-0.307772,9.891438
4.080000,-0.074274,-0.055734,0.064379,-0.388028,-0.303447,9.931479
4.085000,-0.073832,-0.059152,0.056793,-0.393848,-0.296091,9.875263
4.090000,-0.064842,-0.058457,0.058749,-0.370071,-0.261465,9.875572
4.095000,-0.070955,-0.055469,0.060259,-0.365732,-0.335470,9.813123
4.100000,-0.072834,-0.053438,0.061356,-0.393474,-0.312339,9.927565
4.105000,-0.074523,-0.055917,0.061775,-0.333015,-0.326808,9.924283
4.110000,-0.072987,-0.053983,0.064651,-0.305995,-0.257990,9.860269
4.115000,-0.067306,-0.060675,0.059910,-0.346969,-0.354085,9.891578
4.120000,-0.070202,-0.053524,0.060952,-0.315430,-0.316683,9.914832
4.125000,-0.068705,-0.050613,0.061139,-0.333686,-0.324756,9.884295
4.130000,-0.074313,-0.053201,0.058572,-0.384971,-0.330564,9.873152
4.135000,-0.064999,-0.055447,0.067997,-0.388600,-0.350905,9.930258
4.140000,-0.073810,-0.058290,0.062943,-0.365197,-0.354290,9.912754
4.145000,-0.072822,-0.055878,0.064759,-0.304639,-0.311193,9.949355
4.150000,-0.073116,-0.059091,0.066745,-0.328459,-0.348629,9.825542
4.155000,-0.068893,-0.053807,0.059089,-0.325759,-0.316620,9.849401
4.160000,-0.069872,-0.055717,0.058508,-0.347523,-0.360569,9.868568
4.165000,-0.073237,-0.062088,0.060652,-0.279123,-0.341658,9.868427
4.170000,-0.070807,-0.054479,0.062653,-0.298570,-0.385674,9.919755
4.175000,-0.075830,-0.055986,0.056342,-0.321428,-0.411212,9.894876
4.180000,-0.063762,-0.061825,0.061419,-0.320772,-0.364674,9.907316
4.185000,-0.076577,-0.051715,0.062577,-0.304005,-0.369319,9.914023
4.190000,-0.076522,-0.053824,0.059221,-0.311838,-0.349214,9.910671
4.195000,-0.069852,-0.055283,0.057010,-0.288061,-0.364926,9.897721
4.200000,-0.076675,-0.056718,0.062442,-0.305045,-0.372991,9.922666
4.205000,-0.075719,-0.060544,0.055185,-0.308464,-0.366262,9.894792
4.210000,-0.072190,-0.062808,0.062336,-0.323233,-0.333729,9.851444
4.215000,-0.075963,-0.055655,0.055302,-0.335468,-0.347569,9.901915
4.220000,-0.073911,-0.051383,0.062076,-0.301397,-0.409623,9.927676
4.225000,-0.077750,-0.052992,0.063684,-0.306111,-0.336478,9.896870
4.230000,-0.071730,-0.059344,0.059376,-0.286711,-0.382826,9.898280
4.235000,-0.071922,-0.052969,0.060052,-0.291648,-0.450810,9.913957
4.240000,-0.073665,-0.051998,0.062558,-0.286848,-0.462534,9.843389
4.245000,-0.073221,-0.058834,0.059084,-0.309719,-0.437955,9.914339
4.250000,-0.071679,-0.052155,0.057618,-0.232945,-0.432678,9.893981
4.255000,-0.067108,-0.053655,0.055986,-0.268552,-0.373790,9.901340
4.260000,-0.071005,-0.059832,0.060484,-0.306886,-0.463768,9.863813
4.265000,-0.074362,-0.059490,0.058246,-0.310833,-0.385846,9.931532
4.270000,-0.065814,-0.059293,0.061583,-0.284143,-0.447972,9.863986
4.275000,-0.070347,-0.054119,0.066631,-0.319246,-0.392292,9.872135
4.280000,-0.076237,-0.054363,0.060274,-0.234516,-0.492983,9.922269
4.285000,-0.076035,-0.059263,0.054236,-0.263121,-0.454468,9.925006
4.290000,-0.072347,-0.060013,0.057273,-0.312665,-0.486054,9.902404
4.295000,-0.076507,-0.058943,0.060361,-0.285090,-0.447918,9.908324
4.300000,-0.071769,-0.060447,0.060277,-0.319229,-0.462817,9.900125
4.305000,-0.074310,-0.055844,0.064478,-0.230343,-0.523495,9.866522
4.310000,-0.073661,-0.053991,0.059084,-0.218260,-0.442993,9.860361
4.315000,-0.075927,-0.059520,0.055261,-0.276382,-0.423181,9.899492
4.320000,-0.069689,-0.059052,0.057705,-0.278361,-0.496063,9.945680
4.325000,-0.074191,-0.054191,0.061120,-0.280540,-0.442155,9.903837
4.330000,-0.072220,-0.057307,0.060947,-0.244551,-0.424405,9.878227
4.335000,-0.074728,-0.060716,0.059732,-0.248558,-0.426113,9.853564
4.340000,-0.079638,-0.058924,0.059253,-0.278807,-0.415600,9.800272
4.345000,-0.076779,-0.058938,0.061365,-0.231372,-0.486184,9.903760
4.350000,-0.074403,-0.062389,0.059997,-0.285751,-0.560050,9.860153
4.355000,-0.074690,-0.057441,0.059961,-0.247155,-0.448129,9.894114
4.360000,-0.072672,-0.053036,0.063399,-0.273300,-0.487165,9.862004
4.365000,-0.073334,-0.052814,0.060268,-0.256638,-0.542476,9.897342
4.370000,-0.073748,-0.054921,0.062071,-0.220668,-0.471138,9.881212
4.375000,-0.069371,-0.062418,0.063284,-0.273901,-0.563194,9.878729
4.380000,-0.074356,-0.054711,0.057461,-0.275646,-0.510129,9.899636
4.385000,-0.076011,-0.057087,0.056165,-0.233490,-0.518669,9.810212
4.390000,-0.072086,-0.058053,0.056766,-0.178695,-0.507454,9.871578
4.395000,-0.075366,-0.056716,0.062259,-0.229032,-0.508348,9.856244
4.400000,-0.074167,-0.054414,0.060002,-0.212509,-0.537515,9.923740
4.405000,-0.075487,-0.059941,0.055666,-0.219547,-0.536809,9.909751
4.410000,-0.074952,-0.062273,0.059711,-0.253105,-0.556117,9.916031
4.415000,-0.072176,-0.058942,0.059433,-0.259902,-0.581337,9.900707
4.420000,-0.070086,-0.056377,0.056361,-0.225656,-0.546877,9.882180
4.425000,-0.077535,-0.056198,0.058884,-0.253341,-0.603285,9.847288
4.430000,-0.075891,-0.056923,0.061762,-0.264260,-0.531470,9.907517
4.435000,-0.075811,-0.059924,0.064997,-0.222462,-0.537305,9.872947
4.440000,-0.074418,-0.062080,0.058704,-0.248465,-0.587765,9.897948
4.445000,-0.075187,-0.051171,0.058554,-0.186526,-0.551599,9.839321
4.450000,-0.080266,-0.062701,0.058707,-0.176380,-0.585872,9.887650
4.455000,-0.073018,-0.049729,0.057623,-0.222077,-0.571931,9.886760
4.460000,-0.080438,-0.057747,0.057426,-0.208772,-0.603410,9.906833
4.465000,-0.070324,-0.056048,0.061829,-0.228662,-0.603694,9.864066
4.470000,-0.071387,-0.054876,0.061891,-0.194694,-0.572763,9.907144
4.475000,-0.075565,-0.058788,0.060327,-0.150450,-0.566192,9.881259
4.480000,-0.074958,-0.057295,0.050908,-0.173812,-0.574103,9.856464
4.485000,-0.072445,-0.057546,0.055983,-0.151954,-0.587181,9.850614
4.490000,-0.066931,-0.057878,0.057025,-0.168422,-0.569385,9.891125
4.495000,-0.082149,-0.057916,0.058785,-0.191833,-0.581141,9.888988
4.500000,-0.074139,-0.062148,0.061002,-0.193925,-0.598701,9.916123
4.505000,-0.070845,-0.057198,0.056250,-0.209658,-0.646219,9.864488
4.510000,-0.068045,-0.058066,0.058812,-0.179931,-0.593643,9.916662
4.515000,-0.073988,-0.055369,0.068184,-0.255214,-0.623795,9.878571
4.520000,-0.073238,-0.057206,0.056867,-0.083192,-0.627397,9.887319
4.525000,-0.073985,-0.056201,0.060396,-0.166031,-0.579586,9.876168
4.530000,-0.070270,-0.062227,0.061826,-0.156893,-0.608399,9.884385
4.535000,-0.074257,-0.064850,0.057035,-0.178423,-0.652449,9.892456
4.540000,-0.074366,-0.056208,0.056926,-0.154872,-0.630510,9.874980
4.545000,-0.076592,-0.053928,0.057545,-0.203349,-0.596619,9.854203
4.550000,-0.075875,-0.057351,0.054334,-0.184147,-0.694459,9.822396
4.555000,-0.073215,-0.058473,0.062360,-0.107872,-0.635919,9.891516
4.560000,-0.076715,-0.059211,0.058859,-0.130308,-0.629469,9.873890
4.565000,-0.073683,-0.060309,0.054296,-0.184769,-0.653433,9.885394
4.570000,-0.073750,-0.056989,0.063919,-0.148869,-0.664322,9.875199
4.575000,-0.079108,-0.056190,0.059150,-0.145793,-0.685479,9.854089
4.580000,-0.077263,-0.057739,0.066953,-0.137525,-0.601206,9.853977
4.585000,-0.072548,-0.054794,0.062014,-0.201579,-0.680555,9.907279
4.590000,-0.068027,-0.059938,0.055946,-0.189516,-0.674591,9.855272
4.595000,-0.067824,-0.053648,0.058892,-0.103939,-0.650900,9.879009
4.600000,-0.070706,-0.055660,0.058365,-0.160857,-0.683733,9.883658
4.605000,-0.068825,-0.059763,0.057780,-0.103877,-0.695712,9.905364
4.610000,-0.075905,-0.058921,0.057499,-0.094329,-0.681648,9.839226
4.615000,-0.076539,-0.051980,0.059806,-0.148940,-0.662766,9.856210
4.620000,-0.071594,-0.059784,0.058542,-0.168708,-0.679998,9.907879
4.625000,-0.073244,-0.056114,0.055837,-0.138605,-0.689262,9.901148
4.630000,-0.072453,-0.059378,0.054644,-0.132798,-0.733646,9.899971
4.635000,-0.077970,-0.057196,0.057306,-0.135166,-0.703298,9.894692
4.640000,-0.071644,-0.061914,0.061175,-0.155004,-0.713146,9.892719
4.645000,-0.072891,-0.060632,0.055761,-0.136453,-0.665948,9.835033
4.650000,-0.069335,-0.061882,0.056362,-0.105113,-0.736841,9.872046
4.655000,-0.073337,-0.060759,0.062844,-0.122775,-0.670736,9.810993
4.660000,-0.069142,-0.057939,0.057485,-0.081844,-0.693174,9.911778
4.665000,-0.069860,-0.058633,0.056506,-0.128648,-0.759019,9.904491
4.670000,-0.069889,-0.056899,0.056588,-0.134647,-0.739883,9.867268
4.675000,-0.070696,-0.055945,0.053065,-0.106080,-0.726629,9.882873
4.680000,-0.075353,-0.057153,0.056766,-0.091191,-0.724058,9.894235
4.685000,-0.067679,-0.056431,0.059432,-0.076088,-0.763229,9.858108
4.690000,-0.072168,-0.058836,0.062504,-0.100502,-0.778641,9.823337
4.695000,-0.064048,-0.057898,0.060647,-0.079777,-0.692344,9.871058
4.700000,-0.079105,-0.061620,0.056977,-0.115001,-0.730526,9.858049
4.705000,-0.066255,-0.059734,0.058796,-0.140566,-0.722618,9.824642
4.710000,-0.071531,-0.058349,0.053679,-0.119383,-0.743760,9.851771
4.715000,-0.070086,-0.059281,0.058340,-0.109403,-0.735936,9.858601
4.720000,-0.075391,-0.056990,0.060483,-0.108932,-0.766513,9.860615
4.725000,-0.068777,-0.059842,0.054962,-0.107591,-0.742683,9.865608
4.730000,-0.068987,-0.058476,0.057438,-0.111376,-0.773991,9.824366
4.735000,-0.071181,-0.060855,0.057465,-0.077862,-0.757099,9.867700
4.740000,-0.072862,-0.051161,0.061295,-0.068290,-0.808130,9.884980
4.745000,-0.074127,-0.055021,0.056418,-0.081395,-0.729150,9.908879
4.750000,-0.069921,-0.058508,0.053681,-0.046465,-0.785889,9.868460
4.755000,-0.077417,-0.061082,0.051246,-0.071085,-0.791565,9.814630
4.760000,-0.071400,-0.060470,0.049879,-0.055341,-0.734264,9.849746
4.765000,-0.069284,-0.057876,0.055938,-0.004702,-0.830389,9.888868
4.770000,-0.074980,-0.061075,0.059278,-0.096294,-0.799014,9.852425
4.775000,-0.070360,-0.059933,0.058540,-0.092027,-0.803028,9.857730
4.780000,-0.074341,-0.061866,0.055187,-0.133308,-0.736173,9.895566
4.785000,-0.069587,-0.052608,0.050381,-0.038766,-0.856269,9.877829
4.790000,-0.070984,-0.062613,0.058986,-0.023637,-0.804288,9.872923
4.795000,-0.070228,-0.061724,0.056793,-0.034098,-0.806852,9.914116
4.800000,-0.070062,-0.060424,0.058165,-0.033582,-0.833439,9.885036
4.805000,-0.068111,-0.059452,0.059314,-0.020474,-0.858418,9.865890
4.810000,-0.068168,-0.057385,0.059214,-0.062168,-0.863689,9.870262
4.815000,-0.076328,-0.056847,0.061308,-0.034856,-0.842139,9.847730
4.820000,-0.070438,-0.051461,0.059159,-0.047657,-0.843885,9.871969
4.825000,-0.064694,-0.060679,0.054685,-0.058012,-0.838477,9.875484
4.830000,-0.064333,-0.055549,0.051793,-0.081368,-0.847365,9.866853
4.835000,-0.068936,-0.059614,0.055929,-0.072307,-0.874040,9.862750
4.840000,-0.067033,-0.061485,0.059882,-0.043178,-0.872973,9.886296
4.845000,-0.070794,-0.057044,0.056051,-0.038486,-0.855949,9.880213
4.850000,-0.072318,-0.053752,0.059289,-0.009503,-0.841715,9.870711
4.855000,-0.066002,-0.054980,0.057350,-0.016863,-0.809540,9.912889
4.860000,-0.065283,-0.058038,0.060955,-0.033665,-0.833522,9.881869
4.865000,-0.069671,-0.055476,0.058906,-0.031550,-0.859377,9.835042
4.870000,-0.061841,-0.059813,0.057884,-0.018211,-0.836042,9.848066
4.875000,-0.066372,-0.053351,0.057459,-0.029654,-0.851855,9.828060
4.880000,-0.068802,-0.053533,0.057033,-0.084830,-0.895532,9.861041
4.885000,-0.070436,-0.063182,0.052657,0.008290,-0.875899,9.782905
4.890000,-0.066159,-0.058148,0.055986,-0.052302,-0.866688,9.839929
4.895000,-0.070005,-0.060900,0.049757,0.028270,-0.916891,9.837668
4.900000,-0.069123,-0.055305,0.054511,0.005844,-0.832703,9.873026
4.905000,-0.070797,-0.053948,0.053606,-0.019581,-0.874221,9.873522
4.910000,-0.073404,-0.051251,0.058040,0.035132,-0.893869,9.905070
4.915000,-0.070367,-0.057532,0.056045,0.020444,-0.938487,9.886235
4.920000,-0.069575,-0.059080,0.056996,-0.058875,-0.882808,9.834585
4.925000,-0.067200,-0.055772,0.065509,-0.077791,-0.931245,9.917995
4.930000,-0.071265,-0.057896,0.055274,-0.014621,-0.848482,9.859105
4.935000,-0.069543,-0.053160,0.054586,0.002922,-0.916443,9.913819
4.940000,-0.069457,-0.061250,0.057965,-0.021566,-0.934624,9.867369
4.945000,-0.069055,-0.061002,0.055887,-0.023188,-0.913304,9.822902
4.950000,-0.069027,-0.051863,0.053338,0.013699,-0.888814,9.890950
4.955000,-0.065855,-0.057330,0.059407,0.003205,-0.861983,9.863817
4.960000,-0.072401,-0.049788,0.054489,0.030839,-0.899317,9.888247
4.965000,-0.069815,-0.058747,0.056090,0.109231,-0.916164,9.855618
4.970000,-0.066751,-0.054264,0.061160,0.018318,-0.951982,9.838716
4.975000,-0.069129,-0.054442,0.057261,0.045511,-0.884218,9.849493
4.980000,-0.063971,-0.055699,0.054379,0.011746,-0.949476,9.858747
4.985000,-0.064308,-0.053980,0.056659,0.060239,-0.935187,9.866045
4.990000,-0.067413,-0.051037,0.060572,0.015960,-0.920331,9.862404
4.995000,-0.067611,-0.054800,0.056179,0.037686,-0.956463,9.852056
5.000000,-0.070871,-0.058984,0.055360,0.061464,-0.904757,9.865319
5.005000,-0.070259,-0.059161,0.056859,0.022453,-0.989084,9.844967
5.010000,-0.066628,-0.055714,0.052766,0.035217,-0.940228,9.874562
5.015000,-0.063060,-0.055341,0.055846,0.105904,-0.963892,9.902916
5.020000,-0.067909,-0.053418,0.051124,0.066404,-0.985125,9.843704
5.025000,-0.067007,-0.058689,0.047164,0.104819,-0.980334,9.811382
5.030000,-0.062475,-0.051844,0.055214,0.041940,-1.008799,9.864380
5.035000,-0.069014,-0.051059,0.054896,0.066390,-1.001368,9.834476
5.040000,-0.064712,-0.060024,0.057891,0.028434,-0.969023,9.824309
5.045000,-0.063023,-0.061103,0.055105,0.051308,-1.038580,9.827658
5.050000,-0.065246,-0.060019,0.054430,-0.024677,-0.982720,9.822500
5.055000,-0.069033,-0.059107,0.054036,0.042317,-0.978389,9.877393
5.060000,-0.064045,-0.057405,0.058874,0.032681,-1.003707,9.760712
5.065000,-0.065315,-0.058205,0.058589,0.049065,-1.012275,9.918931
5.070000,-0.063860,-0.058986,0.050432,0.025343,-0.963378,9.850103
5.075000,-0.063439,-0.055607,0.053115,0.050126,-0.976721,9.840918
5.080000,-0.065936,-0.057416,0.055294,0.110051,-0.992131,9.876208
5.085000,-0.067893,-0.059474,0.058805,0.085813,-0.997178,9.842726
5.090000,-0.059888,-0.055395,0.053866,0.062469,-1.017664,9.874962
5.095000,-0.062537,-0.054801,0.060729,0.090488,-1.009620,9.869098
5.100000,-0.062503,-0.061406,0.051922,0.101870,-0.989167,9.840357
5.105000,-0.065504,-0.060327,0.055396,0.090792,-0.998278,9.835597
5.110000,-0.065760,-0.053400,0.054575,0.086445,-1.070233,9.832703
5.115000,-0.059980,-0.052329,0.054125,0.099390,-1.022427,9.909027
5.120000,-0.071448,-0.056537,0.045031,0.109790,-0.980357,9.843024
5.125000,-0.063191,-0.054740,0.058418,0.025554,-1.040907,9.855361
5.130000,-0.064662,-0.058224,0.052089,0.082987,-1.026405,9.880420
5.135000,-0.063070,-0.058935,0.055143,0.125675,-1.052772,9.842629
5.140000,-0.060908,-0.058025,0.054277,0.096756,-1.024223,9.786298
5.145000,-0.062357,-0.057393,0.054430,0.128099,-1.026033,9.911845
5.150000,-0.061413,-0.061971,0.052840,0.111668,-1.042524,9.881883
5.155000,-0.068348,-0.054791,0.055021,0.108890,-1.054147,9.835964
5.160000,-0.066967,-0.050625,0.051690,0.134531,-1.057770,9.838425
5.165000,-0.056900,-0.056590,0.058013,0.103289,-1.036704,9.831255
5.170000,-0.065427,-0.058122,0.056952,0.122712,-1.046843,9.836741
5.175000,-0.061544,-0.053247,0.055080,0.117321,-1.102100,9.823768
5.180000,-0.064125,-0.058527,0.055233,0.167528,-1.022634,9.858259
5.185000,-0.064866,-0.054042,0.059368,0.082847,-1.089809,9.762971
5.190000,-0.066403,-0.049985,0.060276,0.141665,-1.056522,9.824800
5.195000,-0.059077,-0.056326,0.060377,0.149379,-1.040264,9.846233
5.200000,-0.063325,-0.052106,0.053193,0.082340,-1.037158,9.865587
5.205000,-0.061291,-0.054224,0.062087,0.053641,-1.079629,9.853653
5.210000,-0.061989,-0.058128,0.058898,0.195571,-1.050169,9.879485
5.215000,-0.063077,-0.056387,0.055409,0.153955,-1.090790,9.880508
5.220000,-0.059702,-0.052834,0.059078,0.149464,-1.112252,9.802537
5.225000,-0.062499,-0.055799,0.054076,0.119763,-1.080043,9.841899
5.230000,-0.058851,-0.056824,0.057601,0.066122,-1.081375,9.840935
5.235000,-0.058593,-0.050109,0.056928,0.143346,-1.106919,9.858209
5.240000,-0.060885,-0.056717,0.057640,0.147324,-1.084807,9.838375
5.245000,-0.062571,-0.061499,0.055611,0.161554,-1.093278,9.805075
5.250000,-0.061320,-0.055525,0.049747,0.138757,-1.096877,9.836494
5.255000,-0.063301,-0.056294,0.051948,0.107414,-1.146209,9.834101
5.260000,-0.061845,-0.049175,0.054360,0.155888,-1.109806,9.816490
5.265000,-0.057024,-0.053651,0.055797,0.162085,-1.164997,9.852892
5.270000,-0.059945,-0.055106,0.056882,0.143088,-1.151813,9.849322
5.275000,-0.052899,-0.058968,0.054928,0.142801,-1.079611,9.835150
5.280000,-0.062835,-0.061192,0.058235,0.155211,-1.141874,9.829153
5.285000,-0.058780,-0.057473,0.053195,0.179684,-1.159816,9.866702
5.290000,-0.060507,-0.054268,0.058284,0.129516,-1.125836,9.847199
5.295000,-0.055664,-0.057404,0.058154,0.104010,-1.120550,9.801266
5.300000,-0.058768,-0.052551,0.052996,0.194827,-1.124368,9.852503
5.305000,-0.056542,-0.061245,0.058634,0.120635,-1.126324,9.842599
5.310000,-0.062916,-0.055583,0.052008,0.142338,-1.126418,9.839333
5.315000,-0.057517,-0.054159,0.049622,0.183049,-1.173833,9.819384
5.320000,-0.059249,-0.058912,0.055390,0.220182,-1.150624,9.852525
5.325000,-0.059759,-0.053036,0.058595,0.197526,-1.175452,9.834425
5.330000,-0.058326,-0.055471,0.059323,0.160216,-1.169396,9.851370
5.335000,-0.059634,-0.057878,0.047374,0.139550,-1.168145,9.810343
5.340000,-0.055531,-0.054023,0.058017,0.196941,-1.160336,9.833464
5.345000,-0.050056,-0.053888,0.055991,0.225853,-1.169425,9.854326
5.350000,-0.055106,-0.055404,0.057958,0.159742,-1.164515,9.820032
5.355000,-0.060334,-0.051132,0.052826,0.150289,-1.177916,9.805936
5.360000,-0.051975,-0.052457,0.057090,0.195792,-1.148051,9.801262
5.365000,-0.053947,-0.055396,0.054902,0.187587,-1.196363,9.874436
5.370000,-0.056980,-0.047792,0.053906,0.197088,-1.148393,9.849410
5.375000,-0.053544,-0.054026,0.055016,0.174326,-1.204775,9.881382
5.380000,-0.053674,-0.053863,0.048905,0.237278,-1.171257,9.788443
5.385000,-0.056248,-0.051730,0.054093,0.235737,-1.275607,9.861221
5.390000,-0.056690,-0.052918,0.052348,0.219194,-1.154641,9.859774
5.395000,-0.054287,-0.051728,0.054790,0.185012,-1.180198,9.861808
5.400000,-0.060924,-0.049440,0.052854,0.236344,-1.187147,9.782802
5.405000,-0.059206,-0.055850,0.048976,0.232491,-1.229760,9.769925
5.410000,-0.051763,-0.054577,0.050119,0.188867,-1.193461,9.821644
5.415000,-0.055475,-0.061633,0.050374,0.169442,-1.197226,9.834191
5.420000,-0.054291,-0.054685,0.052416,0.155225,-1.169727,9.844822
5.425000,-0.051890,-0.053127,0.050302,0.205109,-1.203382,9.796900
5.430000,-0.049143,-0.052517,0.057913,0.247523,-1.189017,9.814770
5.435000,-0.053086,-0.055093,0.050243,0.191240,-1.189867,9.785218
5.440000,-0.053759,-0.057827,0.056680,0.218875,-1.208071,9.830383
5.445000,-0.054260,-0.057572,0.051583,0.268715,-1.194860,9.856433
5.450000,-0.045316,-0.052669,0.052434,0.265244,-1.203977,9.791111
5.455000,-0.056625,-0.055487,0.053721,0.218561,-1.220097,9.786549
5.460000,-0.053902,-0.053116,0.047432,0.205704,-1.146153,9.854414
5.465000,-0.048375,-0.059443,0.052495,0.247288,-1.214906,9.846958
5.470000,-0.050870,-0.051491,0.055962,0.182935,-1.205278,9.785508
5.475000,-0.050546,-0.049229,0.052598,0.189161,-1.259064,9.818854
5.480000,-0.053554,-0.048299,0.051936,0.294352,-1.220594,9.786631
5.485000,-0.044776,-0.053946,0.057277,0.285481,-1.227001,9.840417
5.490000,-0.048305,-0.048829,0.051978,0.210798,-1.189813,9.836998
5.495000,-0.056647,-0.049728,0.048614,0.234543,-1.244737,9.810516
5.500000,-0.050953,-0.055674,0.055806,0.264049,-1.210009,9.856794
5.505000,-0.046866,-0.052199,0.053289,0.232351,-1.219218,9.809315
5.510000,-0.055665,-0.051398,0.049590,0.295852,-1.178142,9.840531
5.515000,-0.053362,-0.052424,0.049603,0.230808,-1.263015,9.813781
5.520000,-0.049743,-0.052871,0.053548,0.224773,-1.204513,9.848693
5.525000,-0.051691,-0.051305,0.050658,0.232279,-1.242169,9.844997
5.530000,-0.050374,-0.051688,0.053437,0.219237,-1.328108,9.773361
5.535000,-0.051266,-0.054898,0.049680,0.206843,-1.238297,9.847219
5.540000,-0.045143,-0.050734,0.050222,0.279006,-1.302675,9.841971
5.545000,-0.046412,-0.054956,0.053358,0.274648,-1.245109,9.869221
5.550000,-0.048394,-0.055914,0.048903,0.301014,-1.299330,9.820661
5.555000,-0.053293,-0.050524,0.052058,0.299488,-1.298108,9.769556
5.560000,-0.049295,-0.053863,0.056031,0.267882,-1.254453,9.804850
5.565000,-0.044182,-0.058755,0.051817,0.231978,-1.307248,9.870234
5.570000,-0.044145,-0.049092,0.049859,0.290318,-1.245540,9.814388
5.575000,-0.045763,-0.048579,0.054584,0.316029,-1.228965,9.805267
5.580000,-0.045757,-0.055412,0.047505,0.311745,-1.290913,9.821944
5.585000,-0.049442,-0.051756,0.056259,0.318904,-1.270320,9.827844
5.590000,-0.047821,-0.050288,0.049320,0.311013,-1.256085,9.789447
5.595000,-0.043382,-0.052888,0.048348,0.284649,-1.262521,9.835010
5.600000,-0.047124,-0.048343,0.053481,0.265639,-1.277696,9.854992
5.605000,-0.051897,-0.047822,0.050187,0.315086,-1.288095,9.837208
5.610000,-0.044172,-0.057066,0.046907,0.278374,-1.310637,9.778980
5.615000,-0.043664,-0.053143,0.050091,0.277175,-1.311793,9.793420
5.620000,-0.048514,-0.046388,0.056188,0.297474,-1.244368,9.830174
5.625000,-0.046144,-0.051442,0.051671,0.348064,-1.252126,9.797813
5.630000,-0.048397,-0.054039,0.052484,0.315198,-1.274257,9.782999
5.635000,-0.044500,-0.048801,0.045941,0.269108,-1.318738,9.793192
5.640000,-0.045611,-0.053465,0.052070,0.219163,-1.284715,9.782640
5.645000,-0.039732,-0.055934,0.048033,0.277283,-1.254155,9.765005
5.650000,-0.044156,-0.047807,0.052693,0.264914,-1.294258,9.803858
5.655000,-0.045395,-0.053361,0.053952,0.315210,-1.264762,9.833484
5.660000,-0.046471,-0.052703,0.057278,0.244964,-1.257101,9.854963
5.665000,-0.043784,-0.049061,0.061143,0.287793,-1.263378,9.825189
5.670000,-0.045111,-0.047612,0.054233,0.299299,-1.261159,9.792819
5.675000,-0.043428,-0.049742,0.057332,0.358337,-1.272130,9.798717
5.680000,-0.039778,-0.055815,0.049384,0.350747,-1.278796,9.852143
5.685000,-0.038223,-0.051000,0.048549,0.276442,-1.289490,9.820945
5.690000,-0.035751,-0.051085,0.054716,0.392061,-1.280309,9.875969
5.695000,-0.038632,-0.052429,0.048148,0.330194,-1.279359,9.795353
5.700000,-0.038429,-0.049138,0.051463,0.323695,-1.317497,9.801590
5.705000,-0.042423,-0.048700,0.047874,0.312555,-1.343944,9.750176
5.710000,-0.042068,-0.058328,0.047416,0.310664,-1.364409,9.802010
5.715000,-0.038685,-0.050742,0.048083,0.360165,-1.298544,9.765060
5.720000,-0.039045,-0.050095,0.051842,0.323234,-1.335027,9.777398
5.725000,-0.041135,-0.051951,0.050276,0.350635,-1.328384,9.761500
5.730000,-0.043768,-0.047241,0.056499,0.335849,-1.332777,9.790250
5.735000,-0.039761,-0.049797,0.058975,0.335534,-1.326360,9.818762
5.740000,-0.037059,-0.051010,0.049400,0.343130,-1.318386,9.800095
5.745000,-0.034596,-0.047823,0.055574,0.378768,-1.371653,9.781429
5.750000,-0.040472,-0.049395,0.052313,0.319248,-1.312868,9.771742
5.755000,-0.037821,-0.045467,0.052382,0.356736,-1.261221,9.804803
5.760000,-0.041449,-0.052194,0.050028,0.361456,-1.350609,9.828643
5.765000,-0.040997,-0.052827,0.049804,0.363341,-1.339855,9.815620
5.770000,-0.037441,-0.043344,0.057142,0.365579,-1.305510,9.807047
5.775000,-0.040680,-0.046449,0.046927,0.449039,-1.351029,9.783542
5.780000,-0.039194,-0.050625,0.045118,0.405127,-1.364064,9.766287
5.785000,-0.040334,-0.047934,0.055191,0.367357,-1.283708,9.837119
5.790000,-0.038273,-0.052060,0.054287,0.363560,-1.329222,9.817227
5.795000,-0.037131,-0.049902,0.048644,0.406556,-1.323517,9.818186
5.800000,-0.039427,-0.046830,0.048550,0.342764,-1.297783,9.858219
5.805000,-0.034728,-0.054457,0.053115,0.335009,-1.323968,9.841006
5.810000,-0.037397,-0.054077,0.050471,0.336019,-1.349324,9.783612
5.815000,-0.032290,-0.055514,0.049284,0.357511,-1.369164,9.793066
5.820000,-0.035440,-0.043054,0.051249,0.314323,-1.354493,9.783827
5.825000,-0.033477,-0.049289,0.055065,0.330972,-1.420180,9.812707
5.830000,-0.032454,-0.050370,0.052784,0.367794,-1.291058,9.825955
5.835000,-0.034965,-0.047807,0.056046,0.383054,-1.347367,9.798938
5.840000,-0.034089,-0.041058,0.050430,0.402923,-1.383255,9.805226
5.845000,-0.040343,-0.043486,0.054180,0.384353,-1.393232,9.860712
5.850000,-0.029481,-0.051457,0.049109,0.363460,-1.375558,9.783832
5.855000,-0.034144,-0.051649,0.054148,0.382506,-1.360540,9.836570
5.860000,-0.030929,-0.047738,0.049934,0.399300,-1.369647,9.826787
5.865000,-0.038221,-0.049261,0.049824,0.381290,-1.361307,9.780624
5.870000,-0.037927,-0.047869,0.053864,0.324573,-1.359885,9.798989
5.875000,-0.030853,-0.049467,0.051157,0.410667,-1.378026,9.784863
5.880000,-0.034552,-0.051664,0.052843,0.406622,-1.364249,9.766859
5.885000,-0.032258,-0.046946,0.049431,0.352253,-1.354187,9.792593
5.890000,-0.030988,-0.051071,0.043531,0.407835,-1.375025,9.755906
5.895000,-0.034424,-0.048621,0.048609,0.419791,-1.422373,9.733577
5.900000,-0.039315,-0.046310,0.041468,0.407441,-1.361955,9.787832
5.905000,-0.032083,-0.044911,0.049488,0.402958,-1.315430,9.780719
5.910000,-0.032941,-0.044930,0.051883,0.403692,-1.367871,9.771907
5.915000,-0.031681,-0.044085,0.051662,0.371967,-1.403725,9.744151
5.920000,-0.030774,-0.043859,0.049081,0.452624,-1.391897,9.743051
5.925000,-0.033223,-0.046091,0.051224,0.409330,-1.420643,9.802810
5.930000,-0.032835,-0.050892,0.051550,0.417030,-1.352260,9.780217
5.935000,-0.023531,-0.043566,0.053303,0.367351,-1.444909,9.789636
5.940000,-0.028025,-0.042930,0.048034,0.467740,-1.419852,9.766775
5.945000,-0.032543,-0.044499,0.049639,0.454622,-1.404398,9.836478
5.950000,-0.029680,-0.048215,0.050739,0.443243,-1.400810,9.764750
5.955000,-0.026857,-0.042749,0.054864,0.382955,-1.373647,9.807732
5.960000,-0.034203,-0.044982,0.052751,0.479154,-1.419212,9.786439
5.965000,-0.021509,-0.048896,0.049246,0.409868,-1.431792,9.814014
5.970000,-0.021719,-0.044234,0.053561,0.384804,-1.395548,9.764288
5.975000,-0.032425,-0.051085,0.052765,0.397129,-1.368694,9.804580
5.980000,-0.027531,-0.049271,0.055044,0.453583,-1.341466,9.827441
5.985000,-0.026922,-0.041595,0.051684,0.423676,-1.411100,9.790285
5.990000,-0.027628,-0.050999,0.051504,0.472120,-1.407979,9.857120
5.995000,-0.030049,-0.044386,0.054413,0.471890,-1.375882,9.792908
6.000000,-0.025675,-0.049520,0.049678,0.408382,-1.377306,9.835153
6.005000,-0.028624,-0.045336,0.056345,0.436208,-1.385634,9.793202
6.010000,-0.025907,-0.050444,0.053318,0.458881,-1.452035,9.844321
6.015000,-0.026953,-0.049467,0.050314,0.465233,-1.417030,9.804095
6.020000,-0.026874,-0.042699,0.050454,0.458745,-1.373413,9.793881
6.025000,-0.024067,-0.045118,0.051678,0.489586,-1.413021,9.799513
6.030000,-0.032614,-0.045360,0.052997,0.461168,-1.424669,9.787884
6.035000,-0.026134,-0.042961,0.052335,0.425883,-1.333777,9.754092
6.040000,-0.022411,-0.045932,0.053378,0.500738,-1.370112,9.791285
6.045000,-0.024014,-0.045836,0.049578,0.485074,-1.408464,9.797454
6.050000,-0.020372,-0.043240,0.047548,0.424942,-1.442580,9.754140
6.055000,-0.026952,-0.043264,0.047806,0.440646,-1.459132,9.754131
6.060000,-0.024907,-0.044321,0.054092,0.454394,-1.358448,9.726137
6.065000,-0.020837,-0.045440,0.053650,0.496783,-1.388619,9.757791
6.070000,-0.022872,-0.041702,0.048462,0.480590,-1.377526,9.787832
6.075000,-0.026591,-0.046344,0.049909,0.490127,-1.411874,9.757478
6.080000,-0.019492,-0.042140,0.053812,0.424152,-1.445436,9.799899
6.085000,-0.022306,-0.051420,0.051101,0.442088,-1.380024,9.805392
6.090000,-0.021228,-0.047528,0.053162,0.405670,-1.439384,9.728845
6.095000,-0.030632,-0.046833,0.050989,0.456730,-1.377671,9.722461
6.100000,-0.024301,-0.046666,0.051245,0.450219,-1.395970,9.783827
6.105000,-0.019969,-0.051243,0.050418,0.446336,-1.412791,9.755295
6.110000,-0.019140,-0.045786,0.053222,0.483752,-1.419013,9.784872
6.115000,-0.023724,-0.047833,0.046186,0.503520,-1.439286,9.787805
6.120000,-0.022513,-0.042795,0.051757,0.486959,-1.372080,9.741290
6.125000,-0.025425,-0.039827,0.047452,0.464285,-1.341073,9.807717
6.130000,-0.028731,-0.040987,0.051210,0.418204,-1.384170,9.812038
6.135000,-0.023224,-0.042135,0.052315,0.454473,-1.426820,9.803238
6.140000,-0.017884,-0.043766,0.046404,0.456639,-1.404907,9.755714
6.145000,-0.015450,-0.043447,0.046046,0.388422,-1.415936,9.798616
6.150000,-0.020115,-0.043840,0.047917,0.467371,-1.448879,9.809298
6.155000,-0.020412,-0.042013,0.051412,0.559069,-1.425395,9.777861
6.160000,-0.015247,-0.039399,0.054027,0.488467,-1.464057,9.759440
6.165000,-0.026352,-0.047614,0.056575,0.519100,-1.435153,9.758722
6.170000,-0.021157,-0.045393,0.051222,0.519002,-1.424552,9.815560
6.175000,-0.025518,-0.039604,0.055814,0.515539,-1.442512,9.764779
6.180000,-0.021639,-0.045256,0.044775,0.504767,-1.433880,9.789771
6.185000,-0.015578,-0.041639,0.047521,0.470987,-1.416182,9.746784
6.190000,-0.015835,-0.040354,0.050004,0.504463,-1.428955,9.796236
6.195000,-0.018188,-0.042479,0.057009,0.473977,-1.429548,9.795392
6.200000,-0.018013,-0.041166,0.050659,0.517035,-1.402458,9.836259
6.205000,-0.013792,-0.039560,0.053279,0.513620,-1.367720,9.758097
6.210000,-0.016400,-0.039774,0.050214,0.490001,-1.437407,9.775226
6.215000,-0.019152,-0.043754,0.049179,0.486466,-1.398471,9.759461
6.220000,-0.013555,-0.046227,0.050406,0.558716,-1.443361,9.827669
6.225000,-0.010047,-0.040312,0.049608,0.534134,-1.488292,9.782137
6.230000,-0.011870,-0.040307,0.049298,0.525520,-1.437206,9.763301
6.235000,-0.013174,-0.041756,0.049124,0.469763,-1.386287,9.743626
6.240000,-0.016651,-0.040703,0.049750,0.475666,-1.441291,9.768795
6.245000,-0.010464,-0.043501,0.047194,0.524575,-1.441793,9.747740
6.250000,-0.012306,-0.041494,0.049937,0.552784,-1.424198,9.762369
6.255000,-0.018156,-0.044638,0.048624,0.506836,-1.465199,9.763190
6.260000,-0.014285,-0.045753,0.048148,0.475995,-1.475540,9.807723
6.265000,-0.011211,-0.046970,0.046486,0.520616,-1.441625,9.773790
6.270000,-0.012788,-0.039478,0.045217,0.523256,-1.418069,9.735700
6.275000,-0.011816,-0.037057,0.048353,0.536166,-1.429308,9.856314
6.280000,-0.009111,-0.041300,0.044402,0.543569,-1.435438,9.827752
6.285000,-0.006388,-0.035914,0.051172,0.493371,-1.395681,9.774304
6.290000,-0.007386,-0.041119,0.045100,0.478409,-1.460826,9.803315
6.295000,-0.015639,-0.040212,0.047815,0.574601,-1.425890,9.745328
6.300000,-0.010523,-0.036179,0.051001,0.543387,-1.474188,9.803882
6.305000,-0.010138,-0.037034,0.049107,0.519784,-1.385519,9.739761
6.310000,-0.012750,-0.039192,0.043081,0.535424,-1.388084,9.739991
6.315000,-0.014709,-0.040980,0.053592,0.523505,-1.478265,9.801487
6.320000,-0.010306,-0.039052,0.058119,0.533297,-1.481632,9.800048
6.325000,-0.005389,-0.039149,0.051693,0.555413,-1.410154,9.828630
6.330000,-0.014142,-0.039969,0.051343,0.578787,-1.477122,9.776648
6.335000,-0.009797,-0.042215,0.054038,0.567951,-1.390807,9.805548
6.340000,-0.007718,-0.042319,0.045126,0.553807,-1.428179,9.743771
6.345000,-0.008255,-0.040653,0.051000,0.617277,-1.423893,9.790970
6.350000,-0.006321,-0.033631,0.048775,0.519439,-1.440424,9.741738
6.355000,-0.005241,-0.038598,0.045355,0.568938,-1.476019,9.747266
6.360000,-0.005859,-0.043693,0.052145,0.521858,-1.491503,9.788518
6.365000,-0.005078,-0.039852,0.050798,0.519037,-1.408011,9.830543
6.370000,-0.010186,-0.041753,0.048221,0.598052,-1.453491,9.770389
6.375000,-0.008202,-0.040556,0.047721,0.576911,-1.441143,9.831990
6.380000,-0.008117,-0.033580,0.052719,0.530809,-1.395242,9.796133
6.385000,-0.006893,-0.038946,0.052304,0.562821,-1.407726,9.789624
6.390000,-0.001766,-0.039448,0.047068,0.603034,-1.447573,9.812619
6.395000,-0.005800,-0.040127,0.051994,0.584122,-1.382959,9.741566
6.400000,0.001276,-0.038607,0.049141,0.566634,-1.413121,9.759754
6.405000,-0.005694,-0.038994,0.054081,0.522281,-1.456908,9.764527
6.410000,-0.005043,-0.041542,0.047430,0.552051,-1.404937,9.784388
6.415000,-0.001340,-0.039401,0.046239,0.592248,-1.444696,9.733616
6.420000,-0.006069,-0.037459,0.043843,0.558137,-1.393724,9.756167
6.425000,-0.001603,-0.033197,0.050696,0.573311,-1.426448,9.837606
6.430000,-0.002489,-0.035484,0.052600,0.562037,-1.399364,9.712162
6.435000,-0.001815,-0.035350,0.050184,0.555783,-1.430968,9.812497
6.440000,-0.001010,-0.035731,0.049315,0.542257,-1.448519,9.761348
6.445000,-0.001287,-0.033448,0.042879,0.550287,-1.420708,9.827035
6.450000,-0.006423,-0.038190,0.053551,0.597550,-1.487293,9.710154
6.455000,-0.004165,-0.041550,0.049352,0.614463,-1.427111,9.777235
6.460000,-0.005502,-0.039103,0.051592,0.598096,-1.394188,9.786789
6.465000,0.002486,-0.041326,0.053246,0.507995,-1.406306,9.835902
6.470000,-0.002255,-0.035090,0.049197,0.552479,-1.427958,9.782660
6.475000,-0.000380,-0.034646,0.049017,0.537402,-1.380642,9.768680
6.480000,-0.004239,-0.038769,0.047185,0.578122,-1.420686,9.749128
6.485000,-0.005922,-0.037960,0.054520,0.593070,-1.387613,9.735822
6.490000,0.000379,-0.036538,0.056649,0.639709,-1.472860,9.756196
6.495000,0.004001,-0.039240,0.042700,0.587426,-1.400737,9.771915
6.500000,-0.000167,-0.031891,0.050456,0.571958,-1.433426,9.757664
6.505000,0.003554,-0.034599,0.044707,0.610332,-1.458764,9.757331
6.510000,0.005460,-0.040565,0.047380,0.582308,-1.456566,9.805679
6.515000,-0.000114,-0.035383,0.049019,0.623376,-1.407163,9.804184
6.520000,-0.001336,-0.036323,0.052279,0.615980,-1.399446,9.775681
6.525000,-0.000158,-0.034544,0.048954,0.612508,-1.440072,9.742071
6.530000,0.001654,-0.032225,0.053312,0.577239,-1.400949,9.781795
6.535000,-0.002787,-0.036742,0.052079,0.630089,-1.446698,9.766025
6.540000,0.000008,-0.038880,0.047856,0.623828,-1.443688,9.762612
6.545000,-0.001397,-0.035623,0.043161,0.605060,-1.354476,9.767521
6.550000,0.002078,-0.031316,0.047391,0.644792,-1.413331,9.760869
6.555000,0.007716,-0.036895,0.050807,0.587671,-1.441219,9.817930
6.560000,0.003778,-0.035493,0.055730,0.629818,-1.352662,9.806854
6.565000,0.007204,-0.036756,0.053525,0.592270,-1.385698,9.775601
6.570000,0.008694,-0.031265,0.046372,0.640987,-1.425310,9.788916
6.575000,0.005948,-0.034712,0.049169,0.631068,-1.385702,9.801278
6.580000,0.002223,-0.033381,0.052296,0.695223,-1.420036,9.766871
6.585000,0.010284,-0.035407,0.048270,0.662417,-1.385375,9.792253
6.590000,0.006212,-0.037196,0.049655,0.614531,-1.462323,9.764664
6.595000,0.005881,-0.031981,0.048651,0.641097,-1.422413,9.813912
6.600000,0.013756,-0.035952,0.053170,0.645288,-1.378324,9.764422
6.605000,0.007336,-0.032184,0.050149,0.666147,-1.338313,9.754256
6.610000,0.003559,-0.036101,0.053902,0.637333,-1.403119,9.726479
6.615000,0.006672,-0.034082,0.054631,0.625552,-1.372063,9.757445
6.620000,0.010100,-0.033645,0.051747,0.654560,-1.446873,9.809829
6.625000,0.013723,-0.027928,0.050063,0.656712,-1.394886,9.761586
6.630000,0.005946,-0.034782,0.050175,0.628312,-1.370160,9.751828
6.635000,0.011257,-0.037582,0.048270,0.621130,-1.377539,9.823149
6.640000,0.005496,-0.035414,0.048273,0.529439,-1.370668,9.768354
6.645000,0.014830,-0.035393,0.048969,0.584138,-1.472046,9.747917
6.650000,0.013308,-0.036139,0.056210,0.656355,-1.411863,9.754464
6.655000,0.013442,-0.033965,0.048556,0.685121,-1.367694,9.773145
6.660000,0.009984,-0.027285,0.052416,0.670119,-1.441617,9.789989
6.665000,0.013274,-0.030704,0.051154,0.594255,-1.398092,9.690946
6.670000,0.013092,-0.033375,0.049999,0.667739,-1.366004,9.767101
6.675000,0.013287,-0.034235,0.052240,0.660417,-1.396141,9.737376
6.680000,0.009800,-0.031447,0.049305,0.616548,-1.394758,9.789005
6.685000,0.008848,-0.034592,0.046419,0.642378,-1.368933,9.808353
6.690000,0.012946,-0.032810,0.045777,0.658562,-1.385976,9.761981
6.695000,0.017061,-0.033668,0.051220,0.610261,-1.379766,9.786174
6.700000,0.009003,-0.023964,0.053114,0.596639,-1.383104,9.788557
6.705000,0.015970,-0.032446,0.047077,0.624106,-1.407275,9.763684
6.710000,0.011711,-0.030060,0.046594,0.639800,-1.381077,9.793094
6.715000,0.016063,-0.027151,0.049351,0.641617,-1.388703,9.738865
6.720000,0.011133,-0.035728,0.046212,0.650755,-1.337555,9.796706
6.725000,0.014295,-0.032924,0.052533,0.666307,-1.390087,9.797903
6.730000,0.010923,-0.029909,0.051635,0.602379,-1.391580,9.763527
6.735000,0.009727,-0.030205,0.048573,0.629550,-1.405206,9.807940
6.740000,0.011758,-0.026719,0.048755,0.670694,-1.396374,9.800892
6.745000,0.013286,-0.027420,0.052765,0.625665,-1.358555,9.750441
6.750000,0.018814,-0.027804,0.047613,0.660187,-1.370010,9.731681
6.755000,0.021359,-0.030101,0.051788,0.696558,-1.408560,9.733787
6.760000,0.012539,-0.027515,0.048730,0.688902,-1.347139,9.769851
6.765000,0.021049,-0.028530,0.046939,0.685444,-1.386836,9.788500
6.770000,0.014937,-0.026671,0.049302,0.659272,-1.386639,9.829652
6.775000,0.016891,-0.024553,0.040542,0.665798,-1.377061,9.783786
6.780000,0.020096,-0.032384,0.056446,0.695660,-1.359926,9.772396
6.785000,0.018471,-0.031827,0.048474,0.654450,-1.385260,9.795638
6.790000,0.016884,-0.027605,0.052512,0.688651,-1.326479,9.767046
6.795000,0.019620,-0.030817,0.046306,0.675642,-1.357554,9.764474
6.800000,0.020406,-0.030634,0.045262,0.631541,-1.365483,9.787560
6.805000,0.022309,-0.027281,0.047654,0.645074,-1.420844,9.765543
6.810000,0.023751,-0.029040,0.051396,0.686317,-1.339095,9.805539
6.815000,0.023315,-0.028361,0.043302,0.703118,-1.351517,9.780230
6.820000,0.020634,-0.029481,0.045141,0.657635,-1.319709,9.774394
6.825000,0.020670,-0.028279,0.052524,0.650244,-1.345993,9.762017
6.830000,0.023472,-0.030638,0.055098,0.694778,-1.313218,9.794554
6.835000,0.016868,-0.026641,0.051448,0.702239,-1.351001,9.814861
6.840000,0.019239,-0.027885,0.052195,0.661531,-1.392262,9.841645
6.845000,0.023264,-0.031751,0.051428,0.679937,-1.357548,9.764305
6.850000,0.022114,-0.024617,0.048817,0.687564,-1.329149,9.794237
6.855000,0.019538,-0.030120,0.048357,0.650749,-1.398024,9.783491
6.860000,0.025308,-0.026466,0.046513,0.594919,-1.345367,9.775649
6.865000,0.017610,-0.022779,0.051829,0.689070,-1.305259,9.757658
6.870000,0.024365,-0.027156,0.049696,0.762742,-1.319713,9.731425
6.875000,0.021827,-0.024105,0.044782,0.652997,-1.370552,9.764943
6.880000,0.026461,-0.024548,0.049972,0.697812,-1.302854,9.731221
6.885000,0.023674,-0.025468,0.048517,0.668299,-1.302744,9.773434
6.890000,0.027386,-0.023056,0.047185,0.685413,-1.348406,9.768275
6.895000,0.022572,-0.030257,0.042577,0.641101,-1.345747,9.795499
6.900000,0.020852,-0.026728,0.050164,0.678432,-1.380218,9.756247
6.905000,0.025665,-0.026290,0.053489,0.751579,-1.280334,9.769173
6.910000,0.030823,-0.029215,0.050379,0.707352,-1.335519,9.767297
6.915000,0.024961,-0.023634,0.049916,0.703396,-1.296671,9.723868
6.920000,0.025529,-0.026157,0.043863,0.685119,-1.337512,9.744669
6.925000,0.025357,-0.028395,0.047316,0.713623,-1.354145,9.732551
6.930000,0.028188,-0.022988,0.048850,0.664319,-1.385628,9.749795
6.935000,0.029286,-0.025767,0.053412,0.674825,-1.354680,9.715708
6.940000,0.019505,-0.033733,0.043540,0.739100,-1.300119,9.769868
6.945000,0.026823,-0.022112,0.051893,0.669601,-1.333223,9.743264
6.950000,0.025971,-0.021815,0.048890,0.684785,-1.349003,9.725814
6.955000,0.031901,-0.027652,0.047517,0.731157,-1.268730,9.761828
6.960000,0.031101,-0.017131,0.054236,0.686004,-1.280086,9.752983
6.965000,0.027649,-0.023688,0.046791,0.658188,-1.327681,9.805568
6.970000,0.030522,-0.023187,0.048497,0.713411,-1.313006,9.768024
6.975000,0.025790,-0.027254,0.047093,0.725818,-1.289502,9.804378
6.980000,0.020167,-0.024277,0.047285,0.614396,-1.328463,9.790159
6.985000,0.028831,-0.025075,0.048672,0.714597,-1.320124,9.760489
6.990000,0.026841,-0.020247,0.050494,0.669593,-1.342669,9.795639
6.995000,0.030386,-0.028024,0.044078,0.651029,-1.266327,9.811327
7.000000,0.032793,-0.025680,0.046614,0.685138,-1.374117,9.804752
7.005000,0.033206,-0.025461,0.046321,0.731649,-1.312028,9.786327
7.010000,0.026593,-0.018341,0.047508,0.630737,-1.273524,9.815279
7.015000,0.029465,-0.017686,0.053706,0.728867,-1.294508,9.806034
7.020000,0.031692,-0.020980,0.048093,0.706389,-1.289712,9.808039
7.025000,0.030474,-0.025860,0.052941,0.689646,-1.237326,9.771695
7.030000,0.029964,-0.025482,0.050073,0.711599,-1.307002,9.808107
7.035000,0.032783,-0.022242,0.051442,0.750120,-1.251984,9.776939
7.040000,0.032964,-0.018035,0.044843,0.747211,-1.252164,9.759164
7.045000,0.027911,-0.021661,0.048159,0.732674,-1.340978,9.807616
7.050000,0.037993,-0.025296,0.046097,0.768839,-1.255733,9.782649
7.055000,0.036491,-0.023397,0.047295,0.764974,-1.287058,9.795296
7.060000,0.031817,-0.028157,0.051771,0.748233,-1.300225,9.845637
7.065000,0.039194,-0.023987,0.048588,0.738013,-1.259662,9.754958
7.070000,0.034828,-0.021123,0.041874,0.720101,-1.264289,9.750358
7.075000,0.033732,-0.019522,0.046761,0.666649,-1.314313,9.773745
7.080000,0.038685,-0.017159,0.044529,0.700496,-1.270571,9.795459
7.085000,0.033349,-0.020400,0.045566,0.679615,-1.291881,9.785157
7.090000,0.035883,-0.023497,0.046637,0.740178,-1.280518,9.756636
7.095000,0.038370,-0.022749,0.043774,0.737726,-1.217927,9.774057
7.100000,0.037509,-0.020471,0.054236,0.670566,-1.270637,9.801734
7.105000,0.036895,-0.018505,0.048874,0.738875,-1.241552,9.802365
7.110000,0.038256,-0.020156,0.050714,0.758179,-1.261039,9.754463
7.115000,0.040480,-0.023439,0.050570,0.794003,-1.234916,9.797536
7.120000,0.043855,-0.022180,0.049691,0.759851,-1.225270,9.789970
7.125000,0.030772,-0.021924,0.050314,0.737685,-1.256128,9.792908
7.130000,0.036058,-0.014206,0.049924,0.712814,-1.266564,9.794990
7.135000,0.039819,-0.019033,0.051624,0.653292,-1.235298,9.815958
7.140000,0.041873,-0.019493,0.047074,0.712789,-1.195132,9.770801
7.145000,0.037198,-0.027953,0.045049,0.713903,-1.245562,9.787132
7.150000,0.039700,-0.017648,0.049909,0.730300,-1.234387,9.817506
7.155000,0.040654,-0.024917,0.048756,0.744621,-1.214386,9.734493
7.160000,0.038741,-0.018113,0.046881,0.720784,-1.244809,9.806203
7.165000,0.036509,-0.022314,0.045324,0.798415,-1.205825,9.784389
7.170000,0.040901,-0.012043,0.049699,0.787990,-1.245460,9.747701
7.175000,0.039121,-0.018497,0.050828,0.733702,-1.186112,9.818282
7.180000,0.046217,-0.020238,0.045500,0.748105,-1.230553,9.792027
7.185000,0.038357,-0.017083,0.051969,0.761286,-1.190470,9.802477
7.190000,0.040844,-0.024261,0.046777,0.747136,-1.187218,9.731922
7.195000,0.046735,-0.018482,0.052440,0.716194,-1.170902,9.758389
7.200000,0.047730,-0.020233,0.053409,0.735672,-1.189128,9.815809
7.205000,0.043922,-0.017757,0.047395,0.762976,-1.186205,9.757968
7.210000,0.041745,-0.022190,0.049477,0.726723,-1.233677,9.748723
7.215000,0.045137,-0.020476,0.050001,0.673148,-1.181883,9.767529
7.220000,0.046518,-0.020325,0.052601,0.737915,-1.220016,9.811211
7.225000,0.045151,-0.019644,0.050098,0.710297,-1.216665,9.786996
7.230000,0.047438,-0.024114,0.044116,0.688676,-1.255920,9.810215
7.235000,0.041516,-0.020438,0.050328,0.761276,-1.171643,9.836123
7.240000,0.041463,-0.018488,0.047042,0.777201,-1.195178,9.770759
7.245000,0.044676,-0.017158,0.051440,0.773504,-1.190471,9.776564
7.250000,0.042280,-0.018323,0.055703,0.751553,-1.201970,9.823282
7.255000,0.043850,-0.024894,0.047864,0.741037,-1.141495,9.831280
7.260000,0.046949,-0.013017,0.047333,0.724370,-1.181152,9.787807
7.265000,0.045809,-0.017343,0.049567,0.762480,-1.191612,9.808232
7.270000,0.044869,-0.017846,0.048733,0.790033,-1.142276,9.808213
7.275000,0.045748,-0.021793,0.049885,0.721924,-1.173365,9.784382
7.280000,0.045327,-0.017419,0.047266,0.782002,-1.160786,9.791810
7.285000,0.047606,-0.015151,0.048685,0.731146,-1.148292,9.808402
7.290000,0.045642,-0.012547,0.045975,0.771918,-1.238565,9.799196
7.295000,0.048737,-0.019344,0.046286,0.736249,-1.194164,9.809912
7.300000,0.052345,-0.018083,0.050414,0.729399,-1.240019,9.768790
7.305000,0.047891,-0.018213,0.048427,0.775939,-1.185296,9.804808
7.310000,0.046961,-0.015524,0.052575,0.758773,-1.179825,9.795489
7.315000,0.047855,-0.015626,0.046665,0.770814,-1.091861,9.723910
7.320000,0.050893,-0.010446,0.051757,0.771297,-1.169968,9.778288
7.325000,0.051063,-0.018833,0.049577,0.783444,-1.138611,9.792420
7.330000,0.047700,-0.017112,0.054677,0.793536,-1.110728,9.784611
7.335000,0.048649,-0.011993,0.051280,0.726615,-1.134117,9.787236
7.340000,0.044925,-0.014616,0.049577,0.743387,-1.155001,9.845999
7.345000,0.048591,-0.014919,0.047479,0.731504,-1.101734,9.813352
7.350000,0.047381,-0.015103,0.046874,0.740585,-1.105777,9.772031
7.355000,0.048685,-0.013795,0.048113,0.769255,-1.100146,9.802376
7.360000,0.055003,-0.014414,0.049875,0.796672,-1.167135,9.759615
7.365000,0.049645,-0.013032,0.051278,0.729965,-1.110501,9.780743
7.370000,0.047533,-0.015120,0.048851,0.731172,-1.097388,9.720366
7.375000,0.051315,-0.011383,0.049444,0.744795,-1.154564,9.777806
7.380000,0.049890,-0.018809,0.049631,0.782475,-1.127100,9.796640
7.385000,0.053998,-0.010078,0.045458,0.790950,-1.097232,9.796944
7.390000,0.058175,-0.013828,0.042154,0.786559,-1.110079,9.792029
7.395000,0.048948,-0.013040,0.053134,0.795212,-1.101212,9.789189
7.400000,0.055628,-0.010750,0.053565,0.757707,-1.085463,9.798916
7.405000,0.053158,-0.013589,0.050427,0.804078,-1.105870,9.824796
7.410000,0.050988,-0.008579,0.050319,0.739749,-1.147310,9.785164
7.415000,0.056889,-0.016220,0.049292,0.755098,-1.088719,9.808074
7.420000,0.052430,-0.010452,0.050351,0.747923,-1.035571,9.797306
7.425000,0.050670,-0.008152,0.053360,0.784799,-1.011691,9.772438
7.430000,0.056871,-0.016320,0.053562,0.786773,-1.048879,9.770322
7.435000,0.053985,-0.012168,0.048479,0.769957,-1.048108,9.845155
7.440000,0.058634,-0.009734,0.045596,0.764950,-1.116320,9.810022
7.445000,0.059997,-0.009904,0.050498,0.774603,-1.083146,9.859262
7.450000,0.058795,-0.013103,0.047788,0.751749,-1.036334,9.790587
7.455000,0.053810,-0.005380,0.047843,0.806005,-1.093626,9.790385
7.460000,0.054880,-0.008487,0.047599,0.810703,-1.071630,9.791276
7.465000,0.058738,-0.014696,0.048864,0.757040,-1.053827,9.817344
7.470000,0.056835,-0.007710,0.051268,0.754901,-1.042310,9.790809
7.475000,0.053050,-0.012568,0.050296,0.712839,-1.036755,9.835730
7.480000,0.057527,-0.014088,0.052749,0.780111,-1.004511,9.783479
7.485000,0.061066,-0.013345,0.052261,0.727532,-1.022111,9.822019
7.490000,0.055167,-0.007942,0.048125,0.757652,-1.036235,9.806047
7.495000,0.063385,-0.005017,0.052418,0.751413,-1.044919,9.757604
7.500000,0.053699,-0.008573,0.049216,0.709411,-1.003426,9.821757
7.505000,0.060660,-0.009327,0.043698,0.800366,-1.011574,9.833566
7.510000,0.058712,-0.012905,0.050812,0.791193,-1.011789,9.796676
7.515000,0.057431,-0.015983,0.045296,0.773557,-1.095862,9.754785
7.520000,0.057762,-0.007720,0.051788,0.786061,-1.000823,9.843685
7.525000,0.065987,-0.008854,0.047105,0.780570,-1.054770,9.796498
7.530000,0.061620,-0.006194,0.051448,0.782982,-0.975968,9.844579
7.535000,0.061084,-0.011364,0.047341,0.779570,-1.029870,9.823915
7.540000,0.066497,-0.010922,0.055522,0.748025,-1.000315,9.803399
7.545000,0.060277,-0.007840,0.045869,0.769966,-0.931465,9.772632
7.550000,0.062202,-0.008800,0.051351,0.786441,-1.032935,9.779343
7.555000,0.063239,-0.005150,0.051654,0.775725,-0.986074,9.823760
7.560000,0.057714,-0.006193,0.043965,0.823076,-1.001641,9.830544
7.565000,0.062757,-0.013184,0.048808,0.758689,-0.978511,9.764662
7.570000,0.063787,-0.005452,0.047778,0.862861,-1.020754,9.786180
7.575000,0.061221,-0.009137,0.046667,0.813955,-0.977197,9.783972
7.580000,0.060055,-0.016230,0.053997,0.749324,-0.973907,9.812348
7.585000,0.060286,-0.010230,0.045082,0.708650,-0.948047,9.819625
7.590000,0.059639,-0.007637,0.047519,0.765128,-0.978227,9.838622
7.595000,0.062876,-0.011301,0.050991,0.757344,-0.948922,9.823620
7.600000,0.052957,-0.007105,0.046328,0.774587,-0.907191,9.820536
7.605000,0.062497,-0.013882,0.053398,0.777193,-0.929608,9.807343
7.610000,0.061533,-0.012288,0.049839,0.751011,-0.921885,9.851116
7.615000,0.059921,-0.011261,0.044911,0.758151,-0.956683,9.780757
7.620000,0.057127,-0.006924,0.043996,0.745366,-0.955899,9.765043
7.625000,0.064016,-0.005325,0.050011,0.808107,-0.911608,9.804159
7.630000,0.062083,-0.010423,0.051492,0.736292,-0.914821,9.782724
7.635000,0.063864,-0.005979,0.043406,0.804153,-0.959122,9.779142
7.640000,0.062776,-0.006590,0.050975,0.813545,-0.925613,9.794948
7.645000,0.063866,-0.006543,0.045349,0.767103,-0.935202,9.706260
7.650000,0.063990,-0.008799,0.052220,0.799729,-0.980123,9.818885
7.655000,0.058193,-0.001815,0.045502,0.778223,-0.892745,9.789229
7.660000,0.063847,-0.009551,0.051986,0.840712,-0.919904,9.791011
7.665000,0.065716,-0.006717,0.049677,0.789764,-0.900957,9.818940
7.670000,0.063728,-0.010791,0.045634,0.781554,-0.884351,9.793885
7.675000,0.067431,-0.008291,0.046870,0.779832,-0.866532,9.804622
7.680000,0.067575,-0.006348,0.047628,0.825085,-0.881016,9.742314
7.685000,0.069405,-0.005371,0.044913,0.779774,-0.911691,9.805115
7.690000,0.069171,-0.007991,0.048813,0.796291,-0.908602,9.791400
7.695000,0.069992,-0.003044,0.051242,0.784136,-0.859644,9.861759
7.700000,0.065608,-0.006602,0.052176,0.798179,-0.852228,9.830587
7.705000,0.067775,-0.004560,0.047712,0.797955,-0.890570,9.792368
7.710000,0.071841,-0.005818,0.050176,0.746451,-0.891510,9.796883
7.715000,0.065241,-0.004562,0.050947,0.787200,-0.836374,9.818074
7.720000,0.066760,-0.002499,0.046611,0.747668,-0.859112,9.776991
7.725000,0.066529,-0.008848,0.049817,0.745768,-0.849042,9.813937
7.730000,0.064690,-0.008352,0.047161,0.803748,-0.850022,9.885550
7.735000,0.075279,-0.005082,0.048472,0.745453,-0.886493,9.774530
7.740000,0.069435,-0.004399,0.051422,0.798385,-0.890015,9.811663
7.745000,0.064235,-0.003289,0.048493,0.748122,-0.841530,9.830465
7.750000,0.074603,-0.005774,0.049705,0.788048,-0.796742,9.851817
7.755000,0.071542,-0.002309,0.046789,0.767308,-0.892726,9.793909
7.760000,0.069520,-0.003305,0.047612,0.841390,-0.816171,9.766219
7.765000,0.068653,-0.000930,0.049228,0.800407,-0.865253,9.816979
7.770000,0.078571,-0.003860,0.046753,0.776615,-0.845797,9.859223
7.775000,0.068643,-0.000377,0.049310,0.769248,-0.863198,9.796875
7.780000,0.072651,-0.006052,0.058595,0.814382,-0.804886,9.851220
7.785000,0.071580,0.000107,0.048284,0.828539,-0.882155,9.820890
7.790000,0.066968,-0.004975,0.051182,0.809269,-0.837127,9.800967
7.795000,0.068875,-0.002294,0.047372,0.745786,-0.828820,9.837264
7.800000,0.071490,-0.001220,0.047658,0.803676,-0.851551,9.787361
7.805000,0.069524,0.001101,0.051044,0.797345,-0.789093,9.829417
7.810000,0.079882,-0.002783,0.053569,0.792732,-0.797535,9.794165
7.815000,0.071114,0.000078,0.044676,0.776865,-0.803690,9.801138
7.820000,0.074584,0.000484,0.047712,0.805333,-0.775541,9.815240
7.825000,0.068136,0.003854,0.044821,0.818290,-0.725617,9.841433
7.830000,0.077826,-0.002628,0.048547,0.833632,-0.807490,9.790423
7.835000,0.072789,-0.000528,0.048595,0.768939,-0.760285,9.818797
7.840000,0.068775,-0.002604,0.048886,0.803128,-0.742295,9.794116
7.845000,0.069699,-0.000058,0.043749,0.783221,-0.785411,9.850738
7.850000,0.074973,0.001248,0.045410,0.738084,-0.761709,9.833501
7.855000,0.079469,-0.001631,0.043598,0.778955,-0.736592,9.812221
7.860000,0.071442,-0.001586,0.050469,0.750671,-0.801126,9.840295
7.865000,0.079758,-0.001316,0.051737,0.758311,-0.778435,9.774083
7.870000,0.075741,-0.002548,0.049726,0.815164,-0.761631,9.850833
7.875000,0.070820,0.004665,0.045407,0.777476,-0.768650,9.824768
7.880000,0.071928,0.002145,0.048645,0.877992,-0.730634,9.836845
7.885000,0.078473,-0.002190,0.045767,0.777955,-0.819559,9.836200
7.890000,0.072013,0.004318,0.043557,0.788542,-0.825352,9.746774
7.895000,0.077496,0.002256,0.045303,0.807647,-0.724646,9.884391
7.900000,0.073133,-0.000207,0.049662,0.788889,-0.658687,9.859234
7.905000,0.074998,0.005532,0.046807,0.742905,-0.702688,9.841488
7.910000,0.075509,0.002451,0.043095,0.768397,-0.721733,9.844665
7.915000,0.077226,0.002633,0.048390,0.754167,-0.729276,9.810856
7.920000,0.077490,0.003893,0.045464,0.771367,-0.716797,9.866685
7.925000,0.077816,-0.001049,0.048242,0.752558,-0.671407,9.862018
7.930000,0.079227,-0.000582,0.047631,0.763134,-0.654851,9.819379
7.935000,0.077666,0.002906,0.046183,0.803547,-0.683431,9.813332
7.940000,0.076070,-0.000311,0.050624,0.814513,-0.678565,9.850079
7.945000,0.079453,0.002895,0.047243,0.812862,-0.675244,9.843042
7.950000,0.080521,0.000130,0.042676,0.790779,-0.669326,9.832206
7.955000,0.080128,0.000986,0.049482,0.781710,-0.687885,9.814041
7.960000,0.082051,0.006958,0.045995,0.712892,-0.725700,9.839301
7.965000,0.079956,0.000913,0.046219,0.795826,-0.649415,9.821012
7.970000,0.076436,0.003449,0.049304,0.796110,-0.704305,9.861522
7.975000,0.077996,-0.000129,0.048181,0.762399,-0.651057,9.856303
7.980000,0.077288,0.010274,0.047007,0.807809,-0.679842,9.843234
7.985000,0.076160,0.003539,0.052501,0.747692,-0.700656,9.805283
7.990000,0.079206,0.005186,0.048409,0.815730,-0.658816,9.806496
7.995000,0.079634,-0.000480,0.046369,0.780499,-0.687873,9.862480
8.000000,0.080794,-0.001865,0.049957,0.775958,-0.657881,9.832083
8.005000,0.078307,0.007222,0.045160,0.746711,-0.665939,9.834340
8.010000,0.072816,-0.000228,0.043756,0.718009,-0.646160,9.816742
8.015000,0.080578,0.002900,0.044247,0.757692,-0.605938,9.800590
8.020000,0.082114,0.004138,0.045752,0.788548,-0.652660,9.863488
8.025000,0.075091,0.003124,0.044869,0.796740,-0.639614,9.814622
8.030000,0.081456,0.001468,0.051372,0.777118,-0.621380,9.825138
8.035000,0.074416,0.002803,0.042149,0.804667,-0.690027,9.799941
8.040000,0.081540,0.009053,0.049874,0.777901,-0.622206,9.848139
8.045000,0.081735,-0.000477,0.052360,0.810499,-0.588400,9.832631
8.050000,0.079602,0.006681,0.046637,0.786193,-0.580518,9.853056
8.055000,0.082529,0.005665,0.044171,0.719981,-0.524308,9.829116
8.060000,0.077337,0.006528,0.045911,0.800505,-0.583105,9.800609
8.065000,0.078556,0.001122,0.049660,0.751962,-0.586691,9.857396
8.070000,0.081388,0.004144,0.049214,0.787685,-0.635341,9.853445
8.075000,0.078377,0.008544,0.049233,0.768762,-0.550930,9.798853
8.080000,0.086702,0.000143,0.047968,0.787155,-0.627105,9.885877
8.085000,0.082932,0.000839,0.047019,0.796978,-0.550466,9.857293
8.090000,0.077621,0.004891,0.052592,0.800393,-0.570371,9.845565
8.095000,0.080104,0.004677,0.047265,0.772559,-0.526248,9.816963
8.100000,0.085765,0.008014,0.050840,0.742952,-0.555051,9.853810
8.105000,0.085577,0.005250,0.042458,0.828963,-0.547828,9.847844
8.110000,0.086052,0.003795,0.052542,0.752931,-0.514597,9.821724
8.115000,0.082594,0.002479,0.046327,0.811453,-0.570625,9.845085
8.120000,0.083368,0.002317,0.044295,0.785210,-0.568267,9.794603
8.125000,0.088068,0.000130,0.046663,0.752987,-0.534768,9.886659
8.130000,0.083765,0.007172,0.049419,0.780852,-0.485870,9.856228
8.135000,0.085660,0.002286,0.049736,0.755067,-0.543903,9.823078
8.140000,0.087462,0.008595,0.049319,0.789211,-0.483489,9.836449
8.145000,0.086395,0.008613,0.048539,0.793346,-0.501123,9.862022
8.150000,0.083870,0.002620,0.046178,0.784598,-0.500153,9.840946
8.155000,0.086288,0.005579,0.046370,0.793778,-0.490879,9.846156
8.160000,0.086131,0.005183,0.044327,0.741197,-0.440721,9.872381
8.165000,0.082959,0.008487,0.048704,0.743651,-0.491401,9.869368
8.170000,0.081588,0.011005,0.047233,0.771550,-0.542377,9.886875
8.175000,0.082702,0.003781,0.044525,0.795974,-0.562935,9.874298
8.180000,0.077405,0.007034,0.045106,0.828899,-0.453517,9.840345
8.185000,0.087059,0.006439,0.050586,0.783963,-0.460471,9.844285
8.190000,0.087930,0.008593,0.047190,0.832383,-0.474280,9.886294
8.195000,0.083877,0.006759,0.048396,0.757942,-0.476067,9.760348
8.200000,0.083867,0.006608,0.053272,0.782738,-0.467141,9.843011
8.205000,0.082770,0.009331,0.048208,0.802105,-0.481351,9.854586
8.210000,0.084692,0.011176,0.047677,0.738474,-0.430391,9.791877
8.215000,0.086052,0.010998,0.046629,0.745611,-0.464533,9.825876
8.220000,0.088873,0.010694,0.043070,0.801295,-0.420544,9.846459
8.225000,0.080243,0.011669,0.047925,0.800614,-0.509763,9.821164
8.230000,0.086997,0.006563,0.054358,0.735167,-0.418656,9.880483
8.235000,0.092116,0.011513,0.048468,0.756736,-0.439309,9.776744
8.240000,0.083746,0.008559,0.046295,0.802530,-0.410259,9.811937
8.245000,0.090074,0.010617,0.040985,0.711828,-0.434101,9.875526
8.250000,0.087819,0.011470,0.044036,0.773584,-0.440593,9.849666
8.255000,0.088782,0.005167,0.041167,0.707075,-0.410882,9.871947
8.260000,0.087877,0.010394,0.046834,0.748457,-0.379221,9.860614
8.265000,0.091496,0.015251,0.047110,0.741764,-0.401509,9.843645
8.270000,0.085004,0.005983,0.048066,0.766655,-0.395343,9.817364
8.275000,0.086091,0.010013,0.044425,0.752460,-0.466135,9.872635
8.280000,0.088010,0.011533,0.046826,0.749778,-0.350214,9.860820
8.285000,0.089573,0.010338,0.047000,0.788730,-0.388351,9.843276
8.290000,0.083400,0.012076,0.047669,0.791837,-0.429317,9.851330
8.295000,0.088086,0.008349,0.045091,0.755238,-0.389023,9.866764
8.300000,0.089043,0.012854,0.048360,0.758557,-0.379918,9.817806
8.305000,0.089879,0.007740,0.048599,0.795580,-0.360557,9.815937
8.310000,0.089956,0.010667,0.049101,0.747160,-0.346545,9.808953
8.315000,0.090790,0.012381,0.048559,0.750933,-0.335449,9.835306
8.320000,0.086822,0.008828,0.044841,0.753416,-0.302559,9.846714
8.325000,0.089374,0.013040,0.048146,0.753120,-0.350350,9.885685
8.330000,0.087851,0.010480,0.042488,0.797373,-0.325529,9.805642
8.335000,0.085962,0.010499,0.051303,0.735066,-0.262565,9.847026
8.340000,0.086669,0.008572,0.048907,0.720924,-0.338956,9.865125
8.345000,0.085467,0.012418,0.042665,0.792438,-0.351489,9.862710
8.350000,0.093772,0.014064,0.045901,0.763381,-0.346800,9.843955
8.355000,0.092781,0.014493,0.043042,0.805973,-0.343749,9.811722
8.360000,0.090020,0.015244,0.047204,0.697837,-0.295330,9.822016
8.365000,0.090103,0.014685,0.050644,0.757759,-0.309971,9.847488
8.370000,0.092421,0.008272,0.043780,0.699610,-0.260944,9.848099
8.375000,0.089031,0.016123,0.044318,0.760105,-0.270186,9.833928
8.380000,0.093473,0.016074,0.045388,0.761647,-0.275924,9.830263
8.385000,0.086472,0.013866,0.044219,0.741432,-0.298110,9.818044
8.390000,0.089085,0.007138,0.048912,0.757447,-0.303388,9.826815
8.395000,0.092249,0.013153,0.046298,0.710484,-0.310468,9.863630
8.400000,0.091078,0.019582,0.044231,0.776873,-0.314444,9.799644
8.405000,0.089149,0.011076,0.043350,0.764481,-0.269924,9.844633
8.410000,0.094678,0.014443,0.041680,0.783816,-0.242176,9.829964
8.415000,0.093357,0.015837,0.044118,0.747674,-0.230758,9.803331
8.420000,0.090303,0.010003,0.041347,0.766470,-0.170918,9.928457
8.425000,0.098009,0.013740,0.040782,0.812277,-0.272877,9.900099
8.430000,0.090865,0.013996,0.046382,0.763358,-0.230686,9.789751
8.435000,0.093832,0.013826,0.047118,0.753270,-0.250793,9.874073
8.440000,0.093257,0.016103,0.046534,0.728582,-0.229690,9.815328
8.445000,0.094393,0.009695,0.043678,0.657190,-0.266214,9.846315
8.450000,0.090225,0.013068,0.050307,0.750843,-0.246330,9.831233
8.455000,0.093733,0.013486,0.043796,0.771307,-0.219147,9.820962
8.460000,0.093993,0.015831,0.045745,0.779747,-0.169793,9.874855
8.465000,0.093925,0.014382,0.043198,0.800200,-0.217950,9.842421
8.470000,0.094531,0.017949,0.046577,0.772370,-0.182402,9.851258
8.475000,0.093188,0.019050,0.047617,0.770390,-0.238920,9.851371
8.480000,0.093914,0.010930,0.047803,0.748730,-0.183578,9.834684
8.485000,0.086802,0.013073,0.046779,0.709588,-0.169097,9.834526
8.490000,0.090598,0.016422,0.048605,0.750984,-0.156739,9.807461
8.495000,0.097594,0.016469,0.049367,0.774536,-0.181759,9.901789
8.500000,0.090921,0.017826,0.051856,0.704988,-0.171012,9.903900
8.505000,0.099075,0.011679,0.044340,0.749512,-0.182465,9.821249
8.510000,0.095710,0.020738,0.044015,0.768341,-0.132474,9.886817
8.515000,0.091988,0.014331,0.044387,0.798078,-0.160481,9.828496
8.520000,0.089696,0.018417,0.046618,0.719216,-0.135161,9.831723
8.525000,0.091825,0.016068,0.040441,0.724309,-0.187969,9.857673
8.530000,0.096997,0.021633,0.048620,0.783374,-0.148818,9.880891
8.535000,0.097363,0.010942,0.043573,0.744517,-0.053665,9.865232
8.540000,0.086772,0.014738,0.049125,0.764823,-0.113011,9.872385
8.545000,0.096818,0.013539,0.044275,0.702149,-0.130720,9.782765
8.550000,0.095997,0.018225,0.048826,0.828475,-0.113395,9.825477
8.555000,0.094413,0.021043,0.047264,0.748525,-0.182230,9.878480
8.560000,0.091419,0.012864,0.045980,0.771916,-0.133118,9.832688
8.565000,0.090262,0.019532,0.040802,0.703301,-0.133614,9.863160
8.570000,0.098053,0.015681,0.042167,0.727830,-0.093078,9.877177
8.575000,0.094814,0.013627,0.041248,0.711546,-0.099441,9.867217
8.580000,0.098173,0.017120,0.046115,0.768409,-0.130104,9.835569
8.585000,0.095829,0.018156,0.036159,0.693341,-0.094741,9.848895
8.590000,0.091421,0.021238,0.043920,0.777808,-0.096780,9.810157
8.595000,0.092922,0.019486,0.041004,0.822510,-0.133350,9.861682
8.600000,0.100225,0.019736,0.042864,0.669953,-0.076003,9.895976
8.605000,0.090607,0.020509,0.049241,0.758768,-0.037860,9.853232
8.610000,0.096236,0.015808,0.046015,0.727393,-0.108128,9.858262
8.615000,0.087521,0.017971,0.042534,0.726753,-0.083578,9.880691
8.620000,0.094691,0.019079,0.043412,0.748551,-0.020535,9.853286
8.625000,0.092263,0.017804,0.045759,0.679144,-0.048868,9.851634
8.630000,0.094046,0.023405,0.044148,0.713805,-0.050442,9.846299
8.635000,0.089838,0.025477,0.047174,0.727288,-0.060046,9.819292
8.640000,0.094596,0.017016,0.043134,0.762210,-0.042184,9.852537
8.645000,0.098136,0.017966,0.044785,0.715982,0.026065,9.803878
8.650000,0.094796,0.019350,0.039603,0.735413,0.021799,9.886863
8.655000,0.098047,0.019893,0.039992,0.738280,-0.055271,9.851190
8.660000,0.097934,0.017916,0.042407,0.684328,-0.034954,9.817833
8.665000,0.096620,0.022485,0.035647,0.733876,-0.054647,9.890057
8.670000,0.095647,0.021926,0.045778,0.731359,-0.000752,9.881457
8.675000,0.097076,0.022023,0.049579,0.684119,0.012394,9.832098
8.680000,0.092692,0.020495,0.047701,0.686366,0.000440,9.820286
8.685000,0.090638,0.020919,0.045667,0.777741,-0.013640,9.835307
8.690000,0.092927,0.024064,0.041014,0.697688,0.012175,9.863021
8.695000,0.096909,0.020095,0.042596,0.742379,0.036829,9.831007
8.700000,0.100600,0.025467,0.044007,0.690586,0.072783,9.897115
8.705000,0.096019,0.019080,0.048543,0.690285,0.074728,9.841741
8.710000,0.094744,0.021754,0.045434,0.638529,0.050147,9.845961
8.715000,0.092741,0.019996,0.038562,0.709160,0.017925,9.887461
8.720000,0.094759,0.024485,0.042837,0.682133,0.121421,9.833557
8.725000,0.090644,0.016503,0.043190,0.738132,0.007977,9.899797
8.730000,0.100661,0.033403,0.049159,0.738571,0.073323,9.916051
8.735000,0.094728,0.022181,0.046611,0.645581,0.041421,9.853050
8.740000,0.094096,0.023872,0.049119,0.733568,0.070601,9.872721
8.745000,0.093155,0.023005,0.038330,0.741159,0.046895,9.871675
8.750000,0.096116,0.026118,0.040261,0.702216,0.106255,9.877186
8.755000,0.093040,0.024117,0.047865,0.688588,0.116667,9.814592
8.760000,0.094563,0.028772,0.043902,0.673437,0.117780,9.869659
8.765000,0.099234,0.021139,0.043757,0.678087,0.107138,9.853559
8.770000,0.097884,0.019224,0.046419,0.715175,0.090569,9.874649
8.775000,0.095441,0.024947,0.041879,0.695163,0.094609,9.832781
8.780000,0.097453,0.024877,0.041089,0.777974,0.109416,9.801554
8.785000,0.092329,0.019275,0.044221,0.681034,0.103802,9.873467
8.790000,0.097981,0.020812,0.041000,0.737117,0.112873,9.799032
8.795000,0.100571,0.022553,0.043784,0.675777,0.113960,9.860293
8.800000,0.095702,0.026896,0.046767,0.648066,0.104331,9.850283
8.805000,0.095211,0.026476,0.048988,0.667196,0.135027,9.814882
8.810000,0.095659,0.026168,0.048916,0.720479,0.146459,9.843324
8.815000,0.096406,0.023557,0.045266,0.736803,0.129260,9.797905
8.820000,0.097936,0.026189,0.040807,0.689289,0.182466,9.841602
8.825000,0.097674,0.026928,0.046245,0.680660,0.219405,9.853321
8.830000,0.097970,0.022475,0.047699,0.753885,0.173964,9.917145
8.835000,0.095567,0.023362,0.039047,0.740309,0.148595,9.917595
8.840000,0.095574,0.028685,0.046477,0.662748,0.162660,9.875752
8.845000,0.099655,0.027279,0.042577,0.658461,0.184663,9.829384
8.850000,0.090666,0.021686,0.044545,0.681669,0.157491,9.848977
8.855000,0.096481,0.028292,0.041624,0.723383,0.209481,9.838539
8.860000,0.093816,0.024343,0.042799,0.683242,0.150476,9.831169
8.865000,0.093845,0.024534,0.042302,0.676653,0.214371,9.861613
8.870000,0.092451,0.025003,0.044287,0.719890,0.195908,9.859368
8.875000,0.099296,0.022003,0.040506,0.653437,0.222954,9.882314
8.880000,0.098410,0.025035,0.038463,0.719572,0.249959,9.848643
8.885000,0.094710,0.024465,0.040827,0.687752,0.220422,9.861422
8.890000,0.097287,0.022451,0.039540,0.678159,0.231145,9.838479
8.895000,0.089208,0.024817,0.042997,0.715789,0.243894,9.868210
8.900000,0.096460,0.025567,0.040866,0.704243,0.263654,9.946335
8.905000,0.094799,0.035076,0.040673,0.684260,0.223096,9.873589
8.910000,0.098787,0.024172,0.039657,0.659973,0.261530,9.767636
8.915000,0.092175,0.026179,0.046756,0.692632,0.247482,9.868921
8.920000,0.096973,0.026436,0.038916,0.644739,0.228082,9.863631
8.925000,0.094408,0.026604,0.040824,0.651198,0.268285,9.828047
8.930000,0.097816,0.026454,0.044606,0.688522,0.251058,9.878150
8.935000,0.096469,0.030898,0.041845,0.663206,0.258136,9.896946
8.940000,0.092829,0.026728,0.049656,0.726044,0.279819,9.859433
8.945000,0.100247,0.028280,0.046136,0.667194,0.313628,9.833577
8.950000,0.092272,0.026826,0.043605,0.662001,0.318025,9.890771
8.955000,0.096068,0.026583,0.038573,0.653130,0.257843,9.848928
8.960000,0.094731,0.025384,0.045873,0.662818,0.325648,9.900302
8.965000,0.094949,0.028746,0.044070,0.647490,0.247717,9.906962
8.970000,0.103235,0.025496,0.046649,0.595776,0.340614,9.861650
8.975000,0.092665,0.023557,0.041854,0.693392,0.338996,9.855321
8.980000,0.100002,0.026142,0.040324,0.671293,0.349547,9.849285
8.985000,0.096196,0.026255,0.043002,0.610832,0.376377,9.863583
8.990000,0.098156,0.032830,0.045811,0.714562,0.325535,9.852390
8.995000,0.097968,0.022909,0.039327,0.652868,0.302964,9.880450
9.000000,0.092503,0.028929,0.039790,0.646680,0.375407,9.844087
9.005000,0.099593,0.026130,0.043081,0.634389,0.287480,9.826797
9.010000,0.095047,0.027980,0.042503,0.678817,0.328360,9.851995
9.015000,0.095248,0.030591,0.043024,0.685998,0.314968,9.878158
9.020000,0.095658,0.029909,0.039632,0.669273,0.352245,9.830339
9.025000,0.092999,0.032703,0.042498,0.667751,0.291576,9.829661
9.030000,0.098068,0.026095,0.039659,0.656845,0.342795,9.830251
9.035000,0.093826,0.029002,0.039737,0.686475,0.328971,9.864352
9.040000,0.098203,0.023228,0.041160,0.625930,0.351076,9.888667
9.045000,0.097389,0.026152,0.038616,0.665686,0.367842,9.864856
9.050000,0.099477,0.028894,0.040380,0.611414,0.398096,9.875485
9.055000,0.088097,0.028508,0.042707,0.569153,0.402153,9.812501
9.060000,0.097892,0.033553,0.037729,0.616534,0.390365,9.834395
9.065000,0.091718,0.029036,0.038155,0.652429,0.363204,9.882391
9.070000,0.095838,0.024296,0.039237,0.661818,0.403770,9.887855
9.075000,0.098075,0.027082,0.045503,0.614401,0.396153,9.868846
9.080000,0.100428,0.027828,0.039490,0.660233,0.411834,9.852598
9.085000,0.098560,0.026132,0.039702,0.642685,0.454733,9.848021
9.090000,0.092677,0.028934,0.041094,0.594447,0.445040,9.783169
9.095000,0.098160,0.027097,0.035576,0.665689,0.423942,9.818823
9.100000,0.095528,0.027625,0.038077,0.661765,0.420280,9.863106
9.105000,0.096943,0.028819,0.040520,0.592292,0.427115,9.837641
9.110000,0.098724,0.031927,0.043596,0.618371,0.443818,9.853264
9.115000,0.099335,0.028460,0.043499,0.697743,0.403449,9.867890
9.120000,0.098338,0.027331,0.040988,0.605967,0.465771,9.847020
9.125000,0.094590,0.030678,0.044006,0.642564,0.475180,9.879615
9.130000,0.091699,0.031055,0.038921,0.622748,0.478443,9.888512
9.135000,0.086656,0.032002,0.037555,0.633802,0.504083,9.805865
9.140000,0.094250,0.031605,0.039503,0.588125,0.481075,9.816895
9.145000,0.096463,0.031009,0.038153,0.637025,0.472279,9.867910
9.150000,0.094639,0.029381,0.041995,0.674323,0.497696,9.894986
9.155000,0.094606,0.032952,0.043506,0.633064,0.527547,9.857004
9.160000,0.098027,0.031236,0.037764,0.622532,0.478510,9.790605
9.165000,0.099094,0.029606,0.039980,0.606562,0.461133,9.830477
9.170000,0.099304,0.028271,0.041126,0.602888,0.518062,9.863651
9.175000,0.101023,0.030264,0.043274,0.580238,0.524139,9.870716
9.180000,0.100631,0.029379,0.038085,0.580937,0.478179,9.830010
9.185000,0.092227,0.029889,0.036308,0.655109,0.538350,9.882181
9.190000,0.095446,0.031678,0.035212,0.598095,0.477517,9.807288
9.195000,0.095813,0.030556,0.041306,0.624276,0.530349,9.940818
9.200000,0.094007,0.034542,0.040359,0.609900,0.572948,9.881589
9.205000,0.093222,0.030936,0.042836,0.617987,0.505065,9.839356
9.210000,0.094631,0.029937,0.042252,0.575925,0.555525,9.908915
9.215000,0.097248,0.028266,0.037634,0.604166,0.561547,9.862394
9.220000,0.096536,0.032408,0.039428,0.563928,0.575465,9.878078
9.225000,0.096588,0.037991,0.045581,0.632529,0.514860,9.839605
9.230000,0.098051,0.030680,0.043202,0.618864,0.582965,9.836505
9.235000,0.096055,0.037834,0.042839,0.623167,0.615132,9.835121
9.240000,0.095220,0.033642,0.039372,0.624316,0.526699,9.798873
9.245000,0.094422,0.031397,0.039609,0.618889,0.610541,9.867641
9.250000,0.095831,0.033375,0.035672,0.576463,0.598197,9.868170
9.255000,0.092376,0.033080,0.045014,0.662688,0.617925,9.815808
9.260000,0.096332,0.029542,0.043956,0.598646,0.618340,9.847484
9.265000,0.094746,0.037340,0.036951,0.599831,0.639400,9.883886
9.270000,0.094440,0.030010,0.037675,0.603751,0.615267,9.840700
9.275000,0.097494,0.032405,0.036672,0.568002,0.588017,9.825958
9.280000,0.094753,0.030742,0.037845,0.589974,0.590553,9.919941
9.285000,0.095602,0.037508,0.036894,0.601148,0.636851,9.876887
9.290000,0.094015,0.027424,0.039690,0.579735,0.604834,9.796919
9.295000,0.097720,0.034368,0.040174,0.569946,0.637152,9.895266
9.300000,0.099382,0.033062,0.036054,0.557427,0.646941,9.860201
9.305000,0.095730,0.037712,0.040087,0.607715,0.630617,9.862958
9.310000,0.094559,0.037441,0.038798,0.548281,0.675747,9.765478
9.315000,0.093738,0.036350,0.035622,0.564402,0.736704,9.831145
9.320000,0.095305,0.035410,0.038075,0.581949,0.666832,9.885888
9.325000,0.089086,0.035304,0.037712,0.613345,0.652089,9.822680
9.330000,0.092753,0.033105,0.042262,0.573050,0.660766,9.814811
9.335000,0.094322,0.032467,0.041554,0.567232,0.672798,9.839689
9.340000,0.096967,0.026359,0.041298,0.603294,0.685097,9.822068
9.345000,0.092076,0.033081,0.036915,0.562984,0.662875,9.840515
9.350000,0.094316,0.030955,0.033550,0.602295,0.675923,9.857519
9.355000,0.092251,0.031174,0.040397,0.552303,0.680438,9.780325
9.360000,0.087026,0.037856,0.036856,0.551385,0.686468,9.848472
9.365000,0.084306,0.043840,0.039801,0.621386,0.640533,9.832643
9.370000,0.090081,0.035907,0.040473,0.545384,0.702227,9.825529
9.375000,0.097295,0.036691,0.042346,0.558100,0.740510,9.874001
9.380000,0.089982,0.037293,0.039791,0.623213,0.719644,9.834366
9.385000,0.090042,0.037825,0.035497,0.556929,0.696216,9.775542
9.390000,0.093319,0.036119,0.037588,0.596037,0.708574,9.891194
9.395000,0.095580,0.033054,0.031104,0.552179,0.760478,9.873591
9.400000,0.098765,0.036736,0.042670,0.554219,0.690874,9.829249
9.405000,0.094018,0.034385,0.035017,0.566185,0.757883,9.830046
9.410000,0.093885,0.034210,0.036642,0.589874,0.770977,9.828776
9.415000,0.092467,0.040614,0.041964,0.493830,0.751477,9.820661
9.420000,0.086407,0.029809,0.037614,0.517209,0.728596,9.856593
9.425000,0.091461,0.034416,0.040616,0.532043,0.763494,9.869439
9.430000,0.093196,0.033198,0.036244,0.529956,0.751297,9.887671
9.435000,0.095606,0.037261,0.040425,0.588982,0.783701,9.795042
9.440000,0.093849,0.032966,0.040619,0.570495,0.819380,9.825510
9.445000,0.088864,0.036494,0.042786,0.490962,0.764298,9.854562
9.450000,0.092596,0.036451,0.038600,0.557512,0.770799,9.849317
9.455000,0.089022,0.036198,0.033966,0.513448,0.788265,9.824875
9.460000,0.088607,0.036334,0.040490,0.520968,0.822894,9.845350
9.465000,0.094889,0.036471,0.036738,0.556188,0.809454,9.799386
9.470000,0.088813,0.038148,0.033767,0.490577,0.842862,9.799623
9.475000,0.089686,0.034984,0.037671,0.491773,0.778391,9.856779
9.480000,0.090269,0.033183,0.037968,0.533971,0.841633,9.841092
9.485000,0.090330,0.034284,0.039988,0.536355,0.839857,9.817112
9.490000,0.092526,0.040622,0.037773,0.497198,0.853034,9.833009
9.495000,0.088749,0.036443,0.036059,0.446962,0.886000,9.890085
9.500000,0.094557,0.038915,0.038172,0.556459,0.832387,9.846744
9.505000,0.089756,0.031920,0.037520,0.432925,0.887316,9.861642
9.510000,0.090175,0.032456,0.038267,0.507690,0.819922,9.762631
9.515000,0.093432,0.036349,0.038549,0.522566,0.847159,9.856595
9.520000,0.092314,0.031645,0.039603,0.536544,0.822575,9.813647
9.525000,0.089443,0.039042,0.038180,0.589869,0.830628,9.841735
9.530000,0.091342,0.039038,0.041697,0.474432,0.928509,9.786067
9.535000,0.084683,0.037498,0.036621,0.573871,0.830711,9.858163
9.540000,0.090394,0.038808,0.033572,0.501185,0.826258,9.779264
9.545000,0.089913,0.039419,0.036663,0.470051,0.854031,9.862878
9.550000,0.089416,0.038939,0.037137,0.550874,0.887503,9.809567
9.555000,0.092931,0.039467,0.041212,0.490728,0.864077,9.826952
9.560000,0.087172,0.035364,0.038904,0.517111,0.888228,9.803906
9.565000,0.090587,0.039834,0.033164,0.495129,0.906501,9.859324
9.570000,0.089434,0.046286,0.033180,0.499728,0.857880,9.808474
9.575000,0.082621,0.035390,0.034687,0.541306,0.874851,9.846788
9.580000,0.088089,0.036541,0.031536,0.474634,0.924597,9.878825
9.585000,0.090581,0.043975,0.041242,0.491057,0.951393,9.886762
9.590000,0.090169,0.035301,0.038687,0.553091,0.902702,9.845985
9.595000,0.091212,0.040757,0.037779,0.513127,0.946420,9.836593
9.600000,0.085275,0.040841,0.030448,0.476960,0.976088,9.796545
9.605000,0.084868,0.037385,0.036184,0.549001,0.915465,9.820513
9.610000,0.088449,0.043753,0.040587,0.527313,0.915482,9.802744
9.615000,0.083856,0.040368,0.035032,0.489374,0.947470,9.881424
9.620000,0.092312,0.038854,0.039997,0.440443,0.958166,9.794325
9.625000,0.084922,0.034618,0.039031,0.541141,0.982898,9.783440
9.630000,0.084876,0.039069,0.037199,0.493845,0.945135,9.796935
9.635000,0.090202,0.035799,0.040261,0.499373,0.959653,9.853021
9.640000,0.091344,0.040755,0.034523,0.486693,0.957714,9.805520
9.645000,0.086623,0.037981,0.039288,0.456691,0.924520,9.829663
9.650000,0.087480,0.042291,0.035317,0.521806,0.983137,9.833089
9.655000,0.084581,0.035947,0.038311,0.455705,1.016499,9.783616
9.660000,0.083108,0.039073,0.036325,0.497744,1.009107,9.885749
9.665000,0.090793,0.036679,0.035558,0.463483,0.988457,9.785742
9.670000,0.082276,0.039043,0.035905,0.488997,1.004396,9.767290
9.675000,0.085948,0.038748,0.038834,0.479503,0.970715,9.803057
9.680000,0.084845,0.038913,0.035387,0.464974,0.998028,9.814691
9.685000,0.084222,0.045808,0.039049,0.471412,1.004221,9.826292
9.690000,0.082655,0.037463,0.031770,0.444567,1.018593,9.766094
9.695000,0.085437,0.038639,0.033478,0.500157,1.015616,9.806889
9.700000,0.087837,0.041116,0.034864,0.418327,1.005151,9.783310
9.705000,0.085926,0.042733,0.040916,0.454515,1.044665,9.802588
9.710000,0.084696,0.042749,0.036432,0.481926,1.056493,9.809005
9.715000,0.086580,0.047063,0.036529,0.462012,1.051642,9.810657
9.720000,0.086567,0.041366,0.034869,0.459932,1.059493,9.800953
9.725000,0.079031,0.033849,0.036759,0.435134,0.996282,9.770091
9.730000,0.083339,0.039384,0.037512,0.466378,1.094610,9.846646
9.735000,0.083797,0.043004,0.037020,0.418400,1.063582,9.852473
9.740000,0.082438,0.040929,0.035581,0.480137,1.060899,9.862516
9.745000,0.079487,0.045611,0.036025,0.448526,1.033057,9.826591
9.750000,0.085758,0.041739,0.035404,0.399254,1.054933,9.800242
9.755000,0.083014,0.036636,0.035756,0.414757,1.053955,9.815826
9.760000,0.084095,0.042041,0.035103,0.360260,1.057983,9.789326
9.765000,0.081018,0.041467,0.038966,0.499541,1.078367,9.820665
9.770000,0.088962,0.038122,0.036809,0.490552,1.063629,9.810215
9.775000,0.079871,0.038133,0.039562,0.484349,1.049126,9.820490
9.780000,0.080409,0.035418,0.036071,0.419070,1.124159,9.823791
9.785000,0.083728,0.044637,0.033736,0.479518,0.998618,9.818293
9.790000,0.085337,0.042660,0.040678,0.401384,1.067631,9.835465
9.795000,0.081830,0.030906,0.032880,0.464867,1.046619,9.887089
9.800000,0.078588,0.041951,0.036528,0.426055,1.080892,9.811172
9.805000,0.076458,0.041703,0.033917,0.386528,1.139945,9.816472
9.810000,0.084508,0.039212,0.029339,0.465157,1.094933,9.798480
9.815000,0.078782,0.046070,0.034743,0.432481,1.196169,9.810702
9.820000,0.080912,0.038921,0.028698,0.427565,1.169351,9.798463
9.825000,0.086331,0.040367,0.035353,0.406118,1.142163,9.848905
9.830000,0.082312,0.042424,0.035106,0.439037,1.097500,9.832035
9.835000,0.080786,0.038967,0.030197,0.434048,1.145086,9.810299
9.840000,0.079100,0.040064,0.036868,0.387911,1.102320,9.831604
9.845000,0.079305,0.040780,0.039226,0.451769,1.120255,9.797587
9.850000,0.082839,0.040326,0.033216,0.458039,1.113667,9.833889
9.855000,0.073288,0.039889,0.035124,0.432208,1.090833,9.774848
9.860000,0.081502,0.040770,0.031313,0.413234,1.188698,9.817329
9.865000,0.075514,0.045374,0.036492,0.429426,1.164150,9.808342
9.870000,0.079929,0.041248,0.031744,0.416685,1.111743,9.845108
9.875000,0.085189,0.041711,0.037709,0.390651,1.196955,9.811015
9.880000,0.071178,0.035398,0.033418,0.378468,1.205308,9.808190
9.885000,0.079565,0.035047,0.037194,0.382992,1.156252,9.769381
9.890000,0.077875,0.043493,0.029458,0.419587,1.160558,9.813320
9.895000,0.078236,0.044746,0.036364,0.406333,1.118624,9.803089
9.900000,0.076770,0.046051,0.040819,0.416896,1.157962,9.751506
9.905000,0.077810,0.038087,0.033464,0.399964,1.172790,9.793269
9.910000,0.074256,0.041973,0.033554,0.418850,1.245849,9.777739
9.915000,0.068974,0.040661,0.033881,0.417973,1.196047,9.796244
9.920000,0.075957,0.047498,0.033265,0.421274,1.242635,9.792234
9.925000,0.077106,0.039133,0.037534,0.419664,1.211328,9.806290
9.930000,0.082790,0.045966,0.030766,0.394198,1.233502,9.818207
9.935000,0.079202,0.043405,0.036928,0.422824,1.245216,9.788829
9.940000,0.080144,0.040844,0.031348,0.328515,1.220850,9.765367
9.945000,0.074952,0.043810,0.036461,0.333018,1.242180,9.790490
9.950000,0.078695,0.045581,0.032365,0.401999,1.214921,9.767068
9.955000,0.075223,0.044787,0.036319,0.405791,1.215529,9.745911
9.960000,0.078100,0.041168,0.033966,0.382843,1.236285,9.796896
9.965000,0.076547,0.041568,0.030729,0.365582,1.264297,9.858992
9.970000,0.078950,0.038187,0.031020,0.359074,1.226414,9.763507
9.975000,0.077020,0.040560,0.032680,0.403252,1.232056,9.752408
9.980000,0.077816,0.043697,0.031781,0.355912,1.249087,9.737235
9.985000,0.079101,0.047908,0.031158,0.319062,1.198554,9.823998
9.990000,0.076852,0.046519,0.032347,0.394022,1.225735,9.765564
9.995000,0.071321,0.038560,0.034193,0.377356,1.304336,9.807508
10.000000,0.075198,0.039977,0.034868,0.319819,1.225951,9.744028
10.005000,0.077746,0.042112,0.034181,0.390528,1.273970,9.783556
10.010000,0.068473,0.041897,0.034368,0.400621,1.288667,9.760168
10.015000,0.075594,0.044329,0.029705,0.356413,1.255913,9.781957
10.020000,0.075534,0.045599,0.030859,0.344134,1.242200,9.746256
10.025000,0.074999,0.042299,0.026942,0.375515,1.236723,9.824973
10.030000,0.069753,0.043840,0.032214,0.325053,1.272063,9.806380
10.035000,0.071881,0.039243,0.033791,0.350410,1.262547,9.805592
10.040000,0.070796,0.040766,0.034716,0.381785,1.324804,9.803484
10.045000,0.071434,0.042151,0.035275,0.321707,1.314474,9.785195
10.050000,0.074269,0.045072,0.032923,0.371807,1.292417,9.778437
10.055000,0.077411,0.048217,0.030732,0.342998,1.346478,9.801370
10.060000,0.070688,0.040201,0.034005,0.359718,1.318011,9.784454
10.065000,0.072061,0.042427,0.030625,0.340093,1.305075,9.805321
10.070000,0.067881,0.038269,0.031815,0.335702,1.305053,9.847821
10.075000,0.074714,0.040546,0.031822,0.324922,1.382483,9.773262
10.080000,0.072329,0.043292,0.029095,0.360690,1.334965,9.801356
10.085000,0.071872,0.037356,0.035689,0.307548,1.372136,9.772798
10.090000,0.069566,0.042764,0.030720,0.298400,1.335172,9.752094
10.095000,0.072792,0.040296,0.034669,0.335503,1.369179,9.824603
10.100000,0.073827,0.038922,0.035394,0.344274,1.390989,9.786480
10.105000,0.071472,0.042115,0.032482,0.337608,1.358672,9.749509
10.110000,0.072745,0.038921,0.036422,0.337521,1.380813,9.703382
10.115000,0.074212,0.042893,0.034003,0.322543,1.360758,9.773712
10.120000,0.066069,0.044503,0.030059,0.296490,1.316281,9.828339
10.125000,0.066977,0.048150,0.031246,0.296067,1.332339,9.753318
10.130000,0.065751,0.042271,0.024519,0.362874,1.335720,9.817458
10.135000,0.063882,0.042082,0.028125,0.319371,1.357773,9.830793
10.140000,0.069349,0.046825,0.032941,0.378557,1.332429,9.838682
10.145000,0.067968,0.045649,0.032220,0.350868,1.346492,9.786140
10.150000,0.073491,0.045752,0.033383,0.313855,1.332107,9.809397
10.155000,0.070567,0.046672,0.032344,0.338504,1.369735,9.767414
10.160000,0.069379,0.043894,0.032759,0.353312,1.381679,9.817532
10.165000,0.070408,0.040283,0.034381,0.307654,1.390188,9.759476
10.170000,0.068618,0.047602,0.030475,0.320272,1.399196,9.766999
10.175000,0.068652,0.045432,0.031302,0.288946,1.407098,9.759494
10.180000,0.063823,0.045952,0.030210,0.296148,1.399235,9.797475
10.185000,0.070302,0.044588,0.031183,0.279589,1.348608,9.813338
10.190000,0.065827,0.046096,0.032949,0.295346,1.329171,9.758939
10.195000,0.066363,0.047400,0.034653,0.320731,1.399293,9.768007
10.200000,0.063263,0.045634,0.033111,0.282715,1.415884,9.724456
10.205000,0.066410,0.040671,0.033296,0.266475,1.384949,9.751942
10.210000,0.065284,0.046871,0.031128,0.299117,1.430149,9.745870
10.215000,0.068726,0.047432,0.031309,0.291425,1.376693,9.762763
10.220000,0.062450,0.048017,0.030942,0.265773,1.412516,9.750109
10.225000,0.057431,0.042106,0.036789,0.340916,1.412942,9.804814
10.230000,0.064279,0.040114,0.033178,0.336993,1.419061,9.729280
10.235000,0.067686,0.041346,0.027690,0.263393,1.389819,9.797213
10.240000,0.067237,0.039293,0.030460,0.308757,1.419714,9.827808
10.245000,0.064920,0.043686,0.032133,0.303807,1.430689,9.740907
10.250000,0.061622,0.042686,0.036378,0.257768,1.390575,9.779502
10.255000,0.062967,0.043305,0.032204,0.264222,1.429244,9.798539
10.260000,0.067226,0.044878,0.031151,0.269542,1.417701,9.764047
10.265000,0.058300,0.044491,0.030959,0.306284,1.380269,9.822182
10.270000,0.063813,0.045256,0.030374,0.244196,1.396410,9.781983
10.275000,0.057556,0.050843,0.032929,0.231500,1.456193,9.751125
10.280000,0.058703,0.044109,0.026806,0.277028,1.485953,9.792264
10.285000,0.059418,0.042857,0.031603,0.277413,1.478074,9.797493
10.290000,0.061063,0.044061,0.034245,0.236317,1.444727,9.743902
10.295000,0.057700,0.044082,0.030564,0.225628,1.490059,9.755788
10.300000,0.059049,0.042688,0.028458,0.240848,1.485939,9.807744
10.305000,0.063945,0.046340,0.031910,0.262409,1.488378,9.777504
10.310000,0.062106,0.044122,0.030516,0.273361,1.447544,9.832408
10.315000,0.053714,0.037753,0.028341,0.265024,1.437283,9.802899
10.320000,0.060826,0.043552,0.026485,0.299177,1.499913,9.762083
10.325000,0.063401,0.042107,0.029156,0.227748,1.522464,9.812369
10.330000,0.058190,0.045945,0.032711,0.230590,1.484528,9.796575
10.335000,0.056970,0.045722,0.027405,0.231976,1.502492,9.740360
10.340000,0.061280,0.045025,0.029709,0.227789,1.502774,9.797792
10.345000,0.060126,0.042684,0.031002,0.304618,1.460770,9.766067
10.350000,0.062983,0.042369,0.023327,0.231892,1.503523,9.774255
10.355000,0.056385,0.044073,0.033124,0.234518,1.492689,9.753829
10.360000,0.058718,0.045899,0.029756,0.207159,1.491387,9.734861
10.365000,0.058969,0.045969,0.029193,0.235029,1.482301,9.725620
10.370000,0.058109,0.051439,0.027118,0.232002,1.531623,9.767987
10.375000,0.064586,0.046717,0.029236,0.310057,1.494250,9.749381
10.380000,0.060545,0.046628,0.031949,0.203005,1.541966,9.759556
10.385000,0.059574,0.043093,0.029069,0.248418,1.516778,9.766645
10.390000,0.056565,0.042957,0.030432,0.263919,1.559167,9.781428
10.395000,0.055838,0.044843,0.028281,0.243522,1.541784,9.796348
10.400000,0.057217,0.046344,0.029673,0.269315,1.508944,9.812553
10.405000,0.051132,0.042789,0.031900,0.250496,1.540659,9.761914
10.410000,0.054222,0.042889,0.029412,0.221237,1.507531,9.743072
10.415000,0.053720,0.046566,0.030352,0.171167,1.471205,9.712001
10.420000,0.057291,0.041582,0.028623,0.194813,1.585466,9.760234
10.425000,0.049889,0.041804,0.028365,0.192674,1.563218,9.795901
10.430000,0.052825,0.043298,0.026385,0.243746,1.559865,9.759430
10.435000,0.050000,0.043387,0.021410,0.208223,1.555154,9.787843
10.440000,0.054173,0.047899,0.034253,0.151857,1.565360,9.814059
10.445000,0.047465,0.049287,0.025517,0.181172,1.512802,9.706172
10.450000,0.051413,0.046547,0.033791,0.168574,1.612894,9.781452
10.455000,0.054647,0.042546,0.027432,0.161503,1.533546,9.728302
10.460000,0.046037,0.046455,0.029664,0.188646,1.550575,9.762028
10.465000,0.050029,0.049123,0.031402,0.196441,1.548518,9.722227
10.470000,0.053095,0.047965,0.034405,0.190863,1.584654,9.736093
10.475000,0.050905,0.043651,0.032056,0.222273,1.549831,9.756480
10.480000,0.058537,0.043185,0.025493,0.187352,1.551926,9.770319
10.485000,0.052765,0.044232,0.030722,0.203311,1.549612,9.720641
10.490000,0.048002,0.049865,0.035776,0.199309,1.616969,9.738012
10.495000,0.049308,0.046869,0.028079,0.158738,1.544459,9.743401
10.500000,0.049300,0.047574,0.023872,0.141934,1.479576,9.745713
10.505000,0.048712,0.045708,0.028946,0.198357,1.566581,9.728635
10.510000,0.049126,0.046549,0.032259,0.109159,1.547168,9.771588
10.515000,0.051880,0.045016,0.028538,0.193604,1.567478,9.736980
10.520000,0.050360,0.048925,0.033953,0.216529,1.590429,9.691490
10.525000,0.049523,0.046519,0.024915,0.137361,1.621157,9.741919
10.530000,0.051035,0.047862,0.028568,0.208907,1.570872,9.738755
10.535000,0.045288,0.044400,0.028514,0.163130,1.597725,9.742045
10.540000,0.051249,0.043476,0.024217,0.195465,1.613409,9.711077
10.545000,0.044388,0.049221,0.029317,0.138966,1.549567,9.752836
10.550000,0.047077,0.046979,0.028547,0.150962,1.551184,9.698433
10.555000,0.048958,0.043837,0.033575,0.157988,1.549499,9.718146
10.560000,0.049260,0.041714,0.028683,0.148287,1.629445,9.734120
10.565000,0.046511,0.040333,0.028870,0.173750,1.596441,9.744753
10.570000,0.045861,0.046653,0.027097,0.114241,1.538795,9.722586
10.575000,0.041832,0.046826,0.024851,0.137259,1.612718,9.728059
10.580000,0.047241,0.045212,0.028510,0.133069,1.570521,9.674569
10.585000,0.043086,0.045966,0.023020,0.129940,1.600810,9.749347
10.590000,0.045538,0.045985,0.024824,0.187431,1.647068,9.780786
10.595000,0.046182,0.045816,0.023040,0.116525,1.559505,9.749580
10.600000,0.042665,0.043386,0.031641,0.134682,1.634860,9.737561
10.605000,0.049403,0.043491,0.026844,0.112829,1.634750,9.766451
10.610000,0.048903,0.040821,0.028411,0.118137,1.646139,9.766270
10.615000,0.041932,0.045498,0.027337,0.087790,1.629442,9.712677
10.620000,0.047760,0.047635,0.028747,0.131496,1.655089,9.762187
10.625000,0.040940,0.043780,0.029077,0.117397,1.633490,9.740312
10.630000,0.045442,0.048052,0.026565,0.148180,1.601596,9.768875
10.635000,0.040747,0.045908,0.026299,0.096799,1.642722,9.740354
10.640000,0.046210,0.039968,0.026596,0.105246,1.642260,9.682342
10.645000,0.041727,0.048940,0.028047,0.119185,1.637908,9.741145
10.650000,0.043915,0.040841,0.026512,0.127123,1.627930,9.702481
10.655000,0.047761,0.047385,0.027495,0.139802,1.621571,9.785436
10.660000,0.039651,0.042413,0.022941,0.139354,1.653115,9.764959
10.665000,0.040047,0.040783,0.033969,0.114299,1.626459,9.763594
10.670000,0.040974,0.043569,0.024469,0.160499,1.673382,9.776739
10.675000,0.038449,0.044906,0.028770,0.072636,1.683416,9.780979
10.680000,0.040987,0.045788,0.024571,0.056246,1.678422,9.771666
10.685000,0.039467,0.042951,0.030085,0.092815,1.623128,9.703188
10.690000,0.042721,0.043260,0.026552,0.096135,1.584195,9.664289
10.695000,0.041394,0.045418,0.031758,0.160666,1.679498,9.723726
10.700000,0.040300,0.046671,0.032488,0.123845,1.664909,9.739926
10.705000,0.039777,0.046902,0.028053,0.115228,1.666590,9.764619
10.710000,0.041092,0.044036,0.026179,0.106429,1.690050,9.743750
10.715000,0.043446,0.047153,0.032798,0.125742,1.647262,9.697862
10.720000,0.040619,0.049125,0.024721,0.037157,1.691225,9.693916
10.725000,0.041797,0.045626,0.026894,0.063758,1.681174,9.730790
10.730000,0.045604,0.048896,0.025568,0.051133,1.643523,9.772249
10.735000,0.040193,0.045435,0.029947,0.077650,1.668677,9.779667
10.740000,0.041852,0.039554,0.023471,0.049668,1.661951,9.742359
10.745000,0.041545,0.049548,0.029685,0.109214,1.701489,9.703391
10.750000,0.038219,0.044982,0.032316,0.127879,1.637259,9.745968
10.755000,0.034777,0.044733,0.027796,0.085080,1.645474,9.763974
10.760000,0.039289,0.050378,0.027681,0.093117,1.625897,9.765408
10.765000,0.038432,0.039228,0.029065,0.108911,1.669295,9.721593
10.770000,0.034435,0.044564,0.022547,0.120431,1.724133,9.763590
10.775000,0.032997,0.050003,0.028890,0.093435,1.727361,9.750339
10.780000,0.037476,0.045348,0.029882,0.032861,1.661287,9.779594
10.785000,0.040904,0.042824,0.029442,0.099653,1.663514,9.719174
10.790000,0.035375,0.040614,0.021879,0.065103,1.718670,9.710375
10.795000,0.033564,0.035149,0.023900,0.055323,1.715128,9.680982
10.800000,0.035886,0.046528,0.030592,0.016015,1.685220,9.768677
10.805000,0.034278,0.044626,0.027723,0.062809,1.675696,9.685914
10.810000,0.030348,0.045049,0.025051,-0.009615,1.719165,9.712779
10.815000,0.037894,0.047457,0.026247,0.024571,1.659358,9.772647
10.820000,0.033863,0.043358,0.034192,0.025440,1.640265,9.766124
10.825000,0.031914,0.048058,0.026719,0.121571,1.688025,9.743486
10.830000,0.034853,0.047413,0.028771,0.015845,1.719185,9.707546
10.835000,0.034116,0.042039,0.026840,0.019719,1.665173,9.774908
10.840000,0.028974,0.045202,0.022331,0.054491,1.723786,9.724048
10.845000,0.030260,0.046668,0.027092,0.064721,1.675557,9.766813
10.850000,0.030069,0.044372,0.027346,0.032456,1.695346,9.754358
10.855000,0.025938,0.045829,0.023392,0.052066,1.737474,9.748989
10.860000,0.029386,0.043329,0.025441,0.031854,1.687287,9.713755
10.865000,0.031907,0.042426,0.021036,0.085208,1.734088,9.775355
10.870000,0.031324,0.042600,0.025691,0.020194,1.713243,9.746783
10.875000,0.031028,0.046337,0.023669,0.042122,1.705769,9.755840
10.880000,0.021638,0.047410,0.024702,0.042087,1.672508,9.762101
10.885000,0.034720,0.044951,0.029017,-0.001152,1.724796,9.760315
10.890000,0.029359,0.043847,0.024095,0.028660,1.728787,9.761805
10.895000,0.024293,0.042587,0.027513,0.031727,1.776695,9.755747
10.900000,0.031429,0.051542,0.024446,0.018852,1.707888,9.770669
10.905000,0.026677,0.048643,0.025422,0.007026,1.702547,9.750960
10.910000,0.031713,0.042669,0.029802,0.027105,1.730310,9.769220
10.915000,0.022419,0.044620,0.021048,0.044647,1.674518,9.723715
10.920000,0.023221,0.046700,0.029879,-0.042485,1.739943,9.695298
10.925000,0.022814,0.046449,0.026541,0.021224,1.782838,9.725463
10.930000,0.028741,0.038901,0.024536,0.025946,1.666451,9.739897
10.935000,0.025773,0.042066,0.023403,0.022810,1.737779,9.771125
10.940000,0.022897,0.049690,0.029826,-0.002627,1.706871,9.682383
10.945000,0.027882,0.047454,0.024159,0.001988,1.690161,9.738800
10.950000,0.024825,0.043599,0.030297,-0.048923,1.736989,9.673613
10.955000,0.023448,0.039067,0.026958,-0.037724,1.696345,9.804305
10.960000,0.027738,0.039760,0.021181,-0.016822,1.705161,9.784622
10.965000,0.022960,0.048009,0.024990,-0.011362,1.736691,9.696485
10.970000,0.023045,0.044467,0.023496,-0.027867,1.735536,9.732368
10.975000,0.022666,0.043963,0.023567,-0.042723,1.690240,9.691645
10.980000,0.020578,0.041280,0.025800,-0.005258,1.720303,9.764902
10.985000,0.023871,0.046485,0.029938,-0.019138,1.719433,9.730053
10.990000,0.019706,0.046059,0.025214,-0.050921,1.699165,9.738113
10.995000,0.021914,0.046355,0.028496,0.029599,1.728491,9.757859
11.000000,0.020255,0.045162,0.023756,0.014374,1.730617,9.741809
11.005000,0.020089,0.047208,0.025396,-0.021186,1.705088,9.703119
11.010000,0.017682,0.045588,0.023694,-0.036113,1.762553,9.700307
11.015000,0.019067,0.042784,0.030544,-0.020910,1.751927,9.718270
11.020000,0.023851,0.040706,0.026460,-0.009437,1.734047,9.756022
11.025000,0.021347,0.045770,0.024876,-0.000503,1.749548,9.758976
11.030000,0.022763,0.041775,0.023241,-0.003293,1.729564,9.763869
11.035000,0.020292,0.045659,0.024232,-0.110112,1.740191,9.703127
11.040000,0.016302,0.040174,0.025292,0.028889,1.650260,9.720335
11.045000,0.026311,0.040408,0.028726,-0.091796,1.742012,9.711884
11.050000,0.020131,0.045022,0.032423,-0.037443,1.723861,9.738422
11.055000,0.018997,0.044997,0.022734,-0.045317,1.750677,9.706903
11.060000,0.018098,0.045368,0.021974,-0.032315,1.790862,9.786782
11.065000,0.017612,0.042985,0.023194,-0.014904,1.775600,9.748118
11.070000,0.019302,0.043934,0.033090,-0.003795,1.758024,9.731553
11.075000,0.022217,0.042367,0.028805,-0.018009,1.722277,9.721918
11.080000,0.012005,0.046561,0.025363,-0.048202,1.756685,9.735070
11.085000,0.017498,0.046452,0.030757,-0.065937,1.752848,9.748885
11.090000,0.020024,0.042855,0.023961,-0.041791,1.709000,9.709734
11.095000,0.016235,0.045910,0.030254,-0.041636,1.779637,9.694627
11.100000,0.014137,0.041288,0.026068,-0.067797,1.720109,9.610316
11.105000,0.015842,0.040663,0.029481,-0.036173,1.791352,9.653422
11.110000,0.016977,0.043183,0.025511,-0.050693,1.760740,9.706688
11.115000,0.013974,0.038503,0.026140,-0.077439,1.752447,9.738648
11.120000,0.008816,0.042390,0.024027,-0.105248,1.728361,9.766881
11.125000,0.010386,0.038492,0.024068,-0.089706,1.734070,9.734724
11.130000,0.016085,0.038766,0.018868,-0.101100,1.782982,9.738321
11.135000,0.018682,0.046121,0.023414,-0.045772,1.711564,9.737149
11.140000,0.010641,0.045089,0.024345,-0.115400,1.716269,9.743969
11.145000,0.014763,0.042408,0.027604,-0.035504,1.738644,9.673273
11.150000,0.015974,0.040883,0.022329,-0.079856,1.786880,9.671774
11.155000,0.016932,0.045714,0.025994,-0.086369,1.731087,9.746315
11.160000,0.008710,0.036366,0.026985,-0.048804,1.724654,9.713821
11.165000,0.014073,0.045245,0.023903,-0.076135,1.790660,9.672160
11.170000,0.014059,0.040690,0.025309,-0.067821,1.742428,9.684587
11.175000,0.010944,0.044989,0.025783,-0.098343,1.726385,9.737654
11.180000,0.010949,0.044067,0.024127,-0.072715,1.793662,9.698979
11.185000,0.014099,0.039392,0.027262,-0.138528,1.730870,9.675805
11.190000,0.012100,0.041505,0.019463,-0.090205,1.737248,9.760922
11.195000,0.008796,0.040101,0.025466,-0.119947,1.784927,9.666603
11.200000,0.017502,0.038913,0.024704,-0.054599,1.769367,9.785863
11.205000,0.012617,0.037916,0.025874,-0.049291,1.799578,9.796204
11.210000,0.011019,0.036064,0.023874,-0.107536,1.728864,9.748506
11.215000,0.007877,0.042250,0.027308,-0.093914,1.736323,9.739789
11.220000,0.011354,0.039814,0.026547,-0.117728,1.726442,9.739638
11.225000,0.010308,0.042098,0.020465,-0.101813,1.684977,9.760570
11.230000,0.014110,0.049476,0.024905,-0.110470,1.743916,9.755333
11.235000,0.009578,0.042506,0.028711,-0.090471,1.770477,9.663016
11.240000,0.012522,0.042541,0.025827,-0.148897,1.748403,9.705346
11.245000,0.007243,0.037949,0.019759,-0.124703,1.794908,9.773132
11.250000,0.006466,0.045703,0.022916,-0.132576,1.751430,9.699180
11.255000,0.006334,0.039433,0.019803,-0.143753,1.757783,9.697499
11.260000,0.007120,0.046437,0.022548,-0.131015,1.715977,9.742759
11.265000,0.009083,0.038284,0.030352,-0.141493,1.712391,9.670455
11.270000,0.003957,0.040473,0.022117,-0.125563,1.815387,9.735163
11.275000,0.006569,0.042034,0.021767,-0.159935,1.735407,9.688337
11.280000,0.010005,0.042998,0.025822,-0.125073,1.692477,9.711459
11.285000,0.000851,0.037109,0.029237,-0.135360,1.752789,9.716442
11.290000,0.008469,0.037850,0.024411,-0.123617,1.756176,9.731343
11.295000,0.004151,0.043832,0.028038,-0.122851,1.764506,9.756609
11.300000,0.002584,0.041636,0.033154,-0.100182,1.805766,9.734630
11.305000,0.006207,0.038707,0.023478,-0.146336,1.754321,9.683038
11.310000,0.008778,0.042516,0.020005,-0.121040,1.785167,9.765714
11.315000,0.002859,0.043283,0.022808,-0.144964,1.785317,9.729261
11.320000,0.003437,0.037718,0.026879,-0.162648,1.792116,9.718783
11.325000,0.004559,0.042365,0.021818,-0.199387,1.792634,9.667462
11.330000,0.005991,0.036715,0.030262,-0.157773,1.734895,9.753322
11.335000,0.000327,0.038304,0.023824,-0.150073,1.790284,9.704906
11.340000,0.001804,0.043725,0.025185,-0.258924,1.708641,9.689614
11.345000,0.000501,0.039144,0.027124,-0.123479,1.762846,9.704850
11.350000,0.004380,0.042264,0.029265,-0.181564,1.764702,9.677416
11.355000,0.000177,0.037825,0.027723,-0.187447,1.763000,9.729781
11.360000,0.002798,0.039881,0.020914,-0.155534,1.784174,9.734525
11.365000,-0.003241,0.048361,0.025080,-0.215733,1.786176,9.684339
11.370000,0.001258,0.037927,0.031328,-0.118542,1.774432,9.724262
11.375000,-0.000875,0.043885,0.022467,-0.125201,1.775016,9.754739
11.380000,-0.002226,0.035663,0.024929,-0.140994,1.843708,9.719376
11.385000,-0.002546,0.042149,0.029738,-0.187964,1.782986,9.753113
11.390000,-0.003916,0.036736,0.029040,-0.177011,1.823722,9.643324
11.395000,0.000725,0.042256,0.022296,-0.121000,1.790860,9.806800
11.400000,-0.002359,0.044293,0.026972,-0.171684,1.758832,9.697413
11.405000,-0.002831,0.037058,0.023241,-0.167801,1.786082,9.738875
11.410000,-0.002221,0.038332,0.026004,-0.117453,1.722911,9.687098
11.415000,-0.005966,0.045019,0.021900,-0.206623,1.806900,9.682217
11.420000,-0.001574,0.042943,0.024329,-0.212032,1.759641,9.707434
11.425000,-0.006654,0.036763,0.021620,-0.202630,1.751239,9.730138
11.430000,0.001070,0.037505,0.023445,-0.202461,1.727342,9.684705
11.435000,-0.002010,0.043911,0.027687,-0.179225,1.739983,9.716880
11.440000,-0.010425,0.039006,0.027497,-0.197842,1.731786,9.684845
11.445000,-0.003727,0.036695,0.026785,-0.237749,1.740444,9.722042
11.450000,-0.000064,0.047222,0.022108,-0.200542,1.752735,9.725634
11.455000,-0.004721,0.035499,0.026121,-0.209998,1.720297,9.703076
11.460000,-0.001497,0.039249,0.020625,-0.190903,1.704091,9.743672
11.465000,-0.005974,0.042318,0.031122,-0.210707,1.698251,9.743338
11.470000,-0.004847,0.038456,0.020609,-0.215485,1.757905,9.675898
11.475000,-0.005222,0.036677,0.027302,-0.201905,1.770052,9.770009
11.480000,-0.007337,0.040552,0.028182,-0.221655,1.805568,9.769291
11.485000,-0.002929,0.037159,0.020107,-0.147589,1.722249,9.742039
11.490000,-0.007550,0.041576,0.025958,-0.200487,1.764448,9.739985
11.495000,-0.008545,0.044027,0.023741,-0.215541,1.735309,9.739599
11.500000,-0.005226,0.041105,0.023831,-0.205802,1.785098,9.777232
11.505000,-0.011144,0.034868,0.021256,-0.181765,1.717138,9.683070
11.510000,-0.011569,0.041385,0.022518,-0.185788,1.727064,9.682892
11.515000,-0.011114,0.039489,0.020611,-0.210861,1.734692,9.711041
11.520000,-0.005855,0.036143,0.026494,-0.172077,1.811719,9.763251
11.525000,-0.009326,0.041110,0.020503,-0.234339,1.720582,9.697200
11.530000,-0.006406,0.042149,0.022887,-0.221650,1.698809,9.686252
11.535000,-0.003040,0.041369,0.019610,-0.213684,1.723923,9.727671
11.540000,-0.012689,0.040573,0.025726,-0.290449,1.735367,9.702384
11.545000,-0.002861,0.043969,0.024210,-0.281821,1.741851,9.752871
11.550000,-0.013314,0.037857,0.022923,-0.238487,1.718812,9.748692
11.555000,-0.008745,0.039515,0.024053,-0.236208,1.715084,9.661420
11.560000,-0.007878,0.036174,0.027324,-0.203130,1.741181,9.698885
11.565000,-0.010788,0.037480,0.020208,-0.277648,1.754035,9.737830
11.570000,-0.013556,0.035608,0.025956,-0.260162,1.742641,9.761510
11.575000,-0.011738,0.038881,0.024789,-0.223295,1.753199,9.665607
11.580000,-0.008377,0.039576,0.024110,-0.254859,1.751898,9.691219
11.585000,-0.014961,0.040010,0.022822,-0.205839,1.703964,9.748155
11.590000,-0.009396,0.035824,0.022050,-0.182504,1.688342,9.780086
11.595000,-0.008474,0.041134,0.025374,-0.259623,1.750648,9.725494
11.600000,-0.014074,0.041572,0.031042,-0.191918,1.768157,9.732194
11.605000,-0.014622,0.040254,0.020492,-0.251328,1.738001,9.698815
11.610000,-0.009972,0.040111,0.026666,-0.262401,1.720914,9.744539
11.615000,-0.013345,0.037218,0.024831,-0.241879,1.723917,9.739706
11.620000,-0.012862,0.041033,0.024585,-0.273661,1.742371,9.765995
11.625000,-0.014090,0.036355,0.019760,-0.236506,1.659018,9.798207
11.630000,-0.014042,0.033176,0.025751,-0.292731,1.717004,9.744511
11.635000,-0.011522,0.040319,0.023363,-0.282817,1.721291,9.671834
11.640000,-0.017510,0.035405,0.022712,-0.241477,1.728753,9.772588
11.645000,-0.010571,0.037282,0.024169,-0.281448,1.711915,9.744506
11.650000,-0.014084,0.035729,0.021473,-0.284744,1.717710,9.746604
11.655000,-0.013336,0.036156,0.025397,-0.294104,1.732804,9.704907
11.660000,-0.020316,0.034507,0.027947,-0.261210,1.704818,9.728243
11.665000,-0.019827,0.037106,0.023470,-0.288285,1.737923,9.703205
11.670000,-0.014023,0.041971,0.023840,-0.292088,1.717299,9.703913
11.675000,-0.019360,0.039674,0.020158,-0.279056,1.739655,9.742193
11.680000,-0.023209,0.046033,0.029191,-0.273293,1.690260,9.757330
11.685000,-0.010657,0.040201,0.022116,-0.279214,1.717906,9.663807
11.690000,-0.019556,0.037290,0.025643,-0.294871,1.687624,9.749238
11.695000,-0.019918,0.035671,0.025890,-0.265502,1.665800,9.719713
11.700000,-0.016900,0.036606,0.025412,-0.293537,1.673315,9.737569
11.705000,-0.024463,0.034334,0.024282,-0.272184,1.707611,9.774919
11.710000,-0.017278,0.040520,0.021873,-0.317079,1.659577,9.750072
11.715000,-0.022772,0.040758,0.022612,-0.319889,1.708062,9.765093
11.720000,-0.025389,0.035992,0.028180,-0.301804,1.694276,9.751917
11.725000,-0.020710,0.039255,0.023237,-0.302779,1.682832,9.723453
11.730000,-0.028258,0.032261,0.019447,-0.304819,1.670702,9.757607
11.735000,-0.021058,0.036648,0.022445,-0.246197,1.687472,9.759056
11.740000,-0.020918,0.037390,0.027146,-0.223642,1.660661,9.738335
11.745000,-0.023663,0.039001,0.021682,-0.253356,1.665804,9.809382
11.750000,-0.019839,0.035826,0.023338,-0.352240,1.635588,9.732635
11.755000,-0.019908,0.035034,0.024994,-0.300776,1.645871,9.686399
11.760000,-0.024279,0.029688,0.027882,-0.311261,1.698792,9.753728
11.765000,-0.019134,0.039571,0.026834,-0.291215,1.694410,9.725794
11.770000,-0.024634,0.037769,0.025991,-0.373444,1.679055,9.754906
11.775000,-0.023945,0.031765,0.028272,-0.347182,1.760800,9.708871
11.780000,-0.024403,0.039308,0.025918,-0.305838,1.688689,9.795618
11.785000,-0.023842,0.035296,0.027135,-0.252051,1.669265,9.738438
11.790000,-0.025094,0.034148,0.020017,-0.342095,1.646088,9.769104
11.795000,-0.021791,0.035439,0.019056,-0.302056,1.639122,9.749929
11.800000,-0.022455,0.031817,0.022732,-0.299632,1.713968,9.728206
11.805000,-0.027074,0.032639,0.020211,-0.299761,1.633457,9.725598
11.810000,-0.023586,0.031671,0.022969,-0.331178,1.670718,9.735714
11.815000,-0.023453,0.038146,0.025578,-0.338600,1.662873,9.746496
11.820000,-0.023518,0.032104,0.023225,-0.313331,1.722377,9.757398
11.825000,-0.028537,0.037607,0.028657,-0.376744,1.643111,9.691128
11.830000,-0.025471,0.036405,0.025057,-0.322729,1.634648,9.791735
11.835000,-0.026373,0.037745,0.027807,-0.325483,1.612231,9.769507
11.840000,-0.025475,0.036978,0.022878,-0.377218,1.637304,9.755553
11.845000,-0.028163,0.033759,0.019442,-0.293843,1.670152,9.709178
11.850000,-0.027318,0.035640,0.025043,-0.367706,1.657369,9.751900
11.855000,-0.030544,0.032507,0.021645,-0.360853,1.638006,9.758616
11.860000,-0.029667,0.028201,0.029162,-0.339735,1.582532,9.753245
11.865000,-0.029604,0.034448,0.022213,-0.374678,1.629569,9.753430
11.870000,-0.025977,0.032089,0.023035,-0.333864,1.689196,9.757817
11.875000,-0.030834,0.035321,0.027746,-0.382669,1.685615,9.725622
11.880000,-0.031227,0.033604,0.020304,-0.352291,1.615998,9.757827
11.885000,-0.022723,0.033190,0.024822,-0.376057,1.684094,9.709234
11.890000,-0.028026,0.036749,0.020893,-0.406527,1.644599,9.775318
11.895000,-0.031336,0.035984,0.024903,-0.318948,1.611677,9.714174
11.900000,-0.029268,0.034778,0.021200,-0.407201,1.658025,9.735984
11.905000,-0.032088,0.035557,0.026766,-0.355746,1.625227,9.720085
11.910000,-0.034278,0.031078,0.024114,-0.343860,1.618141,9.776343
11.915000,-0.024572,0.031284,0.026312,-0.381507,1.595734,9.751029
11.920000,-0.028666,0.030566,0.022287,-0.314031,1.633048,9.768053
11.925000,-0.030884,0.034919,0.024342,-0.349792,1.638049,9.762339
11.930000,-0.035016,0.032016,0.026093,-0.385465,1.624022,9.691982
11.935000,-0.028844,0.035185,0.019823,-0.351049,1.647282,9.699729
11.940000,-0.026549,0.027103,0.026298,-0.415271,1.637046,9.734780
11.945000,-0.034047,0.036336,0.024895,-0.398886,1.643879,9.716334
11.950000,-0.032829,0.035524,0.020903,-0.309958,1.595603,9.757575
11.955000,-0.030761,0.033621,0.021884,-0.383789,1.628075,9.732733
11.960000,-0.030558,0.032037,0.025956,-0.390016,1.571030,9.750391
11.965000,-0.036262,0.028366,0.022021,-0.355334,1.606066,9.745349
11.970000,-0.033414,0.035570,0.028234,-0.368092,1.646632,9.768979
11.975000,-0.032885,0.033446,0.022471,-0.384206,1.609485,9.706945
11.980000,-0.031430,0.030323,0.026539,-0.377294,1.591161,9.706859
11.985000,-0.035772,0.032850,0.021848,-0.417304,1.581684,9.775428
11.990000,-0.034015,0.036310,0.024115,-0.439186,1.614733,9.755380
11.995000,-0.030742,0.031350,0.030029,-0.339333,1.534623,9.768862
12.000000,-0.034698,0.029361,0.018772,-0.402412,1.581336,9.748673
12.005000,-0.035150,0.029315,0.017442,-0.333517,1.539499,9.759661
12.010000,-0.031553,0.030795,0.023514,-0.405291,1.630331,9.729041
12.015000,-0.035605,0.033321,0.028534,-0.359448,1.536060,9.751321
12.020000,-0.032364,0.034130,0.020400,-0.373849,1.549223,9.718022
12.025000,-0.041322,0.028955,0.013543,-0.448909,1.633747,9.739178
12.030000,-0.033741,0.026208,0.021982,-0.395048,1.569798,9.759344
12.035000,-0.036358,0.029731,0.020087,-0.398020,1.540678,9.696605
12.040000,-0.034806,0.031588,0.022677,-0.372281,1.625338,9.748201
12.045000,-0.038133,0.031827,0.019339,-0.355876,1.575238,9.743321
12.050000,-0.039618,0.028345,0.024429,-0.429598,1.542546,9.723324
12.055000,-0.035171,0.035251,0.022408,-0.443775,1.519801,9.735804
12.060000,-0.038186,0.025614,0.019746,-0.332137,1.558024,9.745204
12.065000,-0.039336,0.033893,0.024750,-0.371994,1.552151,9.771502
12.070000,-0.039996,0.029175,0.024071,-0.377745,1.550232,9.777523
12.075000,-0.040134,0.026723,0.017230,-0.450335,1.604834,9.785390
12.080000,-0.030197,0.027469,0.023664,-0.382829,1.569778,9.746423
12.085000,-0.040154,0.028050,0.027459,-0.352170,1.506006,9.737395
12.090000,-0.037025,0.031244,0.025656,-0.451068,1.494453,9.699852
12.095000,-0.035164,0.029558,0.023151,-0.362320,1.582114,9.805092
12.100000,-0.043027,0.024869,0.020099,-0.440934,1.539360,9.739498
12.105000,-0.039210,0.033970,0.017212,-0.422152,1.570426,9.769428
12.110000,-0.041144,0.032960,0.023582,-0.436678,1.532417,9.751919
12.115000,-0.039412,0.032139,0.020395,-0.397816,1.482288,9.719402
12.120000,-0.036905,0.029759,0.024436,-0.430183,1.519085,9.710158
12.125000,-0.038926,0.030843,0.018481,-0.456521,1.499764,9.752522
12.130000,-0.043478,0.027635,0.014024,-0.423424,1.561581,9.703612
12.135000,-0.035369,0.030063,0.024121,-0.480098,1.491208,9.760216
12.140000,-0.045965,0.030383,0.022658,-0.431510,1.483260,9.778882
12.145000,-0.041304,0.031168,0.022818,-0.387697,1.547410,9.708430
12.150000,-0.043239,0.022852,0.022593,-0.426650,1.538774,9.774955
12.155000,-0.043723,0.024115,0.026143,-0.398999,1.537843,9.757898
12.160000,-0.039510,0.026534,0.018098,-0.452031,1.484749,9.739036
12.165000,-0.043614,0.026522,0.022534,-0.466973,1.461992,9.739791
12.170000,-0.036918,0.028075,0.025518,-0.512107,1.530886,9.799021
12.175000,-0.041415,0.026676,0.022574,-0.476450,1.488862,9.732377
12.180000,-0.043869,0.030272,0.024528,-0.423148,1.494295,9.802124
12.185000,-0.042447,0.030500,0.021297,-0.461820,1.461766,9.757640
12.190000,-0.047449,0.027020,0.029751,-0.414723,1.460724,9.737546
12.195000,-0.046254,0.029713,0.020045,-0.411490,1.489787,9.755791
12.200000,-0.047180,0.027815,0.021199,-0.468135,1.446866,9.771509
12.205000,-0.043102,0.029016,0.019751,-0.410561,1.469588,9.724923
12.210000,-0.048825,0.027032,0.023252,-0.443417,1.464687,9.775983
12.215000,-0.042409,0.029289,0.023930,-0.512631,1.427586,9.726728
12.220000,-0.047022,0.028457,0.021462,-0.459451,1.479184,9.734217
12.225000,-0.041026,0.033953,0.025366,-0.435002,1.431700,9.739611
12.230000,-0.043535,0.031264,0.024323,-0.421620,1.452089,9.811557
12.235000,-0.048134,0.024191,0.024734,-0.469000,1.439836,9.734436
12.240000,-0.043764,0.025652,0.023739,-0.472936,1.427790,9.774356
12.245000,-0.046790,0.025739,0.024235,-0.485725,1.478134,9.774207
12.250000,-0.050273,0.030888,0.022328,-0.457949,1.501945,9.756081
12.255000,-0.050394,0.025916,0.020189,-0.488007,1.486313,9.797740
12.260000,-0.045749,0.019498,0.020396,-0.416476,1.454216,9.813807
12.265000,-0.043221,0.024272,0.023589,-0.436750,1.470545,9.822680
12.270000,-0.051896,0.027237,0.024771,-0.419134,1.424128,9.755095
12.275000,-0.051835,0.023033,0.022421,-0.436375,1.408701,9.838321
12.280000,-0.047630,0.031369,0.020870,-0.500865,1.402289,9.823988
12.285000,-0.050679,0.024647,0.025411,-0.517388,1.450425,9.819148
12.290000,-0.047311,0.027399,0.018905,-0.450815,1.410742,9.789469
12.295000,-0.043254,0.028122,0.023668,-0.482532,1.449698,9.756503
12.300000,-0.053920,0.028426,0.025268,-0.472064,1.409533,9.801654
12.305000,-0.053771,0.024989,0.028221,-0.455547,1.430154,9.772622
12.310000,-0.047190,0.030624,0.025128,-0.562023,1.441775,9.762179
12.315000,-0.046559,0.027137,0.023505,-0.500661,1.382271,9.784761
12.320000,-0.046625,0.022725,0.020780,-0.450402,1.401699,9.739816
12.325000,-0.051747,0.026283,0.026711,-0.536194,1.480493,9.765046
12.330000,-0.051078,0.022958,0.021819,-0.489185,1.422290,9.757540
12.335000,-0.052463,0.026036,0.021306,-0.570459,1.359904,9.768341
12.340000,-0.052158,0.019890,0.027466,-0.472675,1.420246,9.752810
12.345000,-0.047961,0.024452,0.023083,-0.508270,1.423853,9.792586
12.350000,-0.050915,0.025556,0.021155,-0.513784,1.399096,9.756682
12.355000,-0.054068,0.026640,0.021412,-0.500542,1.328898,9.770811
12.360000,-0.049994,0.018498,0.027432,-0.470136,1.370907,9.829099
12.365000,-0.051056,0.021559,0.020969,-0.492419,1.395410,9.748907
12.370000,-0.055815,0.021678,0.028621,-0.468512,1.371226,9.769323
12.375000,-0.054467,0.027113,0.017909,-0.477857,1.388642,9.764712
12.380000,-0.053279,0.024977,0.021694,-0.451051,1.376522,9.876452
12.385000,-0.058022,0.019030,0.022469,-0.520781,1.367960,9.769542
12.390000,-0.054833,0.024921,0.028539,-0.464306,1.365782,9.757016
12.395000,-0.053223,0.016101,0.023534,-0.522717,1.295679,9.800731
12.400000,-0.055429,0.022195,0.024858,-0.507689,1.367463,9.805715
12.405000,-0.055835,0.020714,0.021376,-0.478839,1.338835,9.804048
12.410000,-0.053493,0.023238,0.020739,-0.555160,1.344039,9.746878
12.415000,-0.053768,0.028442,0.027709,-0.516111,1.357117,9.812177
12.420000,-0.057306,0.021478,0.018760,-0.542528,1.296736,9.746907
12.425000,-0.056065,0.025706,0.017055,-0.560262,1.309244,9.780561
12.430000,-0.052595,0.024312,0.025501,-0.497048,1.213743,9.758591
12.435000,-0.058981,0.020196,0.021493,-0.502115,1.308846,9.759584
12.440000,-0.050235,0.026192,0.016729,-0.537017,1.322365,9.780076
12.445000,-0.050317,0.021533,0.021018,-0.529386,1.324133,9.794807
12.450000,-0.058804,0.023520,0.021901,-0.510883,1.296643,9.766782
12.455000,-0.058406,0.020686,0.022571,-0.531421,1.346028,9.755180
12.460000,-0.057342,0.018543,0.017941,-0.522091,1.290995,9.781961
12.465000,-0.060033,0.026671,0.018044,-0.546282,1.320171,9.781535
12.470000,-0.056543,0.022853,0.022199,-0.540643,1.344109,9.743624
12.475000,-0.054367,0.021929,0.013341,-0.495351,1.307243,9.800636
12.480000,-0.058069,0.020318,0.024102,-0.575289,1.350451,9.780056
12.485000,-0.057743,0.021621,0.026593,-0.602130,1.260832,9.834770
12.490000,-0.053488,0.021122,0.016391,-0.502461,1.291914,9.830326
12.495000,-0.057648,0.022550,0.020417,-0.538331,1.293649,9.722198
12.500000,-0.056637,0.018534,0.021670,-0.544486,1.297493,9.745835
12.505000,-0.050571,0.023056,0.021510,-0.554658,1.265904,9.785983
12.510000,-0.059501,0.020351,0.020930,-0.516770,1.291630,9.801827
12.515000,-0.056720,0.017897,0.011803,-0.533265,1.224611,9.779396
12.520000,-0.055845,0.017415,0.022208,-0.521703,1.272825,9.786970
12.525000,-0.055656,0.019123,0.019918,-0.534028,1.288451,9.760586
12.530000,-0.058177,0.019201,0.024102,-0.546985,1.338793,9.732332
12.535000,-0.060233,0.020286,0.019838,-0.565018,1.286126,9.704535
12.540000,-0.059811,0.025608,0.019983,-0.627962,1.250326,9.763225
12.545000,-0.060374,0.023524,0.019676,-0.550024,1.264798,9.815175
12.550000,-0.061362,0.020263,0.021310,-0.587169,1.226981,9.766347
12.555000,-0.060109,0.019286,0.028474,-0.575345,1.200735,9.792459
12.560000,-0.058209,0.018895,0.025869,-0.529876,1.171021,9.831532
12.565000,-0.061835,0.018008,0.018036,-0.557956,1.244374,9.757682
12.570000,-0.059554,0.019570,0.017394,-0.570871,1.274361,9.836254
12.575000,-0.058242,0.019994,0.021512,-0.585641,1.242849,9.787007
12.580000,-0.058052,0.021545,0.017207,-0.580455,1.199746,9.798145
12.585000,-0.058691,0.021764,0.024771,-0.574064,1.220152,9.798841
12.590000,-0.059465,0.019266,0.019849,-0.538770,1.157568,9.749370
12.595000,-0.062415,0.020583,0.020345,-0.517047,1.222588,9.789297
12.600000,-0.062121,0.023790,0.021105,-0.619571,1.203663,9.801545
12.605000,-0.060296,0.019895,0.021262,-0.624580,1.216867,9.798678
12.610000,-0.061560,0.015931,0.025025,-0.588138,1.182522,9.816541
12.615000,-0.062673,0.019393,0.021466,-0.567279,1.267621,9.784783
12.620000,-0.057985,0.018514,0.015394,-0.563454,1.161309,9.804738
12.625000,-0.063525,0.016996,0.015178,-0.574595,1.208236,9.790822
12.630000,-0.058436,0.014544,0.023989,-0.536498,1.179650,9.832594
12.635000,-0.058206,0.019655,0.021889,-0.572773,1.158075,9.805036
12.640000,-0.063043,0.020689,0.017562,-0.542763,1.093702,9.802118
12.645000,-0.065534,0.019181,0.019630,-0.594914,1.181777,9.789837
12.650000,-0.062171,0.020035,0.023417,-0.559148,1.191291,9.777825
12.655000,-0.065845,0.019179,0.021610,-0.568788,1.186688,9.718871
12.660000,-0.058982,0.018868,0.024436,-0.606507,1.209585,9.759527
12.665000,-0.061703,0.017697,0.018153,-0.606020,1.194371,9.820734
12.670000,-0.064893,0.017673,0.024853,-0.553382,1.093000,9.767349
12.675000,-0.068734,0.017608,0.025585,-0.595188,1.140967,9.809729
12.680000,-0.063125,0.015867,0.019012,-0.612969,1.190025,9.749977
12.685000,-0.061487,0.022526,0.020915,-0.617426,1.165990,9.772464
12.690000,-0.059172,0.013647,0.023127,-0.578673,1.134344,9.796247
12.695000,-0.066027,0.016372,0.014887,-0.618785,1.155322,9.802064
12.700000,-0.061331,0.023171,0.022218,-0.593594,1.157511,9.833013
12.705000,-0.062337,0.013076,0.019677,-0.587336,1.115645,9.812342
12.710000,-0.066401,0.017742,0.020993,-0.585585,1.136524,9.839279
12.715000,-0.064423,0.015779,0.024011,-0.618207,1.145279,9.827089
12.720000,-0.062065,0.018607,0.027393,-0.616089,1.123000,9.851887
12.725000,-0.066843,0.014226,0.019547,-0.593952,1.093600,9.780057
12.730000,-0.061921,0.011515,0.022582,-0.584207,1.108762,9.795184
12.735000,-0.064729,0.020830,0.027174,-0.647282,1.088409,9.762832
12.740000,-0.065745,0.015824,0.023139,-0.596182,1.110525,9.833141
12.745000,-0.060901,0.015412,0.021726,-0.659123,1.140499,9.792030
12.750000,-0.064352,0.017794,0.019566,-0.606393,1.107606,9.802023
12.755000,-0.070458,0.016966,0.022140,-0.577003,1.058369,9.775638
12.760000,-0.064415,0.019416,0.026882,-0.575180,1.094028,9.784242
12.765000,-0.064082,0.015766,0.021590,-0.618731,1.098079,9.787739
12.770000,-0.063620,0.015067,0.017454,-0.580649,1.054780,9.839473
12.775000,-0.065047,0.014893,0.025932,-0.646606,1.069761,9.740052
12.780000,-0.068118,0.015351,0.015569,-0.590888,1.111516,9.815892
12.785000,-0.066799,0.021591,0.020035,-0.569928,1.044445,9.859094
12.790000,-0.068191,0.018339,0.022877,-0.641275,1.022869,9.802801
12.795000,-0.063275,0.012269,0.021076,-0.646622,1.038496,9.806271
12.800000,-0.063745,0.010524,0.019341,-0.615026,0.980105,9.834035
12.805000,-0.066226,0.008577,0.021532,-0.662338,1.044856,9.845796
12.810000,-0.067929,0.014634,0.020624,-0.652812,0.993511,9.756797
12.815000,-0.066429,0.013490,0.019014,-0.654515,1.038782,9.785987
12.820000,-0.067141,0.012419,0.024690,-0.637366,0.996822,9.807272
12.825000,-0.070922,0.013697,0.016372,-0.628697,1.015360,9.780164
12.830000,-0.068696,0.018460,0.015636,-0.659881,0.983163,9.835724
12.835000,-0.070102,0.011505,0.024134,-0.652986,1.061688,9.800518
12.840000,-0.066652,0.016352,0.022376,-0.623445,0.943738,9.816138
12.845000,-0.068558,0.016103,0.023297,-0.693698,0.980504,9.816560
12.850000,-0.063099,0.010710,0.020733,-0.675093,1.003116,9.806528
12.855000,-0.068028,0.011956,0.022116,-0.656550,1.042161,9.843969
12.860000,-0.064337,0.014091,0.019052,-0.679106,0.988436,9.767765
12.865000,-0.071749,0.019757,0.020484,-0.652365,0.981049,9.781377
12.870000,-0.065789,0.013884,0.018049,-0.620176,1.019279,9.832071
12.875000,-0.069808,0.013572,0.022914,-0.616695,0.980678,9.834401
12.880000,-0.071153,0.014590,0.018294,-0.623528,1.044969,9.798625
12.885000,-0.064000,0.007229,0.021673,-0.643861,0.983561,9.834507
12.890000,-0.064029,0.012728,0.021633,-0.615358,0.934970,9.811029
12.895000,-0.069933,0.009055,0.021731,-0.688205,0.985899,9.820927
12.900000,-0.068746,0.010210,0.021037,-0.632667,0.978999,9.787177
12.905000,-0.068701,0.016895,0.025259,-0.651657,0.965757,9.813121
12.910000,-0.070571,0.009004,0.022142,-0.583621,0.990395,9.812197
12.915000,-0.068338,0.010638,0.010513,-0.667682,0.976134,9.856864
12.920000,-0.073700,0.014312,0.020715,-0.645401,0.913869,9.754796
12.925000,-0.075614,0.011244,0.018745,-0.623418,0.967941,9.802571
12.930000,-0.068208,0.012272,0.025290,-0.668281,0.909154,9.857500
12.935000,-0.069005,0.008200,0.014675,-0.662061,0.938926,9.822313
12.940000,-0.066876,0.008496,0.018914,-0.640888,0.914572,9.797823
12.945000,-0.067329,0.008562,0.014511,-0.630101,0.919644,9.809445
12.950000,-0.073371,0.009344,0.019002,-0.615180,0.948622,9.866723
12.955000,-0.070702,0.010768,0.021020,-0.684051,0.945926,9.772383
12.960000,-0.074938,0.008600,0.014370,-0.685693,0.956474,9.770880
12.965000,-0.069393,0.015192,0.020689,-0.650790,0.918055,9.830251
12.970000,-0.071896,0.013568,0.020737,-0.673020,0.880878,9.827833
12.975000,-0.075567,0.012339,0.021257,-0.643755,0.830133,9.838337
12.980000,-0.066108,0.011829,0.021531,-0.676163,0.898922,9.770743
12.985000,-0.069743,0.015352,0.020438,-0.666526,0.848982,9.811493
12.990000,-0.078268,0.007642,0.022907,-0.698876,0.874016,9.874817
12.995000,-0.070280,0.016655,0.019197,-0.692584,0.854716,9.810228
13.000000,-0.070210,0.009082,0.020400,-0.663180,0.902937,9.841983
13.005000,-0.065921,0.010250,0.024279,-0.710395,0.880299,9.831206
13.010000,-0.071314,0.007837,0.021576,-0.655642,0.852089,9.863716
13.015000,-0.072860,0.009089,0.017517,-0.660059,0.880559,9.843561
13.020000,-0.070636,0.010831,0.019819,-0.680663,0.850117,9.807260
13.025000,-0.072929,0.009399,0.019193,-0.710846,0.861765,9.833584
13.030000,-0.072338,0.011800,0.019724,-0.688688,0.859389,9.865005
13.035000,-0.068059,0.012997,0.017514,-0.659049,0.800294,9.771842
13.040000,-0.067543,0.006518,0.022232,-0.686303,0.820013,9.799881
13.045000,-0.067916,0.004656,0.019892,-0.702007,0.791526,9.891204
13.050000,-0.073215,0.009063,0.017445,-0.709508,0.853179,9.804886
13.055000,-0.071875,0.011568,0.018675,-0.675630,0.809635,9.831648
13.060000,-0.073040,0.008917,0.015426,-0.689636,0.791380,9.817908
13.065000,-0.076393,0.009645,0.018239,-0.589868,0.815752,9.824763
13.070000,-0.069491,0.009263,0.020599,-0.681243,0.862044,9.799972
13.075000,-0.075907,0.008467,0.021720,-0.698120,0.808613,9.808150
13.080000,-0.076818,0.008573,0.022188,-0.667216,0.765501,9.827015
13.085000,-0.072545,0.006742,0.016768,-0.653875,0.778224,9.849132
13.090000,-0.077926,0.009606,0.022862,-0.689892,0.797511,9.794870
13.095000,-0.070940,0.008394,0.022247,-0.639542,0.759370,9.848777
13.100000,-0.076030,0.001650,0.016915,-0.720692,0.795857,9.885342
13.105000,-0.072561,0.010261,0.022462,-0.667999,0.799190,9.880464
13.110000,-0.076748,0.007314,0.017307,-0.713038,0.796320,9.797872
13.115000,-0.070573,0.007192,0.021895,-0.644356,0.813079,9.842798
13.120000,-0.070948,0.009770,0.021410,-0.718319,0.762979,9.884742
13.125000,-0.076313,0.006481,0.018772,-0.712056,0.752145,9.814936
13.130000,-0.076820,0.007518,0.020607,-0.647808,0.769950,9.808574
13.135000,-0.073806,-0.000676,0.016497,-0.705059,0.747332,9.776098
13.140000,-0.069691,0.010813,0.026806,-0.671466,0.755716,9.858639
13.145000,-0.070095,0.002293,0.016969,-0.720426,0.736940,9.864733
13.150000,-0.072527,0.011430,0.017847,-0.721069,0.724464,9.827650
13.155000,-0.078960,0.005928,0.021311,-0.652865,0.720758,9.834081
13.160000,-0.076362,0.004186,0.018467,-0.737020,0.688528,9.865916
13.165000,-0.067713,0.006657,0.020381,-0.736618,0.718680,9.883582
13.170000,-0.074876,0.003328,0.018846,-0.720499,0.669214,9.873045
13.175000,-0.078846,0.004644,0.019944,-0.690340,0.736633,9.801050
13.180000,-0.075238,0.010140,0.017493,-0.641405,0.700362,9.769425
13.185000,-0.073771,0.005844,0.018777,-0.683230,0.695519,9.833057
13.190000,-0.073645,0.007906,0.021744,-0.705295,0.742947,9.794805
13.195000,-0.071045,0.008244,0.025861,-0.701481,0.704867,9.813046
13.200000,-0.069343,0.000422,0.021329,-0.698390,0.708728,9.867135
13.205000,-0.071837,0.007052,0.021387,-0.720387,0.675159,9.795176
13.210000,-0.074349,0.005283,0.020765,-0.703906,0.648742,9.821199
13.215000,-0.082642,0.003941,0.020841,-0.660838,0.708627,9.846140
13.220000,-0.068664,0.001375,0.022783,-0.661916,0.653426,9.826478
13.225000,-0.077161,0.002046,0.016689,-0.749476,0.670386,9.777974
13.230000,-0.075293,0.004624,0.023679,-0.701761,0.584102,9.871025
13.235000,-0.077936,0.001968,0.020725,-0.713941,0.636925,9.850766
13.240000,-0.074498,0.004767,0.018258,-0.701374,0.653462,9.781368
13.245000,-0.074369,0.001472,0.027499,-0.717861,0.644188,9.872133
13.250000,-0.076897,0.003531,0.022286,-0.697431,0.638172,9.842552
13.255000,-0.076443,0.003196,0.023623,-0.753173,0.640691,9.826269
13.260000,-0.076041,0.004805,0.018959,-0.724835,0.669350,9.842099
13.265000,-0.076562,0.002556,0.018228,-0.716641,0.653168,9.822240
13.270000,-0.074725,0.007564,0.017736,-0.635807,0.678259,9.844558
13.275000,-0.072062,0.000310,0.021906,-0.697362,0.623645,9.839642
13.280000,-0.073186,0.002332,0.018758,-0.679888,0.590766,9.770032
13.285000,-0.069540,-0.001605,0.018746,-0.751685,0.615475,9.833406
13.290000,-0.071542,0.005840,0.018978,-0.725946,0.603751,9.825212
13.295000,-0.075881,-0.000474,0.020566,-0.695306,0.583894,9.830767
13.300000,-0.077520,0.000953,0.021884,-0.732590,0.611749,9.816399
13.305000,-0.074521,0.002547,0.012840,-0.742335,0.571392,9.887804
13.310000,-0.076630,-0.002276,0.013464,-0.687885,0.575032,9.857571
13.315000,-0.071175,0.004450,0.016605,-0.725041,0.611189,9.850303
13.320000,-0.072633,-0.000625,0.015599,-0.729217,0.594918,9.849536
13.325000,-0.078320,0.001402,0.020527,-0.711861,0.566555,9.843117
13.330000,-0.075354,-0.000287,0.023287,-0.682094,0.587515,9.842621
13.335000,-0.072142,0.001885,0.017356,-0.677988,0.564933,9.834541
13.340000,-0.078843,0.000421,0.013855,-0.747769,0.553836,9.812533
13.345000,-0.077583,-0.002392,0.018820,-0.726263,0.564968,9.887699
13.350000,-0.075907,0.000111,0.018508,-0.701234,0.549901,9.787339
13.355000,-0.079344,0.001079,0.018035,-0.687722,0.535568,9.817601
13.360000,-0.069034,0.001955,0.018035,-0.716881,0.507733,9.863344
13.365000,-0.074808,0.001833,0.016647,-0.660979,0.467674,9.828042
13.370000,-0.072630,0.003679,0.018928,-0.740692,0.540366,9.831200
13.375000,-0.080013,0.000324,0.017450,-0.728017,0.529068,9.827359
13.380000,-0.073168,0.002554,0.019242,-0.704722,0.479821,9.898185
13.385000,-0.077268,0.000247,0.016965,-0.708939,0.496979,9.843122
13.390000,-0.075928,-0.002643,0.024960,-0.749665,0.524060,9.880034
13.395000,-0.073613,-0.001249,0.022221,-0.681213,0.492148,9.844416
13.400000,-0.073750,0.005066,0.019655,-0.730788,0.483925,9.847737
13.405000,-0.071010,0.000339,0.019765,-0.750856,0.504666,9.778238
13.410000,-0.070906,-0.000198,0.018141,-0.704473,0.439721,9.806202
13.415000,-0.078500,-0.003551,0.020849,-0.711420,0.462152,9.878179
13.420000,-0.070920,-0.002343,0.018858,-0.733840,0.495579,9.838176
13.425000,-0.070794,0.002586,0.015946,-0.724211,0.449675,9.848021
13.430000,-0.072002,0.004385,0.016849,-0.726609,0.423227,9.856874
13.435000,-0.073277,0.001112,0.020457,-0.715614,0.444210,9.814059
13.440000,-0.075072,-0.003229,0.024808,-0.725678,0.495213,9.848854
13.445000,-0.073303,-0.003634,0.023701,-0.703992,0.479836,9.897102
13.450000,-0.071736,0.000047,0.017422,-0.732583,0.441139,9.840501
13.455000,-0.075360,0.003376,0.015418,-0.717315,0.466278,9.843266
13.460000,-0.072683,-0.003965,0.020857,-0.715481,0.431915,9.820561
13.465000,-0.079577,-0.001072,0.023337,-0.709458,0.422318,9.866985
13.470000,-0.076730,-0.001408,0.022395,-0.731836,0.426930,9.836930
13.475000,-0.076858,-0.006865,0.019258,-0.717753,0.407903,9.814271
13.480000,-0.072290,-0.002905,0.020168,-0.699249,0.465889,9.859297
13.485000,-0.077662,-0.000837,0.019072,-0.760982,0.436311,9.873127
13.490000,-0.075975,-0.000190,0.019877,-0.734667,0.446077,9.757649
13.495000,-0.077477,-0.003356,0.018098,-0.773662,0.400981,9.830030
13.500000,-0.073732,-0.001742,0.014939,-0.737695,0.416064,9.869369
13.505000,-0.074956,-0.000744,0.015676,-0.776788,0.394263,9.835249
13.510000,-0.074236,-0.002955,0.018186,-0.759911,0.368394,9.770982
13.515000,-0.075261,0.007253,0.016901,-0.727283,0.358200,9.828830
13.520000,-0.073696,0.002556,0.017431,-0.734087,0.429008,9.860143
13.525000,-0.077425,-0.000652,0.020390,-0.788461,0.379840,9.835263
13.530000,-0.076424,-0.003538,0.020393,-0.757410,0.369291,9.846792
13.535000,-0.076025,-0.006492,0.020502,-0.782898,0.334455,9.829602
13.540000,-0.073143,-0.005611,0.021775,-0.746080,0.334162,9.874195
13.545000,-0.074907,-0.002759,0.018867,-0.724185,0.309335,9.801972
13.550000,-0.074870,-0.000162,0.021699,-0.753111,0.329582,9.821290
13.555000,-0.077875,-0.003765,0.014799,-0.716712,0.342815,9.875097
13.560000,-0.076403,-0.005491,0.018245,-0.700037,0.345075,9.855521
13.565000,-0.071268,-0.001949,0.013892,-0.724372,0.397543,9.852508
13.570000,-0.073498,-0.003484,0.011509,-0.743867,0.300700,9.813235
13.575000,-0.068641,-0.002733,0.015704,-0.713495,0.275672,9.808753
13.580000,-0.072093,-0.007038,0.018643,-0.750785,0.315496,9.871670
13.585000,-0.074731,-0.006934,0.021185,-0.717870,0.302658,9.866834
13.590000,-0.069870,-0.009754,0.017270,-0.808819,0.345234,9.874043
13.595000,-0.077831,-0.011139,0.015918,-0.781973,0.354214,9.882787
13.600000,-0.076695,-0.004935,0.013075,-0.736556,0.294825,9.863409
13.605000,-0.075620,-0.005109,0.013862,-0.761190,0.277047,9.884585
13.610000,-0.068032,-0.006018,0.018361,-0.776437,0.292277,9.840805
13.615000,-0.075086,-0.012703,0.020622,-0.717355,0.322555,9.811199
13.620000,-0.081192,-0.007583,0.018929,-0.763391,0.289203,9.882436
13.625000,-0.073673,-0.003684,0.018047,-0.770227,0.273780,9.833636
13.630000,-0.076137,-0.004613,0.020335,-0.743000,0.278630,9.801888
13.635000,-0.073967,-0.006000,0.017433,-0.736246,0.301507,9.814281
13.640000,-0.075151,-0.006768,0.023664,-0.751133,0.240808,9.898378
13.645000,-0.070798,-0.011020,0.017759,-0.701642,0.221051,9.841539
13.650000,-0.078242,-0.007390,0.013189,-0.796285,0.264492,9.850773
13.655000,-0.076611,-0.007474,0.012813,-0.764205,0.225150,9.874853
13.660000,-0.070546,-0.013257,0.015680,-0.765971,0.279908,9.841981
13.665000,-0.077098,-0.010361,0.014076,-0.773107,0.205074,9.851821
13.670000,-0.074287,-0.009246,0.018672,-0.773305,0.212332,9.806885
13.675000,-0.071916,-0.007361,0.019439,-0.716519,0.190804,9.857610
13.680000,-0.076548,-0.008635,0.015304,-0.706576,0.213013,9.810672
13.685000,-0.073138,-0.002764,0.017268,-0.709180,0.176364,9.874486
13.690000,-0.065294,-0.007192,0.012618,-0.739422,0.187382,9.852177
13.695000,-0.072280,-0.009106,0.016577,-0.777187,0.226514,9.847435
13.700000,-0.070061,-0.013356,0.017457,-0.777936,0.201826,9.894560
13.705000,-0.069662,-0.007482,0.013877,-0.734541,0.198378,9.842621
13.710000,-0.075654,-0.005851,0.013992,-0.778783,0.191053,9.817752
13.715000,-0.074403,-0.014085,0.016772,-0.764678,0.196711,9.882160
13.720000,-0.068942,-0.006237,0.021189,-0.739108,0.177390,9.842445
13.725000,-0.074490,-0.007538,0.017300,-0.701134,0.153039,9.871129
13.730000,-0.076449,-0.013228,0.016075,-0.765335,0.169526,9.886726
13.735000,-0.072258,-0.011266,0.020841,-0.711494,0.189066,9.789730
13.740000,-0.070031,-0.009014,0.020741,-0.754812,0.167901,9.842844
13.745000,-0.077230,-0.011711,0.018158,-0.752279,0.171714,9.863950
13.750000,-0.076227,-0.001591,0.016572,-0.778905,0.148780,9.851779
13.755000,-0.071361,-0.013691,0.021093,-0.805544,0.162039,9.833072
13.760000,-0.071453,-0.007291,0.022319,-0.720485,0.114078,9.843174
13.765000,-0.064741,-0.010224,0.021049,-0.745246,0.165743,9.821511
13.770000,-0.078698,-0.015701,0.014328,-0.720849,0.153928,9.870796
13.775000,-0.076443,-0.005179,0.020885,-0.763240,0.189740,9.833004
13.780000,-0.073583,-0.006240,0.015365,-0.769184,0.147856,9.822566
13.785000,-0.073377,-0.013418,0.014711,-0.771358,0.169304,9.842359
13.790000,-0.078691,-0.015580,0.009465,-0.758576,0.092151,9.823358
13.795000,-0.070532,-0.009653,0.018795,-0.734379,0.133223,9.820866
13.800000,-0.077440,-0.010066,0.019090,-0.776810,0.115899,9.826605
13.805000,-0.073140,-0.014631,0.015430,-0.804546,0.106465,9.866147
13.810000,-0.075600,-0.012162,0.019669,-0.700885,0.084373,9.760295
13.815000,-0.075699,-0.018208,0.011406,-0.784807,0.155631,9.810261
13.820000,-0.070620,-0.008614,0.014406,-0.745981,0.104306,9.894354
13.825000,-0.075981,-0.014491,0.013481,-0.745535,0.148140,9.823772
13.830000,-0.070391,-0.011690,0.011584,-0.717750,0.127787,9.828920
13.835000,-0.072403,-0.013012,0.019026,-0.714865,0.070610,9.868465
13.840000,-0.070355,-0.008867,0.018460,-0.775402,0.069817,9.891529
13.845000,-0.069839,-0.014001,0.015346,-0.752123,0.064196,9.846638
13.850000,-0.069240,-0.009765,0.015914,-0.758585,0.098156,9.854663
13.855000,-0.071478,-0.012468,0.014817,-0.753278,0.019954,9.873659
13.860000,-0.071225,-0.008177,0.014504,-0.704065,0.033430,9.834798
13.865000,-0.071251,-0.009047,0.014532,-0.738618,0.029898,9.863399
13.870000,-0.073685,-0.012391,0.019167,-0.763792,0.034552,9.805440
13.875000,-0.077626,-0.013206,0.017283,-0.776315,0.074382,9.860127
13.880000,-0.072287,-0.009641,0.013172,-0.768877,-0.007828,9.841281
13.885000,-0.073008,-0.011886,0.013511,-0.752022,-0.011457,9.879015
13.890000,-0.073236,-0.009660,0.018175,-0.777951,0.001557,9.808357
13.895000,-0.074126,-0.008285,0.016478,-0.729906,0.025386,9.924221
13.900000,-0.066636,-0.012322,0.020306,-0.772123,0.030581,9.883374
13.905000,-0.074578,-0.016493,0.015642,-0.727647,0.044748,9.831899
13.910000,-0.070622,-0.011586,0.015079,-0.781952,-0.047885,9.780041
13.915000,-0.070650,-0.013696,0.012990,-0.722831,-0.009492,9.852721
13.920000,-0.068777,-0.014335,0.014612,-0.788232,0.002788,9.826513
13.925000,-0.070477,-0.011076,0.015506,-0.742411,0.011800,9.831866
13.930000,-0.067857,-0.015740,0.015187,-0.724324,-0.020456,9.866630
13.935000,-0.070695,-0.011133,0.018036,-0.704067,-0.013993,9.876054
13.940000,-0.061075,-0.014183,0.012124,-0.748465,-0.027214,9.845022
13.945000,-0.069363,-0.011272,0.013838,-0.773405,-0.068772,9.889163
13.950000,-0.064310,-0.017887,0.006365,-0.779370,-0.033393,9.867783
13.955000,-0.066408,-0.018009,0.012624,-0.793952,-0.041596,9.862237
13.960000,-0.065414,-0.012437,0.015549,-0.747015,-0.051678,9.855590
13.965000,-0.075499,-0.013590,0.014258,-0.729681,-0.019901,9.817604
13.970000,-0.075248,-0.015467,0.013910,-0.777898,-0.067785,9.834645
13.975000,-0.065947,-0.016847,0.014171,-0.782485,-0.053790,9.815678
13.980000,-0.070907,-0.014188,0.011263,-0.773758,-0.084385,9.831084
13.985000,-0.074231,-0.016815,0.017068,-0.722532,-0.048327,9.867050
13.990000,-0.069507,-0.019170,0.017702,-0.793605,-0.096565,9.845623
13.995000,-0.072338,-0.016378,0.018357,-0.779302,-0.087453,9.848980
14.000000,-0.065100,-0.014243,0.013601,-0.733021,-0.072503,9.820401
14.005000,-0.071754,-0.018741,0.011923,-0.722447,-0.090026,9.846164
14.010000,-0.068576,-0.016241,0.014919,-0.732804,-0.040712,9.848652
14.015000,-0.070197,-0.022977,0.015091,-0.787874,-0.064402,9.869667
14.020000,-0.068063,-0.017245,0.016765,-0.776250,-0.100899,9.812119
14.025000,-0.065894,-0.015499,0.016276,-0.812933,-0.123267,9.864731
14.030000,-0.076314,-0.015840,0.012362,-0.773336,-0.124975,9.853485
14.035000,-0.069058,-0.015643,0.016866,-0.789007,-0.164016,9.846309
14.040000,-0.071468,-0.018903,0.009862,-0.727280,-0.092486,9.856413
14.045000,-0.061872,-0.015753,0.011462,-0.709328,-0.132592,9.862089
14.050000,-0.066230,-0.020937,0.014777,-0.787315,-0.167271,9.834118
14.055000,-0.070400,-0.021018,0.010202,-0.744765,-0.164230,9.841844
14.060000,-0.070170,-0.018119,0.016756,-0.775608,-0.158941,9.841286
14.065000,-0.069825,-0.017936,0.015792,-0.730417,-0.170117,9.858157
14.070000,-0.068083,-0.010062,0.010152,-0.714801,-0.170360,9.778797
14.075000,-0.072424,-0.022778,0.010094,-0.713021,-0.117100,9.886191
14.080000,-0.071600,-0.018094,0.012563,-0.734026,-0.176600,9.855547
14.085000,-0.064084,-0.018775,0.009319,-0.711954,-0.238574,9.836232
14.090000,-0.068652,-0.016686,0.019901,-0.766018,-0.122424,9.850156
14.095000,-0.061187,-0.014169,0.014317,-0.744623,-0.195793,9.793722
14.100000,-0.061316,-0.017816,0.018537,-0.749432,-0.131381,9.875316
14.105000,-0.066350,-0.019705,0.012407,-0.748045,-0.178688,9.842485
14.110000,-0.066044,-0.014515,0.012797,-0.792095,-0.216030,9.881311
14.115000,-0.061466,-0.021637,0.006979,-0.767948,-0.186091,9.851782
14.120000,-0.066934,-0.016893,0.015666,-0.726516,-0.185784,9.792869
14.125000,-0.066749,-0.022307,0.016251,-0.767344,-0.214740,9.851165
14.130000,-0.066159,-0.017544,0.012088,-0.775576,-0.287528,9.821241
14.135000,-0.066082,-0.018250,0.011350,-0.747385,-0.174256,9.887837
14.140000,-0.064473,-0.019501,0.012639,-0.773644,-0.205781,9.829361
14.145000,-0.067467,-0.018584,0.009949,-0.757405,-0.220119,9.843771
14.150000,-0.068459,-0.019428,0.017523,-0.768084,-0.276171,9.847596
14.155000,-0.063939,-0.022647,0.015547,-0.770114,-0.214885,9.833656
14.160000,-0.068664,-0.020834,0.014138,-0.761887,-0.243530,9.822865
14.165000,-0.063311,-0.017079,0.011012,-0.757353,-0.247653,9.819745
14.170000,-0.064515,-0.020938,0.017645,-0.725920,-0.236595,9.828292
14.175000,-0.060850,-0.015463,0.011692,-0.760023,-0.234644,9.854836
14.180000,-0.063537,-0.021866,0.012991,-0.732231,-0.231774,9.837734
14.185000,-0.058150,-0.025637,0.017112,-0.759987,-0.257079,9.849307
14.190000,-0.068751,-0.016851,0.019212,-0.700975,-0.282966,9.871431
14.195000,-0.060740,-0.027602,0.012447,-0.744400,-0.246382,9.862687
14.200000,-0.064022,-0.021306,0.007778,-0.750527,-0.289256,9.949225
14.205000,-0.063738,-0.019508,0.017258,-0.767693,-0.306016,9.883292
14.210000,-0.065540,-0.017873,0.015325,-0.711530,-0.317450,9.898569
14.215000,-0.065517,-0.018903,0.007139,-0.706778,-0.263370,9.848606
14.220000,-0.070769,-0.018457,0.014549,-0.741775,-0.280850,9.823788
14.225000,-0.066352,-0.015403,0.016178,-0.761804,-0.295968,9.868200
14.230000,-0.066299,-0.009950,0.013899,-0.750072,-0.333972,9.864136
14.235000,-0.062802,-0.023424,0.014236,-0.759943,-0.350157,9.875640
14.240000,-0.057257,-0.025751,0.011946,-0.769622,-0.373679,9.834212
14.245000,-0.061739,-0.020816,0.013212,-0.714741,-0.355787,9.808722
14.250000,-0.055401,-0.020523,0.010795,-0.773879,-0.284109,9.886769
14.255000,-0.062747,-0.024767,0.019364,-0.774380,-0.329187,9.825719
14.260000,-0.061389,-0.019287,0.012687,-0.727550,-0.387814,9.816559
14.265000,-0.059619,-0.022498,0.013241,-0.785876,-0.281980,9.829087
14.270000,-0.056435,-0.025522,0.008765,-0.728864,-0.351580,9.841829
14.275000,-0.057646,-0.026086,0.018849,-0.735493,-0.347953,9.808432
14.280000,-0.064227,-0.020153,0.015522,-0.753289,-0.305249,9.851826
14.285000,-0.062110,-0.024841,0.019120,-0.767261,-0.397467,9.803803
14.290000,-0.057523,-0.017218,0.014045,-0.772139,-0.377725,9.850918
14.295000,-0.060478,-0.032127,0.011007,-0.765412,-0.397436,9.850545
14.300000,-0.063212,-0.026815,0.015399,-0.727444,-0.418940,9.853575
14.305000,-0.057224,-0.021382,0.010665,-0.743847,-0.390535,9.849646
14.310000,-0.060681,-0.027391,0.010844,-0.717247,-0.391833,9.833946
14.315000,-0.063301,-0.028977,0.008962,-0.737082,-0.333463,9.859424
14.320000,-0.061059,-0.024524,0.010902,-0.775880,-0.368084,9.840961
14.325000,-0.064026,-0.021894,0.015307,-0.743272,-0.422781,9.875350
14.330000,-0.062840,-0.025361,0.010439,-0.775620,-0.421036,9.814856
14.335000,-0.064711,-0.024393,0.012020,-0.711743,-0.399835,9.822806
14.340000,-0.058352,-0.024621,0.006851,-0.759700,-0.369407,9.828607
14.345000,-0.056120,-0.024099,0.010306,-0.693063,-0.425466,9.834949
14.350000,-0.054892,-0.028146,0.010957,-0.726027,-0.422863,9.886679
14.355000,-0.062628,-0.026995,0.012574,-0.737563,-0.419609,9.822539
14.360000,-0.058821,-0.028670,0.013167,-0.777592,-0.437511,9.790982
14.365000,-0.053821,-0.026121,0.015670,-0.767933,-0.394154,9.907016
14.370000,-0.055948,-0.021118,0.012286,-0.762365,-0.432420,9.782334
14.375000,-0.061147,-0.025683,0.002379,-0.734650,-0.422924,9.788665
14.380000,-0.056042,-0.026529,0.012146,-0.772923,-0.401142,9.863458
14.385000,-0.060809,-0.025323,0.011241,-0.722069,-0.430348,9.851486
14.390000,-0.056334,-0.020922,0.009464,-0.748367,-0.424692,9.845766
14.395000,-0.053748,-0.018567,0.005731,-0.786351,-0.452970,9.867924
14.400000,-0.060881,-0.025403,0.010023,-0.739397,-0.467135,9.841958
14.405000,-0.054167,-0.026518,0.005258,-0.726005,-0.509707,9.907930
14.410000,-0.058750,-0.028042,0.008736,-0.749641,-0.489913,9.865940
14.415000,-0.060330,-0.027076,0.014674,-0.747992,-0.421629,9.862256
14.420000,-0.055935,-0.031672,0.010380,-0.729639,-0.483165,9.832146
14.425000,-0.055669,-0.021903,0.008195,-0.763401,-0.454202,9.802023
14.430000,-0.058651,-0.025747,0.013518,-0.771358,-0.431958,9.799700
14.435000,-0.060357,-0.022032,0.014278,-0.755279,-0.481976,9.810581
14.440000,-0.051917,-0.027757,0.009000,-0.708066,-0.462257,9.856034
14.445000,-0.059235,-0.026163,0.008900,-0.754204,-0.503198,9.843432
14.450000,-0.052934,-0.024605,0.011764,-0.692944,-0.522399,9.832611
14.455000,-0.057975,-0.024697,0.007064,-0.773329,-0.592959,9.843096
14.460000,-0.057488,-0.026839,0.011635,-0.710080,-0.470291,9.864618
14.465000,-0.056452,-0.029605,0.015140,-0.721212,-0.498441,9.853203
14.470000,-0.057149,-0.025542,0.010224,-0.802275,-0.524433,9.874031
14.475000,-0.049401,-0.024192,0.009086,-0.752176,-0.517679,9.830726
14.480000,-0.051365,-0.028816,0.009242,-0.765599,-0.523425,9.801956
14.485000,-0.056072,-0.032286,0.013358,-0.771018,-0.531573,9.782387
14.490000,-0.049827,-0.030287,0.005447,-0.758616,-0.542882,9.899978
14.495000,-0.056254,-0.023676,0.010621,-0.730572,-0.522972,9.873289
14.500000,-0.052216,-0.033034,0.010718,-0.763172,-0.501362,9.813299
14.505000,-0.052490,-0.027537,0.008382,-0.755998,-0.507994,9.808948
14.510000,-0.049557,-0.024204,0.009091,-0.729230,-0.545199,9.807389
14.515000,-0.057712,-0.026878,0.008833,-0.723812,-0.511977,9.812811
14.520000,-0.054025,-0.030471,0.010249,-0.705055,-0.521376,9.855520
14.525000,-0.054966,-0.026694,0.013582,-0.650808,-0.529213,9.846822
14.530000,-0.049683,-0.027625,0.011579,-0.761310,-0.576221,9.796260
14.535000,-0.054319,-0.028166,0.007475,-0.719679,-0.559080,9.798594
14.540000,-0.051226,-0.030420,0.009038,-0.679144,-0.556459,9.822225
14.545000,-0.054057,-0.032114,0.006292,-0.751139,-0.557914,9.835655
14.550000,-0.051407,-0.026789,0.006970,-0.721427,-0.616061,9.791454
14.555000,-0.056702,-0.026993,0.007785,-0.753461,-0.627723,9.792251
14.560000,-0.052828,-0.029780,0.010391,-0.750374,-0.594821,9.861256
14.565000,-0.048312,-0.026881,0.006129,-0.733335,-0.624809,9.743185
14.570000,-0.054162,-0.029506,0.005780,-0.740372,-0.600496,9.797643
14.575000,-0.049902,-0.031209,0.007659,-0.668829,-0.639030,9.883526
14.580000,-0.052246,-0.023396,0.011582,-0.767044,-0.589132,9.855586
14.585000,-0.051665,-0.029783,0.005114,-0.770507,-0.567843,9.864781
14.590000,-0.047020,-0.033360,0.014041,-0.710728,-0.548288,9.865586
14.595000,-0.044158,-0.032925,0.006242,-0.728861,-0.610757,9.801548
14.600000,-0.050070,-0.033871,0.009040,-0.756388,-0.602758,9.872411
14.605000,-0.049929,-0.035706,0.005836,-0.744276,-0.661316,9.842280
14.610000,-0.046672,-0.027950,0.010645,-0.756806,-0.618559,9.816784
14.615000,-0.045236,-0.029042,0.011979,-0.680246,-0.637093,9.873586
14.620000,-0.053669,-0.029210,0.008190,-0.711518,-0.620547,9.784088
14.625000,-0.045545,-0.029803,0.007221,-0.705843,-0.629373,9.888685
14.630000,-0.046918,-0.029998,0.010271,-0.675758,-0.698753,9.811931
14.635000,-0.046360,-0.032390,0.005077,-0.657270,-0.648838,9.839883
14.640000,-0.048930,-0.027929,0.006247,-0.744067,-0.637213,9.887256
14.645000,-0.041928,-0.030461,0.012258,-0.766934,-0.663949,9.846771
14.650000,-0.044354,-0.033769,0.008986,-0.693393,-0.624635,9.863675
14.655000,-0.047135,-0.030327,0.004196,-0.709486,-0.658546,9.825881
14.660000,-0.044796,-0.033035,0.012031,-0.673950,-0.694702,9.827677
14.665000,-0.047539,-0.038360,0.008266,-0.717823,-0.633233,9.818080
14.670000,-0.043756,-0.032330,0.013324,-0.727270,-0.704257,9.769870
14.675000,-0.046463,-0.030055,0.011556,-0.736086,-0.644351,9.791479
14.680000,-0.044707,-0.028396,0.004631,-0.709628,-0.680312,9.794509
14.685000,-0.045174,-0.032347,0.012302,-0.683520,-0.675400,9.813625
14.690000,-0.048142,-0.031773,0.008487,-0.716570,-0.729689,9.834992
14.695000,-0.049654,-0.033398,0.011445,-0.674056,-0.662798,9.840465
14.700000,-0.046935,-0.031318,0.005618,-0.709746,-0.732960,9.819931
14.705000,-0.048078,-0.032828,0.011375,-0.689559,-0.688899,9.779613
14.710000,-0.042479,-0.037287,0.006918,-0.696879,-0.747642,9.806019
14.715000,-0.043585,-0.031130,0.006761,-0.697581,-0.704087,9.788371
14.720000,-0.040776,-0.028141,0.009918,-0.710656,-0.742075,9.809605
14.725000,-0.041653,-0.031547,0.008615,-0.719910,-0.753781,9.830460
14.730000,-0.040422,-0.031384,0.013405,-0.700591,-0.730630,9.809895
14.735000,-0.042137,-0.031992,0.013429,-0.648236,-0.686324,9.811133
14.740000,-0.043325,-0.031400,0.007552,-0.705147,-0.702742,9.902054
14.745000,-0.046641,-0.026661,0.007334,-0.666048,-0.736486,9.756055
14.750000,-0.045759,-0.031484,0.012767,-0.679767,-0.700772,9.826073
14.755000,-0.046029,-0.032129,0.006957,-0.675717,-0.737275,9.854698
14.760000,-0.047188,-0.033767,0.009049,-0.719168,-0.727909,9.835390
14.765000,-0.041771,-0.036541,0.009344,-0.666490,-0.783857,9.859220
14.770000,-0.042751,-0.037110,0.014065,-0.696372,-0.737968,9.889998
14.775000,-0.036097,-0.033424,0.011130,-0.671346,-0.767404,9.796012
14.780000,-0.040669,-0.035306,0.010554,-0.723401,-0.747198,9.746352
14.785000,-0.040814,-0.034496,0.009328,-0.730694,-0.733652,9.789759
14.790000,-0.035951,-0.032599,0.004785,-0.702394,-0.753427,9.868785
14.795000,-0.036891,-0.035606,0.008052,-0.679279,-0.754543,9.796342
14.800000,-0.037332,-0.036115,0.007051,-0.713419,-0.785197,9.825039
14.805000,-0.042454,-0.036499,0.009288,-0.678138,-0.746756,9.822202
14.810000,-0.043450,-0.036013,0.008412,-0.696191,-0.776818,9.829014
14.815000,-0.040589,-0.034328,0.002360,-0.655551,-0.812770,9.850292
14.820000,-0.031257,-0.031446,0.005708,-0.673098,-0.793041,9.799568
14.825000,-0.036216,-0.029706,0.008418,-0.650965,-0.811978,9.820486
14.830000,-0.035763,-0.037589,0.005208,-0.716425,-0.798424,9.778786
14.835000,-0.034971,-0.041379,0.005451,-0.651121,-0.819296,9.875119
14.840000,-0.040108,-0.033941,0.007478,-0.651195,-0.797837,9.815857
14.845000,-0.036131,-0.032440,0.003561,-0.690647,-0.742749,9.826464
14.850000,-0.035252,-0.034917,0.010365,-0.723754,-0.806152,9.828159
14.855000,-0.033794,-0.039768,0.004085,-0.657131,-0.786739,9.822478
14.860000,-0.036592,-0.030069,0.006275,-0.710682,-0.766920,9.821327
14.865000,-0.036690,-0.036927,0.005232,-0.698986,-0.837201,9.842162
14.870000,-0.035849,-0.036463,0.003234,-0.655677,-0.850688,9.840177
14.875000,-0.034449,-0.031545,0.000637,-0.726106,-0.817625,9.811513
14.880000,-0.033733,-0.037417,0.007863,-0.699895,-0.829233,9.728279
14.885000,-0.035018,-0.034508,0.011771,-0.706610,-0.839342,9.825304
14.890000,-0.036608,-0.040737,0.011178,-0.733193,-0.873347,9.802106
14.895000,-0.037027,-0.034320,0.006332,-0.659435,-0.831836,9.793213
14.900000,-0.032448,-0.033866,0.001892,-0.653311,-0.853860,9.846471
14.905000,-0.028277,-0.030095,0.007729,-0.655451,-0.878135,9.841340
14.910000,-0.036180,-0.037461,0.002115,-0.744500,-0.826489,9.810927
14.915000,-0.030394,-0.035814,0.006325,-0.676451,-0.774829,9.810601
14.920000,-0.031237,-0.035561,0.005750,-0.677553,-0.886520,9.888305
14.925000,-0.033845,-0.040314,0.008244,-0.661986,-0.848233,9.837692
14.930000,-0.030319,-0.035220,0.009990,-0.670953,-0.921311,9.805959
14.935000,-0.037495,-0.040389,0.006152,-0.668887,-0.858641,9.804387
14.940000,-0.032198,-0.033997,0.006872,-0.680791,-0.842550,9.837322
14.945000,-0.029632,-0.040827,0.006932,-0.671179,-0.897507,9.824145
14.950000,-0.032957,-0.035888,0.002837,-0.642206,-0.839244,9.887598
14.955000,-0.030805,-0.036047,0.008896,-0.700668,-0.871239,9.800361
14.960000,-0.035677,-0.037971,0.003466,-0.708768,-0.899591,9.827523
14.965000,-0.033481,-0.038045,0.009096,-0.679660,-0.847389,9.838552
14.970000,-0.034559,-0.034345,0.003965,-0.702258,-0.868032,9.855076
14.975000,-0.031083,-0.030344,0.005348,-0.634652,-0.922665,9.790228
14.980000,-0.030259,-0.040375,0.002165,-0.636937,-0.874797,9.818202
14.985000,-0.031881,-0.030292,0.005078,-0.708821,-0.878876,9.863780
14.990000,-0.029116,-0.040659,0.005800,-0.637026,-0.899334,9.854019
14.995000,-0.032523,-0.035194,0.007776,-0.632164,-0.901816,9.811346
15.000000,-0.030007,-0.037751,-0.002030,-0.644542,-0.931306,9.867890
15.005000,-0.029968,-0.041912,0.011616,-0.635888,-0.880603,9.846765
15.010000,-0.027989,-0.040332,0.002207,-0.636960,-0.945653,9.811740
15.015000,-0.028879,-0.038984,-0.002496,-0.677414,-0.948723,9.805594
15.020000,-0.029946,-0.037834,0.002318,-0.634916,-0.904839,9.849266
15.025000,-0.026731,-0.032292,0.001654,-0.641349,-0.906188,9.791022
15.030000,-0.029049,-0.037669,0.006528,-0.667562,-0.921239,9.805640
15.035000,-0.027064,-0.034284,0.002318,-0.637628,-0.883145,9.858344
15.040000,-0.030449,-0.041771,0.007320,-0.622887,-0.945972,9.852336
15.045000,-0.031750,-0.042963,0.002035,-0.629319,-0.940269,9.796507
15.050000,-0.029165,-0.044411,-0.000662,-0.673343,-0.929734,9.765124
15.055000,-0.032313,-0.038074,0.008872,-0.665727,-0.965906,9.832132
15.060000,-0.029904,-0.040794,0.001654,-0.629958,-0.941513,9.871894
15.065000,-0.030975,-0.040666,0.007537,-0.653978,-0.901837,9.783395
15.070000,-0.030077,-0.037708,0.009210,-0.629440,-0.965135,9.782147
15.075000,-0.026531,-0.046357,0.009911,-0.593582,-0.934308,9.763336
15.080000,-0.028721,-0.037510,0.005120,-0.596422,-0.945477,9.801770
15.085000,-0.020294,-0.033759,0.007120,-0.643540,-0.983988,9.864480
15.090000,-0.029040,-0.039628,0.011239,-0.650868,-0.960911,9.830858
15.095000,-0.030231,-0.037909,0.002668,-0.682540,-0.982809,9.864199
15.100000,-0.027280,-0.044876,0.006848,-0.641805,-0.943787,9.824183
15.105000,-0.029477,-0.038059,0.003455,-0.639240,-0.976142,9.844730
15.110000,-0.026694,-0.041377,0.002898,-0.639438,-0.978367,9.827130
15.115000,-0.026254,-0.037970,0.002590,-0.708403,-0.953102,9.787886
15.120000,-0.022200,-0.037052,0.005713,-0.596519,-0.995027,9.839521
15.125000,-0.029094,-0.041934,0.006992,-0.609105,-0.966769,9.837969
15.130000,-0.020805,-0.038979,0.004730,-0.655227,-0.954909,9.823590
15.135000,-0.022718,-0.044157,0.009234,-0.656448,-1.034471,9.850308
15.140000,-0.023128,-0.041296,0.005041,-0.633293,-0.954438,9.804553
15.145000,-0.021606,-0.040985,0.004511,-0.649043,-0.967711,9.772275
15.150000,-0.026294,-0.044705,0.004602,-0.611882,-1.001328,9.869063
15.155000,-0.021243,-0.040220,0.006106,-0.590656,-0.980946,9.846039
15.160000,-0.019226,-0.037364,0.002145,-0.681274,-0.949691,9.787956
15.165000,-0.019679,-0.038302,0.002623,-0.609147,-0.977722,9.843651
15.170000,-0.020494,-0.046159,0.008392,-0.649930,-1.033606,9.771756
15.175000,-0.020208,-0.044601,0.001648,-0.615531,-0.990990,9.836283
15.180000,-0.020225,-0.038953,0.004907,-0.649263,-1.049869,9.781715
15.185000,-0.020842,-0.037390,0.000532,-0.629586,-1.026248,9.796605
15.190000,-0.020581,-0.039721,0.002371,-0.596370,-0.993279,9.864607
15.195000,-0.020439,-0.038755,0.007955,-0.586912,-1.008708,9.749128
15.200000,-0.020508,-0.043742,0.002839,-0.639079,-1.057784,9.799076
15.205000,-0.013815,-0.042792,0.005477,-0.570475,-1.033432,9.807598
15.210000,-0.021504,-0.046296,0.007480,-0.657783,-1.065206,9.785075
15.215000,-0.022884,-0.047044,0.000484,-0.592276,-0.979475,9.787840
15.220000,-0.014587,-0.043931,0.005278,-0.643995,-0.997914,9.793646
15.225000,-0.016913,-0.042235,0.001807,-0.585547,-0.966253,9.784096
15.230000,-0.010166,-0.041336,0.013237,-0.629152,-1.047564,9.842981
15.235000,-0.015243,-0.045885,0.005252,-0.620491,-1.013357,9.786882
15.240000,-0.019309,-0.041278,0.001739,-0.610452,-1.035529,9.834510
15.245000,-0.019473,-0.048835,0.001488,-0.590860,-1.054824,9.816154
15.250000,-0.017430,-0.040390,-0.000723,-0.587014,-1.002335,9.787847
15.255000,-0.012846,-0.036896,0.008980,-0.562810,-1.020762,9.876389
15.260000,-0.020876,-0.040716,0.003101,-0.586406,-1.031185,9.789925
15.265000,-0.015894,-0.038218,0.003290,-0.579883,-1.061916,9.756647
15.270000,-0.012062,-0.042423,0.003529,-0.581831,-1.050992,9.801232
15.275000,-0.017194,-0.041008,0.004860,-0.567872,-1.107262,9.801196
15.280000,-0.017903,-0.041676,0.004884,-0.622000,-1.032539,9.814054
15.285000,-0.014608,-0.046103,0.003098,-0.590328,-1.057593,9.790925
15.290000,-0.008325,-0.046068,0.002268,-0.585436,-1.038664,9.823610
15.295000,-0.011642,-0.043265,-0.003403,-0.615782,-1.058947,9.772935
15.300000,-0.013659,-0.037197,0.002406,-0.614034,-1.060688,9.806526
15.305000,-0.014067,-0.046585,0.002955,-0.595884,-1.036776,9.736818
15.310000,-0.019315,-0.039834,0.002158,-0.580352,-1.125087,9.802343
15.315000,-0.014461,-0.039628,0.007023,-0.561200,-1.093258,9.836840
15.320000,-0.015872,-0.044834,0.005651,-0.619855,-1.047738,9.838425
15.325000,-0.011476,-0.041550,0.006005,-0.533094,-1.068244,9.801746
15.330000,-0.011992,-0.040520,0.000288,-0.579144,-1.106271,9.835293
15.335000,-0.012372,-0.043866,0.004105,-0.619178,-1.115655,9.828527
15.340000,-0.004430,-0.047169,0.000286,-0.534481,-1.120033,9.843626
15.345000,-0.009403,-0.042885,0.005238,-0.619510,-0.992020,9.844891
15.350000,-0.014662,-0.039636,0.005851,-0.597457,-1.122044,9.784345
15.355000,-0.013240,-0.042577,0.002720,-0.584148,-1.079238,9.820689
15.360000,-0.007362,-0.046819,0.004648,-0.624384,-1.075454,9.831543
15.365000,-0.004297,-0.046463,0.004223,-0.548576,-1.109923,9.809042
15.370000,-0.010479,-0.046237,0.002374,-0.579840,-1.100006,9.785295
15.375000,-0.009302,-0.046172,0.003561,-0.581658,-1.121578,9.779394
15.380000,-0.001055,-0.045981,0.006602,-0.596581,-1.108123,9.792130
15.385000,-0.008194,-0.047541,0.002811,-0.553091,-1.066856,9.775756
15.390000,-0.008267,-0.052403,0.002913,-0.579746,-1.084734,9.783111
15.395000,-0.004852,-0.045260,-0.001022,-0.546310,-1.089574,9.817744
15.400000,-0.006701,-0.049503,0.002124,-0.519162,-1.090369,9.805918
15.405000,-0.003721,-0.043660,0.001443,-0.562819,-1.140566,9.830982
15.410000,-0.007893,-0.044138,0.007419,-0.581087,-1.079148,9.827262
15.415000,-0.003853,-0.043057,0.006750,-0.561043,-1.142770,9.807187
15.420000,-0.001905,-0.049486,0.004980,-0.624059,-1.068887,9.820664
15.425000,-0.006188,-0.040561,0.004688,-0.501190,-1.129703,9.778543
15.430000,-0.004748,-0.044612,0.002736,-0.579861,-1.107113,9.795107
15.435000,-0.011212,-0.045360,0.001934,-0.537110,-1.174789,9.838959
15.440000,-0.004885,-0.044315,0.003138,-0.576624,-1.143143,9.822088
15.445000,-0.006636,-0.051969,0.002313,-0.548249,-1.121241,9.820900
15.450000,-0.002852,-0.049504,-0.001260,-0.558555,-1.091935,9.728741
15.455000,-0.009061,-0.043665,0.005748,-0.549481,-1.071377,9.779986
15.460000,-0.002861,-0.043053,-0.000642,-0.538184,-1.119112,9.778322
15.465000,-0.004433,-0.046454,-0.001391,-0.553648,-1.170950,9.753391
15.470000,-0.007406,-0.049163,0.002215,-0.576727,-1.168312,9.839911
15.475000,-0.005202,-0.042542,0.002145,-0.546223,-1.143385,9.849698
15.480000,-0.004878,-0.053493,-0.001004,-0.521992,-1.125458,9.817141
15.485000,-0.006061,-0.048460,-0.001772,-0.533465,-1.131944,9.840792
15.490000,-0.001658,-0.045315,0.001291,-0.611301,-1.146346,9.807533
15.495000,-0.001478,-0.044808,0.000073,-0.496343,-1.147557,9.803376
15.500000,0.001785,-0.046598,-0.000786,-0.553313,-1.174217,9.823538
15.505000,-0.004521,-0.049211,-0.002097,-0.534709,-1.123516,9.825360
15.510000,-0.002975,-0.042366,-0.002219,-0.539537,-1.137647,9.801180
15.515000,-0.003036,-0.044077,0.001656,-0.507940,-1.186871,9.819371
15.520000,0.004156,-0.049177,0.003382,-0.523934,-1.182209,9.806398
15.525000,-0.002835,-0.051737,0.002945,-0.517543,-1.198905,9.785410
15.530000,-0.005454,-0.047839,0.001487,-0.520068,-1.105330,9.755004
15.535000,-0.004692,-0.050108,-0.001029,-0.547042,-1.171122,9.777567
15.540000,0.002583,-0.053359,-0.000214,-0.592114,-1.200797,9.825436
15.545000,0.003384,-0.047448,0.001474,-0.559898,-1.167859,9.802777
15.550000,-0.000721,-0.045459,0.004482,-0.538788,-1.140406,9.799812
15.555000,-0.002977,-0.046865,0.001443,-0.461066,-1.180000,9.771737
15.560000,0.000641,-0.050009,0.008888,-0.548463,-1.135685,9.756696
15.565000,0.001533,-0.042477,0.008123,-0.564082,-1.175855,9.823760
15.570000,0.002691,-0.048698,-0.001218,-0.522222,-1.188168,9.837265
15.575000,0.002069,-0.047297,-0.001626,-0.484403,-1.194201,9.819601
15.580000,0.000174,-0.049723,0.003648,-0.559832,-1.192174,9.813600
15.585000,0.003882,-0.050456,-0.000337,-0.542012,-1.120749,9.783411
15.590000,0.001784,-0.049313,0.000623,-0.465104,-1.160777,9.831937
15.595000,0.004303,-0.046845,0.002373,-0.532613,-1.145642,9.782399
15.600000,0.005912,-0.051170,-0.003326,-0.512212,-1.208525,9.868207
15.605000,-0.000518,-0.048232,0.000088,-0.574957,-1.186276,9.772120
15.610000,0.005636,-0.051475,0.006200,-0.501454,-1.217162,9.760075
15.615000,0.005850,-0.053215,0.002989,-0.516256,-1.179917,9.750245
15.620000,0.004677,-0.042097,0.005941,-0.469426,-1.195813,9.820654
15.625000,0.006110,-0.052465,0.000252,-0.589959,-1.174847,9.819958
15.630000,0.009933,-0.046650,0.002955,-0.535817,-1.159365,9.813327
15.635000,0.008245,-0.046203,-0.001279,-0.501217,-1.187125,9.787563
15.640000,0.008334,-0.046841,-0.001491,-0.468605,-1.197816,9.797460
15.645000,0.005827,-0.049669,-0.003318,-0.511548,-1.198813,9.852634
15.650000,0.009814,-0.050028,0.000962,-0.466249,-1.143691,9.848910
15.655000,0.008876,-0.052075,0.003237,-0.520555,-1.149185,9.796942
15.660000,0.005323,-0.051392,0.001774,-0.486865,-1.164760,9.750520
15.665000,0.008576,-0.045748,-0.003232,-0.502174,-1.203709,9.813255
15.670000,0.007111,-0.051132,0.004113,-0.495319,-1.143644,9.813522
15.675000,0.010043,-0.048904,0.003039,-0.446615,-1.182396,9.811610
15.680000,0.007450,-0.048184,0.007430,-0.448342,-1.195075,9.803181
15.685000,0.008394,-0.050588,0.000279,-0.485550,-1.199421,9.806707
15.690000,0.011892,-0.050472,0.001024,-0.495703,-1.233514,9.785550
15.695000,0.009274,-0.047784,-0.002697,-0.443844,-1.208356,9.807097
15.700000,0.008465,-0.049399,-0.003634,-0.479290,-1.220249,9.800592
15.705000,0.010695,-0.043994,0.002074,-0.505178,-1.221354,9.778760
15.710000,0.016249,-0.053737,0.000735,-0.528132,-1.285464,9.806144
15.715000,0.007337,-0.053120,-0.000701,-0.483861,-1.222519,9.788114
15.720000,0.006222,-0.051296,0.000273,-0.464044,-1.259491,9.812457
15.725000,0.010089,-0.055434,-0.002443,-0.469205,-1.231302,9.765983
15.730000,0.008967,-0.048102,-0.000984,-0.501165,-1.192406,9.767001
15.735000,0.013488,-0.050491,0.002066,-0.465889,-1.203717,9.822041
15.740000,0.017980,-0.050057,-0.000210,-0.480162,-1.169802,9.804948
15.745000,0.012603,-0.055848,0.004996,-0.440653,-1.233987,9.822328
15.750000,0.012035,-0.052899,-0.001048,-0.429126,-1.233206,9.826036
15.755000,0.016115,-0.049600,-0.002206,-0.444291,-1.208839,9.826601
15.760000,0.013751,-0.050596,0.000927,-0.455972,-1.246778,9.801448
15.765000,0.013336,-0.053002,0.000278,-0.431639,-1.229287,9.782905
15.770000,0.015261,-0.047125,-0.002370,-0.474787,-1.208064,9.737004
15.775000,0.013493,-0.054485,-0.002877,-0.438055,-1.276392,9.751511
15.780000,0.015343,-0.047873,-0.003978,-0.438231,-1.257506,9.805204
15.785000,0.017123,-0.051946,-0.002929,-0.461311,-1.242058,9.816592
15.790000,0.009698,-0.049390,-0.000610,-0.434684,-1.239802,9.789308
15.795000,0.016455,-0.051028,-0.001917,-0.447587,-1.209242,9.808935
15.800000,0.009709,-0.046030,-0.001203,-0.471981,-1.250737,9.780851
15.805000,0.018702,-0.046031,0.000367,-0.423672,-1.219695,9.871969
15.810000,0.014862,-0.047278,-0.001136,-0.446723,-1.195689,9.790298
15.815000,0.014611,-0.052273,-0.002161,-0.460923,-1.258913,9.771932
15.820000,0.024736,-0.053083,0.001625,-0.440690,-1.207889,9.741325
15.825000,0.014107,-0.051058,-0.000113,-0.471729,-1.230642,9.813196
15.830000,0.020358,-0.052347,-0.003905,-0.469407,-1.250160,9.828291
15.835000,0.016640,-0.053470,-0.007540,-0.507259,-1.260394,9.711959
15.840000,0.021369,-0.053197,-0.003254,-0.410039,-1.240224,9.826215
15.845000,0.019443,-0.050724,-0.002971,-0.421437,-1.260846,9.772190
15.850000,0.015820,-0.053634,0.001331,-0.423961,-1.221977,9.762619
15.855000,0.012448,-0.044072,0.003686,-0.450893,-1.262661,9.772941
15.860000,0.021658,-0.052090,-0.002803,-0.472017,-1.267249,9.794092
15.865000,0.018686,-0.053168,0.003652,-0.469820,-1.260169,9.814677
15.870000,0.021160,-0.048910,-0.001569,-0.446968,-1.228992,9.797680
15.875000,0.019863,-0.053608,0.000034,-0.410206,-1.280504,9.825810
15.880000,0.017883,-0.052194,-0.004765,-0.366712,-1.281044,9.787257
15.885000,0.020627,-0.054495,0.000980,-0.462046,-1.243845,9.817639
15.890000,0.015246,-0.049152,-0.002186,-0.431652,-1.255162,9.863542
15.895000,0.019038,-0.054564,-0.005522,-0.388073,-1.294990,9.768104
15.900000,0.021825,-0.051772,0.002541,-0.417274,-1.235845,9.785969
15.905000,0.023277,-0.051348,-0.003956,-0.412994,-1.289487,9.825463
15.910000,0.024329,-0.054719,-0.001278,-0.388804,-1.233656,9.851922
15.915000,0.018681,-0.055355,-0.002546,-0.486884,-1.226363,9.755012
15.920000,0.019647,-0.050701,-0.001434,-0.379847,-1.259945,9.760533
15.925000,0.031609,-0.056728,-0.003545,-0.358893,-1.265545,9.758991
15.930000,0.023413,-0.053154,-0.000764,-0.375029,-1.261434,9.808035
15.935000,0.024058,-0.048336,-0.001197,-0.360756,-1.284760,9.756104
15.940000,0.022754,-0.050961,-0.002967,-0.370380,-1.226727,9.802810
15.945000,0.022743,-0.051277,-0.005493,-0.347276,-1.235679,9.765779
15.950000,0.029662,-0.051289,-0.001468,-0.379416,-1.286138,9.833311
15.955000,0.021862,-0.058163,-0.002317,-0.430356,-1.268283,9.771837
15.960000,0.023601,-0.049897,-0.001233,-0.390790,-1.305182,9.786583
15.965000,0.023688,-0.057889,0.005408,-0.398374,-1.273028,9.773982
15.970000,0.027719,-0.050467,-0.002642,-0.363142,-1.286983,9.782747
15.975000,0.022860,-0.052477,-0.002017,-0.400363,-1.256524,9.810658
15.980000,0.024156,-0.056611,-0.003240,-0.371127,-1.269530,9.772467
15.985000,0.022836,-0.054382,0.000733,-0.365730,-1.254265,9.862282
15.990000,0.026312,-0.051080,-0.003855,-0.389271,-1.280513,9.813877
15.995000,0.024979,-0.051950,-0.001069,-0.419258,-1.223851,9.807040
16.000000,0.026883,-0.051354,0.002338,-0.421814,-1.310988,9.770855
16.005000,0.027953,-0.050043,-0.001949,-0.346828,-1.262172,9.758025
16.010000,0.023618,-0.052337,0.000787,-0.352199,-1.274806,9.734825
16.015000,0.027261,-0.052739,-0.004126,-0.374728,-1.249808,9.772161
16.020000,0.029726,-0.056647,-0.000525,-0.396293,-1.213663,9.808179
16.025000,0.029085,-0.057334,-0.001828,-0.397895,-1.239823,9.792658
16.030000,0.033246,-0.056695,-0.007969,-0.340375,-1.247632,9.780297
16.035000,0.037004,-0.051367,-0.009336,-0.386502,-1.236470,9.822235
16.040000,0.025097,-0.055959,-0.003688,-0.385237,-1.224853,9.837422
16.045000,0.025232,-0.052397,-0.004848,-0.320223,-1.271302,9.797399
16.050000,0.027220,-0.057352,-0.005430,-0.351044,-1.234701,9.845309
16.055000,0.032391,-0.049115,-0.002132,-0.415427,-1.284713,9.759472
16.060000,0.029898,-0.056983,0.000639,-0.319990,-1.215945,9.756778
16.065000,0.033406,-0.050621,-0.003742,-0.301212,-1.274358,9.809051
16.070000,0.034609,-0.051453,-0.005025,-0.393998,-1.295360,9.833442
16.075000,0.034574,-0.054983,-0.004006,-0.313063,-1.299221,9.761321
16.080000,0.028301,-0.050574,-0.003152,-0.398988,-1.263368,9.774394
16.085000,0.028118,-0.055200,-0.000750,-0.429761,-1.289267,9.863510
16.090000,0.032918,-0.051089,-0.001689,-0.398618,-1.255086,9.794248
16.095000,0.027168,-0.054601,-0.002175,-0.332828,-1.258976,9.774885
16.100000,0.035387,-0.051100,-0.003239,-0.326702,-1.218666,9.770523
16.105000,0.035062,-0.058406,-0.003134,-0.400394,-1.215350,9.753567
16.110000,0.029859,-0.052700,-0.001473,-0.329945,-1.320332,9.809956
16.115000,0.035624,-0.053362,-0.004570,-0.389434,-1.269420,9.825357
16.120000,0.037407,-0.052216,-0.002283,-0.332017,-1.222902,9.742961
16.125000,0.034063,-0.053286,0.000475,-0.352372,-1.290145,9.795824
16.130000,0.034942,-0.054356,-0.004312,-0.366678,-1.249180,9.832070
16.135000,0.034644,-0.059919,-0.004965,-0.330807,-1.280154,9.829666
16.140000,0.036384,-0.052734,-0.003042,-0.334221,-1.259276,9.823254
16.145000,0.039612,-0.052849,-0.011095,-0.349964,-1.253610,9.820605
16.150000,0.036186,-0.056160,-0.007045,-0.310205,-1.335285,9.812069
16.155000,0.041882,-0.057369,-0.005512,-0.311483,-1.253525,9.820901
16.160000,0.033881,-0.055177,-0.003170,-0.365744,-1.220385,9.794048
16.165000,0.031860,-0.056501,-0.007318,-0.331296,-1.276901,9.770275
16.170000,0.037795,-0.053557,-0.002755,-0.339119,-1.238491,9.757987
16.175000,0.034178,-0.055786,0.002298,-0.271337,-1.274847,9.825818
16.180000,0.035535,-0.054074,-0.001914,-0.323596,-1.259714,9.851780
16.185000,0.042470,-0.051340,-0.000453,-0.362774,-1.251110,9.811584
16.190000,0.039830,-0.056148,0.002029,-0.289915,-1.262391,9.808045
16.195000,0.038289,-0.052973,-0.008415,-0.309487,-1.241436,9.814379
16.200000,0.040860,-0.054000,0.001232,-0.308292,-1.241521,9.771922
16.205000,0.037876,-0.057040,-0.001383,-0.332469,-1.275346,9.724823
16.210000,0.037153,-0.054434,-0.004445,-0.341284,-1.233738,9.789227
16.215000,0.039444,-0.056687,-0.002200,-0.311420,-1.239534,9.754508
16.220000,0.040226,-0.049433,-0.004538,-0.279302,-1.210643,9.820246
16.225000,0.036638,-0.052450,-0.006196,-0.337221,-1.235660,9.801217
16.230000,0.041132,-0.058388,-0.004429,-0.317138,-1.213440,9.774518
16.235000,0.038955,-0.056536,-0.003513,-0.309382,-1.268888,9.835223
16.240000,0.038319,-0.054394,-0.005992,-0.264800,-1.276387,9.812406
16.245000,0.045499,-0.057998,0.002396,-0.296569,-1.285014,9.789836
16.250000,0.042826,-0.055610,0.002227,-0.304276,-1.256157,9.821811
16.255000,0.043040,-0.056452,-0.000628,-0.242908,-1.255687,9.784856
16.260000,0.043484,-0.054348,-0.007746,-0.240509,-1.299280,9.783309
16.265000,0.035972,-0.054037,-0.003231,-0.286345,-1.285070,9.806357
16.270000,0.040714,-0.054306,-0.005286,-0.288041,-1.269753,9.844081
16.275000,0.042047,-0.057812,-0.004843,-0.258552,-1.237207,9.830548
16.280000,0.044143,-0.053108,-0.002714,-0.270415,-1.278974,9.810189
16.285000,0.041611,-0.055354,-0.004002,-0.296267,-1.224387,9.781472
16.290000,0.040923,-0.052665,-0.004605,-0.281166,-1.282190,9.816344
16.295000,0.043473,-0.054810,-0.004550,-0.282557,-1.276285,9.815893
16.300000,0.043056,-0.052480,-0.000767,-0.284001,-1.212566,9.750492
16.305000,0.043655,-0.057592,-0.000367,-0.281728,-1.250782,9.837980
16.310000,0.044939,-0.058469,-0.004512,-0.279774,-1.261460,9.771247
16.315000,0.043658,-0.056321,-0.003635,-0.317227,-1.252619,9.848096
16.320000,0.038227,-0.059486,0.001608,-0.249993,-1.238813,9.801726
16.325000,0.037447,-0.056791,-0.005520,-0.231377,-1.299342,9.837480
16.330000,0.048627,-0.052097,-0.010661,-0.235507,-1.223225,9.815922
16.335000,0.038000,-0.054924,-0.005839,-0.302555,-1.250998,9.823714
16.340000,0.045062,-0.057236,-0.004833,-0.285363,-1.290814,9.796038
16.345000,0.041297,-0.052789,-0.005658,-0.276068,-1.248016,9.868853
16.350000,0.048216,-0.058874,-0.005949,-0.291064,-1.222086,9.797531
16.355000,0.046060,-0.053720,-0.004580,-0.236326,-1.210423,9.839117
16.360000,0.047210,-0.056024,-0.003000,-0.281938,-1.178877,9.764085
16.365000,0.047784,-0.055879,-0.005399,-0.256490,-1.269194,9.831862
16.370000,0.049504,-0.054993,-0.002954,-0.270695,-1.275205,9.788133
16.375000,0.047293,-0.056883,-0.003245,-0.263117,-1.246395,9.822443
16.380000,0.051845,-0.054050,-0.003126,-0.210844,-1.312603,9.809485
16.385000,0.049155,-0.057037,-0.005909,-0.214817,-1.276381,9.720514
16.390000,0.047392,-0.056176,-0.012450,-0.255265,-1.264949,9.800223
16.395000,0.053340,-0.053766,-0.008628,-0.327761,-1.289891,9.769336
16.400000,0.049270,-0.055447,-0.004869,-0.281989,-1.239816,9.845991
16.405000,0.047673,-0.052558,-0.005693,-0.269329,-1.243889,9.847557
16.410000,0.052527,-0.057371,-0.002969,-0.240529,-1.251489,9.836926
16.415000,0.044531,-0.056707,-0.004154,-0.220997,-1.254662,9.825601
16.420000,0.050731,-0.061927,-0.007494,-0.279696,-1.215229,9.787708
16.425000,0.048328,-0.057812,-0.007020,-0.256753,-1.234415,9.761801
16.430000,0.050938,-0.055707,0.000544,-0.251363,-1.179386,9.887178
16.435000,0.053053,-0.057952,-0.005465,-0.230226,-1.224282,9.775466
16.440000,0.051262,-0.057962,-0.008199,-0.245671,-1.206513,9.828273
16.445000,0.052516,-0.060301,-0.009820,-0.208206,-1.183802,9.794985
16.450000,0.054053,-0.055245,-0.007484,-0.228598,-1.267183,9.796866
16.455000,0.054220,-0.057483,-0.003343,-0.194230,-1.258407,9.824614
16.460000,0.049056,-0.046913,-0.002660,-0.214674,-1.219482,9.758240
16.465000,0.059519,-0.060238,-0.005489,-0.192397,-1.288548,9.822161
16.470000,0.052313,-0.054501,-0.003941,-0.162718,-1.181585,9.812513
16.475000,0.052794,-0.054376,-0.003027,-0.216868,-1.230251,9.747150
16.480000,0.054979,-0.056714,-0.009468,-0.236179,-1.284319,9.754959
16.485000,0.054385,-0.058836,-0.004486,-0.226984,-1.238278,9.815208
16.490000,0.051394,-0.053602,-0.006345,-0.174241,-1.225042,9.772082
16.495000,0.051408,-0.053171,-0.002745,-0.283460,-1.283377,9.798089
16.500000,0.056367,-0.062109,-0.010603,-0.214019,-1.257238,9.789911
16.505000,0.054908,-0.056495,-0.004518,-0.211648,-1.268521,9.859148
16.510000,0.055064,-0.061738,-0.005891,-0.167567,-1.202893,9.788135
16.515000,0.053396,-0.057896,-0.005790,-0.180156,-1.188938,9.807980
16.520000,0.048893,-0.052108,-0.004191,-0.177130,-1.225664,9.771382
16.525000,0.055041,-0.054376,-0.006642,-0.144683,-1.268539,9.799316
16.530000,0.057383,-0.060328,-0.009809,-0.228892,-1.197682,9.795673
16.535000,0.055843,-0.048384,-0.004291,-0.163658,-1.234217,9.788171
16.540000,0.059091,-0.050341,-0.006418,-0.237992,-1.182710,9.829965
16.545000,0.057640,-0.061029,-0.003842,-0.203845,-1.135229,9.788630
16.550000,0.060533,-0.055196,-0.007561,-0.208488,-1.166364,9.764916
16.555000,0.055567,-0.058582,-0.002806,-0.165436,-1.286837,9.833993
16.560000,0.057715,-0.065151,-0.010145,-0.145336,-1.167902,9.855067
16.565000,0.058082,-0.051816,-0.006898,-0.172151,-1.255108,9.782211
16.570000,0.059083,-0.052105,-0.003291,-0.167726,-1.234916,9.801462
16.575000,0.056457,-0.052317,-0.009646,-0.187362,-1.197018,9.813013
16.580000,0.056437,-0.057216,-0.006714,-0.195742,-1.209173,9.757155
16.585000,0.059374,-0.054829,-0.008416,-0.189130,-1.233997,9.790247
16.590000,0.053271,-0.056831,-0.005889,-0.170930,-1.219320,9.769044
16.595000,0.058506,-0.055915,-0.007174,-0.148855,-1.237059,9.839432
16.600000,0.061552,-0.064417,-0.006118,-0.134626,-1.240956,9.817108
16.605000,0.060880,-0.056808,-0.003870,-0.168272,-1.191563,9.805654
16.610000,0.058600,-0.056249,-0.006537,-0.191228,-1.176037,9.835680
16.615000,0.062312,-0.056804,-0.003981,-0.131408,-1.213149,9.837036
16.620000,0.062700,-0.052042,-0.003980,-0.153925,-1.241050,9.766564
16.625000,0.061025,-0.059842,-0.010232,-0.191943,-1.163468,9.780698
16.630000,0.059770,-0.054576,-0.004308,-0.136459,-1.210367,9.828697
16.635000,0.057938,-0.053456,-0.004918,-0.171379,-1.141302,9.799637
16.640000,0.062238,-0.059498,-0.006987,-0.171050,-1.192869,9.802193
16.645000,0.062596,-0.057898,-0.007857,-0.168969,-1.155249,9.758178
16.650000,0.065027,-0.060949,-0.002056,-0.207203,-1.172197,9.813521
16.655000,0.063635,-0.056585,-0.003040,-0.168384,-1.143222,9.769585
16.660000,0.069513,-0.059308,-0.005359,-0.165911,-1.187537,9.773828
16.665000,0.063433,-0.056562,-0.004413,-0.103186,-1.178529,9.830918
16.670000,0.063191,-0.059231,-0.000810,-0.095467,-1.153063,9.773440
16.675000,0.062762,-0.059015,-0.005169,-0.142994,-1.191618,9.820925
16.680000,0.063920,-0.055338,-0.001781,-0.047577,-1.183442,9.863559
16.685000,0.061391,-0.060585,-0.005536,-0.107837,-1.195698,9.782931
16.690000,0.065083,-0.056419,-0.009039,-0.116213,-1.158270,9.821043
16.695000,0.064627,-0.056044,-0.004418,-0.100395,-1.153220,9.852704
16.700000,0.062325,-0.058002,-0.009137,-0.139706,-1.184387,9.783253
16.705000,0.065691,-0.058711,-0.000482,-0.108874,-1.173412,9.820895
16.710000,0.062733,-0.052904,-0.001013,-0.090803,-1.152935,9.801258
16.715000,0.060529,-0.058536,0.000868,-0.140964,-1.175279,9.827630
16.720000,0.068725,-0.054856,-0.005410,-0.064677,-1.153818,9.793004
16.725000,0.060827,-0.060104,-0.003477,-0.050161,-1.129223,9.806846
16.730000,0.066348,-0.065020,-0.008758,-0.064363,-1.117476,9.796334
16.735000,0.066636,-0.049543,-0.004695,-0.100800,-1.132684,9.792158
16.740000,0.059584,-0.062748,-0.005165,-0.142946,-1.190835,9.849046
16.745000,0.064774,-0.058902,-0.003389,-0.072179,-1.202273,9.867041
16.750000,0.064304,-0.056583,-0.004934,-0.102049,-1.143826,9.791462
16.755000,0.063000,-0.057717,-0.006930,-0.121464,-1.139380,9.812522
16.760000,0.068516,-0.055114,-0.002987,-0.090425,-1.159480,9.780640
16.765000,0.068910,-0.056465,-0.006738,-0.144329,-1.161851,9.818523
16.770000,0.065403,-0.056005,-0.008103,-0.104860,-1.163099,9.843205
16.775000,0.068914,-0.061408,-0.009320,-0.090499,-1.148487,9.805913
16.780000,0.067220,-0.052164,-0.012474,-0.111802,-1.161705,9.811140
16.785000,0.064668,-0.059624,-0.004777,-0.101166,-1.150049,9.836538
16.790000,0.068347,-0.054483,-0.005907,-0.153718,-1.109847,9.772106
16.795000,0.062477,-0.054372,-0.007632,-0.077856,-1.115871,9.851052
16.800000,0.064261,-0.052698,-0.004665,-0.128952,-1.148134,9.764284
16.805000,0.067305,-0.055772,-0.005259,-0.113071,-1.165100,9.839859
16.810000,0.069593,-0.059183,-0.004228,-0.087479,-1.149459,9.835078
16.815000,0.067529,-0.054923,-0.004920,-0.041493,-1.168357,9.779610
16.820000,0.069414,-0.062824,-0.002194,-0.073570,-1.153756,9.844129
16.825000,0.065334,-0.055478,-0.002625,-0.063921,-1.128018,9.844235
16.830000,0.068328,-0.058399,-0.002654,-0.042365,-1.118044,9.820344
16.835000,0.071445,-0.055516,-0.012210,-0.087945,-1.102348,9.789276
16.840000,0.068627,-0.053539,-0.007277,-0.004908,-1.143410,9.868969
16.845000,0.066604,-0.058111,-0.006118,-0.069585,-1.126115,9.815033
16.850000,0.068052,-0.059217,-0.008121,-0.063140,-1.136455,9.790849
16.855000,0.071266,-0.052856,-0.004273,-0.097427,-1.150342,9.820692
16.860000,0.071662,-0.053973,-0.002982,-0.095019,-1.147309,9.848262
16.865000,0.070875,-0.057923,-0.007133,-0.062235,-1.138625,9.808339
16.870000,0.075850,-0.054532,-0.009856,-0.048639,-1.125460,9.839691
16.875000,0.067556,-0.054259,-0.004852,-0.073444,-1.112788,9.838505
16.880000,0.067972,-0.054658,-0.007166,-0.067140,-1.151430,9.865804
16.885000,0.070825,-0.058352,-0.005126,-0.045613,-1.078535,9.783636
16.890000,0.072633,-0.056262,-0.002794,-0.059792,-1.104787,9.793465
16.895000,0.071907,-0.055199,-0.003802,-0.024866,-1.044542,9.820995
16.900000,0.076279,-0.056560,-0.007441,0.005970,-1.080180,9.854314
16.905000,0.070103,-0.060631,-0.009102,-0.071947,-1.119980,9.836551
16.910000,0.078223,-0.052406,-0.002537,-0.041738,-1.100664,9.835245
16.915000,0.076508,-0.063358,-0.005299,-0.025138,-1.082417,9.812009
16.920000,0.069066,-0.056527,-0.002048,-0.071501,-1.106065,9.796435
16.925000,0.077896,-0.059654,-0.004614,-0.092736,-1.098775,9.873339
16.930000,0.077193,-0.060820,-0.000895,-0.040843,-1.100638,9.838096
16.935000,0.067215,-0.057101,-0.005505,-0.004194,-1.109844,9.813191
16.940000,0.069392,-0.057034,-0.003179,0.014011,-1.065887,9.852114
16.945000,0.075110,-0.056405,-0.004036,-0.052228,-1.015869,9.798698
16.950000,0.080756,-0.054060,-0.002222,-0.013497,-1.063381,9.817469
16.955000,0.072418,-0.059805,-0.002249,0.009278,-1.087775,9.823860
16.960000,0.076817,-0.058837,-0.008737,-0.018041,-1.034513,9.842389
16.965000,0.079061,-0.058530,-0.003397,-0.013170,-1.070271,9.818595
16.970000,0.081314,-0.061637,-0.006201,-0.058146,-1.088218,9.860630
16.975000,0.073757,-0.056711,-0.010638,0.014847,-1.056555,9.868879
16.980000,0.073191,-0.053921,-0.005169,-0.028555,-1.080558,9.875156
16.985000,0.077848,-0.058636,-0.011312,-0.001174,-1.038498,9.802622
16.990000,0.081959,-0.048784,-0.004688,-0.035621,-1.076730,9.784443
16.995000,0.075087,-0.057656,-0.010253,-0.069820,-1.080600,9.813060
17.000000,0.078506,-0.058244,-0.004837,-0.052632,-1.057483,9.852696
17.005000,0.076425,-0.056958,-0.008144,0.013672,-1.050493,9.794144
17.010000,0.074953,-0.057584,-0.006360,-0.009337,-1.061988,9.828581
17.015000,0.075197,-0.056432,-0.012116,-0.028915,-1.046551,9.805822
17.020000,0.072595,-0.056474,-0.005382,0.004806,-1.082638,9.767418
17.025000,0.076163,-0.054799,-0.005983,0.011974,-0.998897,9.809062
17.030000,0.076036,-0.057374,-0.007007,-0.031918,-1.107953,9.883237
17.035000,0.076353,-0.061053,-0.006856,0.044010,-1.048166,9.824316
17.040000,0.078587,-0.064351,-0.006798,-0.021681,-1.051948,9.800428
17.045000,0.077279,-0.060755,-0.003120,-0.011719,-1.004775,9.849323
17.050000,0.071701,-0.060009,-0.001089,0.026019,-1.061832,9.843377
17.055000,0.075714,-0.061951,-0.007086,0.089102,-1.055582,9.816455
17.060000,0.072957,-0.058592,-0.004902,0.014465,-1.050233,9.856280
17.065000,0.076404,-0.053378,-0.007600,0.010933,-1.046235,9.826523
17.070000,0.075968,-0.062744,-0.011961,0.089977,-1.031202,9.856966
17.075000,0.076572,-0.058220,-0.000855,0.035864,-0.997837,9.838407
17.080000,0.082154,-0.053466,-0.005161,-0.015262,-0.992887,9.812488
17.085000,0.075784,-0.056024,-0.000699,0.003486,-1.087970,9.862614
17.090000,0.078881,-0.059126,-0.012489,0.020853,-0.972945,9.877723
17.095000,0.084723,-0.057819,-0.009717,0.070844,-1.025517,9.808733
17.100000,0.086163,-0.057006,-0.010329,0.074400,-1.029888,9.858084
17.105000,0.079050,-0.056699,-0.007715,0.079677,-0.999876,9.835482
17.110000,0.084881,-0.052049,-0.010082,0.001436,-1.003844,9.825518
17.115000,0.078192,-0.059715,-0.002012,0.089659,-1.002261,9.828973
17.120000,0.080837,-0.056882,-0.006220,-0.000021,-1.037856,9.826797
17.125000,0.079935,-0.053239,-0.006973,0.042658,-0.971537,9.846227
17.130000,0.080415,-0.059879,-0.002998,0.014581,-1.007664,9.830559
17.135000,0.075182,-0.056917,-0.008866,0.067751,-1.007988,9.857832
17.140000,0.082524,-0.058320,-0.005785,0.027609,-0.987039,9.855472
17.145000,0.083399,-0.053936,-0.002888,0.047489,-0.962788,9.820745
17.150000,0.078779,-0.055256,-0.007168,0.079279,-0.960655,9.849076
17.155000,0.076418,-0.060894,-0.011162,0.064781,-0.971639,9.885516
17.160000,0.079864,-0.058881,-0.004218,0.087241,-1.026950,9.847002
17.165000,0.081608,-0.060483,-0.005379,0.064831,-1.012586,9.842076
17.170000,0.079703,-0.051031,-0.007106,-0.012301,-0.938904,9.814432
17.175000,0.081727,-0.055882,-0.006314,0.128732,-0.983189,9.812941
17.180000,0.082101,-0.057255,-0.004001,0.062565,-1.002087,9.845779
17.185000,0.074642,-0.048802,-0.006731,0.052902,-0.986631,9.857562
17.190000,0.080076,-0.053202,-0.006200,0.110483,-0.978453,9.910313
17.195000,0.081683,-0.059923,-0.007045,0.055076,-0.983648,9.856143
17.200000,0.083795,-0.060164,-0.008300,0.105399,-0.994393,9.839176
17.205000,0.084262,-0.054416,-0.003136,0.104795,-0.973909,9.812576
17.210000,0.081338,-0.052660,-0.008361,0.085256,-0.937502,9.848927
17.215000,0.084180,-0.056316,-0.007983,0.056547,-0.994697,9.840692
17.220000,0.080988,-0.061762,-0.003866,0.069867,-0.951487,9.800871
17.225000,0.083135,-0.054126,-0.010997,0.050743,-0.967357,9.886388
17.230000,0.084828,-0.059030,-0.010050,0.083573,-0.967678,9.832372
17.235000,0.081768,-0.057004,-0.008695,0.097444,-0.955789,9.840022
17.240000,0.087158,-0.056227,-0.005443,0.081099,-0.979519,9.772556
17.245000,0.082193,-0.056695,-0.005445,0.100944,-0.966382,9.830601
17.250000,0.085415,-0.054696,-0.012311,0.020716,-0.946847,9.875751
17.255000,0.087814,-0.057094,-0.006129,0.043312,-0.856209,9.845485
17.260000,0.083307,-0.054992,-0.002155,0.107404,-0.954462,9.873198
17.265000,0.080036,-0.050967,-0.010612,0.152549,-0.886058,9.872474
17.270000,0.083126,-0.057386,-0.011166,0.103906,-0.915920,9.837927
17.275000,0.085093,-0.055859,-0.009370,0.003565,-0.889758,9.840972
17.280000,0.082008,-0.056210,-0.006261,0.122786,-0.896491,9.891750
17.285000,0.085068,-0.058121,-0.009899,0.051578,-0.923561,9.847297
17.290000,0.082450,-0.053495,-0.003460,0.142683,-0.901440,9.871596
17.295000,0.085193,-0.054121,-0.008703,0.122147,-0.908893,9.819669
17.300000,0.083912,-0.059306,-0.006571,0.106444,-0.931560,9.833679
17.305000,0.088718,-0.053776,-0.008784,0.111800,-0.889202,9.882656
17.310000,0.082303,-0.059223,-0.011579,0.159218,-0.891476,9.825869
17.315000,0.085705,-0.060530,-0.002512,0.139239,-0.924620,9.879751
17.320000,0.079350,-0.055747,-0.006256,0.086160,-0.885859,9.857595
17.325000,0.082593,-0.055967,-0.003794,0.116361,-0.900287,9.815006
17.330000,0.083621,-0.062516,-0.008252,0.157951,-0.912054,9.851924
17.335000,0.086997,-0.056110,-0.011612,0.155952,-0.913255,9.849979
17.340000,0.086844,-0.051739,-0.010426,0.102730,-0.919246,9.815072
17.345000,0.080717,-0.051714,-0.005309,0.130634,-0.882893,9.882435
17.350000,0.093740,-0.057605,-0.008855,0.146199,-0.896890,9.825231
17.355000,0.086655,-0.058656,-0.006747,0.135966,-0.862133,9.866510
17.360000,0.092500,-0.053126,-0.009956,0.146816,-0.875940,9.860628
17.365000,0.085278,-0.058669,-0.004310,0.100219,-0.910110,9.856529
17.370000,0.081320,-0.056721,-0.007839,0.157935,-0.870210,9.878754
17.375000,0.086906,-0.055909,-0.006023,0.121362,-0.874622,9.801620
17.380000,0.090298,-0.054403,-0.008434,0.187635,-0.878767,9.871853
17.385000,0.095347,-0.054711,-0.008365,0.208134,-0.870551,9.860296
17.390000,0.095884,-0.060584,-0.012356,0.175909,-0.847604,9.796142
17.395000,0.084011,-0.051410,-0.007768,0.187663,-0.843008,9.828775
17.400000,0.088411,-0.051647,-0.005226,0.191448,-0.858466,9.845202
17.405000,0.091852,-0.055555,-0.008963,0.167199,-0.843567,9.876394
17.410000,0.087941,-0.055382,-0.013117,0.186003,-0.894714,9.864149
17.415000,0.084379,-0.056254,-0.008984,0.169923,-0.828146,9.859683
17.420000,0.086307,-0.057033,-0.006048,0.170904,-0.827070,9.854782
17.425000,0.088914,-0.056955,-0.009627,0.203322,-0.892706,9.869896
17.430000,0.089758,-0.052961,-0.006306,0.163011,-0.874129,9.858267
17.435000,0.084649,-0.054911,-0.010229,0.206861,-0.860317,9.852451
17.440000,0.091954,-0.056924,-0.003203,0.160636,-0.841521,9.853158
17.445000,0.089818,-0.056514,-0.011858,0.150394,-0.781941,9.831281
17.450000,0.084810,-0.052020,-0.009447,0.182472,-0.836186,9.850948
17.455000,0.088306,-0.057155,-0.006035,0.197091,-0.853574,9.806683
17.460000,0.089147,-0.054715,-0.007552,0.149678,-0.811141,9.868541
17.465000,0.084323,-0.056053,-0.007726,0.172647,-0.812345,9.878492
17.470000,0.089713,-0.057972,-0.005622,0.153620,-0.766595,9.870279
17.475000,0.089424,-0.055885,-0.005756,0.171941,-0.826271,9.802879
17.480000,0.089620,-0.055757,-0.002066,0.154708,-0.805215,9.889715
17.485000,0.087901,-0.055519,-0.006723,0.245850,-0.768710,9.844002
17.490000,0.090635,-0.058298,-0.005904,0.187800,-0.806513,9.871104
17.495000,0.096545,-0.059244,-0.006876,0.206171,-0.825580,9.874979
17.500000,0.091426,-0.056842,-0.008255,0.157244,-0.791386,9.801534
17.505000,0.086399,-0.054712,-0.008149,0.145195,-0.766188,9.874976
17.510000,0.093052,-0.055751,-0.002704,0.172352,-0.832637,9.831181
17.515000,0.083942,-0.056635,-0.001169,0.220574,-0.767455,9.845826
17.520000,0.088555,-0.052784,-0.005940,0.248235,-0.807458,9.895449
17.525000,0.089050,-0.059533,-0.009996,0.184670,-0.787787,9.844317
17.530000,0.099296,-0.054276,-0.006040,0.228660,-0.802062,9.932419
17.535000,0.090189,-0.052473,-0.002665,0.220786,-0.789103,9.876758
17.540000,0.091574,-0.056925,-0.010336,0.223748,-0.790119,9.857221
17.545000,0.091205,-0.051096,-0.007179,0.269004,-0.750871,9.896270
17.550000,0.094709,-0.062617,-0.005347,0.226850,-0.809781,9.898178
17.555000,0.087842,-0.052967,-0.010440,0.201800,-0.799074,9.846895
17.560000,0.089269,-0.057099,-0.008562,0.210115,-0.778183,9.856867
17.565000,0.088862,-0.056188,-0.006921,0.221671,-0.768472,9.888829
17.570000,0.092753,-0.057926,-0.005933,0.226163,-0.752174,9.818621
17.575000,0.089737,-0.055879,-0.006861,0.245057,-0.807689,9.805425
17.580000,0.086199,-0.052052,-0.010783,0.273653,-0.705267,9.899447
17.585000,0.092961,-0.054564,-0.014759,0.187742,-0.633359,9.860624
17.590000,0.089279,-0.057635,-0.010151,0.204023,-0.684015,9.897286
17.595000,0.090568,-0.051081,-0.009373,0.223453,-0.741131,9.838107
17.600000,0.088759,-0.053981,-0.010144,0.236775,-0.707953,9.816486
17.605000,0.092082,-0.057226,0.001322,0.261868,-0.728187,9.892061
17.610000,0.092923,-0.056604,-0.004416,0.249341,-0.703967,9.842992
17.615000,0.094804,-0.052420,-0.014189,0.238017,-0.772409,9.841355
17.620000,0.090592,-0.050451,-0.011322,0.264836,-0.718224,9.869527
17.625000,0.096185,-0.054807,-0.013242,0.271568,-0.710420,9.885410
17.630000,0.087095,-0.052374,-0.012642,0.194982,-0.694087,9.853358
17.635000,0.092333,-0.051034,-0.010210,0.264514,-0.725952,9.879820
17.640000,0.087178,-0.057370,-0.011791,0.281737,-0.706703,9.855269
17.645000,0.086301,-0.053280,-0.008997,0.253160,-0.766177,9.818358
17.650000,0.093246,-0.054366,-0.008082,0.278241,-0.728831,9.831383
17.655000,0.092495,-0.057328,-0.004577,0.230160,-0.707042,9.888184
17.660000,0.092097,-0.055211,-0.014235,0.274945,-0.732610,9.868629
17.665000,0.094437,-0.051094,-0.001185,0.297427,-0.678816,9.862030
17.670000,0.092252,-0.055274,-0.013317,0.194746,-0.727240,9.904066
17.675000,0.094195,-0.052742,-0.004337,0.276199,-0.729027,9.919434
17.680000,0.092350,-0.052626,-0.005940,0.272545,-0.727730,9.843860
17.685000,0.088716,-0.057485,-0.005953,0.271420,-0.633588,9.904992
17.690000,0.095524,-0.052364,-0.008612,0.306319,-0.693488,9.888570
17.695000,0.092746,-0.056556,-0.013574,0.317661,-0.728728,9.824056
17.700000,0.096931,-0.055261,-0.005936,0.330939,-0.684587,9.869723
17.705000,0.096553,-0.056892,-0.013948,0.251358,-0.601737,9.880748
17.710000,0.089081,-0.049497,-0.001869,0.274578,-0.713429,9.884555
17.715000,0.089164,-0.055504,-0.002925,0.299688,-0.579325,9.820070
17.720000,0.087932,-0.054836,-0.008433,0.292350,-0.709633,9.847667
17.725000,0.092797,-0.053200,-0.011726,0.273551,-0.676873,9.894056
17.730000,0.095029,-0.052050,-0.014129,0.253328,-0.680777,9.882840
17.735000,0.091261,-0.053125,-0.010982,0.286274,-0.635751,9.844551
17.740000,0.093710,-0.057591,-0.007642,0.286130,-0.605485,9.933173
17.745000,0.093499,-0.054068,-0.008134,0.279285,-0.599720,9.861038
17.750000,0.092267,-0.054406,-0.008436,0.275559,-0.697513,9.896784
17.755000,0.091418,-0.053836,-0.009840,0.322833,-0.662237,9.869477
17.760000,0.095601,-0.054291,-0.007474,0.276329,-0.622265,9.906310
17.765000,0.092481,-0.052728,-0.011938,0.304581,-0.684782,9.911075
17.770000,0.087915,-0.048011,-0.005257,0.329656,-0.610597,9.883141
17.775000,0.098102,-0.050691,-0.011563,0.302713,-0.591982,9.846447
17.780000,0.093347,-0.054713,-0.007856,0.276748,-0.621205,9.882741
17.785000,0.090810,-0.052674,-0.007531,0.368929,-0.657520,9.846294
17.790000,0.098481,-0.051247,-0.007610,0.337714,-0.609339,9.898327
17.795000,0.097776,-0.055814,-0.005210,0.288328,-0.585638,9.886714
17.800000,0.093355,-0.055114,-0.004946,0.298792,-0.605649,9.887164
17.805000,0.093236,-0.052906,-0.004654,0.277544,-0.608375,9.856539
17.810000,0.094262,-0.054726,-0.004224,0.344203,-0.584030,9.829394
17.815000,0.093999,-0.053202,-0.012025,0.373118,-0.598469,9.804755
17.820000,0.094176,-0.049338,-0.010379,0.326211,-0.586451,9.870177
17.825000,0.092189,-0.050718,-0.009574,0.338587,-0.593888,9.861842
17.830000,0.094215,-0.052361,-0.007129,0.358413,-0.583841,9.854690
17.835000,0.091967,-0.051554,-0.007062,0.317091,-0.569523,9.839164
17.840000,0.095902,-0.053466,-0.012818,0.310890,-0.633240,9.848935
17.845000,0.097628,-0.050527,-0.007655,0.317828,-0.560976,9.847612
17.850000,0.092031,-0.050344,-0.012501,0.346305,-0.547106,9.909443
17.855000,0.094582,-0.048966,-0.011081,0.342149,-0.604808,9.873081
17.860000,0.093921,-0.048191,-0.007594,0.322045,-0.571982,9.881510
17.865000,0.088681,-0.054543,-0.004963,0.326196,-0.580355,9.850559
17.870000,0.101216,-0.054227,-0.012503,0.355235,-0.567969,9.845146
17.875000,0.093063,-0.049744,-0.004742,0.369436,-0.580989,9.861112
17.880000,0.098820,-0.054744,-0.013969,0.352428,-0.569727,9.876798
17.885000,0.090223,-0.054146,-0.011094,0.349094,-0.541440,9.899298
17.890000,0.092530,-0.054728,-0.008606,0.379208,-0.533275,9.796305
17.895000,0.091776,-0.052031,-0.003110,0.306462,-0.554241,9.923992
17.900000,0.089890,-0.051144,-0.009091,0.336100,-0.536362,9.861090
17.905000,0.098665,-0.045206,-0.005801,0.373260,-0.549127,9.836114
17.910000,0.095687,-0.050234,-0.005222,0.360797,-0.548829,9.895617
17.915000,0.093458,-0.051422,-0.006408,0.384822,-0.537421,9.913425
17.920000,0.096126,-0.050250,-0.005828,0.315315,-0.520708,9.944561
17.925000,0.091295,-0.052275,-0.003402,0.355399,-0.554512,9.878904
17.930000,0.095091,-0.053970,-0.008311,0.356679,-0.512139,9.907210
17.935000,0.093070,-0.049873,-0.005420,0.371938,-0.463635,9.832698
17.940000,0.090058,-0.050974,-0.010317,0.404303,-0.528343,9.904259
17.945000,0.097494,-0.053587,-0.010933,0.406889,-0.539505,9.875965
17.950000,0.089989,-0.047960,-0.012369,0.297059,-0.493276,9.850517
17.955000,0.098880,-0.049673,-0.009231,0.326427,-0.505039,9.846315
17.960000,0.093114,-0.054886,-0.004985,0.331522,-0.530469,9.874987
17.965000,0.088469,-0.050958,-0.005561,0.369974,-0.479021,9.854160
17.970000,0.089910,-0.052282,-0.008382,0.399704,-0.536001,9.888222
17.975000,0.093618,-0.052260,-0.010294,0.397032,-0.536816,9.888361
17.980000,0.097143,-0.050092,-0.009715,0.449071,-0.474224,9.883967
17.985000,0.093947,-0.049887,-0.006984,0.379490,-0.468441,9.870110
17.990000,0.101093,-0.052181,-0.010630,0.388284,-0.540864,9.847640
17.995000,0.094295,-0.053154,-0.002435,0.374438,-0.519402,9.879292
18.000000,0.092016,-0.051631,-0.004576,0.380227,-0.472931,9.877123
18.005000,0.095036,-0.043808,-0.009259,0.391073,-0.487768,9.889052
18.010000,0.087704,-0.052629,-0.015125,0.419696,-0.477723,9.865345
18.015000,0.096006,-0.050304,-0.004783,0.368157,-0.511801,9.863230
18.020000,0.093895,-0.052090,-0.008390,0.432333,-0.469067,9.939790
18.025000,0.093913,-0.044741,-0.007789,0.320296,-0.474147,9.805871
18.030000,0.090289,-0.049644,-0.007139,0.426774,-0.414178,9.882754
18.035000,0.088983,-0.045895,-0.008116,0.388092,-0.448928,9.910657
18.040000,0.093696,-0.054134,-0.008848,0.454527,-0.416599,9.918848
18.045000,0.093376,-0.062920,-0.007618,0.398198,-0.428923,9.895881
18.050000,0.094305,-0.049135,-0.007913,0.406826,-0.477929,9.820418
18.055000,0.089860,-0.048209,-0.007628,0.419291,-0.438906,9.924144
18.060000,0.096367,-0.056171,-0.011579,0.423999,-0.411711,9.894526
18.065000,0.092535,-0.048849,-0.008495,0.397288,-0.466714,9.886597
18.070000,0.101092,-0.049123,-0.008552,0.487450,-0.400338,9.839464
18.075000,0.093095,-0.054024,-0.009122,0.407443,-0.464130,9.933809
18.080000,0.095355,-0.050599,-0.011527,0.417875,-0.463980,9.871412
18.085000,0.094819,-0.048605,-0.008672,0.445356,-0.477144,9.894507
18.090000,0.092290,-0.048330,-0.014224,0.387355,-0.426088,9.960118
18.095000,0.088259,-0.050239,0.001119,0.432400,-0.388993,9.875790
18.100000,0.098056,-0.047305,-0.007265,0.463285,-0.430998,9.879026
18.105000,0.089360,-0.044507,-0.015713,0.424260,-0.440329,9.875765
18.110000,0.094307,-0.046663,-0.005969,0.383455,-0.449740,9.907746
18.115000,0.091460,-0.047066,-0.008969,0.488282,-0.425671,9.915518
18.120000,0.090213,-0.047001,-0.005933,0.435799,-0.429958,9.860874
18.125000,0.091760,-0.052062,-0.008729,0.438390,-0.410746,9.913068
18.130000,0.088163,-0.048877,-0.007536,0.387134,-0.357133,9.842092
18.135000,0.094103,-0.049677,-0.009710,0.460245,-0.454116,9.886756
18.140000,0.096954,-0.057728,-0.010780,0.482339,-0.405401,9.880675
18.145000,0.092492,-0.048450,-0.004514,0.481596,-0.322946,9.869764
18.150000,0.089971,-0.049722,-0.010375,0.518587,-0.367769,9.868316
18.155000,0.087755,-0.046037,-0.012984,0.483623,-0.391695,9.918161
18.160000,0.092459,-0.046219,-0.003778,0.441116,-0.383287,9.877633
18.165000,0.089720,-0.047116,-0.009304,0.416199,-0.415108,9.870960
18.170000,0.095006,-0.043313,-0.007302,0.490353,-0.321216,9.834606
18.175000,0.093599,-0.045474,-0.011100,0.453328,-0.288606,9.892353
18.180000,0.087972,-0.048041,-0.014381,0.475257,-0.290937,9.890294
18.185000,0.093716,-0.048725,-0.009668,0.483191,-0.366398,9.868304
18.190000,0.090850,-0.049347,-0.005718,0.444026,-0.363405,9.911641
18.195000,0.094635,-0.044620,-0.010508,0.473582,-0.385095,9.850897
18.200000,0.088607,-0.041232,-0.013096,0.457493,-0.357377,9.904245
18.205000,0.090751,-0.048002,-0.006234,0.504954,-0.307689,9.917612
18.210000,0.093456,-0.049511,-0.011099,0.422333,-0.350363,9.844735
18.215000,0.091298,-0.045358,-0.008396,0.505202,-0.367442,9.881694
18.220000,0.090246,-0.047091,-0.006410,0.472913,-0.306474,9.901066
18.225000,0.095114,-0.045925,-0.010281,0.440161,-0.273942,9.903025
18.230000,0.087072,-0.051097,-0.009354,0.463807,-0.309460,9.868805
18.235000,0.094031,-0.047109,-0.015917,0.432113,-0.308113,9.882331
18.240000,0.086920,-0.043555,-0.005228,0.512366,-0.290474,9.894177
18.245000,0.092927,-0.046345,-0.012894,0.452571,-0.329846,9.859413
18.250000,0.089583,-0.047388,-0.008423,0.445201,-0.331391,9.916791
18.255000,0.087203,-0.047141,-0.009077,0.455698,-0.334710,9.859506
18.260000,0.090817,-0.045961,-0.006959,0.437434,-0.269668,9.912608
18.265000,0.092944,-0.047719,-0.009778,0.522129,-0.308691,9.866667
18.270000,0.085866,-0.048113,-0.015010,0.459530,-0.293425,9.913258
18.275000,0.091542,-0.049934,-0.005641,0.449353,-0.286668,9.861258
18.280000,0.091977,-0.040589,-0.010947,0.484722,-0.278144,9.875998
18.285000,0.088355,-0.042496,-0.011342,0.487496,-0.286093,9.871913
18.290000,0.090061,-0.044446,-0.012094,0.484827,-0.332789,9.932196
18.295000,0.089527,-0.041825,-0.005043,0.447314,-0.294808,9.903136
18.300000,0.097394,-0.041764,-0.009051,0.541952,-0.320365,9.896431
18.305000,0.086874,-0.048917,-0.005505,0.490405,-0.270966,9.864100
18.310000,0.088920,-0.048347,-0.010964,0.513340,-0.237340,9.892872
18.315000,0.087125,-0.049162,-0.004832,0.540246,-0.248172,9.854817
18.320000,0.093452,-0.046364,-0.002519,0.547088,-0.210128,9.893082
18.325000,0.088840,-0.042504,-0.002216,0.484897,-0.255176,9.889480
18.330000,0.084686,-0.046657,-0.008900,0.499757,-0.245383,9.885086
18.335000,0.088403,-0.048541,-0.011958,0.477389,-0.218516,9.907526
18.340000,0.091632,-0.048894,-0.007308,0.459431,-0.245952,9.845744
18.345000,0.086180,-0.042697,-0.007271,0.520943,-0.205471,9.867971
18.350000,0.092427,-0.045270,-0.010815,0.532792,-0.224067,9.860810
18.355000,0.097055,-0.042793,-0.009437,0.491168,-0.258241,9.905200
18.360000,0.085443,-0.051522,-0.012883,0.611438,-0.242422,9.910993
18.365000,0.088333,-0.039761,-0.015410,0.481006,-0.252409,9.861240
18.370000,0.089626,-0.045463,-0.015184,0.524438,-0.202654,9.855828
18.375000,0.086254,-0.040795,-0.012373,0.509951,-0.300782,9.901532
18.380000,0.087543,-0.042733,-0.009720,0.487089,-0.226325,9.854413
18.385000,0.091304,-0.040615,-0.011385,0.521232,-0.250199,9.899058
18.390000,0.090020,-0.045097,-0.011325,0.566018,-0.210356,9.890357
18.395000,0.089466,-0.043746,-0.009717,0.512253,-0.169517,9.856187
18.400000,0.085287,-0.046322,-0.008850,0.549970,-0.229609,9.887441
18.405000,0.087689,-0.043032,-0.014851,0.589160,-0.204637,9.879004
18.410000,0.085164,-0.040911,-0.008555,0.512055,-0.190995,9.915185
18.415000,0.093902,-0.042451,-0.011484,0.565828,-0.202266,9.908548
18.420000,0.085830,-0.043988,-0.014454,0.575842,-0.232930,9.885574
18.425000,0.085263,-0.039629,-0.012302,0.572795,-0.156571,9.927064
18.430000,0.086235,-0.043089,-0.004352,0.547935,-0.178345,9.867012
18.435000,0.087237,-0.043210,-0.012822,0.536585,-0.214670,9.891561
18.440000,0.082307,-0.041451,-0.003436,0.591629,-0.173764,9.867184
18.445000,0.090925,-0.045877,-0.007997,0.595020,-0.227606,9.878604
18.450000,0.082220,-0.046268,-0.006415,0.559614,-0.169515,9.830781
18.455000,0.084830,-0.044138,-0.008488,0.556522,-0.186907,9.914281
18.460000,0.087249,-0.040499,-0.010616,0.493145,-0.116999,9.869478
18.465000,0.089215,-0.041432,-0.009988,0.534252,-0.213163,9.905293
18.470000,0.085985,-0.041741,-0.007988,0.568967,-0.192337,9.860730
18.475000,0.087144,-0.041037,-0.008455,0.544115,-0.182548,9.869073
18.480000,0.087923,-0.040213,-0.006487,0.504857,-0.145149,9.843412
18.485000,0.088885,-0.046781,-0.008011,0.608125,-0.230270,9.911752
18.490000,0.092247,-0.046126,-0.007609,0.568279,-0.110197,9.896465
18.495000,0.083030,-0.043777,-0.008360,0.542521,-0.154455,9.864671
18.500000,0.088004,-0.045180,-0.012236,0.544367,-0.154032,9.942662
18.505000,0.090465,-0.043878,-0.009493,0.518731,-0.131963,9.933901
18.510000,0.084793,-0.037640,-0.011456,0.557395,-0.184182,9.863852
18.515000,0.086703,-0.040540,-0.012455,0.614389,-0.141571,9.925000
18.520000,0.088182,-0.039326,-0.006042,0.592442,-0.100112,9.900839
18.525000,0.089560,-0.040861,-0.015208,0.589357,-0.117142,9.858665
18.530000,0.083667,-0.041630,-0.006705,0.527574,-0.126154,9.919454
18.535000,0.088733,-0.040692,-0.010098,0.528654,-0.155533,9.901400
18.540000,0.084419,-0.037747,-0.007933,0.563638,-0.123342,9.856323
18.545000,0.086614,-0.043108,-0.006092,0.499641,-0.123941,9.860015
18.550000,0.093123,-0.040590,-0.017498,0.570647,-0.107637,9.883491
18.555000,0.086068,-0.040460,-0.012406,0.544168,-0.094232,9.944578
18.560000,0.085398,-0.042051,-0.010295,0.614480,-0.165551,9.905280
18.565000,0.075353,-0.038092,-0.012902,0.610946,-0.113294,9.893756
18.570000,0.086703,-0.043871,-0.014419,0.613348,-0.119808,9.954878
18.575000,0.083360,-0.042145,-0.013159,0.608065,-0.054612,9.872225
18.580000,0.080115,-0.044103,-0.017055,0.673134,-0.087714,9.909330
18.585000,0.078566,-0.038688,-0.009556,0.571852,-0.057924,9.881051
18.590000,0.086877,-0.034599,-0.014119,0.692564,-0.052551,9.896143
18.595000,0.082556,-0.044250,-0.015649,0.574628,-0.150626,9.875938
18.600000,0.091463,-0.042720,-0.012946,0.577561,-0.078804,9.952084
18.605000,0.089415,-0.042018,-0.005701,0.640222,-0.078032,9.881047
18.610000,0.087187,-0.041569,-0.006526,0.623849,-0.075607,9.907464
18.615000,0.081073,-0.043632,-0.011009,0.620679,-0.113721,9.837942
18.620000,0.077983,-0.045927,-0.010964,0.582615,-0.058529,9.926208
18.625000,0.088513,-0.042555,-0.006398,0.619474,-0.069558,9.900833
18.630000,0.076711,-0.040374,-0.014335,0.596887,-0.062605,9.926981
18.635000,0.086940,-0.040326,-0.010862,0.567386,-0.059970,9.872422
18.640000,0.086118,-0.035096,-0.011748,0.628576,-0.152495,9.921032
18.645000,0.082211,-0.035218,-0.009165,0.596931,-0.091999,9.885986
18.650000,0.078836,-0.037748,-0.008851,0.600514,-0.009281,9.880513
18.655000,0.082092,-0.047053,-0.008897,0.612205,-0.065775,9.876802
18.660000,0.082947,-0.040722,-0.015213,0.591040,-0.040899,9.908920
18.665000,0.080996,-0.039311,-0.013300,0.649816,-0.020674,9.884102
18.670000,0.083587,-0.048400,-0.009144,0.622757,-0.055727,9.826000
18.675000,0.084755,-0.040825,-0.007565,0.654151,-0.023662,9.887507
18.680000,0.080127,-0.042892,-0.011302,0.563112,-0.050448,9.878301
18.685000,0.083219,-0.037181,-0.008668,0.541487,-0.053700,9.844412
18.690000,0.081736,-0.044947,-0.008631,0.692907,-0.034202,9.937046
18.695000,0.083156,-0.034517,-0.010568,0.652614,-0.064706,9.881695
18.700000,0.084261,-0.036729,-0.011245,0.598812,-0.059833,9.873048
18.705000,0.081864,-0.038807,-0.011279,0.630473,-0.021757,9.889130
18.710000,0.078277,-0.038274,-0.013617,0.599067,-0.023847,9.924116
18.715000,0.082102,-0.042269,-0.013723,0.634814,-0.009133,9.863868
18.720000,0.087045,-0.038579,-0.011601,0.557400,-0.053749,9.889804
18.725000,0.082356,-0.036785,-0.012120,0.593745,0.003039,9.902463
18.730000,0.078180,-0.035912,-0.014642,0.643798,-0.034196,9.870892
18.735000,0.077110,-0.040234,-0.014261,0.620660,-0.044244,9.935516
18.740000,0.084078,-0.038519,-0.011371,0.600920,-0.040845,9.909432
18.745000,0.076037,-0.040085,-0.009265,0.603560,-0.017874,9.848474
18.750000,0.081102,-0.040799,-0.012990,0.676465,0.057225,9.861503
18.755000,0.076189,-0.037726,-0.010483,0.633018,0.031662,9.897696
18.760000,0.084756,-0.034531,-0.011471,0.650279,0.058216,9.873167
18.765000,0.085796,-0.037004,-0.011330,0.659996,0.035909,9.902787
18.770000,0.082567,-0.038183,-0.009885,0.618821,0.032020,9.900587
18.775000,0.082613,-0.037643,-0.003466,0.637368,0.015560,9.851726
18.780000,0.082496,-0.037863,-0.011421,0.649450,0.016184,9.867823
18.785000,0.078731,-0.040694,-0.009948,0.645334,0.006847,9.893798
18.790000,0.079691,-0.038008,-0.008926,0.688647,0.051559,9.900895
18.795000,0.072311,-0.038128,-0.006736,0.652311,0.017530,9.889351
18.800000,0.076888,-0.035764,-0.011807,0.691575,0.013623,9.849000
18.805000,0.082354,-0.040094,-0.009670,0.617938,0.020134,9.849205
18.810000,0.075614,-0.041283,-0.010554,0.661241,0.058813,9.906149
18.815000,0.082829,-0.037861,-0.012169,0.669470,0.036784,9.915893
18.820000,0.075941,-0.037564,-0.007999,0.610563,0.048471,9.928626
18.825000,0.072734,-0.034099,-0.013933,0.672140,0.079683,9.924304
18.830000,0.072000,-0.042523,-0.015619,0.666651,0.022558,9.893187
18.835000,0.076621,-0.036371,-0.012444,0.644635,0.077839,9.870587
18.840000,0.074215,-0.030834,-0.010398,0.669721,0.067402,9.864417
18.845000,0.074663,-0.035202,-0.008473,0.673595,0.057765,9.871289
18.850000,0.075950,-0.035487,-0.009838,0.660935,0.046858,9.884877
18.855000,0.073332,-0.035394,-0.006721,0.684823,0.093904,9.889925
18.860000,0.076296,-0.035595,-0.009931,0.663668,0.071694,9.880932
18.865000,0.074736,-0.034368,-0.012879,0.642453,0.104654,9.879998
18.870000,0.070292,-0.035943,-0.012950,0.694429,0.054352,9.889242
18.875000,0.082009,-0.033696,-0.012780,0.640711,0.088622,9.949445
18.880000,0.072933,-0.034895,-0.016468,0.688971,0.031827,9.900773
18.885000,0.077600,-0.032096,-0.012634,0.624940,0.113797,9.955903
18.890000,0.072643,-0.033881,-0.015443,0.677208,0.011968,9.886869
18.895000,0.073950,-0.039282,-0.011036,0.706268,0.057715,9.885747
18.900000,0.070692,-0.035385,-0.014673,0.682151,0.077060,9.935060
18.905000,0.076458,-0.038671,-0.008960,0.653989,0.113695,9.855511
18.910000,0.078306,-0.030924,-0.013486,0.707729,0.079283,9.848588
18.915000,0.078105,-0.035293,-0.010011,0.715186,0.118764,9.910187
18.920000,0.071342,-0.033723,-0.015822,0.718115,0.083608,9.884174
18.925000,0.072924,-0.035614,-0.014972,0.713404,0.149001,9.907068
18.930000,0.075741,-0.035705,-0.006591,0.667586,0.050880,9.894562
18.935000,0.069158,-0.035076,-0.012520,0.695153,0.142126,9.846640
18.940000,0.070417,-0.030029,-0.009872,0.703574,0.107781,9.899297
18.945000,0.068172,-0.034630,-0.012565,0.707441,0.137912,9.859765
18.950000,0.070856,-0.033509,-0.015706,0.630633,0.116694,9.910972
18.955000,0.073361,-0.034014,-0.006238,0.703561,0.175322,9.912271
18.960000,0.076988,-0.036805,-0.009644,0.643376,0.111934,9.826467
18.965000,0.068978,-0.037202,-0.009566,0.690748,0.125236,9.916590
18.970000,0.068670,-0.035978,-0.012262,0.679251,0.123372,9.893365
18.975000,0.073816,-0.031740,-0.016563,0.696908,0.109729,9.851181
18.980000,0.080803,-0.037120,-0.013526,0.741919,0.117803,9.940125
18.985000,0.075571,-0.030115,-0.009184,0.733932,0.090598,9.870988
18.990000,0.071689,-0.028268,-0.012253,0.689047,0.113692,9.887152
18.995000,0.069382,-0.035363,-0.013051,0.706511,0.148074,9.879054
19.000000,0.069796,-0.027079,-0.012182,0.712129,0.183211,9.812526
19.005000,0.068794,-0.034047,-0.011246,0.680123,0.151932,9.894541
19.010000,0.066655,-0.034611,-0.007878,0.691340,0.144506,9.865272
19.015000,0.071190,-0.035466,-0.009606,0.706974,0.132269,9.857308
19.020000,0.068452,-0.037891,-0.014186,0.708489,0.147444,9.862263
19.025000,0.066727,-0.032070,-0.010515,0.695085,0.172545,9.916105
19.030000,0.067457,-0.032820,-0.010334,0.668687,0.152714,9.901963
19.035000,0.067075,-0.028928,-0.013788,0.716739,0.133077,9.889973
19.040000,0.066017,-0.034048,-0.011753,0.771340,0.136820,9.866657
19.045000,0.068584,-0.036926,-0.010027,0.731873,0.104752,9.894658
19.050000,0.063261,-0.031173,-0.009689,0.678044,0.163488,9.858623
19.055000,0.061948,-0.037122,-0.012021,0.687102,0.189204,9.909359
19.060000,0.065847,-0.032184,-0.007710,0.702435,0.173427,9.897507
19.065000,0.067840,-0.024315,-0.013207,0.753924,0.133776,9.860441
19.070000,0.067651,-0.028796,-0.013588,0.731665,0.187683,9.884799
19.075000,0.065249,-0.029212,-0.006535,0.701491,0.188763,9.814243
19.080000,0.064730,-0.028693,-0.014240,0.692933,0.221836,9.873743
19.085000,0.065950,-0.029189,-0.011076,0.682459,0.209666,9.805702
19.090000,0.070637,-0.035931,-0.010251,0.727173,0.210897,9.910392
19.095000,0.069200,-0.033616,-0.016177,0.724452,0.256584,9.852936
19.100000,0.066631,-0.029386,-0.009899,0.667188,0.235455,9.845404
19.105000,0.067239,-0.035713,-0.017204,0.744906,0.155534,9.893186
19.110000,0.065625,-0.028815,-0.009312,0.720921,0.227704,9.809132
19.115000,0.063861,-0.028405,-0.010596,0.739890,0.200189,9.913305
19.120000,0.065949,-0.030071,-0.012160,0.738242,0.217728,9.832779
19.125000,0.067574,-0.030338,-0.018794,0.718778,0.237538,9.931859
19.130000,0.065421,-0.034743,-0.010172,0.771306,0.214878,9.866709
19.135000,0.064349,-0.029192,-0.011628,0.716256,0.184017,9.903678
19.140000,0.066818,-0.029124,-0.015412,0.783186,0.228813,9.882768
19.145000,0.062466,-0.027643,-0.014461,0.709944,0.274105,9.802913
19.150000,0.064043,-0.029246,-0.010697,0.782818,0.231888,9.897345
19.155000,0.065097,-0.028841,-0.009023,0.728553,0.217975,9.872016
19.160000,0.064636,-0.031117,-0.015287,0.749688,0.213943,9.871573
19.165000,0.062387,-0.025403,-0.015947,0.726149,0.236880,9.868534
19.170000,0.067395,-0.030546,-0.013046,0.700881,0.221647,9.877206
19.175000,0.063690,-0.030472,-0.007909,0.769570,0.271727,9.874036
19.180000,0.066444,-0.034200,-0.015151,0.751472,0.222500,9.871535
19.185000,0.065068,-0.028346,-0.012722,0.766595,0.251772,9.874066
19.190000,0.061463,-0.031866,-0.015577,0.752183,0.267759,9.817176
19.195000,0.066410,-0.025916,-0.010098,0.759349,0.206585,9.833014
19.200000,0.067660,-0.033513,-0.014630,0.803953,0.231752,9.894944
19.205000,0.059022,-0.027369,-0.010757,0.707330,0.230901,9.879806
19.210000,0.066507,-0.029683,-0.012840,0.762102,0.277031,9.863565
19.215000,0.057135,-0.030404,-0.017153,0.739638,0.244841,9.853320
19.220000,0.060043,-0.027558,-0.011857,0.752364,0.286468,9.884017
19.225000,0.058229,-0.032002,-0.009534,0.679990,0.245558,9.860146
19.230000,0.060296,-0.027594,-0.014518,0.752743,0.286246,9.904965
19.235000,0.061379,-0.028400,-0.015841,0.749543,0.263188,9.895607
19.240000,0.060722,-0.034849,-0.013383,0.744257,0.309160,9.885327
19.245000,0.064517,-0.038353,-0.009350,0.765403,0.290238,9.911274
19.250000,0.060434,-0.032261,-0.012808,0.723141,0.248069,9.888989
19.255000,0.058102,-0.028444,-0.015203,0.769366,0.266239,9.894157
19.260000,0.054379,-0.023473,-0.012371,0.734433,0.318758,9.856983
19.265000,0.060749,-0.029815,-0.013842,0.812887,0.281329,9.860280
19.270000,0.053409,-0.027892,-0.018361,0.731485,0.286069,9.945098
19.275000,0.062130,-0.028216,-0.011344,0.744795,0.258716,9.907323
19.280000,0.059800,-0.024757,-0.012264,0.782794,0.285719,9.873003
19.285000,0.056648,-0.025595,-0.017833,0.792331,0.285781,9.888529
19.290000,0.056722,-0.025038,-0.015523,0.769287,0.304514,9.823874
19.295000,0.056218,-0.028171,-0.013887,0.793574,0.331238,9.879538
19.300000,0.063814,-0.024274,-0.014118,0.720355,0.256825,9.912940
19.305000,0.057211,-0.027421,-0.014916,0.756779,0.289519,9.864942
19.310000,0.061413,-0.029617,-0.015829,0.766271,0.285260,9.907644
19.315000,0.052443,-0.024695,-0.012671,0.809034,0.274993,9.846078
19.320000,0.057452,-0.023682,-0.014432,0.764866,0.328474,9.874643
19.325000,0.055553,-0.028421,-0.015334,0.798646,0.283118,9.880068
19.330000,0.054548,-0.029892,-0.014646,0.743843,0.341177,9.864734
19.335000,0.054472,-0.024169,-0.015451,0.776005,0.346744,9.933544
19.340000,0.051278,-0.023582,-0.016132,0.775656,0.306604,9.913788
19.345000,0.052540,-0.024800,-0.017294,0.817174,0.332356,9.857371
19.350000,0.054509,-0.027254,-0.013203,0.757790,0.345437,9.857282
19.355000,0.053553,-0.026594,-0.015595,0.732998,0.365258,9.846436
19.360000,0.055372,-0.027343,-0.019855,0.775518,0.288329,9.838055
19.365000,0.053828,-0.026183,-0.015315,0.812699,0.340788,9.832963
19.370000,0.054752,-0.022828,-0.014443,0.851291,0.329553,9.899450
19.375000,0.051298,-0.019909,-0.011178,0.747947,0.256457,9.894361
19.380000,0.051195,-0.026980,-0.015893,0.804210,0.318187,9.860274
19.385000,0.052665,-0.023340,-0.016270,0.805332,0.307265,9.831096
19.390000,0.049305,-0.021246,-0.016033,0.792780,0.341494,9.902823
19.395000,0.052308,-0.022419,-0.015340,0.805464,0.338124,9.888281
19.400000,0.055765,-0.027558,-0.016637,0.773588,0.372242,9.856100
19.405000,0.048118,-0.022028,-0.015561,0.778282,0.306990,9.842518
19.410000,0.048097,-0.018788,-0.011915,0.758185,0.371731,9.857909
19.415000,0.054260,-0.023874,-0.015396,0.788642,0.290772,9.872118
19.420000,0.052097,-0.023257,-0.014597,0.812648,0.319284,9.858560
19.425000,0.049894,-0.021669,-0.014559,0.781763,0.368975,9.937087
19.430000,0.054685,-0.025233,-0.012986,0.768421,0.339509,9.858159
19.435000,0.050914,-0.024129,-0.018312,0.812717,0.393569,9.894999
19.440000,0.051866,-0.024385,-0.015144,0.794403,0.363826,9.935736
19.445000,0.049380,-0.028110,-0.013423,0.851385,0.355938,9.880381
19.450000,0.046478,-0.025409,-0.013230,0.741070,0.349929,9.877470
19.455000,0.045702,-0.023528,-0.015144,0.785028,0.354988,9.867393
19.460000,0.044347,-0.024960,-0.014577,0.836450,0.379894,9.853894
19.465000,0.057774,-0.024360,-0.018784,0.763497,0.393961,9.815758
19.470000,0.050750,-0.025724,-0.011624,0.760651,0.306896,9.889390
19.475000,0.046428,-0.026113,-0.015565,0.767529,0.385351,9.850737
19.480000,0.045123,-0.028540,-0.014029,0.812800,0.378787,9.830081
19.485000,0.046140,-0.020223,-0.015465,0.838924,0.362274,9.883492
19.490000,0.045510,-0.023175,-0.014364,0.790266,0.325212,9.877228
19.495000,0.046630,-0.023131,-0.018790,0.731562,0.413466,9.861179
19.500000,0.047540,-0.020727,-0.016763,0.771924,0.341736,9.909916
19.505000,0.045998,-0.021384,-0.018049,0.837026,0.397969,9.826572
19.510000,0.045513,-0.017816,-0.015372,0.812473,0.395371,9.861220
19.515000,0.044578,-0.017573,-0.020130,0.807564,0.371133,9.869507
19.520000,0.045963,-0.018118,-0.012751,0.785434,0.393255,9.908774
19.525000,0.048131,-0.018937,-0.017686,0.793517,0.399168,9.902250
19.530000,0.044231,-0.021945,-0.014939,0.779260,0.376142,9.867581
19.535000,0.043924,-0.022375,-0.015344,0.824153,0.416257,9.896817
19.540000,0.044164,-0.022801,-0.014931,0.817135,0.399635,9.841606
19.545000,0.045615,-0.020151,-0.014674,0.777865,0.384259,9.861455
19.550000,0.047650,-0.017264,-0.022588,0.778303,0.382423,9.887317
19.555000,0.046902,-0.026374,-0.015585,0.785089,0.393262,9.890071
19.560000,0.045849,-0.017506,-0.012393,0.799045,0.318561,9.853344
19.565000,0.044469,-0.018745,-0.021365,0.785565,0.381479,9.850953
19.570000,0.040934,-0.021333,-0.013778,0.833699,0.374443,9.853771
19.575000,0.044297,-0.020354,-0.016840,0.831424,0.406062,9.928490
19.580000,0.045426,-0.020937,-0.017088,0.862334,0.374295,9.889132
19.585000,0.047793,-0.019399,-0.016639,0.785012,0.393257,9.900413
19.590000,0.042791,-0.018129,-0.010929,0.798527,0.412323,9.945026
19.595000,0.040301,-0.017354,-0.014741,0.810582,0.398552,9.840501
19.600000,0.045765,-0.016282,-0.017732,0.836832,0.430927,9.839311
19.605000,0.035410,-0.021397,-0.013369,0.843249,0.391799,9.852484
19.610000,0.042921,-0.017617,-0.017173,0.844151,0.415130,9.873508
19.615000,0.036197,-0.015895,-0.015205,0.799844,0.419634,9.863021
19.620000,0.044082,-0.021395,-0.018388,0.805069,0.394170,9.901454
19.625000,0.035634,-0.021064,-0.016540,0.818392,0.461781,9.877045
19.630000,0.033842,-0.022600,-0.018206,0.814447,0.399216,9.874046
19.635000,0.041745,-0.020489,-0.019509,0.820361,0.412907,9.872767
19.640000,0.039468,-0.008520,-0.014585,0.760207,0.377820,9.851800
19.645000,0.040764,-0.020862,-0.017199,0.831860,0.419889,9.888488
19.650000,0.038671,-0.016657,-0.018179,0.830075,0.393379,9.905401
19.655000,0.043738,-0.019623,-0.016935,0.778905,0.408760,9.874130
19.660000,0.038073,-0.022459,-0.013687,0.828339,0.358190,9.837926
19.665000,0.034261,-0.023087,-0.017877,0.793323,0.379987,9.869605
19.670000,0.036438,-0.020425,-0.019680,0.819740,0.399419,9.882110
19.675000,0.036562,-0.018792,-0.012370,0.777564,0.452060,9.865804
19.680000,0.040074,-0.016623,-0.015288,0.889389,0.434480,9.802737
19.685000,0.042375,-0.021022,-0.016853,0.834756,0.438584,9.873242
19.690000,0.033327,-0.017415,-0.022932,0.875082,0.431018,9.802178
19.695000,0.035204,-0.018188,-0.016757,0.823704,0.437035,9.818510
19.700000,0.035109,-0.019258,-0.017588,0.794386,0.446277,9.893840
19.705000,0.037624,-0.020540,-0.016991,0.807056,0.385704,9.906983
19.710000,0.029494,-0.016622,-0.015999,0.800568,0.437394,9.828067
19.715000,0.034598,-0.018440,-0.018153,0.805193,0.329096,9.905668
19.720000,0.035264,-0.013318,-0.015854,0.856881,0.443133,9.844407
19.725000,0.033983,-0.022688,-0.018052,0.831387,0.426769,9.953405
19.730000,0.036155,-0.016998,-0.015272,0.853090,0.431637,9.851024
19.735000,0.036170,-0.019037,-0.016783,0.836351,0.406193,9.889181
19.740000,0.036037,-0.014760,-0.017171,0.824225,0.430406,9.862185
19.745000,0.033954,-0.013207,-0.021014,0.861116,0.406893,9.917967
19.750000,0.032485,-0.013601,-0.012891,0.813582,0.444608,9.847559
19.755000,0.040403,-0.019486,-0.022842,0.867076,0.436154,9.872435
19.760000,0.030753,-0.015866,-0.016565,0.853299,0.487226,9.905214
19.765000,0.035067,-0.016138,-0.018639,0.856879,0.455349,9.876897
19.770000,0.035526,-0.018277,-0.018946,0.803052,0.447232,9.874712
19.775000,0.033171,-0.018827,-0.019360,0.881824,0.468861,9.822121
19.780000,0.033029,-0.012547,-0.014363,0.858990,0.450065,9.865978
19.785000,0.029120,-0.018432,-0.017639,0.864919,0.439945,9.926686
19.790000,0.032358,-0.014788,-0.018435,0.778372,0.472847,9.885902
19.795000,0.025511,-0.011375,-0.020597,0.828174,0.466173,9.828404
19.800000,0.032986,-0.011343,-0.017270,0.852849,0.513775,9.875573
19.805000,0.032045,-0.007298,-0.020519,0.848389,0.493311,9.847347
19.810000,0.021006,-0.018016,-0.016913,0.870894,0.466129,9.862378
19.815000,0.032624,-0.015438,-0.015232,0.837711,0.441220,9.885372
19.820000,0.035304,-0.012741,-0.020401,0.840295,0.419803,9.853109
19.825000,0.029320,-0.016071,-0.021444,0.849176,0.458726,9.917674
19.830000,0.026764,-0.019595,-0.021976,0.894734,0.429708,9.866883
19.835000,0.027395,-0.017414,-0.016438,0.819494,0.413732,9.865206
19.840000,0.024005,-0.017773,-0.015290,0.872637,0.443092,9.912017
19.845000,0.029389,-0.021027,-0.016628,0.831071,0.432345,9.856559
19.850000,0.028475,-0.010356,-0.011479,0.859843,0.503109,9.878772
19.855000,0.028228,-0.013038,-0.020740,0.851669,0.462256,9.844284
19.860000,0.030957,-0.014793,-0.019520,0.903795,0.443411,9.848544
19.865000,0.025233,-0.008443,-0.021338,0.834702,0.461392,9.833808
19.870000,0.028906,-0.013612,-0.012637,0.841386,0.500706,9.857220
19.875000,0.023900,-0.016121,-0.021514,0.880539,0.466819,9.817481
19.880000,0.025588,-0.014625,-0.018336,0.822430,0.545525,9.892582
19.885000,0.018311,-0.010274,-0.018681,0.866689,0.433032,9.816002
19.890000,0.024740,-0.016199,-0.013244,0.857124,0.487973,9.878626
19.895000,0.026970,-0.013449,-0.022587,0.834034,0.464607,9.839025
19.900000,0.018123,-0.015109,-0.017615,0.849612,0.472234,9.891413
19.905000,0.026295,-0.016221,-0.020509,0.876738,0.471135,9.866113
19.910000,0.021585,-0.009439,-0.014438,0.828609,0.527341,9.895740
19.915000,0.026058,-0.017673,-0.015936,0.881926,0.478023,9.923575
19.920000,0.024217,-0.007813,-0.016338,0.880840,0.438170,9.877377
19.925000,0.020714,-0.016400,-0.027221,0.856081,0.411558,9.879189
19.930000,0.027394,-0.016029,-0.013762,0.883389,0.443038,9.824124
19.935000,0.024775,-0.014651,-0.015993,0.869118,0.464542,9.859508
19.940000,0.022009,-0.010106,-0.013733,0.826273,0.442316,9.876677
19.945000,0.020980,-0.017740,-0.018196,0.832637,0.449224,9.823970
19.950000,0.022643,-0.015410,-0.022426,0.844371,0.527533,9.870311
19.955000,0.020936,-0.008955,-0.014520,0.812314,0.493545,9.893860
19.960000,0.015083,-0.009911,-0.018644,0.869929,0.437739,9.828057
19.965000,0.021394,-0.021361,-0.017330,0.872156,0.453052,9.907403
19.970000,0.020187,-0.013688,-0.026674,0.869567,0.424427,9.850407
19.975000,0.019220,-0.005146,-0.019964,0.864306,0.535369,9.862905
19.980000,0.019442,-0.012689,-0.025517,0.834140,0.517149,9.876433
19.985000,0.018071,-0.012355,-0.024847,0.894783,0.481933,9.889729
19.990000,0.024200,-0.006169,-0.014403,0.867343,0.447946,9.876713
19.995000,0.023446,-0.015304,-0.019305,0.843424,0.498206,9.869598
20.000000,0.016763,-0.006684,-0.017721,0.840945,0.443990,9.856838
20.005000,0.014631,-0.009786,-0.023185,0.827359,0.501457,9.880024
20.010000,0.020576,-0.006778,-0.021148,0.868547,0.528621,9.888797
20.015000,0.016429,-0.008924,-0.012180,0.868788,0.499389,9.856948
20.020000,0.016840,-0.011488,-0.022966,0.885459,0.488279,9.853987
20.025000,0.011664,-0.013656,-0.016027,0.894878,0.425397,9.892737
20.030000,0.017948,-0.015445,-0.017372,0.864915,0.486391,9.838639
20.035000,0.020379,-0.017430,-0.023544,0.930626,0.469584,9.833189
20.040000,0.015773,-0.009958,-0.016969,0.814967,0.470513,9.836835
20.045000,0.022099,-0.006912,-0.016281,0.801739,0.467330,9.887259
20.050000,0.012340,-0.010726,-0.020501,0.862205,0.454359,9.852250
20.055000,0.012355,-0.007974,-0.016476,0.902254,0.552971,9.850554
20.060000,0.016483,-0.003848,-0.028646,0.865809,0.460183,9.867692
20.065000,0.014094,-0.009565,-0.020677,0.885086,0.492184,9.883044
20.070000,0.014678,-0.010008,-0.018314,0.880706,0.479648,9.877056
20.075000,0.016796,-0.008091,-0.022323,0.814838,0.526715,9.847451
20.080000,0.013173,-0.009948,-0.024628,0.867174,0.487680,9.921764
20.085000,0.014340,-0.009794,-0.019472,0.837289,0.487398,9.848257
20.090000,0.017774,-0.011760,-0.017281,0.939481,0.494483,9.862726
20.095000,0.011895,-0.007003,-0.019118,0.843752,0.518321,9.877249
20.100000,0.012115,-0.006493,-0.020683,0.877565,0.484524,9.862412
20.105000,0.012532,-0.007759,-0.023192,0.841816,0.487791,9.946612
20.110000,0.015895,-0.007749,-0.018618,0.841270,0.503420,9.815941
20.115000,0.009685,-0.008101,-0.021431,0.866698,0.512034,9.831651
20.120000,0.012579,-0.006237,-0.018173,0.812804,0.532456,9.844283
20.125000,0.015522,-0.003521,-0.022429,0.891079,0.519722,9.863954
20.130000,0.007563,-0.008351,-0.021759,0.842405,0.498156,9.892217
20.135000,0.013695,-0.011142,-0.022577,0.854034,0.498720,9.780074
20.140000,0.016474,-0.007838,-0.020949,0.907669,0.511542,9.817682
20.145000,0.004997,-0.000424,-0.023205,0.858301,0.496171,9.912575
20.150000,0.013087,-0.006878,-0.017284,0.884488,0.483285,9.844139
20.155000,0.013413,-0.002607,-0.015513,0.876335,0.526933,9.843939
20.160000,0.011233,-0.005729,-0.020646,0.864850,0.504725,9.876797
20.165000,0.007665,-0.005608,-0.023214,0.922761,0.502152,9.876229
20.170000,0.009616,0.000086,-0.022573,0.811845,0.483201,9.866267
20.175000,0.009297,-0.012909,-0.018145,0.838875,0.482856,9.871727
20.180000,0.010851,-0.007362,-0.021492,0.835146,0.464723,9.838835
20.185000,0.014263,-0.006608,-0.018726,0.854448,0.497479,9.818305
20.190000,0.008503,-0.007329,-0.025539,0.890604,0.493812,9.825460
20.195000,0.004710,-0.004619,-0.023394,0.796398,0.554345,9.815447
20.200000,0.008743,-0.004148,-0.017116,0.848563,0.491849,9.897060
20.205000,0.010131,-0.002384,-0.020659,0.868239,0.511056,9.905050
20.210000,0.003945,-0.008686,-0.018116,0.869197,0.488914,9.870972
20.215000,0.007612,-0.002612,-0.020293,0.873542,0.595495,9.856315
20.220000,0.000982,-0.005945,-0.021344,0.876642,0.508767,9.885393
20.225000,0.006907,-0.003462,-0.022693,0.883563,0.514222,9.850635
20.230000,0.004895,-0.000762,-0.020220,0.859501,0.484109,9.862886
20.235000,0.000962,-0.003151,-0.026206,0.841098,0.455618,9.893461
20.240000,-0.003659,-0.010832,-0.022125,0.870078,0.488830,9.891304
20.245000,0.006779,-0.002956,-0.019493,0.856972,0.504788,9.906458
20.250000,0.007738,-0.003036,-0.023220,0.901203,0.496719,9.828302
20.255000,0.005056,0.002102,-0.013713,0.863898,0.524476,9.823680
20.260000,0.007384,-0.001485,-0.026025,0.868041,0.521110,9.880204
20.265000,0.002930,-0.004182,-0.015929,0.860264,0.529805,9.881181
20.270000,0.001832,-0.005761,-0.024026,0.868693,0.549320,9.844555
20.275000,0.000811,-0.004330,-0.022946,0.853706,0.554058,9.901981
20.280000,0.000310,0.001420,-0.016343,0.825366,0.537478,9.876340
20.285000,0.004021,-0.005116,-0.025919,0.864306,0.539430,9.823123
20.290000,0.003287,-0.003035,-0.027696,0.892570,0.474020,9.793675
20.295000,0.005859,-0.003237,-0.016695,0.836023,0.483045,9.827433
20.300000,-0.003095,-0.002957,-0.023321,0.894128,0.512179,9.891313
20.305000,0.005661,-0.001391,-0.020376,0.865319,0.490968,9.837253
20.310000,0.003524,0.000343,-0.023766,0.914374,0.522210,9.824298
20.315000,0.003792,-0.004344,-0.016547,0.877159,0.513504,9.812208
20.320000,0.003815,0.001974,-0.024532,0.883043,0.523963,9.848563
20.325000,-0.001510,-0.004702,-0.021538,0.866874,0.532293,9.892398
20.330000,-0.006508,-0.003679,-0.022822,0.893398,0.499528,9.892379
20.335000,-0.002382,-0.005041,-0.021116,0.825797,0.507583,9.854839
20.340000,-0.003881,-0.003692,-0.019315,0.827229,0.594218,9.852169
20.345000,-0.001357,0.001307,-0.018961,0.840953,0.557174,9.885973
20.350000,-0.000710,-0.006725,-0.024889,0.865540,0.480821,9.842720
20.355000,-0.000438,-0.007208,-0.022347,0.872834,0.488789,9.847722
20.360000,-0.005248,0.000106,-0.022338,0.843854,0.486372,9.855307
20.365000,-0.000695,-0.005566,-0.020179,0.894556,0.510573,9.883673
20.370000,-0.002760,-0.003961,-0.025535,0.822496,0.522183,9.877895
20.375000,-0.003332,-0.004234,-0.023230,0.844915,0.470815,9.859740
20.380000,-0.003061,-0.005015,-0.019018,0.902677,0.470893,9.814611
20.385000,-0.009372,0.001817,-0.024284,0.871584,0.516650,9.827058
20.390000,-0.002918,0.000719,-0.020124,0.873758,0.541390,9.875948
20.395000,-0.004821,-0.001011,-0.022619,0.861958,0.466178,9.868137
20.400000,-0.009242,0.000053,-0.025218,0.852858,0.470074,9.873477
20.405000,-0.006619,-0.001054,-0.024242,0.791534,0.510141,9.864037
20.410000,-0.008208,-0.001789,-0.024228,0.870157,0.553738,9.886107
20.415000,-0.009009,-0.002664,-0.027300,0.800016,0.515696,9.858017
20.420000,-0.000972,0.002664,-0.021037,0.886956,0.535203,9.827717
20.425000,-0.004020,-0.001484,-0.029372,0.867805,0.500175,9.850704
20.430000,-0.003798,0.001672,-0.021880,0.830854,0.539817,9.857825
20.435000,-0.017169,-0.004733,-0.021987,0.887704,0.503225,9.858392
20.440000,-0.003342,0.000846,-0.025004,0.917451,0.535666,9.873723
20.445000,-0.006397,0.000057,-0.021766,0.842821,0.415158,9.875085
20.450000,-0.007641,0.000370,-0.021481,0.850635,0.494532,9.882558
20.455000,-0.011138,-0.006405,-0.025058,0.844204,0.449665,9.835599
20.460000,-0.007698,-0.002333,-0.026702,0.885261,0.535010,9.888084
20.465000,-0.012314,0.003471,-0.026896,0.868353,0.469018,9.897021
20.470000,-0.000525,-0.000384,-0.022050,0.836044,0.474857,9.812333
20.475000,-0.008394,0.003633,-0.022143,0.894896,0.507307,9.838107
20.480000,-0.011907,-0.001865,-0.025417,0.827938,0.493655,9.868996
20.485000,-0.006490,-0.005461,-0.028530,0.843335,0.522182,9.842946
20.490000,-0.013826,0.004042,-0.021491,0.904410,0.529810,9.867689
20.495000,-0.006782,0.004088,-0.022433,0.863956,0.506397,9.900035
20.500000,-0.012662,0.004674,-0.028144,0.847728,0.519634,9.852727
20.505000,-0.010616,-0.001919,-0.029733,0.872475,0.506160,9.829114
20.510000,-0.006076,0.003823,-0.023940,0.862967,0.459725,9.821521
20.515000,-0.008223,-0.001536,-0.020010,0.925914,0.470541,9.890878
20.520000,-0.012324,0.003105,-0.029279,0.849972,0.502610,9.873396
20.525000,-0.016112,-0.000723,-0.022788,0.852324,0.459646,9.844266
20.530000,-0.014500,0.003356,-0.023432,0.877233,0.499449,9.907455
20.535000,-0.011383,0.000788,-0.017777,0.865500,0.515329,9.795141
20.540000,-0.012284,0.003853,-0.029555,0.863275,0.500951,9.871493
20.545000,-0.020037,0.003074,-0.022149,0.894087,0.463006,9.866173
20.550000,-0.010752,0.005453,-0.020195,0.869252,0.502066,9.833654
20.555000,-0.012687,0.000701,-0.022015,0.861180,0.482212,9.869622
20.560000,-0.015270,0.003894,-0.019998,0.854441,0.517310,9.853191
20.565000,-0.016570,0.002433,-0.018936,0.824447,0.469968,9.925838
20.570000,-0.019210,0.004714,-0.024396,0.886398,0.447451,9.913687
20.575000,-0.016384,-0.004713,-0.025131,0.861535,0.474721,9.906688
20.580000,-0.015132,0.003269,-0.030649,0.849817,0.485626,9.857579
20.585000,-0.018125,0.000694,-0.023695,0.911780,0.480650,9.872033
20.590000,-0.014187,0.003199,-0.024268,0.833628,0.453835,9.879680
20.595000,-0.016718,0.003810,-0.029871,0.858546,0.519337,9.890539
20.600000,-0.018808,0.005695,-0.023464,0.881569,0.449995,9.830433
20.605000,-0.015017,0.006878,-0.023537,0.805065,0.508725,9.908168
20.610000,-0.013084,0.000225,-0.026874,0.817069,0.490239,9.863447
20.615000,-0.016546,0.005749,-0.023560,0.866230,0.517220,9.875804
20.620000,-0.013558,0.003648,-0.023374,0.849040,0.494760,9.893189
20.625000,-0.015691,0.006071,-0.026490,0.868299,0.517829,9.824675
20.630000,-0.015845,0.004652,-0.021297,0.871486,0.482273,9.883281
20.635000,-0.018055,0.004195,-0.022050,0.881178,0.453889,9.930872
20.640000,-0.016544,-0.000118,-0.028154,0.847063,0.469320,9.909170
20.645000,-0.019194,0.010909,-0.024523,0.917177,0.458434,9.883206
20.650000,-0.026721,0.001527,-0.027073,0.864991,0.484643,9.868328
20.655000,-0.015905,0.004622,-0.025590,0.909123,0.458448,9.870229
20.660000,-0.022242,0.003907,-0.028647,0.871014,0.412090,9.818011
20.665000,-0.020119,0.009296,-0.026332,0.843895,0.487492,9.826322
20.670000,-0.016372,0.006782,-0.029303,0.833310,0.466636,9.935320
20.675000,-0.022579,0.006397,-0.027831,0.820399,0.444196,9.854635
20.680000,-0.024414,0.005854,-0.022448,0.875614,0.476478,9.951332
20.685000,-0.017278,0.009119,-0.024100,0.817315,0.466038,9.779938
20.690000,-0.016261,0.009052,-0.027443,0.901241,0.461922,9.838799
20.695000,-0.020885,0.005286,-0.028386,0.890530,0.529500,9.809949
20.700000,-0.021046,0.010219,-0.026239,0.838622,0.453037,9.809342
20.705000,-0.026961,0.011127,-0.027754,0.892491,0.397926,9.880775
20.710000,-0.023283,0.006305,-0.024976,0.856522,0.467207,9.859707
20.715000,-0.023934,0.006484,-0.024460,0.814915,0.424048,9.857191
20.720000,-0.021063,0.011088,-0.018216,0.855384,0.426085,9.809724
20.725000,-0.022781,0.008081,-0.030145,0.833064,0.426209,9.867761
20.730000,-0.026274,0.010036,-0.028395,0.846585,0.438461,9.897268
20.735000,-0.025693,0.009849,-0.023613,0.840321,0.461968,9.874584
20.740000,-0.020180,0.005464,-0.026617,0.852873,0.428315,9.867157
20.745000,-0.027360,0.009152,-0.027311,0.895532,0.446982,9.869102
20.750000,-0.023790,0.003687,-0.028025,0.830857,0.455059,9.869947
20.755000,-0.023519,0.004955,-0.028509,0.838825,0.474822,9.869397
20.760000,-0.023823,0.007097,-0.025667,0.797690,0.461896,9.848080
20.765000,-0.024283,0.010225,-0.024680,0.839547,0.456470,9.875896
20.770000,-0.022541,0.006569,-0.029470,0.863401,0.369778,9.902405
20.775000,-0.030145,0.004384,-0.022141,0.869122,0.426860,9.884514
20.780000,-0.023589,0.009767,-0.021435,0.840728,0.402058,9.895184
20.785000,-0.031436,0.013111,-0.028542,0.865183,0.449491,9.858508
20.790000,-0.026142,0.014211,-0.028421,0.839032,0.414113,9.833201
20.795000,-0.025945,0.007541,-0.027936,0.864970,0.367425,9.872851
20.800000,-0.026134,0.004936,-0.026350,0.814301,0.396627,9.847096
20.805000,-0.022326,0.013414,-0.025118,0.857454,0.440435,9.869325
20.810000,-0.023502,0.009902,-0.023855,0.852079,0.408638,9.898758
20.815000,-0.028990,0.001781,-0.027213,0.862454,0.411627,9.911245
20.820000,-0.024444,0.012780,-0.031628,0.897403,0.440812,9.817421
20.825000,-0.027976,0.014311,-0.023983,0.861421,0.418683,9.805025
20.830000,-0.024512,0.007124,-0.029657,0.815307,0.443247,9.849903
20.835000,-0.028978,0.007847,-0.025262,0.823775,0.463837,9.837124
20.840000,-0.031453,0.007250,-0.028505,0.872984,0.407720,9.877346
20.845000,-0.028370,0.011461,-0.025489,0.811414,0.440494,9.895979
20.850000,-0.027277,0.007061,-0.021591,0.831148,0.398717,9.862293
20.855000,-0.029354,0.009655,-0.025453,0.844325,0.475206,9.854995
20.860000,-0.033310,0.011121,-0.029843,0.757562,0.456576,9.801500
20.865000,-0.031495,0.011132,-0.027805,0.818844,0.443182,9.826047
20.870000,-0.030827,0.008051,-0.023605,0.830989,0.453684,9.866734
20.875000,-0.026079,0.013075,-0.028855,0.806372,0.400396,9.927953
20.880000,-0.030521,0.008301,-0.029772,0.832522,0.461891,9.853209
20.885000,-0.030723,0.009259,-0.021402,0.817399,0.426419,9.852258
20.890000,-0.035528,0.010507,-0.030506,0.895147,0.414685,9.843514
20.895000,-0.032468,0.009711,-0.023295,0.799766,0.460094,9.802013
20.900000,-0.035547,0.017772,-0.024301,0.849536,0.428622,9.847970
20.905000,-0.029730,0.011197,-0.024173,0.870672,0.475111,9.849211
20.910000,-0.032310,0.012900,-0.025709,0.808603,0.383419,9.877227
20.915000,-0.035825,0.008967,-0.026857,0.896200,0.436748,9.853512
20.920000,-0.026777,0.013956,-0.028191,0.853222,0.363647,9.875218
20.925000,-0.032052,0.011897,-0.027182,0.874040,0.382058,9.903753
20.930000,-0.034517,0.013358,-0.027505,0.845035,0.407069,9.859415
20.935000,-0.035838,0.010310,-0.025326,0.833235,0.419609,9.844374
20.940000,-0.029602,0.010128,-0.030952,0.855599,0.417848,9.862163
20.945000,-0.032018,0.007245,-0.027485,0.816422,0.355078,9.903595
20.950000,-0.035828,0.008117,-0.027903,0.849132,0.413522,9.875345
20.955000,-0.038930,0.007673,-0.023373,0.813184,0.380143,9.867799
20.960000,-0.034045,0.009444,-0.028061,0.822378,0.454465,9.861859
20.965000,-0.041063,0.012527,-0.021082,0.861282,0.394543,9.837585
20.970000,-0.036937,0.011336,-0.031746,0.785582,0.430039,9.809839
20.975000,-0.037310,0.010302,-0.025934,0.862298,0.370473,9.901164
20.980000,-0.036827,0.007972,-0.027249,0.840850,0.380140,9.871248
20.985000,-0.034618,0.008021,-0.024537,0.824681,0.377140,9.837868
20.990000,-0.038826,0.012083,-0.025651,0.836558,0.360379,9.831785
20.995000,-0.037307,0.008576,-0.030787,0.844284,0.355449,9.889512
21.000000,-0.039067,0.012506,-0.033690,0.808848,0.398171,9.897399
21.005000,-0.041814,0.018064,-0.027363,0.814933,0.382207,9.852772
21.010000,-0.041466,0.015268,-0.028930,0.814137,0.344424,9.913060
21.015000,-0.042586,0.010648,-0.032612,0.805058,0.357355,9.843513
21.020000,-0.039305,0.018685,-0.028732,0.827183,0.339167,9.869442
21.025000,-0.031275,0.017872,-0.027133,0.807578,0.384051,9.875950
21.030000,-0.034724,0.013944,-0.030043,0.787284,0.348273,9.852881
21.035000,-0.043340,0.016078,-0.028579,0.755760,0.348101,9.856940
21.040000,-0.039342,0.013242,-0.029256,0.779035,0.396129,9.878566
21.045000,-0.040246,0.013424,-0.028188,0.773215,0.380418,9.858251
21.050000,-0.038874,0.015136,-0.022251,0.805549,0.408807,9.846220
21.055000,-0.034945,0.013882,-0.023072,0.812609,0.360955,9.912473
21.060000,-0.044829,0.012700,-0.030870,0.807512,0.349390,9.872328
21.065000,-0.038060,0.009930,-0.027452,0.786712,0.322481,9.864492
21.070000,-0.040026,0.014391,-0.030868,0.772183,0.364629,9.853283
21.075000,-0.038104,0.012597,-0.025021,0.808811,0.336726,9.864127
21.080000,-0.041612,0.020866,-0.027445,0.760306,0.295170,9.855405
21.085000,-0.040212,0.016548,-0.024141,0.813769,0.341478,9.885635
21.090000,-0.036944,0.013185,-0.022659,0.734990,0.270559,9.915606
21.095000,-0.041881,0.017289,-0.029605,0.827996,0.335556,9.898075
21.100000,-0.046520,0.018196,-0.025485,0.825880,0.335671,9.909221
21.105000,-0.040672,0.015961,-0.026771,0.754300,0.352885,9.866624
21.110000,-0.046523,0.016868,-0.028910,0.792015,0.309531,9.851289
21.115000,-0.046484,0.016638,-0.031910,0.860311,0.341259,9.865938
21.120000,-0.043620,0.012134,-0.030508,0.850984,0.319870,9.801773
21.125000,-0.045208,0.018072,-0.028419,0.822829,0.291832,9.839121
21.130000,-0.042147,0.017439,-0.023505,0.799238,0.349827,9.864346
21.135000,-0.045369,0.019045,-0.026665,0.814718,0.344571,9.866749
21.140000,-0.044960,0.013992,-0.029177,0.800650,0.299752,9.862773
21.145000,-0.038436,0.018822,-0.021093,0.743422,0.302541,9.900198
21.150000,-0.044789,0.012460,-0.028707,0.806967,0.279671,9.877941
21.155000,-0.042529,0.017493,-0.029545,0.820951,0.322201,9.825376
21.160000,-0.050033,0.015052,-0.028171,0.824521,0.321795,9.893084
21.165000,-0.045426,0.016352,-0.024639,0.810354,0.269459,9.917958
21.170000,-0.045523,0.019227,-0.028691,0.794984,0.298168,9.845147
21.175000,-0.042747,0.013467,-0.031609,0.789177,0.305203,9.837302
21.180000,-0.048364,0.015877,-0.027669,0.804322,0.304379,9.904535
21.185000,-0.045280,0.019016,-0.029448,0.808711,0.297497,9.911297
21.190000,-0.041910,0.015060,-0.030058,0.835593,0.305046,9.879191
21.195000,-0.047856,0.016506,-0.024293,0.786346,0.292923,9.883349
21.200000,-0.052977,0.017235,-0.025420,0.798456,0.296463,9.918832
21.205000,-0.049108,0.011734,-0.031280,0.793112,0.308251,9.885749
21.210000,-0.046896,0.016771,-0.034905,0.789249,0.251458,9.857620
21.215000,-0.046467,0.016978,-0.030656,0.710015,0.321804,9.892407
21.220000,-0.049225,0.018567,-0.029982,0.754449,0.296870,9.842648
21.225000,-0.045242,0.021599,-0.036243,0.800380,0.226562,9.870590
21.230000,-0.050277,0.017422,-0.030730,0.798916,0.290846,9.909744
21.235000,-0.046736,0.018047,-0.031324,0.796475,0.280151,9.851701
21.240000,-0.051130,0.013081,-0.025721,0.805179,0.307579,9.853427
21.245000,-0.051669,0.015049,-0.032575,0.770055,0.252565,9.916016
21.250000,-0.043852,0.020288,-0.032085,0.787543,0.301939,9.857921
21.255000,-0.049786,0.025298,-0.031066,0.766014,0.295548,9.849213
21.260000,-0.043557,0.020029,-0.030150,0.779710,0.255668,9.877585
21.265000,-0.045203,0.019039,-0.031651,0.801439,0.240536,9.868139
21.270000,-0.046694,0.017593,-0.031934,0.823401,0.298112,9.888295
21.275000,-0.049718,0.019883,-0.026723,0.774855,0.233749,9.901457
21.280000,-0.049086,0.016547,-0.026655,0.762977,0.264581,9.859294
21.285000,-0.052549,0.017251,-0.024575,0.757882,0.331080,9.872023
21.290000,-0.049107,0.016578,-0.031386,0.776070,0.237362,9.844975
21.295000,-0.048391,0.015680,-0.029158,0.805798,0.221388,9.873787
21.300000,-0.053879,0.023040,-0.029580,0.750803,0.249490,9.882998
21.305000,-0.048711,0.023658,-0.025527,0.777223,0.308973,9.866049
21.310000,-0.052801,0.014956,-0.024748,0.725932,0.224462,9.917154
21.315000,-0.053883,0.024656,-0.031485,0.761191,0.226860,9.897905
21.320000,-0.051039,0.014695,-0.030462,0.782789,0.281551,9.878496
21.325000,-0.049779,0.017724,-0.032422,0.712339,0.268709,9.843168
21.330000,-0.053115,0.020135,-0.026558,0.790467,0.302483,9.902419
21.335000,-0.053929,0.020092,-0.031853,0.790363,0.246868,9.840721
21.340000,-0.048323,0.018377,-0.028521,0.777600,0.243392,9.896671
21.345000,-0.052780,0.024477,-0.030175,0.770073,0.236893,9.863508
21.350000,-0.055874,0.022070,-0.030912,0.734772,0.229685,9.835096
21.355000,-0.060569,0.017798,-0.035806,0.721581,0.270984,9.889235
21.360000,-0.057993,0.018368,-0.034168,0.771541,0.283736,9.844201
21.365000,-0.052565,0.024579,-0.027589,0.766167,0.221272,9.903443
21.370000,-0.051714,0.014134,-0.034211,0.776764,0.229606,9.885657
21.375000,-0.050090,0.020539,-0.026034,0.760429,0.279536,9.850408
21.380000,-0.051397,0.021795,-0.031641,0.713654,0.329098,9.869015
21.385000,-0.053797,0.021606,-0.026420,0.750821,0.240677,9.866544
21.390000,-0.055802,0.016912,-0.031484,0.744352,0.251664,9.873945
21.395000,-0.054247,0.027800,-0.034074,0.778041,0.178628,9.863871
21.400000,-0.051530,0.028564,-0.031060,0.751517,0.197030,9.804353
21.405000,-0.049322,0.023061,-0.025307,0.744875,0.211330,9.861111
21.410000,-0.055150,0.019822,-0.036258,0.737142,0.166177,9.835675
21.415000,-0.058384,0.020065,-0.025361,0.717095,0.222901,9.870254
21.420000,-0.055075,0.024431,-0.032708,0.759653,0.235581,9.873340
21.425000,-0.053602,0.023263,-0.030636,0.767187,0.121754,9.854464
21.430000,-0.058000,0.018496,-0.032687,0.734118,0.185690,9.879208
21.435000,-0.054959,0.022339,-0.031613,0.794866,0.235079,9.888348
21.440000,-0.058243,0.021599,-0.026796,0.809690,0.228243,9.877458
21.445000,-0.057516,0.023655,-0.033295,0.736227,0.171047,9.889297
21.450000,-0.058215,0.023838,-0.028994,0.721400,0.210600,9.885269
21.455000,-0.056909,0.015516,-0.028882,0.779604,0.200554,9.873899
21.460000,-0.056996,0.026073,-0.029844,0.725458,0.201198,9.843736
21.465000,-0.055863,0.023584,-0.031013,0.752387,0.221782,9.858088
21.470000,-0.059137,0.025147,-0.022536,0.741043,0.192533,9.933908
21.475000,-0.060266,0.018054,-0.030262,0.722261,0.131158,9.814360
21.480000,-0.059205,0.024821,-0.034596,0.738924,0.188762,9.842870
21.485000,-0.060703,0.025968,-0.031602,0.698327,0.167304,9.873781
21.490000,-0.056962,0.021373,-0.028875,0.701653,0.222932,9.861368
21.495000,-0.065670,0.022494,-0.032687,0.747554,0.152993,9.861378
21.500000,-0.059253,0.026027,-0.030590,0.711140,0.178922,9.848162
21.505000,-0.062623,0.020282,-0.027682,0.710618,0.128321,9.906475
21.510000,-0.057242,0.022464,-0.028459,0.740342,0.171505,9.860021
21.515000,-0.056173,0.024231,-0.033401,0.722357,0.136067,9.901887
21.520000,-0.060072,0.023217,-0.032057,0.761884,0.140205,9.881962
21.525000,-0.062472,0.024361,-0.029843,0.743529,0.170821,9.820409
21.530000,-0.061487,0.022195,-0.029549,0.732265,0.154416,9.824199
21.535000,-0.059013,0.023402,-0.031452,0.740495,0.111720,9.853645
21.540000,-0.066363,0.030568,-0.032620,0.730401,0.121032,9.837516
21.545000,-0.059553,0.021518,-0.034636,0.688397,0.113166,9.838122
21.550000,-0.059803,0.021261,-0.029503,0.700786,0.160599,9.951430
21.555000,-0.062199,0.026182,-0.033412,0.750382,0.074870,9.857755
21.560000,-0.062203,0.027345,-0.027889,0.727481,0.078976,9.865118
21.565000,-0.065684,0.020871,-0.028287,0.676409,0.098867,9.876175
21.570000,-0.058194,0.028053,-0.028418,0.713868,0.126473,9.964221
21.575000,-0.055756,0.030621,-0.032499,0.737153,0.208518,9.885934
21.580000,-0.060637,0.026004,-0.030778,0.667675,0.071404,9.927547
21.585000,-0.061829,0.019895,-0.031947,0.705729,0.129478,9.867550
21.590000,-0.058731,0.023635,-0.032111,0.718227,0.096890,9.874686
21.595000,-0.063324,0.016999,-0.033927,0.732140,0.040277,9.856451
21.600000,-0.055971,0.027093,-0.030575,0.710250,0.079486,9.878059
21.605000,-0.061795,0.026354,-0.028787,0.687853,0.125314,9.901010
21.610000,-0.067271,0.029434,-0.023890,0.717266,0.112700,9.863256
21.615000,-0.059153,0.027252,-0.034628,0.683518,0.104238,9.905637
21.620000,-0.062643,0.030357,-0.026244,0.711680,0.099368,9.858175
21.625000,-0.061980,0.021838,-0.033502,0.715984,0.123218,9.853308
21.630000,-0.064746,0.022840,-0.032604,0.729152,0.073924,9.891738
21.635000,-0.065361,0.020518,-0.027746,0.663595,0.074371,9.891413
21.640000,-0.065634,0.028749,-0.029365,0.683193,0.083670,9.862038
21.645000,-0.062587,0.023699,-0.024048,0.773353,0.146658,9.839349
21.650000,-0.063497,0.026912,-0.027717,0.699942,0.138332,9.878716
21.655000,-0.062052,0.028376,-0.030104,0.647518,0.101992,9.871339
21.660000,-0.067296,0.030288,-0.030517,0.766971,0.080757,9.883271
21.665000,-0.064159,0.031937,-0.035662,0.664373,-0.000933,9.880706
21.670000,-0.067451,0.026283,-0.029307,0.667216,0.062399,9.862778
21.675000,-0.064017,0.025272,-0.025356,0.670650,0.061953,9.889915
21.680000,-0.065887,0.026692,-0.026983,0.660197,0.046993,9.962730
21.685000,-0.063237,0.024550,-0.029099,0.641766,0.023933,9.895262
21.690000,-0.066401,0.030085,-0.030908,0.705491,0.087383,9.879779
21.695000,-0.064621,0.025955,-0.028695,0.684052,0.058287,9.889357
21.700000,-0.060965,0.028708,-0.025730,0.632463,0.111166,9.854225
21.705000,-0.067153,0.025901,-0.033522,0.663461,0.015388,9.840309
21.710000,-0.065410,0.026654,-0.030803,0.682973,0.078629,9.854028
21.715000,-0.069313,0.020542,-0.033223,0.668640,0.098198,9.876198
21.720000,-0.064342,0.032043,-0.027954,0.689429,0.089506,9.887135
21.725000,-0.059371,0.028251,-0.034138,0.699235,0.010918,9.865013
21.730000,-0.067049,0.029669,-0.025507,0.658727,0.062578,9.885111
21.735000,-0.062039,0.026518,-0.029397,0.721203,0.016372,9.847725
21.740000,-0.070378,0.026898,-0.036005,0.657105,0.046615,9.876792
21.745000,-0.063493,0.023836,-0.028945,0.621592,-0.004792,9.917369
21.750000,-0.065140,0.023896,-0.035230,0.666618,0.036101,9.941560
21.755000,-0.067500,0.021604,-0.031222,0.660253,-0.008135,9.857632
21.760000,-0.066969,0.030948,-0.031178,0.675185,0.025241,9.852438
21.765000,-0.066314,0.026426,-0.022742,0.712204,0.030586,9.877279
21.770000,-0.060950,0.030681,-0.026721,0.682238,0.030815,9.896422
21.775000,-0.069673,0.025987,-0.032212,0.715043,-0.026079,9.907016
21.780000,-0.065990,0.027654,-0.027572,0.698127,0.013751,9.853569
21.785000,-0.067507,0.029708,-0.033719,0.646114,-0.019513,9.907151
21.790000,-0.069441,0.028979,-0.035417,0.648930,0.086513,9.852236
21.795000,-0.062424,0.029475,-0.027149,0.697133,-0.011860,9.867364
21.800000,-0.065881,0.033197,-0.033692,0.678627,-0.006082,9.926273
21.805000,-0.067652,0.032942,-0.031602,0.626159,0.014444,9.880554
21.810000,-0.071255,0.028855,-0.036271,0.717787,-0.060752,9.858796
21.815000,-0.064967,0.028937,-0.030059,0.613325,0.039213,9.916975
21.820000,-0.062874,0.030850,-0.034455,0.631888,-0.032866,9.902116
21.825000,-0.069584,0.028125,-0.028812,0.619274,-0.026985,9.873643
21.830000,-0.070401,0.026987,-0.031926,0.654169,-0.026191,9.882097
21.835000,-0.068892,0.030501,-0.033490,0.633156,0.008605,9.906478
21.840000,-0.069717,0.025430,-0.029411,0.650762,-0.094994,9.880325
21.845000,-0.066304,0.036361,-0.031788,0.646275,-0.047421,9.903525
21.850000,-0.067273,0.026205,-0.032664,0.629452,0.007808,9.908459
21.855000,-0.070170,0.031728,-0.028236,0.623335,-0.049762,9.912795
21.860000,-0.066819,0.029450,-0.031063,0.633571,-0.055967,9.912474
21.865000,-0.072381,0.035098,-0.030774,0.649666,-0.056282,9.880696
21.870000,-0.073375,0.027975,-0.030341,0.677069,-0.047467,9.866457
21.875000,-0.070311,0.032208,-0.033075,0.663125,-0.028165,9.882957
21.880000,-0.066899,0.028879,-0.038973,0.619950,-0.039355,9.863817
21.885000,-0.073655,0.031864,-0.035472,0.646344,-0.033542,9.901635
21.890000,-0.070766,0.030079,-0.034186,0.614539,-0.065969,9.893799
21.895000,-0.073186,0.033406,-0.026601,0.619345,-0.024228,9.883347
21.900000,-0.068194,0.035463,-0.033576,0.611622,-0.025444,9.853516
21.905000,-0.070573,0.028263,-0.039106,0.624978,-0.039324,9.901115
21.910000,-0.071699,0.032423,-0.031565,0.583348,-0.116891,9.930296
21.915000,-0.073583,0.033185,-0.030341,0.551391,-0.060440,9.896814
21.920000,-0.070590,0.034621,-0.034851,0.652629,-0.060007,9.889089
21.925000,-0.070111,0.034905,-0.036946,0.627331,-0.115377,9.889950
21.930000,-0.069867,0.033933,-0.031479,0.592384,-0.090312,9.910265
21.935000,-0.069527,0.031404,-0.036634,0.594466,-0.069853,9.857774
21.940000,-0.069906,0.034439,-0.029875,0.629676,-0.072242,9.848955
21.945000,-0.073546,0.025800,-0.033988,0.647691,-0.127770,9.898773
21.950000,-0.071948,0.037620,-0.032628,0.580689,-0.046027,9.893907
21.955000,-0.068714,0.031698,-0.034667,0.649305,-0.127217,9.919913
21.960000,-0.070240,0.037594,-0.032344,0.594449,-0.116890,9.867000
21.965000,-0.070963,0.032476,-0.035594,0.595215,-0.101107,9.847114
21.970000,-0.075573,0.033509,-0.033887,0.612898,-0.123291,9.889810
21.975000,-0.078974,0.030698,-0.029145,0.643895,-0.106552,9.872596
21.980000,-0.072218,0.034537,-0.037036,0.608208,-0.061618,9.833449
21.985000,-0.073079,0.032115,-0.033002,0.624839,-0.147699,9.899829
21.990000,-0.072115,0.031939,-0.034897,0.605870,-0.119102,9.902923
21.995000,-0.072901,0.028758,-0.038862,0.683784,-0.110114,9.887040
22.000000,-0.074973,0.033817,-0.033215,0.616786,-0.093433,9.899567
22.005000,-0.072192,0.029590,-0.036628,0.633084,-0.158615,9.814224
22.010000,-0.067755,0.033560,-0.031097,0.624402,-0.094731,9.927016
22.015000,-0.078119,0.039518,-0.033834,0.586335,-0.083933,9.899028
22.020000,-0.070766,0.037934,-0.033638,0.612598,-0.116224,9.932879
22.025000,-0.069904,0.033905,-0.030555,0.599913,-0.146064,9.911218
22.030000,-0.076059,0.033085,-0.034040,0.577616,-0.141878,9.920503
22.035000,-0.072148,0.031914,-0.027522,0.565549,-0.128598,9.947349
22.040000,-0.067556,0.036156,-0.031173,0.598839,-0.178332,9.920483
22.045000,-0.076209,0.030835,-0.028593,0.579975,-0.162041,9.857659
22.050000,-0.072867,0.036448,-0.029210,0.619857,-0.158010,9.890601
22.055000,-0.080316,0.035460,-0.029031,0.549198,-0.152336,9.914986
22.060000,-0.069256,0.028474,-0.027388,0.589779,-0.161458,9.911861
22.065000,-0.071721,0.038413,-0.034017,0.572268,-0.206275,9.871838
22.070000,-0.074008,0.037495,-0.027691,0.591374,-0.157246,9.903224
22.075000,-0.072407,0.029025,-0.033902,0.611063,-0.187475,9.892913
22.080000,-0.071706,0.034297,-0.036574,0.586898,-0.174146,9.913371
22.085000,-0.076591,0.031103,-0.033130,0.591950,-0.171850,9.878804
22.090000,-0.068157,0.033310,-0.031373,0.555591,-0.216171,9.808532
22.095000,-0.073682,0.035897,-0.036362,0.576224,-0.190592,9.912773
22.100000,-0.070327,0.031537,-0.033596,0.609825,-0.180105,9.866399
22.105000,-0.078507,0.032679,-0.036521,0.610032,-0.142853,9.897497
22.110000,-0.079722,0.030488,-0.036376,0.582970,-0.177796,9.884560
22.115000,-0.073397,0.034090,-0.031399,0.572932,-0.172638,9.931292
22.120000,-0.068528,0.037805,-0.031659,0.543013,-0.164505,9.898427
22.125000,-0.073876,0.033568,-0.032036,0.560956,-0.259815,9.883717
22.130000,-0.078057,0.038137,-0.035573,0.564988,-0.205239,9.860512
22.135000,-0.079676,0.036988,-0.032091,0.559393,-0.193603,9.844852
22.140000,-0.068554,0.035577,-0.030407,0.529109,-0.229280,9.894955
22.145000,-0.076541,0.037071,-0.029182,0.484523,-0.203879,9.851263
22.150000,-0.071175,0.033690,-0.032394,0.590333,-0.155218,9.860427
22.155000,-0.071793,0.032522,-0.032668,0.529461,-0.219744,9.832694
22.160000,-0.076117,0.036507,-0.031971,0.526414,-0.187659,9.866712
22.165000,-0.077476,0.035107,-0.036498,0.579608,-0.208166,9.810702
22.170000,-0.076263,0.030399,-0.032307,0.506810,-0.214970,9.911967
22.175000,-0.079611,0.026372,-0.029731,0.484565,-0.268760,9.877922
22.180000,-0.077109,0.038566,-0.026622,0.585458,-0.174636,9.905552
22.185000,-0.076184,0.033109,-0.031044,0.558068,-0.213276,9.834383
22.190000,-0.075179,0.037900,-0.028640,0.498977,-0.265042,9.873037
22.195000,-0.078753,0.036896,-0.032800,0.566124,-0.242485,9.897570
22.200000,-0.080514,0.036355,-0.030192,0.553048,-0.261298,9.792898
22.205000,-0.072582,0.036262,-0.029888,0.583281,-0.242656,9.891624
22.210000,-0.078255,0.032850,-0.034257,0.555857,-0.275833,9.911320
22.215000,-0.073207,0.036193,-0.032528,0.547840,-0.250292,9.893089
22.220000,-0.073731,0.034704,-0.030868,0.519508,-0.256743,9.861830
22.225000,-0.073083,0.030811,-0.034650,0.551769,-0.243854,9.905804
22.230000,-0.076714,0.033651,-0.033700,0.571008,-0.252370,9.940235
22.235000,-0.073109,0.039527,-0.031123,0.564028,-0.301991,9.850950
22.240000,-0.077952,0.034287,-0.030582,0.526841,-0.266042,9.852026
22.245000,-0.079212,0.038687,-0.030084,0.507974,-0.244784,9.892720
22.250000,-0.075335,0.038123,-0.032828,0.570540,-0.310823,9.923140
22.255000,-0.076891,0.040136,-0.037564,0.506346,-0.273362,9.873038
22.260000,-0.080755,0.036802,-0.033190,0.576806,-0.323251,9.873314
22.265000,-0.075701,0.036671,-0.030657,0.504862,-0.296933,9.859252
22.270000,-0.074833,0.041650,-0.033010,0.513034,-0.269142,9.857890
22.275000,-0.069996,0.040263,-0.028413,0.532930,-0.245040,9.903213
22.280000,-0.072164,0.036930,-0.037519,0.538184,-0.294436,9.891646
22.285000,-0.073071,0.036580,-0.028110,0.509384,-0.320008,9.872890
22.290000,-0.077971,0.037372,-0.026016,0.516159,-0.288740,9.906075
22.295000,-0.073006,0.036409,-0.025898,0.534605,-0.352572,9.905336
22.300000,-0.074755,0.039317,-0.030032,0.492819,-0.283868,9.913101
22.305000,-0.076177,0.036969,-0.034527,0.485574,-0.285670,9.887388
22.310000,-0.074631,0.034935,-0.029179,0.505157,-0.290414,9.821037
22.315000,-0.080076,0.040451,-0.031141,0.492166,-0.347941,9.949407
22.320000,-0.077622,0.038567,-0.035696,0.464977,-0.370771,9.889174
22.325000,-0.071482,0.036048,-0.030735,0.529550,-0.291849,9.895637
22.330000,-0.079296,0.034950,-0.036525,0.454504,-0.330232,9.895091
22.335000,-0.072265,0.032153,-0.022623,0.490504,-0.320853,9.913643
22.340000,-0.075422,0.033678,-0.033391,0.469995,-0.320890,9.879386
22.345000,-0.071913,0.033001,-0.031728,0.449447,-0.388558,9.928645
22.350000,-0.072119,0.037725,-0.034811,0.466823,-0.367735,9.846527
22.355000,-0.081854,0.034690,-0.028423,0.494053,-0.361818,9.914661
22.360000,-0.073952,0.034463,-0.034487,0.460428,-0.364960,9.886336
22.365000,-0.072033,0.042768,-0.031820,0.458443,-0.370894,9.890617
22.370000,-0.076858,0.038094,-0.034152,0.539341,-0.315092,9.876035
22.375000,-0.080203,0.038420,-0.031818,0.470634,-0.370042,9.914163
22.380000,-0.080849,0.039123,-0.031440,0.470315,-0.319936,9.856996
22.385000,-0.075202,0.036819,-0.036801,0.526367,-0.338226,9.899425
22.390000,-0.076806,0.037664,-0.035329,0.448072,-0.387929,9.857547
22.395000,-0.073064,0.040306,-0.034330,0.468797,-0.393556,9.891520
22.400000,-0.075478,0.039243,-0.036248,0.464289,-0.362492,9.851010
22.405000,-0.076899,0.041766,-0.033733,0.434409,-0.312684,9.871671
22.410000,-0.075377,0.035034,-0.038466,0.475245,-0.348004,9.905618
22.415000,-0.076198,0.042256,-0.027566,0.466370,-0.372262,9.877094
22.420000,-0.073377,0.036933,-0.029892,0.477226,-0.395503,9.830818
22.425000,-0.070736,0.040789,-0.038822,0.488475,-0.463449,9.867711
22.430000,-0.076020,0.042168,-0.027429,0.423156,-0.359496,9.877622
22.435000,-0.074689,0.043498,-0.030381,0.483692,-0.419184,9.850194
22.440000,-0.076417,0.041415,-0.028333,0.435098,-0.358566,9.879548
22.445000,-0.074659,0.037157,-0.032407,0.440324,-0.375005,9.865974
22.450000,-0.076702,0.040155,-0.029097,0.434577,-0.368121,9.914808
22.455000,-0.071919,0.039545,-0.033362,0.463331,-0.410810,9.942005
22.460000,-0.081662,0.041011,-0.024799,0.451092,-0.413903,9.908274
22.465000,-0.073847,0.039385,-0.035812,0.485135,-0.411029,9.899733
22.470000,-0.073323,0.036642,-0.029369,0.450263,-0.440980,9.886901
22.475000,-0.078571,0.041209,-0.034686,0.466629,-0.413848,9.896128
22.480000,-0.075193,0.036473,-0.027746,0.427646,-0.383153,9.937043
22.485000,-0.073278,0.042816,-0.027621,0.489916,-0.450746,9.848854
22.490000,-0.074335,0.040122,-0.031219,0.444270,-0.412671,9.862427
22.495000,-0.074373,0.040504,-0.030685,0.448875,-0.394304,9.884092
22.500000,-0.072646,0.035242,-0.030210,0.459094,-0.430452,9.898418
22.505000,-0.075135,0.041360,-0.033712,0.437180,-0.448529,9.855360
22.510000,-0.072431,0.038949,-0.033228,0.483062,-0.431023,9.900055
22.515000,-0.075799,0.041121,-0.026911,0.455006,-0.382759,9.899976
22.520000,-0.072452,0.037032,-0.031036,0.454503,-0.415220,9.823697
22.525000,-0.078255,0.040981,-0.029842,0.446867,-0.536260,9.871728
22.530000,-0.073900,0.043083,-0.032410,0.444514,-0.471671,9.871102
22.535000,-0.072999,0.041151,-0.030539,0.448483,-0.467986,9.911591
22.540000,-0.075580,0.041581,-0.033860,0.470455,-0.475450,9.886448
22.545000,-0.072311,0.043951,-0.030763,0.466210,-0.435335,9.874122
22.550000,-0.072445,0.040558,-0.035866,0.409138,-0.448452,9.859965
22.555000,-0.070271,0.038020,-0.035919,0.445639,-0.482516,9.965547
22.560000,-0.075765,0.043907,-0.030063,0.416684,-0.494098,9.891416
22.565000,-0.077170,0.040330,-0.034569,0.425302,-0.480761,9.970427
22.570000,-0.075891,0.039682,-0.031932,0.417857,-0.489935,9.838446
22.575000,-0.074831,0.039661,-0.033318,0.398626,-0.455134,9.848780
22.580000,-0.069049,0.040816,-0.025465,0.467094,-0.411035,9.865975
22.585000,-0.074970,0.042613,-0.031347,0.372453,-0.463416,9.909386
22.590000,-0.076355,0.038503,-0.031833,0.403351,-0.493752,9.867726
22.595000,-0.076288,0.035025,-0.037368,0.435400,-0.434110,9.880484
22.600000,-0.081399,0.039598,-0.031233,0.380514,-0.483307,9.928211
22.605000,-0.075916,0.035985,-0.037971,0.410826,-0.488915,9.841079
22.610000,-0.075189,0.042706,-0.030579,0.422450,-0.489968,9.871196
22.615000,-0.067293,0.038710,-0.031465,0.418689,-0.534296,9.871357
22.620000,-0.072609,0.037599,-0.034341,0.371774,-0.514444,9.886800
22.625000,-0.068437,0.035312,-0.032242,0.418994,-0.554024,9.880646
22.630000,-0.077556,0.043009,-0.034874,0.450606,-0.473832,9.870656
22.635000,-0.071015,0.045578,-0.034005,0.402947,-0.507441,9.861087
22.640000,-0.068032,0.038951,-0.035241,0.440772,-0.528781,9.860860
22.645000,-0.074339,0.042356,-0.033007,0.442349,-0.479889,9.883788
22.650000,-0.074362,0.036037,-0.035242,0.355819,-0.499754,9.849271
22.655000,-0.081272,0.042776,-0.027323,0.424409,-0.490491,9.895771
22.660000,-0.076834,0.038944,-0.029315,0.365405,-0.535045,9.912689
22.665000,-0.075276,0.037383,-0.034584,0.356276,-0.460657,9.894903
22.670000,-0.069472,0.044781,-0.029600,0.391178,-0.566011,9.885378
22.675000,-0.073926,0.045668,-0.030805,0.399759,-0.540940,9.933745
22.680000,-0.073042,0.036446,-0.031002,0.388663,-0.569920,9.865155
22.685000,-0.074955,0.041640,-0.027959,0.428368,-0.526327,9.844086
22.690000,-0.074908,0.041404,-0.038614,0.374542,-0.577007,9.901745
22.695000,-0.070846,0.044680,-0.028418,0.446394,-0.552814,9.867575
22.700000,-0.074010,0.042170,-0.035328,0.377923,-0.573233,9.856185
22.705000,-0.071066,0.044401,-0.033679,0.399827,-0.570124,9.932090
22.710000,-0.072200,0.039338,-0.029771,0.399326,-0.581759,9.894668
22.715000,-0.072975,0.045932,-0.034967,0.413611,-0.542176,9.859807
22.720000,-0.075309,0.042632,-0.032626,0.364995,-0.506412,9.886905
22.725000,-0.073495,0.034212,-0.030206,0.413545,-0.574236,9.851966
22.730000,-0.068234,0.045855,-0.030942,0.302385,-0.583170,9.841389
22.735000,-0.070896,0.038808,-0.031830,0.393777,-0.579057,9.907043
22.740000,-0.074391,0.038097,-0.027995,0.415979,-0.563944,9.832190
22.745000,-0.077595,0.046187,-0.030967,0.355615,-0.567111,9.941268
22.750000,-0.074634,0.041637,-0.034983,0.402613,-0.567075,9.911233
22.755000,-0.072145,0.036022,-0.034831,0.329603,-0.607747,9.886340
22.760000,-0.073699,0.045219,-0.032425,0.349230,-0.542617,9.857676
22.765000,-0.075840,0.047194,-0.029092,0.332329,-0.593344,9.854563
22.770000,-0.072732,0.038527,-0.033343,0.398548,-0.632016,9.886832
22.775000,-0.069882,0.040796,-0.029720,0.334353,-0.559934,9.903997
22.780000,-0.075013,0.045647,-0.031793,0.325838,-0.624279,9.881776
22.785000,-0.070822,0.037757,-0.036512,0.298217,-0.606763,9.846331
22.790000,-0.075964,0.043896,-0.029734,0.335850,-0.625172,9.838718
22.795000,-0.069876,0.042719,-0.036028,0.307347,-0.639554,9.918442
22.800000,-0.075314,0.038898,-0.029313,0.339415,-0.660249,9.909672
22.805000,-0.070105,0.038203,-0.031235,0.315537,-0.595527,9.903942
22.810000,-0.070684,0.041772,-0.033234,0.323600,-0.553299,9.898613
22.815000,-0.070542,0.049264,-0.033053,0.315698,-0.601375,9.835619
22.820000,-0.073279,0.045378,-0.031462,0.366083,-0.580104,9.898553
22.825000,-0.074645,0.036611,-0.033923,0.283989,-0.633289,9.858540
22.830000,-0.077635,0.040860,-0.032007,0.340799,-0.648022,9.896297
22.835000,-0.071599,0.043466,-0.029703,0.296482,-0.629686,9.891156
22.840000,-0.075010,0.042365,-0.027978,0.332196,-0.638216,9.871279
22.845000,-0.071473,0.043401,-0.037247,0.323378,-0.647797,9.865392
22.850000,-0.072602,0.044789,-0.025024,0.354647,-0.640306,9.896397
22.855000,-0.073105,0.043556,-0.030189,0.350167,-0.661243,9.843734
22.860000,-0.070209,0.042725,-0.029545,0.326011,-0.642462,9.915845
22.865000,-0.068607,0.037813,-0.030886,0.347737,-0.682069,9.874968
22.870000,-0.070349,0.040123,-0.037257,0.305898,-0.639202,9.881524
22.875000,-0.068787,0.042886,-0.030567,0.306784,-0.615774,9.907236
22.880000,-0.068558,0.046409,-0.035235,0.314751,-0.690508,9.884961
22.885000,-0.069986,0.043493,-0.030176,0.296932,-0.643185,9.869927
22.890000,-0.071807,0.040969,-0.031505,0.324424,-0.619305,9.851427
22.895000,-0.069559,0.042221,-0.037059,0.334946,-0.685581,9.893122
22.900000,-0.076385,0.043101,-0.033303,0.352515,-0.682537,9.907331
22.905000,-0.069417,0.047426,-0.033657,0.307694,-0.651640,9.855617
22.910000,-0.068164,0.040344,-0.038736,0.311842,-0.646185,9.842648
22.915000,-0.065666,0.043678,-0.028076,0.330536,-0.635950,9.895047
22.920000,-0.066705,0.038722,-0.036780,0.302458,-0.645391,9.836223
22.925000,-0.066798,0.042380,-0.028263,0.308683,-0.685357,9.869603
22.930000,-0.071685,0.045916,-0.033520,0.313673,-0.690372,9.878987
22.935000,-0.066191,0.047830,-0.027851,0.315716,-0.690451,9.884445
22.940000,-0.071337,0.041697,-0.031904,0.276298,-0.633757,9.893222
22.945000,-0.067807,0.038234,-0.037386,0.303972,-0.697322,9.935494
22.950000,-0.069089,0.045808,-0.032409,0.288882,-0.688875,9.896953
22.955000,-0.068513,0.044090,-0.031110,0.284805,-0.774372,9.904942
22.960000,-0.074315,0.042804,-0.036105,0.294245,-0.710425,9.866909
22.965000,-0.068727,0.041493,-0.030089,0.276053,-0.674894,9.842467
22.970000,-0.062587,0.042274,-0.029644,0.291571,-0.698435,9.887561
22.975000,-0.067701,0.038532,-0.030583,0.271572,-0.694117,9.922066
22.980000,-0.070061,0.042205,-0.033974,0.322100,-0.728681,9.904315
22.985000,-0.069672,0.045974,-0.032852,0.292371,-0.745042,9.901856
22.990000,-0.065097,0.040498,-0.036716,0.274881,-0.721070,9.918932
22.995000,-0.065398,0.045936,-0.036491,0.244874,-0.691609,9.884947
23.000000,-0.067401,0.041646,-0.033079,0.279220,-0.689104,9.854859
23.005000,-0.071382,0.043483,-0.033685,0.251346,-0.725222,9.918434
23.010000,-0.066477,0.040228,-0.031342,0.315615,-0.731081,9.900586
23.015000,-0.066539,0.045907,-0.031097,0.319757,-0.649365,9.863345
23.020000,-0.065496,0.043811,-0.028136,0.264355,-0.741967,9.950496
23.025000,-0.064921,0.040766,-0.036167,0.280764,-0.762504,9.873581
23.030000,-0.065741,0.033514,-0.029761,0.275602,-0.764065,9.894353
23.035000,-0.068469,0.046263,-0.037012,0.231073,-0.738032,9.820646
23.040000,-0.066026,0.042453,-0.030454,0.251907,-0.724234,9.794287
23.045000,-0.066275,0.043256,-0.029520,0.234586,-0.736448,9.845570
23.050000,-0.065666,0.050264,-0.029823,0.263223,-0.697140,9.867300
23.055000,-0.067735,0.046207,-0.030368,0.294679,-0.771534,9.873993
23.060000,-0.064292,0.044058,-0.033855,0.279583,-0.770475,9.841094
23.065000,-0.064104,0.044062,-0.029191,0.259952,-0.781905,9.915859
23.070000,-0.069827,0.044365,-0.031414,0.294638,-0.761719,9.898891
23.075000,-0.068411,0.043575,-0.028733,0.213183,-0.769454,9.873151
23.080000,-0.066015,0.040374,-0.030062,0.209369,-0.762277,9.887582
23.085000,-0.063549,0.045617,-0.031010,0.274822,-0.804122,9.892116
23.090000,-0.062120,0.042979,-0.029368,0.240527,-0.764845,9.897614
23.095000,-0.069689,0.039776,-0.033994,0.216979,-0.788260,9.901127
23.100000,-0.067036,0.046353,-0.033959,0.282974,-0.772253,9.892225
23.105000,-0.055672,0.043276,-0.029308,0.198116,-0.775266,9.902402
23.110000,-0.065167,0.047181,-0.031427,0.249752,-0.771292,9.865995
23.115000,-0.064856,0.043699,-0.034726,0.264141,-0.785539,9.852520
23.120000,-0.065510,0.043219,-0.028242,0.261853,-0.772787,9.870809
23.125000,-0.063226,0.038542,-0.032422,0.227150,-0.803176,9.887610
23.130000,-0.060465,0.046154,-0.031281,0.214857,-0.791869,9.854242
23.135000,-0.067837,0.046418,-0.035557,0.235367,-0.753276,9.894921
23.140000,-0.059249,0.042282,-0.031320,0.252002,-0.746618,9.829115
23.145000,-0.066749,0.044756,-0.035172,0.210107,-0.795492,9.871006
23.150000,-0.063627,0.042719,-0.034359,0.193021,-0.815354,9.933293
23.155000,-0.063435,0.044742,-0.027389,0.225852,-0.771995,9.872028
23.160000,-0.061837,0.045667,-0.031383,0.284342,-0.799192,9.848706
23.165000,-0.063937,0.047085,-0.030941,0.254789,-0.846955,9.872367
23.170000,-0.059382,0.044144,-0.034141,0.235973,-0.785241,9.873370
23.175000,-0.063508,0.046699,-0.035611,0.173012,-0.832581,9.881251
23.180000,-0.066132,0.043952,-0.032070,0.217507,-0.834073,9.871165
23.185000,-0.061755,0.048880,-0.034068,0.239633,-0.825803,9.957441
23.190000,-0.065713,0.044858,-0.032969,0.185313,-0.796711,9.876135
23.195000,-0.064852,0.048367,-0.033870,0.210256,-0.759694,9.802377
23.200000,-0.056780,0.046507,-0.036748,0.239156,-0.830752,9.874590
23.205000,-0.064852,0.046334,-0.034008,0.200209,-0.800421,9.861405
23.210000,-0.060469,0.043837,-0.037684,0.201909,-0.815670,9.818763
23.215000,-0.065261,0.046051,-0.032338,0.155936,-0.795343,9.901366
23.220000,-0.054678,0.045926,-0.031865,0.186787,-0.893289,9.871552
23.225000,-0.057131,0.044819,-0.032722,0.202637,-0.797023,9.836109
23.230000,-0.057794,0.045856,-0.035308,0.165484,-0.846298,9.847532
23.235000,-0.063922,0.041735,-0.033861,0.159961,-0.843865,9.904096
23.240000,-0.059774,0.043917,-0.031943,0.152385,-0.846231,9.887229
23.245000,-0.065093,0.041200,-0.038137,0.168821,-0.836524,9.842925
23.250000,-0.057975,0.042969,-0.039541,0.197355,-0.804645,9.815267
23.255000,-0.059065,0.041149,-0.031815,0.157200,-0.861074,9.827174
23.260000,-0.061995,0.046988,-0.029966,0.198139,-0.832049,9.854470
23.265000,-0.056848,0.042401,-0.030512,0.187772,-0.830309,9.878565
23.270000,-0.058292,0.047784,-0.031912,0.154635,-0.906047,9.845960
23.275000,-0.054738,0.042460,-0.032678,0.152603,-0.806898,9.902022
23.280000,-0.056364,0.045864,-0.038418,0.136757,-0.840132,9.840943
23.285000,-0.057560,0.044017,-0.031302,0.174651,-0.835237,9.868677
23.290000,-0.057780,0.043399,-0.031468,0.121963,-0.882456,9.866092
23.295000,-0.060543,0.052048,-0.033070,0.199625,-0.886916,9.911516
23.300000,-0.061986,0.042729,-0.032001,0.142559,-0.828416,9.827516
23.305000,-0.061457,0.040379,-0.036178,0.182870,-0.910113,9.880495
23.310000,-0.059120,0.038031,-0.031643,0.105547,-0.877532,9.890549
23.315000,-0.057630,0.049616,-0.036340,0.110140,-0.886291,9.849307
23.320000,-0.056335,0.048635,-0.032459,0.123424,-0.816704,9.880398
23.325000,-0.055121,0.034571,-0.031448,0.136918,-0.872273,9.895189
23.330000,-0.059735,0.040949,-0.033885,0.153226,-0.865830,9.876701
23.335000,-0.054257,0.045726,-0.029276,0.147794,-0.828332,9.900665
23.340000,-0.054254,0.043049,-0.034460,0.161786,-0.859012,9.871154
23.345000,-0.054836,0.041860,-0.031111,0.090178,-0.908652,9.906249
23.350000,-0.058105,0.042456,-0.027131,0.142669,-0.883834,9.879788
23.355000,-0.054459,0.050315,-0.035635,0.125946,-0.910256,9.856669
23.360000,-0.058332,0.046644,-0.031261,0.134529,-0.880266,9.866969
23.365000,-0.054172,0.044877,-0.035281,0.123372,-0.919128,9.880767
23.370000,-0.060643,0.042385,-0.033235,0.129208,-0.904582,9.867298
23.375000,-0.054939,0.045393,-0.039346,0.113895,-0.979514,9.834707
23.380000,-0.059152,0.042475,-0.031966,0.143830,-0.896412,9.842779
23.385000,-0.057232,0.039677,-0.036139,0.136114,-0.895691,9.860085
23.390000,-0.052956,0.044664,-0.037767,0.122274,-0.910649,9.885088
23.395000,-0.053304,0.046224,-0.031096,0.105280,-0.957204,9.901441
23.400000,-0.057150,0.048543,-0.029779,0.093810,-0.938216,9.954854
23.405000,-0.057400,0.040037,-0.032436,0.138061,-0.860004,9.894107
23.410000,-0.056680,0.040183,-0.034446,0.129362,-0.903350,9.854449
23.415000,-0.049745,0.043620,-0.036521,0.119505,-0.949510,9.877918
23.420000,-0.056527,0.042155,-0.038051,0.113197,-0.876848,9.819711
23.425000,-0.049845,0.045571,-0.026443,0.119871,-0.932603,9.864988
23.430000,-0.056378,0.043175,-0.033037,0.118658,-0.969007,9.886840
23.435000,-0.052941,0.043664,-0.033657,0.108542,-0.882895,9.852242
23.440000,-0.054161,0.047032,-0.036117,0.094676,-0.886562,9.882167
23.445000,-0.053410,0.048491,-0.029412,0.109988,-0.932133,9.920310
23.450000,-0.050473,0.044406,-0.036382,0.080143,-0.900173,9.841692
23.455000,-0.055190,0.043115,-0.033833,0.119961,-0.899203,9.849915
23.460000,-0.052703,0.047135,-0.032923,0.113324,-0.890972,9.934967
23.465000,-0.045399,0.043382,-0.030974,0.084127,-0.971602,9.880255
23.470000,-0.049093,0.045948,-0.032420,0.107463,-0.907943,9.881254
23.475000,-0.053220,0.041434,-0.031378,0.120170,-0.974304,9.910991
23.480000,-0.057021,0.042291,-0.031983,0.089254,-0.938234,9.835830
23.485000,-0.053732,0.046318,-0.035683,0.122186,-0.950866,9.851049
23.490000,-0.054695,0.044190,-0.032842,0.080344,-0.915756,9.856884
23.495000,-0.046010,0.047647,-0.031163,0.134856,-0.968741,9.843750
23.500000,-0.049791,0.042559,-0.030753,0.124017,-1.000728,9.844097
23.505000,-0.053555,0.046815,-0.036923,0.118471,-0.934077,9.869860
23.510000,-0.044834,0.046189,-0.033656,0.134850,-0.903879,9.790473
23.515000,-0.051928,0.046152,-0.036121,0.095752,-0.957222,9.894916
23.520000,-0.049084,0.041290,-0.033609,0.061892,-0.951822,9.854753
23.525000,-0.049140,0.040183,-0.035003,0.062510,-0.937843,9.825308
23.530000,-0.048600,0.044924,-0.034180,0.085851,-0.962236,9.825857
23.535000,-0.046746,0.044909,-0.033300,0.048350,-0.971227,9.887015
23.540000,-0.050326,0.043987,-0.029103,0.101325,-0.998228,9.829819
23.545000,-0.050695,0.045564,-0.028550,0.098301,-0.961191,9.874831
23.550000,-0.051189,0.042951,-0.029323,0.033427,-1.009279,9.942762
23.555000,-0.046376,0.042224,-0.028728,0.090899,-0.978039,9.884034
23.560000,-0.047270,0.041225,-0.035764,0.055753,-0.993031,9.838174
23.565000,-0.043592,0.037917,-0.036691,0.041168,-0.937546,9.909664
23.570000,-0.048820,0.040888,-0.034847,0.102537,-0.989245,9.853494
23.575000,-0.050736,0.045239,-0.034547,0.072553,-0.994517,9.814644
23.580000,-0.041309,0.043346,-0.040318,-0.016609,-0.962929,9.911667
23.585000,-0.044729,0.043402,-0.034482,0.042060,-0.991698,9.876498
23.590000,-0.045573,0.046316,-0.034096,0.057229,-0.992185,9.874316
23.595000,-0.051211,0.044567,-0.030587,0.050670,-0.953844,9.844762
23.600000,-0.049990,0.052796,-0.029477,0.005303,-0.926302,9.877478
23.605000,-0.047625,0.041309,-0.027263,0.037389,-1.028580,9.840281
23.610000,-0.045780,0.044972,-0.036288,0.032763,-0.960910,9.878432
23.615000,-0.041457,0.043590,-0.032799,0.004479,-1.017992,9.848170
23.620000,-0.046557,0.040774,-0.029145,0.083135,-1.026963,9.858621
23.625000,-0.048360,0.048825,-0.030963,0.029574,-1.038670,9.793111
23.630000,-0.042472,0.046408,-0.033891,0.053844,-0.969062,9.832627
23.635000,-0.046243,0.045041,-0.027997,0.061981,-0.994279,9.790014
23.640000,-0.051850,0.039829,-0.029589,0.115099,-0.946688,9.813727
23.645000,-0.041407,0.040814,-0.032185,0.004025,-0.991453,9.876009
23.650000,-0.048982,0.043938,-0.032151,0.049151,-0.979082,9.877900
23.655000,-0.047222,0.043696,-0.032217,0.049019,-1.024144,9.870098
23.660000,-0.041552,0.046513,-0.031936,-0.020028,-0.999572,9.820433
23.665000,-0.046411,0.043844,-0.031919,-0.024956,-0.950409,9.859872
23.670000,-0.040939,0.046597,-0.034011,0.045077,-1.004575,9.855633
23.675000,-0.046262,0.040376,-0.031593,0.006050,-1.043876,9.879966
23.680000,-0.037226,0.046156,-0.039049,0.017045,-0.989553,9.878233
23.685000,-0.044464,0.041464,-0.034051,0.038912,-0.973537,9.850813
23.690000,-0.045293,0.042088,-0.025500,0.011680,-0.992154,9.862572
23.695000,-0.043880,0.043764,-0.038550,-0.029109,-1.023452,9.786672
23.700000,-0.042875,0.042284,-0.030728,0.027116,-0.985822,9.927752
23.705000,-0.038160,0.048815,-0.033417,-0.020190,-1.014581,9.836887
23.710000,-0.036841,0.036399,-0.031373,-0.011197,-0.992333,9.834521
23.715000,-0.039239,0.045371,-0.037582,-0.036973,-1.052146,9.807406
23.720000,-0.041687,0.045548,-0.032733,0.002707,-1.033211,9.877932
23.725000,-0.042785,0.046157,-0.033248,-0.019693,-0.977156,9.850634
23.730000,-0.042029,0.043151,-0.032871,-0.015395,-0.992605,9.867347
23.735000,-0.036316,0.040064,-0.033433,-0.029671,-0.984934,9.831469
23.740000,-0.039074,0.043562,-0.035261,-0.027583,-0.982561,9.834608
23.745000,-0.042030,0.043105,-0.031311,-0.032539,-1.072344,9.817648
23.750000,-0.040453,0.044000,-0.034758,0.009779,-0.993163,9.903489
23.755000,-0.038121,0.036574,-0.032943,0.021845,-1.007959,9.839106
23.760000,-0.038850,0.042246,-0.034956,0.000615,-1.036443,9.811966
23.765000,-0.039501,0.039869,-0.035233,-0.018333,-1.016711,9.854122
23.770000,-0.039111,0.041186,-0.033696,-0.006322,-1.017859,9.761931
23.775000,-0.041072,0.049265,-0.033040,-0.025411,-0.999671,9.862908
23.780000,-0.041074,0.044892,-0.036632,0.014555,-1.048307,9.842255
23.785000,-0.036553,0.047302,-0.034420,0.004446,-1.017944,9.853065
23.790000,-0.037497,0.046268,-0.034170,0.006534,-1.004263,9.855155
23.795000,-0.034773,0.042385,-0.032026,-0.004479,-1.056186,9.783336
23.800000,-0.036237,0.040871,-0.033054,-0.021701,-1.051403,9.899395
23.805000,-0.042566,0.043140,-0.031847,-0.039971,-1.016171,9.868847
23.810000,-0.038561,0.044700,-0.035865,-0.025782,-1.034685,9.853761
23.815000,-0.041907,0.038127,-0.033945,-0.018887,-1.076029,9.864599
23.820000,-0.038481,0.041288,-0.032552,-0.037113,-1.084430,9.892252
23.825000,-0.035870,0.041419,-0.031169,0.004717,-1.050579,9.810212
23.830000,-0.033335,0.042834,-0.034979,-0.009932,-1.119094,9.798864
23.835000,-0.039026,0.043789,-0.043675,-0.063977,-1.056201,9.817281
23.840000,-0.035268,0.041726,-0.035414,-0.074508,-1.063320,9.860040
23.845000,-0.028818,0.042671,-0.028656,-0.104185,-1.030315,9.893531
23.850000,-0.034833,0.043536,-0.037301,-0.044307,-1.067351,9.896686
23.855000,-0.026266,0.040128,-0.036853,-0.025886,-1.054075,9.866541
23.860000,-0.030169,0.037971,-0.032101,-0.022419,-1.018921,9.821311
23.865000,-0.038269,0.042693,-0.032657,-0.060517,-1.105280,9.814251
23.870000,-0.026126,0.045457,-0.038623,-0.097798,-1.056029,9.873765
23.875000,-0.034236,0.045408,-0.028692,-0.031328,-1.054340,9.801032
23.880000,-0.033993,0.039528,-0.035280,-0.065782,-0.994995,9.837654
23.885000,-0.032607,0.039224,-0.031366,-0.041903,-1.105665,9.860073
23.890000,-0.031000,0.039283,-0.031518,-0.055686,-1.064251,9.868922
23.895000,-0.034414,0.043064,-0.036686,-0.082512,-1.058134,9.850102
23.900000,-0.034526,0.043122,-0.033976,-0.090184,-1.021980,9.866060
23.905000,-0.035159,0.042950,-0.040918,-0.101020,-1.092510,9.869273
23.910000,-0.025621,0.045252,-0.034446,-0.057337,-1.083856,9.825899
23.915000,-0.031669,0.046281,-0.037526,-0.124531,-1.036545,9.820758
23.920000,-0.031157,0.044375,-0.036514,-0.079145,-1.140151,9.877432
23.925000,-0.032067,0.039371,-0.039005,-0.102662,-1.105064,9.883690
23.930000,-0.030540,0.041032,-0.040865,-0.078302,-1.029329,9.838062
23.935000,-0.027345,0.045841,-0.040563,-0.092808,-1.047523,9.889054
23.940000,-0.029322,0.049310,-0.039941,-0.091361,-1.047372,9.810708
23.945000,-0.025718,0.040331,-0.037224,-0.100987,-1.015081,9.800772
23.950000,-0.028693,0.046755,-0.030034,-0.106021,-1.083634,9.850807
23.955000,-0.027233,0.045242,-0.037299,-0.133992,-1.035978,9.854137
23.960000,-0.028357,0.048818,-0.036743,-0.103521,-1.053772,9.836666
23.965000,-0.027350,0.044076,-0.038617,-0.090265,-1.078131,9.879448
23.970000,-0.029451,0.044502,-0.030279,-0.066827,-1.117012,9.876350
23.975000,-0.029043,0.042191,-0.039729,-0.065104,-1.089918,9.833587
23.980000,-0.026475,0.039256,-0.033674,-0.134720,-1.040429,9.856866
23.985000,-0.026913,0.046368,-0.029264,-0.134579,-1.025663,9.826646
23.990000,-0.022858,0.043351,-0.035092,-0.077584,-1.115875,9.852084
23.995000,-0.022099,0.042833,-0.030303,-0.086071,-1.083140,9.855277
24.000000,-0.023285,0.042527,-0.036731,-0.110641,-1.033696,9.811320
24.005000,-0.024293,0.046126,-0.035576,-0.069481,-1.060771,9.835108
24.010000,-0.029175,0.039874,-0.037369,-0.060234,-0.976020,9.814154
24.015000,-0.024225,0.045674,-0.043313,-0.080621,-1.060366,9.805164
24.020000,-0.025356,0.042040,-0.030316,-0.092668,-1.092020,9.865995
24.025000,-0.028669,0.035889,-0.039684,-0.113964,-1.116593,9.782181
24.030000,-0.025970,0.040041,-0.031717,-0.082356,-1.088076,9.829064
24.035000,-0.022147,0.037885,-0.031739,-0.163606,-1.061200,9.894988
24.040000,-0.025121,0.040355,-0.034586,-0.157132,-1.067991,9.823302
24.045000,-0.022813,0.040718,-0.037182,-0.123921,-1.092297,9.841494
24.050000,-0.024135,0.041286,-0.035787,-0.126381,-1.148129,9.848120
24.055000,-0.022837,0.043884,-0.033211,-0.107367,-1.101957,9.864641
24.060000,-0.020935,0.039928,-0.035935,-0.090595,-1.151008,9.835111
24.065000,-0.025045,0.034294,-0.039186,-0.075439,-1.094763,9.856270
24.070000,-0.022465,0.046377,-0.033109,-0.135987,-1.076911,9.834988
24.075000,-0.025220,0.038115,-0.027651,-0.156462,-1.066814,9.824400
24.080000,-0.024900,0.036948,-0.036197,-0.187061,-1.108320,9.860842
24.085000,-0.017241,0.043714,-0.025897,-0.126537,-1.100564,9.830920
24.090000,-0.021843,0.033868,-0.034393,-0.142275,-1.065416,9.878071
24.095000,-0.022824,0.041199,-0.030919,-0.172611,-1.089372,9.829416
24.100000,-0.020339,0.039551,-0.031952,-0.102364,-1.096699,9.865435
24.105000,-0.024669,0.045987,-0.032927,-0.108037,-1.058961,9.848232
24.110000,-0.023835,0.045250,-0.035622,-0.149599,-1.066596,9.879433
24.115000,-0.017789,0.045006,-0.031661,-0.123518,-1.071366,9.792370
24.120000,-0.019365,0.043757,-0.035698,-0.165583,-1.098601,9.888886
24.125000,-0.026960,0.042473,-0.033000,-0.167603,-1.106863,9.831902
24.130000,-0.019466,0.043619,-0.031585,-0.186994,-1.081141,9.855272
24.135000,-0.019042,0.042399,-0.038556,-0.183790,-1.080828,9.890499
24.140000,-0.024435,0.037979,-0.036053,-0.217265,-1.099858,9.864946
24.145000,-0.013126,0.043289,-0.030403,-0.138078,-1.134161,9.830990
24.150000,-0.015268,0.038068,-0.029887,-0.130104,-1.108977,9.845980
24.155000,-0.016762,0.039080,-0.034956,-0.178667,-1.152488,9.829878
24.160000,-0.015172,0.046548,-0.038017,-0.128891,-1.119044,9.832452
24.165000,-0.013336,0.041042,-0.034418,-0.184322,-1.111631,9.838738
24.170000,-0.020472,0.042185,-0.039748,-0.153237,-1.162947,9.841827
24.175000,-0.018443,0.039873,-0.035992,-0.149604,-1.099699,9.793801
24.180000,-0.014714,0.040975,-0.030729,-0.150227,-1.091395,9.790549
24.185000,-0.021256,0.047783,-0.037407,-0.126392,-1.110150,9.825584
24.190000,-0.012003,0.039018,-0.037528,-0.158590,-1.056155,9.823878
24.195000,-0.017767,0.036471,-0.035250,-0.099111,-1.082634,9.816892
24.200000,-0.015723,0.039737,-0.034768,-0.170709,-1.112292,9.818634
24.205000,-0.011177,0.038047,-0.031139,-0.099462,-1.133884,9.812220
24.210000,-0.012881,0.037327,-0.036093,-0.158425,-1.081875,9.867553
24.215000,-0.019740,0.035997,-0.032168,-0.116046,-1.076216,9.787561
24.220000,-0.009558,0.037379,-0.034745,-0.251105,-1.125359,9.787178
24.225000,-0.014607,0.042489,-0.033009,-0.179838,-1.134840,9.852353
24.230000,-0.016712,0.035644,-0.033850,-0.184409,-1.086111,9.832634
24.235000,-0.010812,0.041188,-0.036147,-0.173414,-1.051602,9.902066
24.240000,-0.008687,0.040962,-0.032153,-0.169587,-1.167680,9.850699
24.245000,-0.015805,0.039361,-0.029721,-0.190891,-1.100368,9.837277
24.250000,-0.017657,0.037987,-0.035349,-0.204559,-1.096454,9.814664
24.255000,-0.009690,0.042284,-0.035749,-0.229181,-1.059926,9.866966
24.260000,-0.011878,0.038280,-0.033834,-0.189099,-1.098744,9.845805
24.265000,-0.010481,0.041155,-0.030843,-0.114000,-1.062392,9.835014
24.270000,-0.014738,0.040750,-0.039447,-0.171914,-1.064446,9.844373
24.275000,-0.010785,0.039122,-0.033897,-0.203823,-1.057846,9.818326
24.280000,-0.011011,0.044294,-0.033336,-0.178555,-1.076159,9.862329
24.285000,-0.011515,0.032079,-0.030632,-0.177832,-1.099757,9.838127
24.290000,-0.014715,0.043771,-0.035132,-0.116813,-1.156406,9.778087
24.295000,-0.008943,0.041689,-0.035957,-0.244710,-1.090867,9.823980
24.300000,-0.009910,0.035500,-0.034342,-0.185905,-1.116807,9.860412
24.305000,-0.006610,0.034419,-0.038017,-0.184498,-1.064035,9.859521
24.310000,-0.008697,0.044213,-0.035972,-0.192293,-1.039345,9.893522
24.315000,-0.008092,0.043519,-0.031726,-0.214906,-1.067289,9.807008
24.320000,-0.006780,0.033345,-0.035706,-0.206645,-1.113090,9.822795
24.325000,-0.006482,0.040929,-0.037011,-0.175658,-1.035322,9.836651
24.330000,-0.008228,0.039882,-0.030085,-0.207115,-1.091953,9.830130
24.335000,-0.006038,0.039244,-0.037238,-0.249093,-1.070461,9.830915
24.340000,-0.006662,0.039625,-0.035176,-0.180639,-1.099768,9.836028
24.345000,-0.007268,0.038819,-0.036035,-0.248796,-1.130436,9.775641
24.350000,-0.011470,0.036890,-0.036301,-0.230221,-1.077235,9.815743
24.355000,-0.007446,0.036504,-0.033873,-0.270228,-1.048814,9.833100
24.360000,-0.011121,0.039126,-0.031469,-0.232438,-1.064645,9.895526
24.365000,-0.008959,0.032341,-0.035670,-0.211962,-1.083433,9.862318
24.370000,0.003739,0.040272,-0.033269,-0.198190,-1.127136,9.851794
24.375000,-0.008672,0.033929,-0.035717,-0.255760,-1.060518,9.888177
24.380000,-0.001343,0.035957,-0.035472,-0.235979,-1.124408,9.860496
24.385000,-0.005161,0.037519,-0.037132,-0.228867,-1.142512,9.852780
24.390000,-0.004377,0.036551,-0.036598,-0.290654,-1.103495,9.818336
24.395000,-0.002267,0.042398,-0.031766,-0.235962,-1.083879,9.841377
24.400000,-0.004148,0.040875,-0.038164,-0.272413,-1.074326,9.823852
24.405000,-0.004692,0.040113,-0.038299,-0.205271,-1.058877,9.808118
24.410000,-0.002891,0.038676,-0.037626,-0.244056,-1.123799,9.845566
24.415000,-0.001122,0.037743,-0.026123,-0.251086,-1.069336,9.854480
24.420000,-0.000606,0.035646,-0.039703,-0.192782,-1.126618,9.880795
24.425000,-0.006263,0.035648,-0.040060,-0.223621,-1.069551,9.869488
24.430000,0.003543,0.039311,-0.036620,-0.249045,-1.097217,9.842920
24.435000,0.000905,0.038936,-0.029825,-0.172074,-1.091330,9.879481
24.440000,-0.000381,0.039724,-0.039240,-0.292685,-1.068535,9.800587
24.445000,-0.003138,0.038343,-0.030187,-0.184861,-1.036668,9.915717
24.450000,-0.003803,0.033858,-0.032162,-0.274851,-1.055996,9.792973
24.455000,-0.003819,0.036468,-0.033794,-0.200904,-1.145282,9.847829
24.460000,0.003346,0.034389,-0.040496,-0.261925,-1.040322,9.828565
24.465000,0.002267,0.038306,-0.035289,-0.281708,-1.102210,9.810680
24.470000,-0.004405,0.037209,-0.038224,-0.268187,-1.092655,9.797717
24.475000,-0.000874,0.031732,-0.036920,-0.261046,-1.056603,9.810840
24.480000,-0.000201,0.031969,-0.038228,-0.290845,-1.065483,9.924151
24.485000,0.003196,0.035257,-0.034285,-0.249300,-1.073448,9.814029
24.490000,-0.002615,0.040364,-0.036410,-0.238378,-1.099408,9.830998
24.495000,0.001356,0.030691,-0.037475,-0.264472,-1.043467,9.825794
24.500000,0.003363,0.042377,-0.038439,-0.278446,-1.097977,9.794875
24.505000,-0.000418,0.027769,-0.034780,-0.244120,-1.077854,9.848217
24.510000,0.004967,0.041312,-0.034884,-0.286671,-1.095713,9.891449
24.515000,-0.000462,0.028777,-0.028197,-0.236072,-1.131188,9.808543
24.520000,0.003281,0.033441,-0.035417,-0.348168,-1.072277,9.849680
24.525000,0.003367,0.039077,-0.034117,-0.212353,-1.042469,9.879831
24.530000,0.002057,0.035850,-0.040752,-0.317903,-1.063039,9.850045
24.535000,0.006869,0.035377,-0.038041,-0.287051,-1.078062,9.820970
24.540000,0.001306,0.029788,-0.037760,-0.208713,-1.081701,9.856280
24.545000,0.000920,0.036082,-0.040860,-0.279182,-1.063392,9.741062
24.550000,0.010445,0.029885,-0.036915,-0.298555,-1.058066,9.880919
24.555000,0.001930,0.037358,-0.043910,-0.241878,-1.104190,9.847216
24.560000,0.008607,0.035207,-0.033486,-0.297501,-1.068491,9.833461
24.565000,0.005845,0.040802,-0.038284,-0.325467,-1.030325,9.851779
24.570000,0.005289,0.030296,-0.041203,-0.257890,-1.101433,9.838855
24.575000,0.010875,0.033380,-0.035181,-0.270212,-1.061160,9.831995
24.580000,0.003954,0.036902,-0.037703,-0.261420,-1.074085,9.818314
24.585000,0.007788,0.035740,-0.038682,-0.336309,-1.099176,9.810211
24.590000,0.007927,0.031981,-0.034150,-0.226149,-1.052401,9.787372
24.595000,0.008593,0.033257,-0.036062,-0.325309,-1.037558,9.856175
24.600000,0.006740,0.034833,-0.029973,-0.279685,-1.064519,9.848853
24.605000,0.010560,0.036565,-0.040857,-0.309109,-1.042815,9.836827
24.610000,0.010004,0.037538,-0.037649,-0.286569,-1.068327,9.842163
24.615000,0.013096,0.039037,-0.040108,-0.315857,-1.041937,9.866894
24.620000,0.012979,0.030168,-0.039004,-0.280761,-1.086575,9.854885
24.625000,0.012391,0.031873,-0.038379,-0.324080,-1.114672,9.887969
24.630000,0.005154,0.036699,-0.034041,-0.313825,-1.028704,9.849747
24.635000,0.011477,0.035869,-0.040032,-0.275582,-1.025471,9.811694
24.640000,0.007933,0.028558,-0.035613,-0.262304,-1.028854,9.883429
24.645000,0.011186,0.036392,-0.037555,-0.295644,-1.072361,9.833991
24.650000,0.009876,0.035928,-0.032925,-0.302698,-1.023520,9.867537
24.655000,0.010317,0.032691,-0.041802,-0.349654,-1.102916,9.877064
24.660000,0.014019,0.028410,-0.034087,-0.345800,-1.069573,9.878967
24.665000,0.011272,0.035537,-0.032272,-0.333023,-1.030008,9.855741
24.670000,0.015973,0.032834,-0.033738,-0.284690,-1.046118,9.905436
24.675000,0.011936,0.034422,-0.041708,-0.334289,-1.045902,9.857189
24.680000,0.013852,0.030419,-0.036341,-0.312918,-1.067739,9.881172
24.685000,0.011333,0.027129,-0.035146,-0.360333,-1.052575,9.824202
24.690000,0.010996,0.030257,-0.039650,-0.362733,-1.026925,9.813850
24.695000,0.010694,0.034843,-0.039973,-0.381424,-1.065552,9.884530
24.700000,0.015095,0.031750,-0.042947,-0.300923,-1.035648,9.918825
24.705000,0.011812,0.031200,-0.041426,-0.333891,-1.046018,9.843879
24.710000,0.019004,0.035121,-0.038618,-0.332150,-1.041522,9.804593
24.715000,0.010792,0.028411,-0.038432,-0.318211,-1.057887,9.832096
24.720000,0.012717,0.033489,-0.038139,-0.273183,-1.044679,9.832362
24.725000,0.018198,0.038691,-0.036649,-0.321625,-0.985971,9.826744
24.730000,0.018694,0.030664,-0.035916,-0.335864,-1.020810,9.832403
24.735000,0.015167,0.035565,-0.041106,-0.366849,-1.021957,9.871584
24.740000,0.010532,0.029796,-0.041617,-0.325023,-0.996921,9.811161
24.745000,0.017355,0.039332,-0.037223,-0.345884,-1.019000,9.854751
24.750000,0.015665,0.030211,-0.036913,-0.300118,-1.063612,9.848185
24.755000,0.012167,0.029232,-0.040210,-0.355268,-1.032558,9.833860
24.760000,0.020631,0.031095,-0.039674,-0.359359,-1.064393,9.843870
24.765000,0.016998,0.026519,-0.035036,-0.337543,-1.015760,9.847041
24.770000,0.018704,0.033035,-0.037375,-0.323161,-1.053702,9.853443
24.775000,0.022456,0.030247,-0.042243,-0.351095,-1.006090,9.878669
24.780000,0.021149,0.030002,-0.039021,-0.317631,-1.053254,9.889193
24.785000,0.016926,0.030900,-0.035556,-0.315370,-1.006312,9.824960
24.790000,0.019601,0.035102,-0.036620,-0.342246,-0.980475,9.884042
24.795000,0.020502,0.027592,-0.034560,-0.317200,-1.088239,9.876922
24.800000,0.022535,0.027798,-0.034889,-0.364697,-1.065183,9.886136
24.805000,0.019218,0.027820,-0.037096,-0.293519,-1.029983,9.876220
24.810000,0.022151,0.032860,-0.039874,-0.311276,-0.979698,9.836442
24.815000,0.020220,0.027592,-0.044262,-0.373069,-0.997985,9.886632
24.820000,0.021696,0.029090,-0.039627,-0.313039,-1.006256,9.806538
24.825000,0.023268,0.026151,-0.039496,-0.350913,-1.014072,9.843825
24.830000,0.022835,0.033672,-0.041572,-0.361566,-1.017626,9.856982
24.835000,0.025629,0.027901,-0.035308,-0.374969,-0.990453,9.919386
24.840000,0.024894,0.032407,-0.038280,-0.363652,-1.029352,9.815286
24.845000,0.025457,0.028585,-0.038093,-0.423705,-0.988371,9.877755
24.850000,0.022121,0.028897,-0.035280,-0.322674,-1.003299,9.829601
24.855000,0.024862,0.028334,-0.044728,-0.372495,-1.008172,9.869946
24.860000,0.018280,0.031592,-0.034959,-0.387088,-1.042672,9.829820
24.865000,0.022176,0.035077,-0.037889,-0.382565,-0.937260,9.879674
24.870000,0.023089,0.029455,-0.041317,-0.362948,-0.955047,9.857064
24.875000,0.024157,0.029745,-0.038504,-0.291959,-1.000570,9.874159
24.880000,0.020638,0.023774,-0.044931,-0.395920,-1.035897,9.862181
24.885000,0.029332,0.030857,-0.040792,-0.336044,-0.940445,9.867809
24.890000,0.024238,0.028897,-0.035178,-0.376212,-0.950005,9.891587
24.895000,0.023405,0.025505,-0.039461,-0.379341,-0.933770,9.807274
24.900000,0.027479,0.029914,-0.040942,-0.360832,-0.996314,9.820079
24.905000,0.029256,0.033192,-0.032749,-0.361344,-0.970036,9.893676
24.910000,0.027423,0.025155,-0.041701,-0.352536,-0.964836,9.805889
24.915000,0.026937,0.030739,-0.041223,-0.331055,-0.943881,9.894520
24.920000,0.036600,0.030871,-0.040872,-0.381943,-0.988186,9.894227
24.925000,0.026966,0.028135,-0.042125,-0.426063,-0.918713,9.916360
24.930000,0.023717,0.023181,-0.039111,-0.409668,-0.926839,9.840707
24.935000,0.028642,0.026179,-0.040012,-0.369716,-0.998742,9.818088
24.940000,0.034283,0.025383,-0.045278,-0.377214,-0.962007,9.893178
24.945000,0.031996,0.028585,-0.037869,-0.422579,-0.968324,9.844396
24.950000,0.031804,0.025756,-0.041867,-0.381846,-0.980835,9.830021
24.955000,0.033123,0.033504,-0.042329,-0.373809,-0.977748,9.903978
24.960000,0.031917,0.025230,-0.040402,-0.382619,-0.965021,9.847365
24.965000,0.027692,0.029219,-0.035932,-0.439672,-0.956470,9.843982
24.970000,0.027026,0.028427,-0.035229,-0.382870,-0.961976,9.806437
24.975000,0.030983,0.028380,-0.038511,-0.382747,-0.971293,9.808031
24.980000,0.031491,0.027425,-0.038355,-0.354552,-0.912616,9.866851
24.985000,0.029926,0.030191,-0.039773,-0.391080,-0.979697,9.842419
24.990000,0.030810,0.024057,-0.037554,-0.430398,-0.974202,9.862654
24.995000,0.030740,0.025103,-0.038349,-0.407433,-0.981037,9.840954
25.000000,0.028976,0.032883,-0.044031,-0.356795,-0.911173,9.861444
25.005000,0.029650,0.025916,-0.038581,-0.319687,-0.936109,9.800570
25.010000,0.033371,0.028024,-0.040355,-0.402155,-0.911996,9.775051
25.015000,0.031281,0.025557,-0.033665,-0.408187,-0.923051,9.862731
25.020000,0.038801,0.031255,-0.040002,-0.428486,-0.931632,9.890605
25.025000,0.027712,0.029865,-0.039715,-0.409709,-0.929791,9.857962
25.030000,0.034210,0.030949,-0.039085,-0.391189,-0.888110,9.868116
25.035000,0.032756,0.026093,-0.039625,-0.375716,-0.884020,9.820396
25.040000,0.038121,0.030354,-0.045745,-0.408102,-0.888869,9.884484
25.045000,0.036510,0.019559,-0.041515,-0.392440,-0.959179,9.828227
25.050000,0.035038,0.029534,-0.041107,-0.429929,-0.926330,9.873983
25.055000,0.040057,0.028284,-0.039713,-0.390036,-0.916734,9.874861
25.060000,0.034774,0.020494,-0.037746,-0.366118,-0.954766,9.940124
25.065000,0.039209,0.021770,-0.042517,-0.426601,-0.929149,9.870772
25.070000,0.033082,0.023096,-0.040246,-0.452443,-0.878267,9.860751
25.075000,0.033751,0.022869,-0.045822,-0.384589,-0.933910,9.841528
25.080000,0.040642,0.024769,-0.037353,-0.456556,-0.915574,9.846623
25.085000,0.035104,0.020747,-0.041428,-0.455920,-0.965117,9.883345
25.090000,0.037341,0.024317,-0.041384,-0.418698,-0.949872,9.847593
25.095000,0.040368,0.024571,-0.040949,-0.421065,-0.888523,9.867201
25.100000,0.039651,0.022282,-0.038507,-0.374126,-0.916801,9.863319
25.105000,0.039473,0.029211,-0.040644,-0.428883,-0.878539,9.892574
25.110000,0.037697,0.027531,-0.038133,-0.432378,-0.918422,9.865911
25.115000,0.045635,0.023522,-0.035235,-0.410466,-0.904108,9.853581
25.120000,0.040090,0.022666,-0.034544,-0.445341,-0.818636,9.856530
25.125000,0.036632,0.020353,-0.038761,-0.419919,-0.885699,9.888229
25.130000,0.041332,0.024663,-0.043157,-0.394728,-0.896507,9.839582
25.135000,0.041258,0.023424,-0.042318,-0.453174,-0.925173,9.809878
25.140000,0.040919,0.018955,-0.037940,-0.357007,-0.880023,9.847950
25.145000,0.038256,0.022086,-0.041017,-0.457273,-0.846182,9.859456
25.150000,0.041988,0.022566,-0.042130,-0.408337,-0.868343,9.823238
25.155000,0.036776,0.022068,-0.043312,-0.424297,-0.900924,9.886019
25.160000,0.040008,0.024781,-0.043695,-0.463558,-0.887549,9.889741
25.165000,0.042688,0.023531,-0.038172,-0.420612,-0.873376,9.904815
25.170000,0.042001,0.022628,-0.036101,-0.451511,-0.877160,9.879317
25.175000,0.040380,0.027266,-0.039952,-0.422926,-0.861064,9.862860
25.180000,0.044010,0.022183,-0.033893,-0.430204,-0.835241,9.916514
25.185000,0.040811,0.020729,-0.041943,-0.457622,-0.856465,9.878282
25.190000,0.036703,0.023651,-0.041064,-0.453650,-0.856847,9.861180
25.195000,0.041606,0.024663,-0.046365,-0.461372,-0.836955,9.896366
25.200000,0.039269,0.025425,-0.045338,-0.405317,-0.842607,9.858715
25.205000,0.046261,0.022681,-0.043265,-0.477394,-0.843905,9.944467
25.210000,0.049051,0.019618,-0.042460,-0.504085,-0.891964,9.861916
25.215000,0.041386,0.022219,-0.042677,-0.494717,-0.912295,9.912672
25.220000,0.048328,0.030796,-0.041731,-0.396283,-0.861981,9.910223
25.225000,0.045870,0.023495,-0.040364,-0.488783,-0.800780,9.858495
25.230000,0.045881,0.029056,-0.039114,-0.456132,-0.830181,9.860134
25.235000,0.050361,0.024526,-0.038312,-0.400738,-0.860358,9.871687
25.240000,0.043240,0.028071,-0.049592,-0.447687,-0.790319,9.869682
25.245000,0.046960,0.021328,-0.037678,-0.497212,-0.848703,9.912757
25.250000,0.044908,0.024564,-0.042284,-0.396319,-0.898371,9.887022
25.255000,0.043096,0.018903,-0.041039,-0.446957,-0.819664,9.832898
25.260000,0.045572,0.019718,-0.046309,-0.453433,-0.864277,9.880865
25.265000,0.046165,0.015710,-0.036265,-0.492646,-0.869469,9.824618
25.270000,0.048810,0.018053,-0.038393,-0.417159,-0.856254,9.827936
25.275000,0.051358,0.021924,-0.045891,-0.478278,-0.783270,9.950677
25.280000,0.047630,0.018567,-0.040406,-0.471844,-0.849123,9.880787
25.285000,0.048674,0.026110,-0.036101,-0.459520,-0.773818,9.846671
25.290000,0.043394,0.022850,-0.038110,-0.380953,-0.875156,9.872892
25.295000,0.056003,0.016484,-0.039303,-0.475822,-0.827166,9.860615
25.300000,0.050932,0.025769,-0.043445,-0.417389,-0.800283,9.881344
25.305000,0.048982,0.020465,-0.044861,-0.406697,-0.783260,9.875097
25.310000,0.049413,0.018456,-0.035053,-0.438206,-0.801884,9.874871
25.315000,0.049523,0.022956,-0.035415,-0.441766,-0.767493,9.909621
25.320000,0.053985,0.019354,-0.041701,-0.484897,-0.813484,9.872353
25.325000,0.047112,0.019872,-0.033784,-0.474031,-0.788739,9.831478
25.330000,0.051524,0.019917,-0.034807,-0.460957,-0.823418,9.842345
25.335000,0.050252,0.018944,-0.036349,-0.444829,-0.795849,9.837646
25.340000,0.049031,0.013980,-0.042458,-0.457560,-0.810658,9.921919
25.345000,0.050269,0.016039,-0.042391,-0.490736,-0.817933,9.868496
25.350000,0.050612,0.023785,-0.040829,-0.521955,-0.768029,9.879087
25.355000,0.048334,0.025798,-0.039194,-0.469367,-0.752566,9.846778
25.360000,0.053435,0.019668,-0.038574,-0.481521,-0.766793,9.847180
25.365000,0.052782,0.016154,-0.043588,-0.456309,-0.788757,9.868859
25.370000,0.053865,0.018097,-0.044830,-0.493573,-0.721268,9.905432
25.375000,0.052447,0.015853,-0.046593,-0.483086,-0.766626,9.867485
25.380000,0.052544,0.023102,-0.039026,-0.458852,-0.702784,9.866467
25.385000,0.050244,0.017998,-0.044454,-0.501377,-0.738707,9.896691
25.390000,0.054745,0.015464,-0.040361,-0.578779,-0.714849,9.917038
25.395000,0.055243,0.018932,-0.041897,-0.501094,-0.724005,9.854121
25.400000,0.047266,0.018460,-0.036497,-0.468101,-0.749088,9.900707
25.405000,0.052649,0.017793,-0.040541,-0.469016,-0.786798,9.910809
25.410000,0.052762,0.017705,-0.039776,-0.482165,-0.774387,9.870184
25.415000,0.050444,0.015488,-0.041840,-0.543469,-0.732385,9.863262
25.420000,0.055021,0.018556,-0.036900,-0.505976,-0.714607,9.859046
25.425000,0.059881,0.020087,-0.040485,-0.531665,-0.779259,9.887050
25.430000,0.054301,0.016602,-0.042311,-0.495482,-0.743190,9.900664
25.435000,0.051555,0.012960,-0.039710,-0.483863,-0.685760,9.867097
25.440000,0.055503,0.020105,-0.044403,-0.429268,-0.742054,9.873078
25.445000,0.053563,0.016325,-0.044473,-0.479573,-0.715858,9.815120
25.450000,0.051911,0.015051,-0.048563,-0.531867,-0.728630,9.892885
25.455000,0.055350,0.016094,-0.045697,-0.500654,-0.721438,9.920288
25.460000,0.060178,0.015335,-0.040760,-0.484173,-0.707399,9.920232
25.465000,0.057800,0.025696,-0.037999,-0.507739,-0.770715,9.864257
25.470000,0.056085,0.014290,-0.040631,-0.477917,-0.721372,9.885947
25.475000,0.059330,0.018553,-0.041958,-0.482857,-0.706733,9.847781
25.480000,0.055162,0.015723,-0.039687,-0.473958,-0.690466,9.882019
25.485000,0.059061,0.018274,-0.041163,-0.488719,-0.665480,9.899039
25.490000,0.061619,0.017119,-0.042020,-0.460579,-0.703009,9.838108
25.495000,0.061030,0.012684,-0.040426,-0.508440,-0.689744,9.900241
25.500000,0.058130,0.016552,-0.042956,-0.490769,-0.662335,9.844664
25.505000,0.060504,0.014777,-0.049123,-0.512959,-0.639934,9.822524
25.510000,0.060178,0.018447,-0.041861,-0.493196,-0.676261,9.917243
25.515000,0.061738,0.017744,-0.043157,-0.494651,-0.724303,9.886574
25.520000,0.063473,0.013119,-0.044409,-0.514061,-0.665616,9.839036
25.525000,0.060542,0.014177,-0.036759,-0.483083,-0.717874,9.886151
25.530000,0.060362,0.019393,-0.039052,-0.545647,-0.631927,9.902689
25.535000,0.064034,0.015170,-0.046288,-0.538889,-0.698648,9.845545
25.540000,0.058069,0.014735,-0.036927,-0.520400,-0.675635,9.857575
25.545000,0.066395,0.015007,-0.041813,-0.517190,-0.689295,9.888412
25.550000,0.057124,0.015101,-0.039540,-0.496687,-0.649879,9.872090
25.555000,0.066925,0.015339,-0.037687,-0.511219,-0.616974,9.883308
25.560000,0.069384,0.015250,-0.037668,-0.542994,-0.657990,9.852060
25.565000,0.066615,0.012768,-0.041401,-0.493557,-0.600015,9.891431
25.570000,0.064095,0.015738,-0.044284,-0.572948,-0.630208,9.871547
25.575000,0.063680,0.009084,-0.050312,-0.447378,-0.659077,9.873946
25.580000,0.067416,0.008459,-0.042398,-0.518487,-0.630855,9.863785
25.585000,0.066229,0.016192,-0.038993,-0.521254,-0.697290,9.844706
25.590000,0.064151,0.007968,-0.040676,-0.565868,-0.619413,9.850057
25.595000,0.064147,0.018601,-0.040486,-0.493599,-0.618535,9.902058
25.600000,0.064551,0.013714,-0.044693,-0.554287,-0.654314,9.880189
25.605000,0.064321,0.013342,-0.042877,-0.499988,-0.656660,9.872346
25.610000,0.064540,0.012593,-0.045472,-0.538682,-0.568810,9.855319
25.615000,0.065381,0.014094,-0.045082,-0.570748,-0.587401,9.916008
25.620000,0.068063,0.013850,-0.043475,-0.530603,-0.616296,9.871580
25.625000,0.067957,0.010468,-0.040167,-0.509624,-0.527854,9.823455
25.630000,0.070491,0.015685,-0.043639,-0.552965,-0.544069,9.896848
25.635000,0.065094,0.008945,-0.040286,-0.545427,-0.633017,9.888232
25.640000,0.065833,0.011938,-0.048868,-0.503087,-0.579967,9.862660
25.645000,0.060870,0.010977,-0.046093,-0.548517,-0.610255,9.904270
25.650000,0.064680,0.014075,-0.042212,-0.456870,-0.566148,9.873808
25.655000,0.067164,0.014388,-0.042750,-0.561037,-0.578160,9.909945
25.660000,0.069365,0.012460,-0.041303,-0.522631,-0.596052,9.908777
25.665000,0.069007,0.009423,-0.043140,-0.546363,-0.570428,9.902115
25.670000,0.074981,0.015692,-0.046388,-0.543163,-0.581697,9.856635
25.675000,0.070290,0.013635,-0.044896,-0.510615,-0.521946,9.934668
25.680000,0.071761,0.010961,-0.046050,-0.526566,-0.538693,9.877762
25.685000,0.066500,0.013481,-0.039464,-0.532195,-0.556561,9.865702
25.690000,0.069381,0.011255,-0.045400,-0.561342,-0.569634,9.858291
25.695000,0.069715,0.009970,-0.042446,-0.531722,-0.559469,9.822079
25.700000,0.071961,0.010620,-0.044193,-0.506816,-0.586405,9.852877
25.705000,0.073021,0.008890,-0.041889,-0.531719,-0.539602,9.923691
25.710000,0.069501,0.013167,-0.041659,-0.558293,-0.564699,9.874073
25.715000,0.068382,0.009231,-0.039512,-0.537961,-0.519686,9.906603
25.720000,0.067970,0.008887,-0.047273,-0.493767,-0.546834,9.869417
25.725000,0.071141,0.009897,-0.044488,-0.547173,-0.543178,9.897538
25.730000,0.071254,0.009281,-0.040264,-0.543180,-0.536521,9.890628
25.735000,0.072087,0.014902,-0.044872,-0.572099,-0.548500,9.916101
25.740000,0.067399,0.011956,-0.044929,-0.557441,-0.520204,9.915640
25.745000,0.073089,0.008014,-0.041824,-0.566488,-0.483528,9.905104
25.750000,0.076554,0.010654,-0.044843,-0.537886,-0.515400,9.909852
25.755000,0.074883,0.009457,-0.044590,-0.524123,-0.484585,9.871246
25.760000,0.073818,0.010163,-0.040555,-0.545698,-0.458914,9.848506
25.765000,0.074633,0.015477,-0.045908,-0.540169,-0.554573,9.881563
25.770000,0.075853,0.009893,-0.043082,-0.539628,-0.514400,9.900224
25.775000,0.076062,0.009787,-0.048285,-0.503487,-0.512500,9.901643
25.780000,0.070705,0.005513,-0.045661,-0.492736,-0.547320,9.887371
25.785000,0.073561,0.011110,-0.043407,-0.513816,-0.436526,9.893890
25.790000,0.071919,0.007525,-0.044663,-0.490199,-0.482331,9.853959
25.795000,0.078047,0.008160,-0.038715,-0.576462,-0.473945,9.871447
25.800000,0.071101,0.006119,-0.040463,-0.536409,-0.469581,9.876268
25.805000,0.078582,0.006060,-0.041984,-0.610815,-0.432473,9.830647
25.810000,0.076480,0.010756,-0.045165,-0.533649,-0.473684,9.871550
25.815000,0.073370,0.010833,-0.042859,-0.582473,-0.445957,9.927857
25.820000,0.079954,0.004175,-0.054012,-0.535276,-0.466169,9.884979
25.825000,0.073330,0.006962,-0.045288,-0.547995,-0.416875,9.857045
25.830000,0.068360,0.007349,-0.046861,-0.512060,-0.456619,9.848427
25.835000,0.077963,0.010356,-0.043811,-0.555568,-0.454678,9.911775
25.840000,0.080378,0.009568,-0.037915,-0.492891,-0.500382,9.836401
25.845000,0.078985,0.009492,-0.044319,-0.548250,-0.480455,9.897661
25.850000,0.073430,0.008770,-0.043107,-0.533272,-0.444721,9.885891
25.855000,0.076669,0.004853,-0.039338,-0.595361,-0.420289,9.929452
25.860000,0.073402,0.009108,-0.045146,-0.549950,-0.425442,9.913545
25.865000,0.078801,0.002984,-0.040237,-0.533543,-0.454085,9.838082
25.870000,0.074282,0.002625,-0.046904,-0.549972,-0.479693,9.870479
25.875000,0.075621,0.005394,-0.044844,-0.565467,-0.400460,9.868112
25.880000,0.080384,0.007394,-0.040544,-0.609163,-0.461726,9.935529
25.885000,0.073845,0.005180,-0.045295,-0.592578,-0.401495,9.887049
25.890000,0.077831,0.006535,-0.043926,-0.584374,-0.369811,9.914232
25.895000,0.074049,0.005114,-0.044652,-0.550720,-0.428243,9.932337
25.900000,0.079216,0.005397,-0.046293,-0.533352,-0.399023,9.928576
25.905000,0.080701,0.009504,-0.048639,-0.588132,-0.434124,9.881605
25.910000,0.076097,0.009523,-0.043537,-0.531673,-0.431302,9.941194
25.915000,0.077762,0.000203,-0.048847,-0.556358,-0.358214,9.928364
25.920000,0.086513,0.003434,-0.039830,-0.537344,-0.401333,9.827955
25.925000,0.082313,0.001047,-0.045752,-0.602757,-0.350951,9.861802
25.930000,0.079992,0.000705,-0.045423,-0.504267,-0.388670,9.859792
25.935000,0.077373,0.000370,-0.046047,-0.546727,-0.374501,9.936812
25.940000,0.081535,0.006093,-0.035950,-0.564963,-0.390604,9.857273
25.945000,0.077000,0.006189,-0.042110,-0.602142,-0.353052,9.904629
25.950000,0.077564,0.003685,-0.048056,-0.555083,-0.370277,9.885620
25.955000,0.078646,0.007896,-0.045747,-0.489133,-0.359797,9.909213
25.960000,0.082580,0.004387,-0.038435,-0.557647,-0.363394,9.873302
25.965000,0.075705,0.003968,-0.043263,-0.558844,-0.344192,9.894072
25.970000,0.082201,0.006499,-0.047901,-0.522508,-0.371088,9.907771
25.975000,0.081695,-0.000373,-0.047057,-0.489913,-0.304674,9.924747
25.980000,0.085358,-0.000356,-0.046637,-0.543132,-0.305659,9.879600
25.985000,0.077143,0.000483,-0.045935,-0.551562,-0.323712,9.966442
25.990000,0.079271,0.002009,-0.048285,-0.549571,-0.357913,9.874759
25.995000,0.080269,0.005617,-0.044106,-0.582522,-0.379451,9.914301
26.000000,0.084656,0.003247,-0.041665,-0.578926,-0.313387,9.910357
26.005000,0.077623,0.000520,-0.042249,-0.593335,-0.329324,9.845526
26.010000,0.082922,0.002616,-0.044387,-0.575857,-0.306384,9.940786
26.015000,0.081868,0.007933,-0.043262,-0.570673,-0.336881,9.929546
26.020000,0.079263,0.002714,-0.044890,-0.563555,-0.307585,9.890150
26.025000,0.081498,-0.004732,-0.044641,-0.594303,-0.329353,9.916337
26.030000,0.084538,0.001938,-0.043067,-0.576316,-0.280661,9.933965
26.035000,0.083136,0.002121,-0.044658,-0.552947,-0.331483,9.947424
26.040000,0.085271,-0.000947,-0.044812,-0.601563,-0.296242,9.910469
26.045000,0.084920,-0.002373,-0.039642,-0.587842,-0.332999,9.851888
26.050000,0.085237,0.005709,-0.047369,-0.514479,-0.258888,9.918231
26.055000,0.083280,0.000099,-0.047489,-0.529464,-0.295903,9.853412
26.060000,0.083671,0.001759,-0.045880,-0.551492,-0.241469,9.919390
26.065000,0.086108,0.002588,-0.040695,-0.600155,-0.338212,9.881052
26.070000,0.083230,-0.002853,-0.044487,-0.535810,-0.261703,9.857534
26.075000,0.086351,-0.000386,-0.049170,-0.616041,-0.249353,9.922087
26.080000,0.080544,-0.002772,-0.044434,-0.573241,-0.284339,9.861999
26.085000,0.085614,0.000833,-0.049963,-0.550142,-0.223923,9.943199
26.090000,0.088629,-0.001721,-0.044919,-0.499452,-0.229330,9.883589
26.095000,0.078485,-0.000964,-0.043923,-0.581545,-0.208014,9.893766
26.100000,0.080227,0.000573,-0.054015,-0.573795,-0.228518,9.899097
26.105000,0.084754,-0.003256,-0.045921,-0.555882,-0.212022,9.877534
26.110000,0.088605,-0.001121,-0.043148,-0.579567,-0.231223,9.917038
26.115000,0.089645,-0.001750,-0.048700,-0.602656,-0.184081,9.881760
26.120000,0.082729,-0.002786,-0.049352,-0.540422,-0.213998,9.860029
26.125000,0.080736,0.004523,-0.052879,-0.520824,-0.188921,9.864258
26.130000,0.087832,-0.005063,-0.046364,-0.579996,-0.152344,9.873291
26.135000,0.085118,-0.004446,-0.047067,-0.610902,-0.189880,9.880430
26.140000,0.084908,-0.003944,-0.046039,-0.532771,-0.231252,9.858072
26.145000,0.088284,-0.000289,-0.054059,-0.519663,-0.222181,9.903122
26.150000,0.088681,-0.006679,-0.049713,-0.608178,-0.182829,9.912270
26.155000,0.087071,0.001349,-0.044171,-0.604588,-0.163524,9.888531
26.160000,0.088189,-0.002908,-0.047695,-0.555742,-0.179840,9.866757
26.165000,0.086150,-0.002237,-0.048115,-0.577442,-0.160039,9.910812
26.170000,0.089753,-0.001960,-0.048881,-0.563742,-0.217597,9.917918
26.175000,0.085922,-0.006072,-0.046150,-0.635269,-0.172962,9.926160
26.180000,0.087108,0.001144,-0.047222,-0.555361,-0.113780,9.898599
26.185000,0.084058,0.002189,-0.045091,-0.564639,-0.167434,9.960104
26.190000,0.090135,-0.004642,-0.040270,-0.562354,-0.154284,9.861237
26.195000,0.095148,-0.004976,-0.050721,-0.529036,-0.205356,9.900115
26.200000,0.087605,0.002745,-0.045983,-0.609596,-0.115310,9.850778
26.205000,0.087125,-0.008106,-0.050683,-0.637945,-0.140111,9.922806
26.210000,0.090778,-0.004961,-0.051313,-0.570919,-0.171897,9.945494
26.215000,0.091513,-0.005877,-0.045919,-0.597411,-0.191500,9.937178
26.220000,0.089323,-0.005897,-0.046240,-0.581241,-0.061179,9.896357
26.225000,0.082645,-0.003766,-0.050494,-0.575462,-0.156250,9.881277
26.230000,0.090624,-0.002107,-0.048027,-0.582591,-0.138307,9.936696
26.235000,0.094431,0.000266,-0.051890,-0.589939,-0.098529,9.860653
26.240000,0.092347,-0.008311,-0.047885,-0.606905,-0.138911,9.955875
26.245000,0.090113,-0.002474,-0.042985,-0.562376,-0.086064,9.893051
26.250000,0.088345,-0.003342,-0.045674,-0.550048,-0.115989,9.858563
26.255000,0.092651,-0.002102,-0.048317,-0.617190,-0.083808,9.901531
26.260000,0.092038,-0.007088,-0.045946,-0.586118,-0.081233,9.880423
26.265000,0.093209,-0.007565,-0.052976,-0.575842,-0.023655,9.931895
26.270000,0.089092,-0.007313,-0.051214,-0.575288,-0.125252,9.876647
26.275000,0.090937,-0.007073,-0.045673,-0.589482,-0.089966,9.928555
26.280000,0.091161,-0.007972,-0.049287,-0.614816,-0.070671,9.869680
26.285000,0.093604,-0.008191,-0.042373,-0.514815,-0.097727,9.873369
26.290000,0.091491,-0.005893,-0.047466,-0.636349,-0.069533,9.895999
26.295000,0.093324,-0.002553,-0.046039,-0.536467,-0.101014,9.908502
26.300000,0.090947,-0.005587,-0.042879,-0.504216,-0.018018,9.939287
26.305000,0.089638,-0.005202,-0.042705,-0.584357,-0.005817,9.883271
26.310000,0.088075,-0.007313,-0.049105,-0.578466,-0.064375,9.883323
26.315000,0.093008,-0.007151,-0.048857,-0.605209,-0.047610,9.899673
26.320000,0.093589,-0.009518,-0.048097,-0.553608,-0.086603,9.911716
26.325000,0.092228,-0.005180,-0.049021,-0.541364,-0.026830,9.914915
26.330000,0.093021,-0.008428,-0.048806,-0.564407,-0.042360,9.872096
26.335000,0.092245,-0.008760,-0.054917,-0.532905,0.013196,9.865012
26.340000,0.092480,-0.010987,-0.045969,-0.573463,-0.027806,9.912438
26.345000,0.087955,-0.009865,-0.047325,-0.564000,-0.059230,9.969325
26.350000,0.094199,-0.010463,-0.044265,-0.601601,-0.004307,9.899640
26.355000,0.093581,-0.008544,-0.047240,-0.648112,-0.040164,9.895601
26.360000,0.092303,-0.013392,-0.042418,-0.538789,0.037871,9.912234
26.365000,0.090206,-0.003186,-0.052855,-0.556005,-0.018493,9.905127
26.370000,0.091717,-0.011906,-0.045308,-0.553239,-0.022710,9.872785
26.375000,0.094788,-0.001061,-0.049414,-0.530878,-0.039433,9.886449
26.380000,0.094597,-0.005842,-0.046654,-0.616937,-0.032721,9.910529
26.385000,0.096955,-0.006732,-0.046807,-0.614347,0.051363,9.877543
26.390000,0.094409,-0.008618,-0.047551,-0.566400,0.003555,9.906883
26.395000,0.092624,-0.003973,-0.046724,-0.559183,0.076101,9.885153
26.400000,0.092457,-0.006627,-0.049564,-0.546330,0.085530,9.924779
26.405000,0.097160,-0.005205,-0.047776,-0.535432,0.010595,9.901073
26.410000,0.094570,-0.009512,-0.052982,-0.544792,0.032062,9.890367
26.415000,0.094800,-0.008900,-0.043219,-0.528526,0.095290,9.853678
26.420000,0.091196,-0.007520,-0.043584,-0.537049,0.061361,9.912106
26.425000,0.094962,-0.007653,-0.048216,-0.551642,0.026742,9.923576
26.430000,0.095747,-0.005903,-0.048159,-0.627378,0.057653,9.934151
26.435000,0.094946,-0.009418,-0.049741,-0.627004,0.011521,9.884821
26.440000,0.095474,-0.009480,-0.049189,-0.546317,0.072069,9.895626
26.445000,0.091839,-0.010200,-0.050191,-0.594817,0.026432,9.897071
26.450000,0.095478,-0.008227,-0.051387,-0.566192,0.060343,9.887376
26.455000,0.098625,-0.007382,-0.046751,-0.520208,0.076475,9.910585
26.460000,0.093695,-0.012406,-0.044193,-0.554167,0.077301,9.920651
26.465000,0.094276,-0.004247,-0.045907,-0.575883,0.081486,9.884406
26.470000,0.092311,-0.013540,-0.049619,-0.557145,0.115171,9.914815
26.475000,0.098836,-0.008055,-0.049250,-0.578312,0.096783,9.878617
26.480000,0.102716,-0.009976,-0.051673,-0.596100,0.132291,9.891449
26.485000,0.093850,-0.010374,-0.046971,-0.521250,0.123625,9.895759
26.490000,0.100654,-0.013671,-0.048186,-0.556066,0.143727,9.918211
26.495000,0.096689,-0.010766,-0.045162,-0.569493,0.112012,9.857533
26.500000,0.098214,-0.013438,-0.046918,-0.558039,0.121869,9.932913
26.505000,0.103612,-0.008988,-0.042218,-0.554074,0.161903,9.911651
26.510000,0.095443,-0.013850,-0.045838,-0.589605,0.155087,9.842111
26.515000,0.089934,-0.011631,-0.052877,-0.574785,0.179754,9.910259
26.520000,0.093108,-0.009368,-0.047933,-0.582260,0.095587,9.934330
26.525000,0.094637,-0.009665,-0.048218,-0.563317,0.086375,9.870300
26.530000,0.099142,-0.013215,-0.050097,-0.544822,0.139129,9.924160
26.535000,0.100068,-0.009333,-0.049203,-0.482944,0.146943,9.923751
26.540000,0.098908,-0.019093,-0.047793,-0.544493,0.149850,9.871017
26.545000,0.094541,-0.011278,-0.050832,-0.570277,0.119536,9.924197
26.550000,0.098719,-0.016495,-0.049530,-0.542600,0.138489,9.924562
26.555000,0.093636,-0.015756,-0.051555,-0.581213,0.159694,9.892316
26.560000,0.099182,-0.013621,-0.050241,-0.582466,0.184640,9.914479
26.565000,0.101192,-0.008268,-0.045713,-0.519491,0.206635,9.900259
26.570000,0.091576,-0.010931,-0.042394,-0.549361,0.174023,9.937034
26.575000,0.086837,-0.006195,-0.048772,-0.561803,0.210862,9.913626
26.580000,0.096132,-0.012823,-0.050929,-0.595078,0.178421,9.942187
26.585000,0.099860,-0.010366,-0.048889,-0.574839,0.184015,9.900383
26.590000,0.092116,-0.017916,-0.048096,-0.610095,0.224677,9.939285
26.595000,0.094808,-0.015495,-0.045558,-0.564866,0.231296,9.879564
26.600000,0.098893,-0.017581,-0.049517,-0.568442,0.164430,9.888267
26.605000,0.096596,-0.017434,-0.048514,-0.557067,0.263246,9.925724
26.610000,0.095650,-0.015535,-0.041304,-0.562069,0.293707,9.862804
26.615000,0.096548,-0.019024,-0.051413,-0.600479,0.211401,9.902154
26.620000,0.098353,-0.010779,-0.048483,-0.591547,0.196528,9.897422
26.625000,0.099417,-0.014701,-0.046207,-0.575099,0.255340,9.907841
26.630000,0.097002,-0.019610,-0.043432,-0.585749,0.270776,9.914117
26.635000,0.099355,-0.014156,-0.045147,-0.554716,0.230207,9.871425
26.640000,0.095893,-0.011775,-0.044917,-0.559068,0.217684,9.892332
26.645000,0.100457,-0.013924,-0.046546,-0.563152,0.266959,9.910936
26.650000,0.096151,-0.016293,-0.045435,-0.510258,0.216912,9.902637
26.655000,0.099162,-0.012656,-0.046534,-0.594759,0.273809,9.867513
26.660000,0.096438,-0.015636,-0.050212,-0.541684,0.251029,9.930491
26.665000,0.096814,-0.016178,-0.051272,-0.576195,0.274186,9.906372
26.670000,0.097855,-0.014813,-0.044575,-0.528115,0.304720,9.905065
26.675000,0.098623,-0.011403,-0.046990,-0.556515,0.278885,9.858509
26.680000,0.091574,-0.015091,-0.049246,-0.522593,0.303647,9.842321
26.685000,0.095957,-0.017119,-0.048555,-0.536616,0.273955,9.897513
26.690000,0.096632,-0.012855,-0.048300,-0.526270,0.347566,9.884164
26.695000,0.099198,-0.014025,-0.047623,-0.512436,0.342338,9.984122
26.700000,0.098444,-0.017487,-0.046859,-0.559851,0.315820,9.837913
26.705000,0.101448,-0.019113,-0.047452,-0.531408,0.303459,9.963015
26.710000,0.099123,-0.016920,-0.044778,-0.571210,0.342391,9.914563
26.715000,0.092437,-0.021909,-0.050792,-0.588135,0.280339,9.917196
26.720000,0.093803,-0.018339,-0.049138,-0.580865,0.347107,9.905859
26.725000,0.101351,-0.018191,-0.044809,-0.528649,0.309733,9.902948
26.730000,0.099516,-0.016724,-0.048556,-0.526177,0.397481,9.881083
26.735000,0.103322,-0.014084,-0.048190,-0.602345,0.330350,9.889992
26.740000,0.096720,-0.016291,-0.047408,-0.560013,0.344897,9.960838
26.745000,0.099094,-0.020364,-0.043265,-0.568439,0.311388,9.921153
26.750000,0.096361,-0.022334,-0.052514,-0.611895,0.319987,9.879085
26.755000,0.101334,-0.016363,-0.046494,-0.470391,0.363741,9.926631
26.760000,0.101711,-0.015662,-0.044139,-0.563302,0.324366,9.857128
26.765000,0.098331,-0.023055,-0.047842,-0.562592,0.321640,9.949823
26.770000,0.092990,-0.014615,-0.044348,-0.554852,0.408984,9.908690
26.775000,0.100733,-0.024842,-0.048641,-0.570598,0.357660,9.905577
26.780000,0.101597,-0.021679,-0.051626,-0.561420,0.389435,9.869143
26.785000,0.102248,-0.019070,-0.045989,-0.547173,0.433150,9.901101
26.790000,0.091715,-0.023162,-0.049453,-0.495801,0.365069,9.960302
26.795000,0.099606,-0.015058,-0.048044,-0.555678,0.353465,9.889941
26.800000,0.097604,-0.022059,-0.044477,-0.542659,0.389684,9.904131
26.805000,0.102648,-0.021296,-0.048017,-0.559726,0.364838,9.888270
26.810000,0.097769,-0.020039,-0.046190,-0.626017,0.330062,9.929288
26.815000,0.105510,-0.020772,-0.047976,-0.552522,0.352868,9.858488
26.820000,0.096343,-0.017537,-0.041528,-0.603892,0.386026,9.874783
26.825000,0.100443,-0.022079,-0.046010,-0.523863,0.451109,9.907896
26.830000,0.100420,-0.019508,-0.045980,-0.502502,0.406905,9.859978
26.835000,0.101057,-0.022408,-0.045133,-0.525330,0.421369,9.839032
26.840000,0.099033,-0.021015,-0.051962,-0.488240,0.439574,9.893905
26.845000,0.097710,-0.020506,-0.042228,-0.519932,0.405848,9.902875
26.850000,0.100790,-0.021233,-0.049623,-0.541381,0.441917,9.931294
26.855000,0.099392,-0.024821,-0.045743,-0.571138,0.493089,9.836903
26.860000,0.101552,-0.020092,-0.042672,-0.533863,0.474458,9.899584
26.865000,0.104365,-0.018317,-0.051625,-0.522070,0.434781,9.898195
26.870000,0.094998,-0.020580,-0.046302,-0.569649,0.476985,9.928647
26.875000,0.103988,-0.024002,-0.051280,-0.544924,0.476508,9.993338
26.880000,0.098532,-0.025507,-0.047923,-0.610540,0.445641,9.936231
26.885000,0.093206,-0.021705,-0.055016,-0.513844,0.543030,9.897037
26.890000,0.097207,-0.026180,-0.050970,-0.590849,0.433541,9.903988
26.895000,0.101553,-0.024076,-0.052747,-0.569745,0.495242,9.933009
26.900000,0.098641,-0.024118,-0.047692,-0.524671,0.509651,9.931787
26.905000,0.099344,-0.023880,-0.052720,-0.518598,0.477562,9.886801
26.910000,0.097601,-0.024854,-0.052443,-0.499984,0.505527,9.887275
26.915000,0.098080,-0.024252,-0.050315,-0.562434,0.502893,9.913216
26.920000,0.090854,-0.024390,-0.049224,-0.511028,0.443584,9.916709
26.925000,0.094098,-0.020154,-0.050783,-0.535450,0.524804,9.882076
26.930000,0.099809,-0.024769,-0.042459,-0.520333,0.527799,9.849007
26.935000,0.103788,-0.022582,-0.048274,-0.561271,0.466842,9.904908
26.940000,0.100148,-0.024170,-0.052195,-0.536662,0.487818,9.898884
26.945000,0.100884,-0.018008,-0.050920,-0.499173,0.558052,9.919050
26.950000,0.100932,-0.021234,-0.048815,-0.524798,0.559619,9.866515
26.955000,0.103101,-0.020584,-0.050723,-0.486822,0.525296,9.890393
26.960000,0.103535,-0.027356,-0.045378,-0.529521,0.538458,9.951102
26.965000,0.099814,-0.021116,-0.047915,-0.554779,0.520873,9.896047
26.970000,0.098152,-0.025774,-0.047611,-0.542522,0.559347,9.954402
26.975000,0.105158,-0.024810,-0.050861,-0.516395,0.637020,9.862470
26.980000,0.094789,-0.027289,-0.048006,-0.527263,0.553462,9.864378
26.985000,0.102110,-0.023147,-0.052795,-0.563743,0.621276,9.852251
26.990000,0.095572,-0.019577,-0.041963,-0.538665,0.571780,9.885854
26.995000,0.099539,-0.029808,-0.046550,-0.520093,0.606651,9.878013
27.000000,0.095187,-0.026128,-0.051096,-0.499744,0.595803,9.899413
27.005000,0.097133,-0.031688,-0.048786,-0.517669,0.512366,9.930134
27.010000,0.091446,-0.027383,-0.052565,-0.569517,0.573097,9.902382
27.015000,0.099361,-0.030899,-0.053281,-0.516548,0.619733,9.836691
27.020000,0.108550,-0.026566,-0.046723,-0.492323,0.623023,9.808790
27.025000,0.098874,-0.025067,-0.044864,-0.495975,0.565971,9.880122
27.030000,0.094772,-0.025875,-0.054896,-0.528373,0.601297,9.909497
27.035000,0.100029,-0.023355,-0.046099,-0.611569,0.592242,9.924035
27.040000,0.094742,-0.024590,-0.051219,-0.539972,0.630852,9.885777
27.045000,0.099847,-0.024360,-0.051091,-0.512616,0.614686,9.873761
27.050000,0.103343,-0.030166,-0.051483,-0.515996,0.627767,9.906226
27.055000,0.102882,-0.024801,-0.047127,-0.505551,0.575898,9.885675
27.060000,0.102246,-0.029016,-0.049205,-0.558459,0.659899,9.868496
27.065000,0.097983,-0.028370,-0.047944,-0.538957,0.666727,9.906913
27.070000,0.097387,-0.029554,-0.048439,-0.513216,0.635996,9.855719
27.075000,0.102627,-0.027785,-0.048941,-0.535019,0.650198,9.845768
27.080000,0.099358,-0.026837,-0.048207,-0.518372,0.659619,9.870918
27.085000,0.096779,-0.029866,-0.044744,-0.493017,0.684897,9.853375
27.090000,0.095016,-0.026405,-0.051602,-0.494714,0.561451,9.904637
27.095000,0.097379,-0.033640,-0.052522,-0.528960,0.677490,9.879759
27.100000,0.098161,-0.033093,-0.045431,-0.513020,0.680995,9.818930
27.105000,0.091738,-0.028408,-0.050256,-0.512081,0.649304,9.894119
27.110000,0.092618,-0.027083,-0.050393,-0.487874,0.665711,9.896839
27.115000,0.094390,-0.026211,-0.051680,-0.496429,0.662588,9.904188
27.120000,0.098021,-0.032191,-0.045676,-0.484532,0.677397,9.910748
27.125000,0.102440,-0.027480,-0.043588,-0.511400,0.718791,9.882298
27.130000,0.095891,-0.033625,-0.047245,-0.535761,0.655095,9.810554
27.135000,0.104480,-0.026849,-0.050753,-0.483800,0.669421,9.897422
27.140000,0.101667,-0.033339,-0.045716,-0.549213,0.702062,9.872134
27.145000,0.097512,-0.028942,-0.046627,-0.510536,0.706740,9.880925
27.150000,0.101831,-0.027282,-0.053288,-0.511915,0.687119,9.898374
27.155000,0.102907,-0.033264,-0.048240,-0.482388,0.693364,9.878937
27.160000,0.096924,-0.028556,-0.042617,-0.523608,0.688025,9.896006
27.165000,0.097679,-0.027614,-0.053123,-0.497435,0.711505,9.874290
27.170000,0.095994,-0.031069,-0.050257,-0.493244,0.758785,9.822115
27.175000,0.099158,-0.031684,-0.043768,-0.527947,0.716959,9.844380
27.180000,0.097171,-0.032314,-0.048069,-0.517289,0.735739,9.849297
27.185000,0.100479,-0.038954,-0.047385,-0.504381,0.774476,9.934235
27.190000,0.098676,-0.035076,-0.048334,-0.544001,0.763264,9.897422
27.195000,0.098996,-0.034278,-0.046535,-0.522640,0.725469,9.855100
27.200000,0.096731,-0.031262,-0.049127,-0.460581,0.789305,9.886036
27.205000,0.094041,-0.035718,-0.045614,-0.470692,0.751724,9.877826
27.210000,0.093965,-0.030403,-0.056571,-0.405520,0.787269,9.891452
27.215000,0.100555,-0.033511,-0.048561,-0.480915,0.775788,9.879373
27.220000,0.093869,-0.028590,-0.049344,-0.532877,0.781185,9.883702
27.225000,0.096691,-0.033011,-0.051991,-0.487588,0.749271,9.922989
27.230000,0.099005,-0.032112,-0.046163,-0.493895,0.761761,9.875579
27.235000,0.101853,-0.036169,-0.052903,-0.526342,0.762903,9.858676
27.240000,0.096570,-0.033995,-0.050405,-0.428688,0.792140,9.821433
27.245000,0.093940,-0.029358,-0.048060,-0.490653,0.813971,9.830970
27.250000,0.096866,-0.034818,-0.051325,-0.520434,0.824203,9.905676
27.255000,0.097636,-0.030472,-0.053637,-0.499568,0.833270,9.900602
27.260000,0.095444,-0.034116,-0.048754,-0.421149,0.778377,9.886177
27.265000,0.093926,-0.037687,-0.048271,-0.507511,0.787023,9.855364
27.270000,0.100709,-0.033763,-0.045110,-0.425188,0.794470,9.877166
27.275000,0.096006,-0.031059,-0.044984,-0.473922,0.800572,9.871986
27.280000,0.097948,-0.035026,-0.049829,-0.509129,0.810125,9.826671
27.285000,0.095511,-0.029563,-0.047060,-0.470175,0.855386,9.837614
27.290000,0.100757,-0.036210,-0.047218,-0.443248,0.797633,9.857486
27.295000,0.093058,-0.034433,-0.041886,-0.513187,0.886607,9.841417
27.300000,0.096850,-0.031722,-0.055665,-0.494564,0.853449,9.889292
27.305000,0.098061,-0.038079,-0.048622,-0.519846,0.915013,9.888121
27.310000,0.097689,-0.037533,-0.051134,-0.513720,0.780726,9.862607
27.315000,0.095325,-0.027154,-0.048286,-0.470708,0.859034,9.927908
27.320000,0.094013,-0.036561,-0.053527,-0.458728,0.864679,9.829045
27.325000,0.094730,-0.040627,-0.047627,-0.465944,0.844595,9.869987
27.330000,0.098360,-0.037677,-0.050080,-0.490210,0.885486,9.850262
27.335000,0.097974,-0.033505,-0.044999,-0.460069,0.853443,9.884882
27.340000,0.094116,-0.037951,-0.047058,-0.484970,0.917568,9.825018
27.345000,0.093273,-0.032820,-0.049466,-0.482872,0.852189,9.911939
27.350000,0.096676,-0.037435,-0.048943,-0.469553,0.843908,9.890192
27.355000,0.094784,-0.034622,-0.056905,-0.430956,0.831521,9.872076
27.360000,0.097046,-0.033985,-0.053659,-0.439423,0.894699,9.934789
27.365000,0.092206,-0.035138,-0.050700,-0.469744,0.893986,9.891785
27.370000,0.090796,-0.035384,-0.044888,-0.501088,0.897939,9.881088
27.375000,0.090838,-0.030593,-0.051359,-0.435781,0.929440,9.839848
27.380000,0.097144,-0.035648,-0.044217,-0.486447,0.900667,9.885669
27.385000,0.096861,-0.041381,-0.050971,-0.447643,0.898440,9.862555
27.390000,0.100276,-0.041293,-0.054659,-0.441146,0.883475,9.845511
27.395000,0.097648,-0.037386,-0.054357,-0.406026,0.912888,9.828300
27.400000,0.095934,-0.031290,-0.048743,-0.457356,0.912119,9.858777
27.405000,0.096169,-0.042039,-0.048622,-0.483530,0.914782,9.885685
27.410000,0.098599,-0.040598,-0.052964,-0.449950,0.917532,9.858057
27.415000,0.092707,-0.035147,-0.042903,-0.435461,0.931744,9.870413
27.420000,0.091811,-0.033496,-0.048716,-0.430246,0.907034,9.844412
27.425000,0.091982,-0.035900,-0.053872,-0.435458,1.012946,9.893447
27.430000,0.097434,-0.035281,-0.046720,-0.431323,0.937619,9.836941
27.435000,0.092963,-0.040768,-0.045507,-0.414134,0.982695,9.831491
27.440000,0.096244,-0.035694,-0.046207,-0.459058,0.969056,9.858312
27.445000,0.094964,-0.045025,-0.047693,-0.481358,0.985040,9.874937
27.450000,0.093616,-0.038176,-0.049874,-0.454463,0.992576,9.873015
27.455000,0.097590,-0.038318,-0.043832,-0.503655,1.030089,9.922238
27.460000,0.089160,-0.038476,-0.044705,-0.433448,0.981089,9.846906
27.465000,0.091918,-0.041522,-0.048950,-0.473305,1.013113,9.880575
27.470000,0.092187,-0.038985,-0.049099,-0.491889,1.020185,9.907260
27.475000,0.093493,-0.037951,-0.045735,-0.434732,1.006766,9.817600
27.480000,0.083573,-0.038427,-0.050475,-0.458788,0.975579,9.865536
27.485000,0.091107,-0.034495,-0.048560,-0.397644,0.966204,9.896136
27.490000,0.088696,-0.042710,-0.045681,-0.432508,0.940537,9.843285
27.495000,0.089542,-0.038610,-0.041820,-0.428556,0.981221,9.877089
27.500000,0.093459,-0.040945,-0.042653,-0.464393,1.023505,9.848388
27.505000,0.089286,-0.034206,-0.047950,-0.406975,1.046390,9.841462
27.510000,0.093341,-0.041484,-0.053625,-0.415612,1.006408,9.902860
27.515000,0.092870,-0.038348,-0.046361,-0.488947,1.003032,9.850078
27.520000,0.093178,-0.037716,-0.045634,-0.449297,1.020438,9.850624
27.525000,0.087586,-0.038613,-0.053732,-0.442833,1.035421,9.932390
27.530000,0.087466,-0.036369,-0.046792,-0.432477,1.090958,9.802759
27.535000,0.091690,-0.035967,-0.050854,-0.429458,1.036696,9.827284
27.540000,0.091859,-0.042284,-0.051289,-0.463738,1.060438,9.867604
27.545000,0.093669,-0.039171,-0.050686,-0.411562,1.119392,9.822717
27.550000,0.083947,-0.040546,-0.048154,-0.392955,1.050693,9.852292
27.555000,0.090896,-0.037532,-0.048712,-0.391306,1.105801,9.863588
27.560000,0.088984,-0.039506,-0.048874,-0.472972,1.087587,9.868264
27.565000,0.093228,-0.041606,-0.055099,-0.482048,1.017403,9.824012
27.570000,0.093284,-0.038896,-0.049385,-0.475459,1.074075,9.840721
27.575000,0.086088,-0.039533,-0.046263,-0.438909,1.064209,9.844810
27.580000,0.092455,-0.045308,-0.049898,-0.460901,1.027617,9.835806
27.585000,0.087551,-0.043665,-0.049401,-0.393631,1.021409,9.921566
27.590000,0.089662,-0.045277,-0.048965,-0.366463,1.016504,9.807078
27.595000,0.086616,-0.043150,-0.044701,-0.437989,1.106100,9.854781
27.600000,0.093976,-0.039396,-0.051952,-0.476879,1.065548,9.821082
27.605000,0.087870,-0.041691,-0.049545,-0.489554,1.082441,9.839663
27.610000,0.087532,-0.045581,-0.053246,-0.489323,1.054654,9.798171
27.615000,0.086953,-0.042413,-0.046307,-0.387879,1.133899,9.868240
27.620000,0.089591,-0.042755,-0.053677,-0.437157,1.065709,9.863327
27.625000,0.089364,-0.041540,-0.052956,-0.449609,1.095258,9.891517
27.630000,0.085839,-0.039489,-0.045947,-0.385367,1.098865,9.861573
27.635000,0.085413,-0.044054,-0.044201,-0.443536,1.133189,9.838290
27.640000,0.085261,-0.045252,-0.050695,-0.414975,1.070269,9.833520
27.645000,0.091295,-0.041660,-0.052745,-0.435863,1.102862,9.885664
27.650000,0.090717,-0.040357,-0.046337,-0.437725,1.076915,9.780144
27.655000,0.086378,-0.042358,-0.046435,-0.435168,1.087355,9.893683
27.660000,0.086384,-0.046717,-0.046206,-0.437173,1.104929,9.862322
27.665000,0.095065,-0.044616,-0.047543,-0.401944,1.139254,9.815667
27.670000,0.087820,-0.039647,-0.048290,-0.396509,1.140214,9.854383
27.675000,0.079900,-0.048765,-0.052240,-0.373577,1.147997,9.859535
27.680000,0.078916,-0.043119,-0.046682,-0.400232,1.139800,9.823999
27.685000,0.089161,-0.044135,-0.048333,-0.429783,1.181698,9.845054
27.690000,0.084753,-0.038703,-0.046955,-0.437015,1.140462,9.803903
27.695000,0.089524,-0.042797,-0.050431,-0.407202,1.121061,9.819722
27.700000,0.089377,-0.045672,-0.051252,-0.413953,1.154758,9.875771
27.705000,0.088271,-0.041726,-0.050364,-0.385349,1.135564,9.781386
27.710000,0.088982,-0.046466,-0.054721,-0.412977,1.113821,9.851887
27.715000,0.084876,-0.046269,-0.044944,-0.427025,1.160811,9.863270
27.720000,0.084851,-0.043961,-0.051392,-0.337799,1.171410,9.854813
27.725000,0.083875,-0.043217,-0.049746,-0.368314,1.167806,9.811609
27.730000,0.084914,-0.039730,-0.049139,-0.381015,1.180839,9.852572
27.735000,0.082688,-0.043657,-0.050504,-0.382870,1.125321,9.885426
27.740000,0.084139,-0.043214,-0.052080,-0.390038,1.167114,9.864570
27.745000,0.085471,-0.044224,-0.049267,-0.375511,1.204038,9.859032
27.750000,0.080512,-0.049866,-0.044019,-0.399052,1.165204,9.837619
27.755000,0.083039,-0.048344,-0.047669,-0.339686,1.184327,9.872515
27.760000,0.083370,-0.049762,-0.049630,-0.418758,1.199201,9.801681
27.765000,0.086897,-0.041512,-0.046728,-0.394531,1.189669,9.921548
27.770000,0.080402,-0.041983,-0.044664,-0.361743,1.244911,9.862278
27.775000,0.086024,-0.049279,-0.054446,-0.393562,1.179933,9.841813
27.780000,0.088397,-0.046057,-0.054435,-0.386428,1.160261,9.838363
27.785000,0.085768,-0.039741,-0.042578,-0.412657,1.221813,9.845644
27.790000,0.080634,-0.050823,-0.042970,-0.355137,1.241559,9.812127
27.795000,0.090640,-0.043575,-0.051277,-0.441798,1.261549,9.799696
27.800000,0.084150,-0.043590,-0.050990,-0.325377,1.204722,9.852768
27.805000,0.077047,-0.040524,-0.054454,-0.332265,1.180974,9.847948
27.810000,0.079176,-0.046652,-0.046675,-0.376681,1.283061,9.852388
27.815000,0.082331,-0.046115,-0.042540,-0.392185,1.243401,9.840511
27.820000,0.083577,-0.043425,-0.052033,-0.390296,1.241972,9.889087
27.825000,0.081585,-0.045770,-0.052914,-0.323457,1.274784,9.815459
27.830000,0.084299,-0.043084,-0.044526,-0.394637,1.211620,9.784336
27.835000,0.076335,-0.045417,-0.046840,-0.371591,1.288434,9.826914
27.840000,0.081733,-0.044099,-0.044840,-0.380985,1.269124,9.793059
27.845000,0.082024,-0.040206,-0.049840,-0.349169,1.245651,9.835693
27.850000,0.076524,-0.049468,-0.046794,-0.320891,1.204689,9.842118
27.855000,0.078298,-0.046943,-0.049691,-0.389800,1.226838,9.858631
27.860000,0.082222,-0.050337,-0.051183,-0.332034,1.370957,9.851058
27.865000,0.080064,-0.049479,-0.051092,-0.378179,1.292130,9.821981
27.870000,0.077291,-0.046435,-0.047745,-0.399205,1.274318,9.825281
27.875000,0.087540,-0.049211,-0.047157,-0.324082,1.326056,9.822889
27.880000,0.080087,-0.049501,-0.050017,-0.332817,1.258203,9.827869
27.885000,0.083542,-0.040375,-0.048054,-0.360197,1.262302,9.859182
27.890000,0.078246,-0.047485,-0.050316,-0.372609,1.269927,9.838614
27.895000,0.077955,-0.050640,-0.046714,-0.312079,1.296863,9.838077
27.900000,0.076841,-0.045375,-0.049722,-0.346080,1.302503,9.827588
27.905000,0.080642,-0.048664,-0.048282,-0.283366,1.262835,9.832349
27.910000,0.083339,-0.048221,-0.046834,-0.349015,1.315633,9.865295
27.915000,0.080313,-0.048981,-0.047846,-0.347985,1.264121,9.830850
27.920000,0.077531,-0.044985,-0.051327,-0.360433,1.290655,9.780788
27.925000,0.082430,-0.049938,-0.045161,-0.322098,1.328069,9.840460
27.930000,0.081971,-0.049923,-0.047860,-0.318016,1.333321,9.875983
27.935000,0.081916,-0.044302,-0.047107,-0.346523,1.339724,9.854945
27.940000,0.085907,-0.046174,-0.050521,-0.324075,1.298208,9.780082
27.945000,0.077801,-0.045477,-0.043804,-0.319636,1.330146,9.845181
27.950000,0.075436,-0.051317,-0.046687,-0.330031,1.333677,9.792265
27.955000,0.075491,-0.051172,-0.051072,-0.312416,1.319861,9.857988
27.960000,0.070409,-0.052054,-0.046330,-0.371795,1.297856,9.844613
27.965000,0.076702,-0.049044,-0.045851,-0.342188,1.332635,9.830389
27.970000,0.074492,-0.054847,-0.046494,-0.301080,1.335964,9.863595
27.975000,0.079487,-0.051750,-0.050923,-0.249415,1.282582,9.849938
27.980000,0.072844,-0.046211,-0.043800,-0.260383,1.313715,9.805235
27.985000,0.075902,-0.049531,-0.046761,-0.338551,1.336611,9.838025
27.990000,0.076264,-0.049431,-0.047910,-0.388905,1.385118,9.853542
27.995000,0.073212,-0.051524,-0.046588,-0.326427,1.355549,9.841723
28.000000,0.070151,-0.052315,-0.042812,-0.321395,1.298610,9.884127
28.005000,0.079684,-0.046201,-0.048955,-0.327171,1.336002,9.878164
28.010000,0.077281,-0.045127,-0.053507,-0.332352,1.330955,9.825088
28.015000,0.075282,-0.053663,-0.052468,-0.299799,1.369902,9.785162
28.020000,0.072953,-0.049837,-0.044921,-0.296213,1.360247,9.784530
28.025000,0.070609,-0.049910,-0.051613,-0.322224,1.338987,9.855090
28.030000,0.071169,-0.057607,-0.050093,-0.313918,1.384659,9.782803
28.035000,0.074792,-0.054563,-0.055167,-0.286370,1.324799,9.828868
28.040000,0.069670,-0.055154,-0.052708,-0.344817,1.376332,9.780328
28.045000,0.074737,-0.049828,-0.049850,-0.259370,1.352727,9.820335
28.050000,0.069629,-0.053779,-0.046843,-0.320607,1.394018,9.838707
28.055000,0.076217,-0.054772,-0.046106,-0.277070,1.350055,9.759936
28.060000,0.072614,-0.051885,-0.044030,-0.267556,1.396134,9.791519
28.065000,0.071248,-0.051942,-0.045474,-0.256819,1.412682,9.809142
28.070000,0.072429,-0.053092,-0.046175,-0.263836,1.372110,9.862309
28.075000,0.071561,-0.049466,-0.051306,-0.278615,1.359560,9.783262
28.080000,0.068286,-0.049343,-0.049131,-0.347486,1.398929,9.879891
28.085000,0.067747,-0.051545,-0.049510,-0.275562,1.406383,9.831924
28.090000,0.073765,-0.054154,-0.049558,-0.307632,1.376023,9.789152
28.095000,0.069293,-0.056456,-0.049681,-0.335098,1.413286,9.786228
28.100000,0.072830,-0.058945,-0.048117,-0.294278,1.429135,9.797447
28.105000,0.070192,-0.044604,-0.041779,-0.274051,1.428970,9.834116
28.110000,0.070269,-0.051606,-0.045372,-0.283607,1.421779,9.861213
28.115000,0.070536,-0.053872,-0.045882,-0.307650,1.393605,9.805588
28.120000,0.071478,-0.051778,-0.049495,-0.316091,1.404849,9.769002
28.125000,0.066200,-0.053617,-0.047987,-0.243446,1.462443,9.831818
28.130000,0.069963,-0.048357,-0.046030,-0.232225,1.394369,9.796629
28.135000,0.069783,-0.052727,-0.044872,-0.273692,1.504026,9.806559
28.140000,0.071995,-0.058001,-0.049282,-0.286938,1.419372,9.832805
28.145000,0.061018,-0.049689,-0.047303,-0.255096,1.475479,9.814547
28.150000,0.066004,-0.051398,-0.045627,-0.265849,1.401466,9.811244
28.155000,0.069545,-0.057273,-0.047756,-0.266176,1.429845,9.773886
28.160000,0.071672,-0.056515,-0.046990,-0.286974,1.362883,9.814540
28.165000,0.065333,-0.047982,-0.050041,-0.287326,1.398193,9.836912
28.170000,0.066552,-0.059904,-0.045481,-0.292735,1.488615,9.844052
28.175000,0.069550,-0.056115,-0.044685,-0.308633,1.404385,9.812912
28.180000,0.068853,-0.051453,-0.047128,-0.274208,1.433392,9.857309
28.185000,0.063552,-0.058486,-0.048444,-0.201266,1.451754,9.811771
28.190000,0.069702,-0.054971,-0.049156,-0.256592,1.435246,9.783895
28.195000,0.072796,-0.051207,-0.044258,-0.316677,1.464606,9.848577
28.200000,0.072001,-0.057586,-0.044676,-0.257651,1.451743,9.802765
28.205000,0.068912,-0.061224,-0.046458,-0.237379,1.459152,9.773318
28.210000,0.066698,-0.056633,-0.047145,-0.251731,1.435825,9.799200
28.215000,0.063603,-0.050577,-0.052094,-0.299050,1.471840,9.811672
28.220000,0.060996,-0.055396,-0.048821,-0.322335,1.492221,9.762595
28.225000,0.064956,-0.053113,-0.041034,-0.220683,1.466387,9.811825
28.230000,0.069098,-0.051385,-0.048661,-0.258778,1.523061,9.763454
28.235000,0.065238,-0.052478,-0.051256,-0.215597,1.411801,9.797167
28.240000,0.063242,-0.057412,-0.048932,-0.232345,1.481982,9.817093
28.245000,0.063905,-0.058200,-0.046400,-0.243397,1.476813,9.837519
28.250000,0.061675,-0.055258,-0.042772,-0.254694,1.471341,9.759214
28.255000,0.062877,-0.053017,-0.051678,-0.187543,1.481019,9.765788
28.260000,0.063780,-0.055081,-0.046249,-0.278376,1.538432,9.826666
28.265000,0.056506,-0.053699,-0.047821,-0.240794,1.428032,9.808926
28.270000,0.058571,-0.054988,-0.051123,-0.195844,1.518349,9.811416
28.275000,0.063412,-0.057057,-0.048831,-0.211570,1.498122,9.780656
28.280000,0.064904,-0.057902,-0.045298,-0.246626,1.521294,9.826448
28.285000,0.059858,-0.053276,-0.041965,-0.218236,1.450005,9.792688
28.290000,0.067062,-0.054769,-0.047611,-0.278359,1.474707,9.819639
28.295000,0.061510,-0.055694,-0.050685,-0.242222,1.516788,9.859235
28.300000,0.056596,-0.055152,-0.042317,-0.239385,1.510911,9.807147
28.305000,0.065063,-0.054002,-0.049150,-0.241375,1.450814,9.810928
28.310000,0.060437,-0.056918,-0.046500,-0.191506,1.490396,9.757343
28.315000,0.063691,-0.057153,-0.049217,-0.228472,1.498535,9.800316
28.320000,0.062929,-0.055541,-0.045678,-0.247491,1.507978,9.769583
28.325000,0.058114,-0.055316,-0.049097,-0.187100,1.482648,9.760918
28.330000,0.062234,-0.057372,-0.047102,-0.205725,1.494564,9.877359
28.335000,0.063902,-0.058589,-0.048030,-0.224071,1.510767,9.822117
28.340000,0.058584,-0.056582,-0.043920,-0.222309,1.503271,9.837579
28.345000,0.056632,-0.059625,-0.047039,-0.188914,1.497003,9.843757
28.350000,0.055442,-0.057447,-0.046132,-0.166668,1.518420,9.840530
28.355000,0.058904,-0.060383,-0.046725,-0.195213,1.544915,9.783825
28.360000,0.056580,-0.058522,-0.044880,-0.175180,1.516511,9.773280
28.365000,0.055970,-0.055204,-0.050778,-0.203785,1.509788,9.763276
28.370000,0.055909,-0.060161,-0.046665,-0.199957,1.559334,9.804283
28.375000,0.061225,-0.054061,-0.052212,-0.174714,1.539370,9.775186
28.380000,0.058893,-0.055701,-0.041288,-0.223647,1.505762,9.834289
28.385000,0.053890,-0.056264,-0.042966,-0.166575,1.562824,9.816152
28.390000,0.058232,-0.054375,-0.045548,-0.178918,1.501538,9.761468
28.395000,0.054144,-0.060032,-0.051244,-0.202318,1.539550,9.767390
28.400000,0.054579,-0.055763,-0.051028,-0.219907,1.538649,9.753729
28.405000,0.049535,-0.060753,-0.048434,-0.208190,1.556002,9.828727
28.410000,0.058378,-0.066931,-0.044698,-0.161519,1.502973,9.785115
28.415000,0.049344,-0.060094,-0.050948,-0.243511,1.558071,9.818872
28.420000,0.056452,-0.057187,-0.048148,-0.239079,1.560082,9.761094
28.425000,0.056005,-0.060815,-0.048975,-0.155069,1.497677,9.704825
28.430000,0.051653,-0.058967,-0.047441,-0.172440,1.519493,9.775961
28.435000,0.053903,-0.061933,-0.049548,-0.165151,1.550961,9.818151
28.440000,0.055348,-0.056054,-0.045413,-0.201222,1.541858,9.791293
28.445000,0.053483,-0.054010,-0.048936,-0.253084,1.555119,9.797691
28.450000,0.052956,-0.059246,-0.044515,-0.218040,1.598834,9.855041
28.455000,0.050445,-0.058156,-0.042469,-0.177819,1.561981,9.784574
28.460000,0.051989,-0.056505,-0.050409,-0.166465,1.581235,9.803392
28.465000,0.054856,-0.060052,-0.039414,-0.153608,1.609522,9.790188
28.470000,0.049746,-0.056977,-0.043554,-0.133600,1.533362,9.779655
28.475000,0.051545,-0.058186,-0.042298,-0.124286,1.553737,9.793721
28.480000,0.054100,-0.058701,-0.051158,-0.162497,1.630579,9.843030
28.485000,0.057768,-0.056081,-0.048822,-0.149878,1.523955,9.765682
28.490000,0.049007,-0.053057,-0.049084,-0.120874,1.542318,9.790932
28.495000,0.052343,-0.057268,-0.047386,-0.132886,1.545405,9.785468
28.500000,0.056259,-0.064503,-0.045748,-0.136134,1.554925,9.792511
28.505000,0.050826,-0.057392,-0.042738,-0.132115,1.603008,9.806069
28.510000,0.045983,-0.062437,-0.044543,-0.115892,1.497405,9.763027
28.515000,0.046605,-0.058214,-0.045160,-0.149266,1.583132,9.755638
28.520000,0.050424,-0.053755,-0.046189,-0.113220,1.568559,9.717171
28.525000,0.043002,-0.059569,-0.044042,-0.137429,1.538268,9.801185
28.530000,0.051931,-0.062090,-0.051925,-0.161348,1.596250,9.814980
28.535000,0.046686,-0.058635,-0.048319,-0.104953,1.514935,9.792524
28.540000,0.047584,-0.055195,-0.043469,-0.141457,1.544627,9.750157
28.545000,0.044108,-0.060682,-0.048473,-0.162041,1.607751,9.743787
28.550000,0.050139,-0.058945,-0.048844,-0.111067,1.609647,9.781539
28.555000,0.046906,-0.057275,-0.047100,-0.133041,1.573177,9.811161
28.560000,0.042181,-0.061162,-0.043987,-0.110376,1.535772,9.766723
28.565000,0.042776,-0.062151,-0.043737,-0.131611,1.562887,9.791341
28.570000,0.044635,-0.060082,-0.041913,-0.192224,1.605249,9.764965
28.575000,0.039912,-0.057363,-0.047603,-0.122282,1.593263,9.771663
28.580000,0.049410,-0.059947,-0.044751,-0.080646,1.594842,9.833626
28.585000,0.045191,-0.061452,-0.047075,-0.149316,1.613939,9.760535
28.590000,0.051873,-0.061638,-0.053350,-0.125561,1.626186,9.827442
28.595000,0.043878,-0.059700,-0.048499,-0.106478,1.574751,9.806421
28.600000,0.050300,-0.060376,-0.046255,-0.116316,1.598333,9.768287
28.605000,0.045522,-0.061496,-0.050204,-0.085074,1.538521,9.832486
28.610000,0.049346,-0.059072,-0.048703,-0.095416,1.568084,9.822102
28.615000,0.044277,-0.067828,-0.047930,-0.121830,1.538053,9.830519
28.620000,0.044830,-0.059824,-0.047325,-0.089761,1.622800,9.822122
28.625000,0.044845,-0.053054,-0.039798,-0.091902,1.576370,9.817980
28.630000,0.050124,-0.059299,-0.050657,-0.088684,1.629422,9.799584
28.635000,0.040674,-0.059022,-0.046123,-0.040880,1.622736,9.810304
28.640000,0.044143,-0.055360,-0.049260,-0.044214,1.617730,9.794430
28.645000,0.040477,-0.059478,-0.048771,-0.130993,1.590533,9.736282
28.650000,0.042567,-0.058386,-0.046046,-0.129056,1.621658,9.827071
28.655000,0.045659,-0.063041,-0.045840,-0.065088,1.569833,9.791154
28.660000,0.039993,-0.058004,-0.046602,-0.044634,1.582402,9.806407
28.665000,0.043074,-0.060512,-0.053691,-0.084792,1.636979,9.818122
28.670000,0.037905,-0.064989,-0.047327,-0.121457,1.574404,9.766639
28.675000,0.042310,-0.064049,-0.047845,-0.066530,1.613004,9.869299
28.680000,0.038844,-0.059015,-0.044213,-0.106130,1.604328,9.719388
28.685000,0.043904,-0.062373,-0.045785,-0.088193,1.641745,9.800222
28.690000,0.044563,-0.060956,-0.043819,-0.065840,1.568717,9.802903
28.695000,0.033294,-0.060466,-0.046555,-0.129059,1.621751,9.771788
28.700000,0.038593,-0.064050,-0.040978,-0.112857,1.595308,9.810139
28.705000,0.037422,-0.054872,-0.047170,-0.127826,1.638160,9.802910
28.710000,0.036677,-0.063665,-0.045486,-0.014793,1.598777,9.778114
28.715000,0.038194,-0.060538,-0.050892,-0.092955,1.649477,9.855821
28.720000,0.040076,-0.067218,-0.045736,-0.087391,1.634368,9.765620
28.725000,0.042624,-0.065010,-0.048791,-0.072968,1.697959,9.767351
28.730000,0.038778,-0.061725,-0.041225,-0.077681,1.681188,9.737794
28.735000,0.037546,-0.060894,-0.046039,-0.045993,1.578144,9.687388
28.740000,0.034710,-0.060958,-0.046875,-0.094002,1.567948,9.781720
28.745000,0.036864,-0.060199,-0.046875,-0.085290,1.625580,9.739418
28.750000,0.029279,-0.060001,-0.049911,-0.095380,1.587292,9.803484
28.755000,0.039816,-0.061809,-0.041238,-0.045185,1.590035,9.769294
28.760000,0.035192,-0.059200,-0.044001,-0.077883,1.675881,9.759738
28.765000,0.036501,-0.056654,-0.049276,-0.038627,1.561279,9.782358
28.770000,0.035022,-0.057613,-0.047915,-0.081936,1.578643,9.749573
28.775000,0.030438,-0.064808,-0.048290,-0.121725,1.580256,9.797571
28.780000,0.032497,-0.056607,-0.051746,-0.051223,1.610197,9.784228
28.785000,0.032663,-0.065888,-0.048671,-0.057891,1.605495,9.760921
28.790000,0.033395,-0.060619,-0.050460,-0.044611,1.652624,9.764444
28.795000,0.035147,-0.063177,-0.046882,-0.045788,1.598210,9.758157
28.800000,0.034281,-0.057018,-0.044165,-0.059593,1.589558,9.794757
28.805000,0.036255,-0.063301,-0.043743,-0.036573,1.633806,9.835389
28.810000,0.033346,-0.066017,-0.043512,-0.019428,1.648434,9.796485
28.815000,0.032778,-0.066479,-0.047431,-0.036150,1.668931,9.809844
28.820000,0.035267,-0.060845,-0.041926,-0.040238,1.676704,9.808587
28.825000,0.029954,-0.065659,-0.048832,-0.027051,1.607608,9.774174
28.830000,0.033400,-0.064424,-0.043553,-0.049989,1.573990,9.749672
28.835000,0.034404,-0.059041,-0.045570,-0.071761,1.592952,9.786078
28.840000,0.032884,-0.067508,-0.051670,-0.062236,1.654580,9.794364
28.845000,0.033727,-0.062800,-0.045814,-0.052643,1.600091,9.764068
28.850000,0.029499,-0.055813,-0.045153,-0.057815,1.610571,9.774042
28.855000,0.033452,-0.064473,-0.047176,-0.054270,1.588441,9.812827
28.860000,0.030486,-0.062812,-0.045059,0.000270,1.580902,9.811637
28.865000,0.029262,-0.062569,-0.044214,0.010003,1.651698,9.747886
28.870000,0.027969,-0.063625,-0.048689,-0.024471,1.606318,9.797112
28.875000,0.030374,-0.067354,-0.045705,-0.041383,1.638623,9.769893
28.880000,0.022530,-0.068364,-0.045331,-0.058960,1.651883,9.783360
28.885000,0.024722,-0.062482,-0.042085,0.004519,1.651127,9.769584
28.890000,0.025034,-0.060369,-0.046941,-0.026679,1.617774,9.831069
28.895000,0.027723,-0.062474,-0.045356,-0.017337,1.643240,9.798104
28.900000,0.023652,-0.066842,-0.045750,-0.013389,1.629060,9.789967
28.905000,0.026351,-0.065660,-0.038618,0.016095,1.636153,9.775804
28.910000,0.025187,-0.067977,-0.047897,0.031134,1.671688,9.807601
28.915000,0.027751,-0.058716,-0.046331,0.001835,1.647081,9.770143
28.920000,0.027637,-0.058486,-0.047446,0.016328,1.629251,9.777381
28.925000,0.027105,-0.065938,-0.045290,-0.018881,1.634457,9.807553
28.930000,0.030231,-0.064409,-0.046611,0.009111,1.629586,9.788953
28.935000,0.028105,-0.066161,-0.047770,-0.007523,1.641636,9.778482
28.940000,0.023064,-0.061798,-0.049728,0.032877,1.613302,9.767412
28.945000,0.025865,-0.064475,-0.049704,0.034133,1.662694,9.739494
28.950000,0.026271,-0.069152,-0.045481,0.009553,1.674232,9.715572
28.955000,0.024526,-0.067139,-0.047541,-0.022145,1.678082,9.789654
28.960000,0.023313,-0.064187,-0.049145,0.051366,1.641103,9.753302
28.965000,0.017922,-0.063683,-0.043391,0.001830,1.620866,9.797925
28.970000,0.018285,-0.067578,-0.050927,0.034129,1.666922,9.810288
28.975000,0.020958,-0.063935,-0.050461,-0.030063,1.643944,9.756153
28.980000,0.022362,-0.061862,-0.044057,0.053560,1.658254,9.775385
28.985000,0.019573,-0.060594,-0.042658,0.046846,1.649110,9.792033
28.990000,0.024810,-0.063390,-0.041531,0.054415,1.613888,9.857035
28.995000,0.022540,-0.062651,-0.044647,0.052499,1.672398,9.730102
29.000000,0.017288,-0.065861,-0.040788,0.051964,1.669893,9.685858
29.005000,0.017321,-0.065655,-0.044843,0.013091,1.658380,9.819639
29.010000,0.021153,-0.065918,-0.048149,-0.006194,1.651131,9.760246
29.015000,0.019529,-0.064315,-0.050352,0.029345,1.592785,9.770252
29.020000,0.023802,-0.064244,-0.048615,-0.004878,1.697329,9.822962
29.025000,0.018183,-0.062581,-0.047672,0.114273,1.596310,9.739844
29.030000,0.018631,-0.062088,-0.046380,0.042722,1.641385,9.800171
29.035000,0.023925,-0.062160,-0.040978,0.072997,1.618732,9.713634
29.040000,0.022233,-0.068483,-0.041267,0.055319,1.604102,9.764209
29.045000,0.021051,-0.064177,-0.043107,0.014639,1.623073,9.841683
29.050000,0.014140,-0.067580,-0.050654,0.127719,1.645403,9.866449
29.055000,0.012592,-0.061625,-0.048752,0.063818,1.638503,9.755851
29.060000,0.019129,-0.062427,-0.044859,0.042017,1.669767,9.815955
29.065000,0.020123,-0.068718,-0.044435,0.062387,1.581638,9.826880
29.070000,0.017244,-0.064186,-0.044423,0.105474,1.610707,9.761372
29.075000,0.017952,-0.062929,-0.046838,0.053087,1.663224,9.818277
29.080000,0.015489,-0.061293,-0.047685,0.101905,1.622779,9.790266
29.085000,0.019154,-0.063140,-0.047682,0.126336,1.617401,9.781641
29.090000,0.013382,-0.065534,-0.045979,0.064069,1.634088,9.777545
29.095000,0.015353,-0.066343,-0.053318,0.079588,1.570654,9.813395
29.100000,0.012714,-0.059367,-0.041333,0.028863,1.590754,9.758136
29.105000,0.011080,-0.068325,-0.042530,0.082096,1.645130,9.819893
29.110000,0.012217,-0.063809,-0.047456,0.083347,1.685520,9.775071
29.115000,0.012140,-0.061685,-0.041641,0.068342,1.576218,9.807751
29.120000,0.012288,-0.062170,-0.043215,0.082749,1.670566,9.764843
29.125000,0.013933,-0.069993,-0.047563,0.124762,1.631742,9.813137
29.130000,0.016278,-0.069729,-0.045742,0.073455,1.612197,9.776025
29.135000,0.016526,-0.065056,-0.052450,0.050580,1.670304,9.740701
29.140000,0.013401,-0.064302,-0.046766,0.077611,1.628216,9.771303
29.145000,0.011557,-0.067288,-0.045785,0.099466,1.589554,9.808893
29.150000,0.013111,-0.066264,-0.045328,0.061026,1.578647,9.777867
29.155000,0.011085,-0.061136,-0.047878,0.168530,1.597635,9.774817
29.160000,0.010914,-0.062249,-0.047799,0.086705,1.660800,9.775076
29.165000,0.009376,-0.065031,-0.045732,0.134461,1.526640,9.748986
29.170000,0.008483,-0.070545,-0.049269,0.089021,1.626171,9.772682
29.175000,0.010717,-0.065602,-0.045374,0.055739,1.638409,9.825319
29.180000,0.007464,-0.057133,-0.044369,0.089460,1.605045,9.766536
29.185000,0.008163,-0.064941,-0.049683,0.137509,1.645285,9.792092
29.190000,0.006547,-0.059181,-0.049885,0.128313,1.532915,9.809603
29.195000,-0.001788,-0.068589,-0.046189,0.117134,1.606883,9.795631
29.200000,0.008775,-0.062411,-0.047936,0.118446,1.584077,9.791992
29.205000,0.006471,-0.062608,-0.046535,0.097923,1.586134,9.800612
29.210000,0.007808,-0.065625,-0.043891,0.083762,1.587411,9.781467
29.215000,0.010739,-0.066456,-0.049742,0.105255,1.596697,9.778330
29.220000,0.005909,-0.067259,-0.041143,0.121178,1.597456,9.756113
29.225000,0.007024,-0.065590,-0.045121,0.134542,1.628354,9.754263
29.230000,0.005408,-0.063115,-0.045853,0.126908,1.617083,9.806655
29.235000,0.002872,-0.059573,-0.046805,0.092061,1.601242,9.778657
29.240000,0.006936,-0.062227,-0.050675,0.165193,1.610328,9.806424
29.245000,0.007861,-0.063041,-0.046006,0.174791,1.668552,9.746111
29.250000,0.001072,-0.061083,-0.051755,0.133115,1.648091,9.784798
29.255000,0.005141,-0.061334,-0.043701,0.188408,1.605627,9.766411
29.260000,0.003754,-0.064769,-0.045173,0.120948,1.627021,9.826429
29.265000,0.009969,-0.062491,-0.054498,0.142188,1.588639,9.770583
29.270000,0.005749,-0.066466,-0.043669,0.162898,1.617183,9.762546
29.275000,0.000836,-0.062901,-0.045591,0.131845,1.544596,9.810466
29.280000,0.009026,-0.065532,-0.049081,0.165826,1.613799,9.754886
29.285000,0.000578,-0.066276,-0.045363,0.121235,1.638708,9.761589
29.290000,0.001779,-0.063245,-0.042988,0.109727,1.604433,9.814458
29.295000,-0.000046,-0.066277,-0.044346,0.134110,1.583163,9.791417
29.300000,-0.003212,-0.067263,-0.047133,0.195119,1.598824,9.855150
29.305000,-0.000105,-0.067622,-0.045249,0.143188,1.620243,9.826774
29.310000,0.003267,-0.061353,-0.046050,0.102386,1.537685,9.794419
29.315000,0.003233,-0.061743,-0.050580,0.190601,1.565249,9.797522
29.320000,0.000902,-0.060404,-0.043691,0.168913,1.536981,9.833277
29.325000,-0.001023,-0.064525,-0.050965,0.179292,1.607599,9.754878
29.330000,-0.000879,-0.064111,-0.053710,0.109989,1.591971,9.825062
29.335000,0.002550,-0.065537,-0.047377,0.112901,1.611082,9.775697
29.340000,-0.003026,-0.064085,-0.048850,0.158378,1.606913,9.756791
29.345000,-0.004669,-0.065879,-0.049874,0.188648,1.562596,9.732517
29.350000,0.000876,-0.057873,-0.048084,0.225398,1.579570,9.749209
29.355000,0.000698,-0.067672,-0.045764,0.192796,1.531747,9.824421
29.360000,-0.005784,-0.061765,-0.047309,0.114032,1.559963,9.817679
29.365000,-0.001384,-0.065903,-0.050307,0.220650,1.559252,9.718966
29.370000,-0.000565,-0.061110,-0.046720,0.218577,1.581362,9.779182
29.375000,0.000631,-0.059961,-0.042443,0.180064,1.550439,9.820078
29.380000,-0.003226,-0.059186,-0.048348,0.188055,1.533574,9.754318
29.385000,-0.004494,-0.068078,-0.048095,0.181211,1.550848,9.792813
29.390000,-0.007369,-0.068279,-0.046246,0.175593,1.565424,9.788040
29.395000,-0.006400,-0.066163,-0.052305,0.186352,1.568802,9.780591
29.400000,-0.002684,-0.059800,-0.045995,0.226474,1.539131,9.730887
29.405000,-0.005085,-0.061829,-0.046009,0.076974,1.579721,9.783953
29.410000,-0.004597,-0.066039,-0.046914,0.205913,1.556882,9.788845
29.415000,-0.005279,-0.067887,-0.048652,0.209382,1.552389,9.725788
29.420000,0.000141,-0.058024,-0.047838,0.210472,1.577553,9.752298
29.425000,-0.006712,-0.065572,-0.051991,0.198350,1.545035,9.818034
29.430000,-0.006749,-0.071376,-0.048106,0.188366,1.539807,9.793874
29.435000,-0.009301,-0.062845,-0.047322,0.219201,1.532846,9.805683
29.440000,-0.005258,-0.064030,-0.048441,0.174553,1.562207,9.836100
29.445000,-0.004797,-0.062743,-0.052449,0.205232,1.602832,9.749186
29.450000,-0.007878,-0.066763,-0.048278,0.139152,1.515090,9.796123
29.455000,-0.010391,-0.070539,-0.049211,0.198907,1.557308,9.836652
29.460000,-0.005888,-0.070606,-0.045171,0.212774,1.545153,9.784049
29.465000,-0.013866,-0.060275,-0.052584,0.255904,1.520446,9.794745
29.470000,-0.010949,-0.070159,-0.045053,0.229142,1.508914,9.783534
29.475000,-0.012330,-0.064251,-0.045862,0.157897,1.591612,9.752532
29.480000,-0.013550,-0.067447,-0.053497,0.211738,1.560804,9.791443
29.485000,-0.008079,-0.065329,-0.048128,0.222019,1.573082,9.747266
29.490000,-0.011152,-0.058953,-0.045339,0.265069,1.518369,9.791198
29.495000,-0.012037,-0.065645,-0.046199,0.213260,1.530499,9.798965
29.500000,-0.007860,-0.066816,-0.043469,0.160871,1.567025,9.789290
29.505000,-0.008999,-0.067512,-0.046865,0.212435,1.590270,9.861540
29.510000,-0.007008,-0.064815,-0.045803,0.220347,1.505729,9.772231
29.515000,-0.015238,-0.069866,-0.046437,0.277454,1.495848,9.774667
29.520000,-0.009328,-0.062860,-0.052075,0.213865,1.526141,9.768766
29.525000,-0.012376,-0.061001,-0.049014,0.246397,1.556194,9.755827
29.530000,-0.009617,-0.066388,-0.054100,0.238636,1.512382,9.796248
29.535000,-0.008414,-0.067452,-0.046685,0.248654,1.527626,9.781597
29.540000,-0.010717,-0.067623,-0.048054,0.206478,1.520839,9.769988
29.545000,-0.011524,-0.064372,-0.046412,0.254089,1.498186,9.776243
29.550000,-0.011167,-0.056293,-0.049523,0.227178,1.484409,9.781489
29.555000,-0.011577,-0.063350,-0.051787,0.225804,1.536953,9.774777
29.560000,-0.013198,-0.068337,-0.047621,0.255529,1.458703,9.795421
29.565000,-0.019229,-0.066414,-0.048249,0.261894,1.566028,9.859222
29.570000,-0.015004,-0.059123,-0.048079,0.284444,1.507994,9.806807
29.575000,-0.016034,-0.064004,-0.044171,0.231318,1.545786,9.734908
29.580000,-0.013365,-0.067013,-0.044595,0.310201,1.443102,9.749252
29.585000,-0.009365,-0.062259,-0.050365,0.224624,1.538990,9.750470
29.590000,-0.015675,-0.059609,-0.048506,0.215192,1.451781,9.828661
29.595000,-0.014505,-0.070088,-0.049902,0.231619,1.611581,9.829195
29.600000,-0.014501,-0.064156,-0.046354,0.201054,1.571774,9.748922
29.605000,-0.010683,-0.066665,-0.049145,0.278942,1.523514,9.798742
29.610000,-0.017368,-0.064685,-0.048542,0.300699,1.511084,9.796094
29.615000,-0.011449,-0.061792,-0.051910,0.260485,1.463539,9.818955
29.620000,-0.011875,-0.065819,-0.047235,0.253545,1.499521,9.776661
29.625000,-0.018832,-0.062638,-0.047006,0.230011,1.502434,9.770944
29.630000,-0.013825,-0.068603,-0.043423,0.286991,1.520166,9.790903
29.635000,-0.014697,-0.059315,-0.044872,0.317886,1.511241,9.823167
29.640000,-0.021092,-0.058277,-0.043090,0.194356,1.502600,9.773238
29.645000,-0.016122,-0.059882,-0.055523,0.327730,1.446840,9.794608
29.650000,-0.017808,-0.068002,-0.050916,0.298384,1.499712,9.796301
29.655000,-0.020992,-0.064700,-0.046673,0.299435,1.495295,9.775703
29.660000,-0.023571,-0.061471,-0.046971,0.343290,1.475877,9.824195
29.665000,-0.020594,-0.061747,-0.046812,0.311185,1.473411,9.802899
29.670000,-0.019453,-0.067269,-0.045438,0.246434,1.485699,9.821942
29.675000,-0.015929,-0.062400,-0.052490,0.280738,1.449313,9.813287
29.680000,-0.022242,-0.065042,-0.048251,0.304152,1.472045,9.810601
29.685000,-0.027423,-0.070424,-0.048598,0.317913,1.464839,9.737506
29.690000,-0.023374,-0.060034,-0.046094,0.272863,1.446682,9.794357
29.695000,-0.023451,-0.061568,-0.047816,0.350413,1.471278,9.808248
29.700000,-0.019040,-0.060939,-0.043540,0.332935,1.443895,9.774167
29.705000,-0.018179,-0.059973,-0.048884,0.349026,1.451391,9.805850
29.710000,-0.019448,-0.062065,-0.045848,0.318598,1.433297,9.813766
29.715000,-0.022368,-0.066208,-0.048080,0.313641,1.476947,9.766164
29.720000,-0.024631,-0.066660,-0.047295,0.285742,1.456201,9.833457
29.725000,-0.027209,-0.058532,-0.047772,0.322198,1.463102,9.776248
29.730000,-0.023035,-0.066061,-0.046212,0.301393,1.439796,9.810640
29.735000,-0.024907,-0.061221,-0.048345,0.371393,1.434169,9.785443
29.740000,-0.025483,-0.062881,-0.050406,0.339613,1.409632,9.788826
29.745000,-0.026363,-0.065802,-0.041856,0.354685,1.404904,9.799494
29.750000,-0.025021,-0.062915,-0.048958,0.316375,1.455681,9.792127
29.755000,-0.025815,-0.068555,-0.049838,0.347595,1.389767,9.847194
29.760000,-0.024982,-0.065377,-0.048674,0.333534,1.420377,9.801067
29.765000,-0.025350,-0.066497,-0.049213,0.380086,1.374966,9.793161
29.770000,-0.018220,-0.058385,-0.047432,0.298728,1.417269,9.807736
29.775000,-0.019985,-0.064007,-0.047151,0.305969,1.390880,9.874028
29.780000,-0.023547,-0.063478,-0.048982,0.306622,1.332435,9.814097
29.785000,-0.027097,-0.065914,-0.047965,0.353236,1.456984,9.850087
29.790000,-0.030728,-0.063347,-0.045624,0.347061,1.460442,9.836907
29.795000,-0.028342,-0.062688,-0.049621,0.352847,1.417732,9.772236
29.800000,-0.027007,-0.069727,-0.052803,0.328547,1.425156,9.788066
29.805000,-0.020580,-0.064672,-0.052858,0.358471,1.364477,9.805793
29.810000,-0.027776,-0.066922,-0.048909,0.344873,1.384555,9.837250
29.815000,-0.027717,-0.061757,-0.050524,0.373345,1.398755,9.789135
29.820000,-0.024176,-0.064116,-0.048392,0.405109,1.398521,9.856790
29.825000,-0.027496,-0.058121,-0.054042,0.365945,1.358483,9.813298
29.830000,-0.032235,-0.062332,-0.049929,0.322078,1.378392,9.772984
29.835000,-0.031439,-0.061056,-0.046622,0.412672,1.390504,9.789589
29.840000,-0.031589,-0.064153,-0.050119,0.399403,1.380354,9.817125
29.845000,-0.024624,-0.063048,-0.049156,0.358497,1.345890,9.803530
29.850000,-0.032200,-0.061119,-0.054402,0.377771,1.351210,9.790020
29.855000,-0.027446,-0.061135,-0.049838,0.379977,1.388237,9.783147
29.860000,-0.032543,-0.064423,-0.051949,0.331561,1.373469,9.828408
29.865000,-0.030622,-0.059700,-0.053801,0.415250,1.424681,9.788006
29.870000,-0.029191,-0.060992,-0.048815,0.325728,1.365041,9.796125
29.875000,-0.028403,-0.064640,-0.042491,0.396361,1.344227,9.751955
29.880000,-0.033288,-0.060858,-0.048292,0.373903,1.355866,9.803827
29.885000,-0.030586,-0.061898,-0.051641,0.389061,1.364538,9.797744
29.890000,-0.037223,-0.062589,-0.047040,0.394993,1.341317,9.843973
29.895000,-0.036935,-0.063584,-0.047222,0.462724,1.336428,9.800277
29.900000,-0.034994,-0.060404,-0.050972,0.434299,1.355995,9.824970
29.905000,-0.030812,-0.060785,-0.051395,0.331411,1.313030,9.812192
29.910000,-0.033421,-0.067516,-0.046860,0.386195,1.348447,9.767717
29.915000,-0.032085,-0.059638,-0.046130,0.388157,1.326350,9.761058
29.920000,-0.029548,-0.063321,-0.041984,0.418671,1.297680,9.858900
29.925000,-0.034351,-0.063599,-0.045437,0.392441,1.337044,9.807895
29.930000,-0.031106,-0.061725,-0.046548,0.334588,1.346717,9.814694
29.935000,-0.030771,-0.062656,-0.049164,0.353878,1.306021,9.802011
29.940000,-0.031380,-0.063820,-0.045964,0.417171,1.339075,9.850456
29.945000,-0.038191,-0.063921,-0.051693,0.367563,1.271362,9.808318
29.950000,-0.040722,-0.061446,-0.046882,0.404400,1.355185,9.843278
29.955000,-0.039982,-0.063665,-0.042889,0.395286,1.319187,9.810322
29.960000,-0.034002,-0.061376,-0.048203,0.374719,1.356954,9.773695
29.965000,-0.035935,-0.059051,-0.044848,0.410092,1.265009,9.809165
29.970000,-0.039163,-0.060034,-0.049068,0.420511,1.340369,9.836404
29.975000,-0.036984,-0.064540,-0.049113,0.388988,1.273330,9.773110
29.980000,-0.034353,-0.062443,-0.045341,0.421256,1.358562,9.839305
29.985000,-0.036904,-0.062815,-0.051151,0.381714,1.284624,9.747796
29.990000,-0.036490,-0.066583,-0.053147,0.405979,1.268109,9.791358
29.995000,-0.039933,-0.062956,-0.049581,0.427532,1.301672,9.823173
30.000000,-0.036407,-0.062705,-0.052995,0.412411,1.305065,9.790124
30.005000,-0.036261,-0.063173,-0.048526,0.433446,1.275318,9.787861
30.010000,-0.042390,-0.058740,-0.044439,0.406161,1.259369,9.786940
30.015000,-0.041659,-0.060981,-0.050153,0.399716,1.295862,9.867102
30.020000,-0.039694,-0.058445,-0.051049,0.396183,1.264008,9.764790
30.025000,-0.039857,-0.061009,-0.049613,0.427069,1.291076,9.804705
30.030000,-0.038451,-0.060499,-0.052442,0.431707,1.253795,9.809014
30.035000,-0.041279,-0.066324,-0.048397,0.404371,1.292991,9.791734
30.040000,-0.038453,-0.058276,-0.049106,0.459873,1.327216,9.794906
30.045000,-0.043948,-0.058804,-0.050941,0.424832,1.265965,9.800628
30.050000,-0.043265,-0.056704,-0.046954,0.471094,1.214867,9.833869
30.055000,-0.035257,-0.060590,-0.047750,0.365635,1.276235,9.830950
30.060000,-0.043844,-0.066181,-0.047939,0.449634,1.256087,9.837195
30.065000,-0.042198,-0.063734,-0.046914,0.487837,1.274739,9.841604
30.070000,-0.037051,-0.059514,-0.047559,0.442940,1.275623,9.835426
30.075000,-0.037686,-0.055227,-0.047249,0.495690,1.168145,9.876117
30.080000,-0.041214,-0.057928,-0.056368,0.467016,1.221088,9.804074
30.085000,-0.043265,-0.060489,-0.048690,0.407615,1.262535,9.831836
30.090000,-0.048581,-0.060188,-0.053156,0.420567,1.207587,9.827064
30.095000,-0.041981,-0.057266,-0.044658,0.478816,1.228458,9.819665
30.100000,-0.046486,-0.058322,-0.049433,0.493797,1.244214,9.869196
30.105000,-0.035588,-0.056184,-0.053299,0.463000,1.222233,9.818432
30.110000,-0.039822,-0.057574,-0.047483,0.473590,1.195132,9.825019
30.115000,-0.050501,-0.058130,-0.050806,0.427603,1.173289,9.827831
30.120000,-0.047288,-0.056890,-0.051231,0.511766,1.192464,9.841493
30.125000,-0.042073,-0.059063,-0.052416,0.455163,1.233429,9.771884
30.130000,-0.047581,-0.061525,-0.046029,0.463380,1.164325,9.802504
30.135000,-0.043987,-0.062282,-0.051446,0.451780,1.183267,9.782286
30.140000,-0.045213,-0.065701,-0.054362,0.537935,1.196730,9.721983
30.145000,-0.047590,-0.057460,-0.055627,0.446448,1.172438,9.809210
30.150000,-0.044969,-0.061058,-0.050813,0.483685,1.142825,9.854260
30.155000,-0.048734,-0.056121,-0.051195,0.513691,1.086399,9.859770
30.160000,-0.047493,-0.060443,-0.047155,0.482387,1.171366,9.807402
30.165000,-0.045326,-0.055759,-0.046232,0.476209,1.187924,9.849781
30.170000,-0.042819,-0.059393,-0.049398,0.521033,1.159271,9.829862
30.175000,-0.046756,-0.058548,-0.050865,0.438152,1.153100,9.776907
30.180000,-0.046475,-0.061040,-0.052589,0.508347,1.098100,9.834435
30.185000,-0.048815,-0.054887,-0.053034,0.499735,1.149971,9.832483
30.190000,-0.051237,-0.062187,-0.050000,0.454099,1.112520,9.841639
30.195000,-0.050278,-0.063462,-0.051906,0.476445,1.104857,9.830334
30.200000,-0.046740,-0.061203,-0.049140,0.525405,1.171131,9.826911
30.205000,-0.049287,-0.063572,-0.049526,0.507427,1.149205,9.827794
30.210000,-0.043916,-0.061028,-0.053304,0.502984,1.175719,9.764510
30.215000,-0.043706,-0.058838,-0.050331,0.492906,1.143436,9.868228
30.220000,-0.045234,-0.055220,-0.049714,0.458346,1.145037,9.807329
30.225000,-0.050476,-0.057452,-0.046230,0.495604,1.115680,9.821949
30.230000,-0.049669,-0.063566,-0.050395,0.494207,1.096189,9.804138
30.235000,-0.053054,-0.056997,-0.051613,0.492428,1.097715,9.825675
30.240000,-0.045414,-0.066624,-0.053324,0.569877,1.081653,9.872978
30.245000,-0.048761,-0.063613,-0.050589,0.535632,1.116596,9.835125
30.250000,-0.050378,-0.058775,-0.054998,0.518079,1.061822,9.830982
30.255000,-0.054940,-0.061625,-0.046923,0.523269,1.070973,9.826510
30.260000,-0.058429,-0.064216,-0.050899,0.555403,1.088012,9.808657
30.265000,-0.040471,-0.058695,-0.050074,0.513249,1.088573,9.820349
30.270000,-0.048740,-0.060750,-0.049685,0.542121,1.103036,9.859917
30.275000,-0.054078,-0.061292,-0.051485,0.477324,1.052168,9.809131
30.280000,-0.048827,-0.056866,-0.050914,0.496177,1.084036,9.809604
30.285000,-0.051540,-0.061140,-0.051641,0.496684,1.062577,9.826710
30.290000,-0.054641,-0.058714,-0.052353,0.532003,1.010467,9.845889
30.295000,-0.051731,-0.059593,-0.051907,0.526130,1.061503,9.873152
30.300000,-0.054334,-0.060853,-0.049846,0.506460,0.995266,9.816397
30.305000,-0.048204,-0.057917,-0.048993,0.542000,1.004548,9.857484
30.310000,-0.053378,-0.059357,-0.052766,0.630573,1.084947,9.826000
30.315000,-0.056845,-0.056221,-0.053050,0.565431,1.055505,9.855137
30.320000,-0.052636,-0.063019,-0.050809,0.549273,1.067098,9.791311
30.325000,-0.055048,-0.057777,-0.050199,0.530978,1.015742,9.780964
30.330000,-0.050714,-0.056276,-0.055451,0.575285,1.009612,9.893041
30.335000,-0.052326,-0.058314,-0.046648,0.540446,1.075224,9.837199
30.340000,-0.053136,-0.060100,-0.054358,0.545561,1.025804,9.861594
30.345000,-0.055748,-0.050996,-0.055169,0.550806,1.045196,9.847362
30.350000,-0.053789,-0.061558,-0.049002,0.600558,1.048677,9.838628
30.355000,-0.056505,-0.054506,-0.051562,0.557207,1.043845,9.858472
30.360000,-0.052579,-0.058827,-0.054067,0.526636,0.947482,9.901550
30.365000,-0.059253,-0.059461,-0.044207,0.546980,0.968999,9.886857
30.370000,-0.055275,-0.057368,-0.050171,0.538669,1.011628,9.846740
30.375000,-0.052993,-0.052110,-0.053462,0.628402,0.953044,9.809678
30.380000,-0.061061,-0.057575,-0.049665,0.543512,0.979451,9.791623
30.385000,-0.050749,-0.059106,-0.053922,0.568929,1.012739,9.844704
30.390000,-0.052019,-0.055408,-0.055603,0.571313,0.919730,9.834724
30.395000,-0.061742,-0.058755,-0.043845,0.615441,0.974975,9.815811
30.400000,-0.050663,-0.055936,-0.053453,0.562244,1.034038,9.817092
30.405000,-0.061206,-0.057747,-0.051931,0.544658,0.951878,9.867822
30.410000,-0.055143,-0.058940,-0.049705,0.572318,0.957572,9.861758
30.415000,-0.061561,-0.059689,-0.056188,0.513952,0.969198,9.851984
30.420000,-0.058260,-0.052369,-0.054861,0.644941,0.968024,9.821953
30.425000,-0.061476,-0.052158,-0.055114,0.602006,0.992859,9.868644
30.430000,-0.058229,-0.058052,-0.048440,0.578855,0.967428,9.876486
30.435000,-0.064527,-0.055873,-0.052892,0.581900,0.914019,9.850874
30.440000,-0.057657,-0.059327,-0.052054,0.581563,0.909941,9.891152
30.445000,-0.053945,-0.053080,-0.055722,0.569722,0.945913,9.808221
30.450000,-0.061773,-0.052495,-0.049250,0.575913,0.834210,9.849483
30.455000,-0.062305,-0.057436,-0.051541,0.651508,0.924637,9.876250
30.460000,-0.056685,-0.050110,-0.050358,0.592590,0.912615,9.885417
30.465000,-0.057758,-0.053445,-0.050528,0.606763,0.898477,9.776123
30.470000,-0.061917,-0.053285,-0.047893,0.590718,0.888076,9.882436
30.475000,-0.057833,-0.056590,-0.054931,0.602703,0.899675,9.891495
30.480000,-0.059111,-0.052719,-0.055376,0.582753,0.911613,9.845318
30.485000,-0.063834,-0.055486,-0.051772,0.670665,0.924345,9.846312
30.490000,-0.059202,-0.052474,-0.053067,0.591693,0.889444,9.822384
30.495000,-0.066817,-0.051582,-0.051735,0.566061,0.925796,9.867538
30.500000,-0.057613,-0.052749,-0.052824,0.612989,0.882135,9.845661
30.505000,-0.058031,-0.059894,-0.051333,0.607475,0.891845,9.824488
30.510000,-0.059769,-0.059302,-0.054480,0.666956,0.901647,9.831595
30.515000,-0.062162,-0.054063,-0.051116,0.601966,0.864971,9.874014
30.520000,-0.061351,-0.055477,-0.050294,0.578476,0.869990,9.863803
30.525000,-0.059300,-0.053018,-0.049183,0.677291,0.886070,9.895442
30.530000,-0.057700,-0.053411,-0.051870,0.534676,0.918042,9.861900
30.535000,-0.061627,-0.053967,-0.051489,0.624969,0.876033,9.848922
30.540000,-0.062469,-0.045981,-0.056574,0.673570,0.851446,9.819619
30.545000,-0.070613,-0.057153,-0.055912,0.687155,0.877109,9.779409
30.550000,-0.060653,-0.054198,-0.049129,0.593485,0.814352,9.831291
30.555000,-0.057650,-0.048931,-0.052142,0.624937,0.800857,9.824521
30.560000,-0.063654,-0.054132,-0.049624,0.650042,0.864592,9.862216
30.565000,-0.060764,-0.051214,-0.047806,0.589626,0.864102,9.799109
30.570000,-0.060898,-0.051599,-0.050796,0.664261,0.813837,9.860429
30.575000,-0.066881,-0.048248,-0.052182,0.617266,0.855253,9.879663
30.580000,-0.066965,-0.057925,-0.049179,0.618650,0.779998,9.871624
30.585000,-0.068088,-0.055555,-0.053720,0.575150,0.818787,9.835104
30.590000,-0.063520,-0.055090,-0.051628,0.603595,0.761287,9.829473
30.595000,-0.063669,-0.057610,-0.049307,0.625854,0.820562,9.842839
30.600000,-0.064299,-0.057716,-0.055432,0.644484,0.818113,9.870377
30.605000,-0.064904,-0.052392,-0.053590,0.621213,0.831570,9.844764
30.610000,-0.062386,-0.049292,-0.057206,0.636248,0.846147,9.846629
30.615000,-0.066257,-0.051610,-0.053290,0.607733,0.786455,9.842338
30.620000,-0.066681,-0.050800,-0.053750,0.659265,0.811331,9.878669
30.625000,-0.068863,-0.051912,-0.048909,0.688333,0.726183,9.862447
30.630000,-0.059861,-0.056273,-0.037829,0.693609,0.805823,9.879770
30.635000,-0.067449,-0.052776,-0.049120,0.635033,0.724752,9.895974
30.640000,-0.070275,-0.052507,-0.046970,0.670941,0.783478,9.871533
30.645000,-0.062403,-0.049968,-0.050506,0.688415,0.774703,9.851330
30.650000,-0.066573,-0.050985,-0.051028,0.650178,0.743751,9.804155
30.655000,-0.067125,-0.052294,-0.050636,0.671841,0.759714,9.807163
30.660000,-0.069273,-0.055791,-0.052561,0.687977,0.766026,9.845105
30.665000,-0.066166,-0.045727,-0.049931,0.632026,0.745231,9.829832
30.670000,-0.062646,-0.051874,-0.049938,0.655483,0.744273,9.877972
30.675000,-0.067566,-0.052081,-0.051710,0.677985,0.727205,9.872023
30.680000,-0.065832,-0.051671,-0.051483,0.697796,0.716668,9.905217
30.685000,-0.060262,-0.052234,-0.044514,0.624513,0.715231,9.847526
30.690000,-0.065046,-0.051321,-0.052866,0.700676,0.753995,9.900559
30.695000,-0.069818,-0.051428,-0.053039,0.678120,0.753878,9.848070
30.700000,-0.069649,-0.052849,-0.055961,0.691673,0.773156,9.822650
30.705000,-0.069636,-0.045895,-0.051534,0.698420,0.720402,9.855410
30.710000,-0.066485,-0.049682,-0.048204,0.700248,0.699435,9.853524
30.715000,-0.070875,-0.050384,-0.056927,0.676910,0.677011,9.835102
30.720000,-0.066508,-0.055421,-0.059612,0.729718,0.691063,9.903374
30.725000,-0.071756,-0.047491,-0.046852,0.720204,0.680862,9.864587
30.730000,-0.069382,-0.049635,-0.053199,0.646814,0.723441,9.904357
30.735000,-0.060429,-0.050854,-0.051026,0.710420,0.642602,9.826657
30.740000,-0.067862,-0.051179,-0.056763,0.705298,0.652500,9.874715
30.745000,-0.065895,-0.055109,-0.054038,0.724200,0.658455,9.901662
30.750000,-0.065059,-0.058613,-0.053223,0.654644,0.641550,9.875607
30.755000,-0.068941,-0.051227,-0.056440,0.693257,0.632828,9.938908
30.760000,-0.069424,-0.048674,-0.048272,0.718076,0.604809,9.807911
30.765000,-0.069425,-0.049861,-0.053783,0.689990,0.589145,9.820762
30.770000,-0.069020,-0.051074,-0.053239,0.695824,0.590556,9.865128
30.775000,-0.066837,-0.051754,-0.053756,0.702294,0.676222,9.834491
30.780000,-0.067500,-0.050183,-0.060340,0.710000,0.636456,9.868485
30.785000,-0.069141,-0.049533,-0.050519,0.693391,0.606572,9.902454
30.790000,-0.069073,-0.048568,-0.049428,0.752442,0.621384,9.844718
30.795000,-0.066289,-0.048166,-0.053105,0.668877,0.603202,9.847090
30.800000,-0.068704,-0.048898,-0.052325,0.711270,0.618199,9.886710
30.805000,-0.069695,-0.049330,-0.052484,0.709375,0.648578,9.878797
30.810000,-0.069925,-0.045688,-0.057630,0.720617,0.606955,9.858177
30.815000,-0.070973,-0.047935,-0.050484,0.698553,0.592425,9.899642
30.820000,-0.074684,-0.049727,-0.052323,0.723933,0.658551,9.899211
30.825000,-0.071842,-0.046749,-0.050479,0.708672,0.627800,9.900666
30.830000,-0.073038,-0.055299,-0.057631,0.738180,0.497626,9.858657
30.835000,-0.067798,-0.043210,-0.055185,0.732756,0.574675,9.845177
30.840000,-0.068537,-0.050997,-0.054567,0.745346,0.612254,9.840487
30.845000,-0.065078,-0.045487,-0.057666,0.669005,0.608760,9.906288
30.850000,-0.069063,-0.050444,-0.054937,0.771257,0.546593,9.877665
30.855000,-0.070445,-0.044051,-0.053892,0.752968,0.594128,9.828696
30.860000,-0.071796,-0.050981,-0.055485,0.782605,0.503382,9.860766
30.865000,-0.073545,-0.043427,-0.057971,0.733605,0.559988,9.852399
30.870000,-0.070776,-0.049054,-0.051185,0.724238,0.571525,9.916222
30.875000,-0.077187,-0.047872,-0.050950,0.784935,0.551085,9.846776
30.880000,-0.073247,-0.051294,-0.047692,0.722992,0.544298,9.867236
30.885000,-0.071084,-0.050044,-0.051973,0.752002,0.531933,9.906417
30.890000,-0.067641,-0.043942,-0.054497,0.751475,0.490578,9.892848
30.895000,-0.072698,-0.044660,-0.050080,0.717898,0.537494,9.845008
30.900000,-0.071251,-0.043942,-0.049200,0.801997,0.517868,9.864127
30.905000,-0.070953,-0.049412,-0.054145,0.800198,0.478831,9.879097
30.910000,-0.073365,-0.048838,-0.052257,0.742656,0.446788,9.888533
30.915000,-0.073667,-0.041675,-0.051223,0.690937,0.500666,9.867044
30.920000,-0.072147,-0.045385,-0.050509,0.767977,0.529885,9.877495
30.925000,-0.075074,-0.047433,-0.053876,0.775773,0.484940,9.925515
30.930000,-0.070901,-0.047118,-0.054984,0.736820,0.508788,9.889161
30.935000,-0.070664,-0.043310,-0.053982,0.766758,0.443659,9.874212
30.940000,-0.074722,-0.050752,-0.052357,0.776768,0.485319,9.903288
30.945000,-0.076156,-0.043322,-0.054560,0.799930,0.484970,9.837861
30.950000,-0.075839,-0.049506,-0.050039,0.720050,0.515475,9.888444
30.955000,-0.075161,-0.038598,-0.054504,0.771027,0.409773,9.862070
30.960000,-0.065134,-0.047248,-0.059591,0.743402,0.480680,9.874171
30.965000,-0.070291,-0.042287,-0.055026,0.777591,0.434827,9.923482
30.970000,-0.072445,-0.049074,-0.047884,0.776658,0.422287,9.848361
30.975000,-0.074311,-0.044382,-0.050334,0.770583,0.386700,9.888476
30.980000,-0.071835,-0.046011,-0.048538,0.746283,0.418827,9.852488
30.985000,-0.076286,-0.041668,-0.051395,0.837002,0.416557,9.842057
30.990000,-0.078186,-0.047260,-0.056771,0.751038,0.400563,9.885450
30.995000,-0.073591,-0.045849,-0.049001,0.802156,0.374087,9.876057
31.000000,-0.072385,-0.043294,-0.055454,0.750849,0.403258,9.877420
31.005000,-0.070321,-0.042402,-0.050638,0.775649,0.405862,9.895101
31.010000,-0.075174,-0.042718,-0.050894,0.807174,0.384240,9.878376
31.015000,-0.081758,-0.044580,-0.053199,0.765548,0.357400,9.871083
31.020000,-0.079693,-0.045646,-0.050902,0.718371,0.372290,9.897848
31.025000,-0.073144,-0.048148,-0.053877,0.742048,0.387735,9.867484
31.030000,-0.076674,-0.040396,-0.054144,0.745453,0.390395,9.889108
31.035000,-0.074127,-0.044643,-0.052647,0.733616,0.338619,9.832756
31.040000,-0.077677,-0.042969,-0.053925,0.767818,0.392906,9.870537
31.045000,-0.078976,-0.044755,-0.053112,0.787751,0.361030,9.884048
31.050000,-0.075065,-0.045127,-0.054120,0.762029,0.394862,9.875603
31.055000,-0.076312,-0.040469,-0.061387,0.825446,0.337148,9.849322
31.060000,-0.080347,-0.052124,-0.059503,0.850546,0.320555,9.836668
31.065000,-0.079679,-0.047007,-0.059331,0.774135,0.356382,9.907859
31.070000,-0.073351,-0.046741,-0.049835,0.758474,0.308990,9.899911
31.075000,-0.075032,-0.038776,-0.052370,0.840755,0.338735,9.889123
31.080000,-0.076145,-0.039942,-0.052778,0.746446,0.345882,9.917905
31.085000,-0.079467,-0.043190,-0.051645,0.826883,0.278469,9.859542
31.090000,-0.077184,-0.041356,-0.049983,0.799932,0.355578,9.838616
31.095000,-0.081943,-0.048347,-0.052778,0.773856,0.306043,9.880166
31.100000,-0.076996,-0.046664,-0.049885,0.817847,0.293891,9.916084
31.105000,-0.076108,-0.051110,-0.053308,0.801419,0.285368,9.881652
31.110000,-0.081777,-0.040382,-0.055563,0.775886,0.275810,9.820569
31.115000,-0.076719,-0.043136,-0.056647,0.772968,0.270387,9.883720
31.120000,-0.077544,-0.045529,-0.056338,0.751658,0.262012,9.841883
31.125000,-0.079445,-0.041855,-0.060434,0.828909,0.306383,9.906194
31.130000,-0.073053,-0.039331,-0.056768,0.766521,0.241690,9.859014
31.135000,-0.077096,-0.043774,-0.057223,0.820403,0.303087,9.868332
31.140000,-0.081522,-0.035517,-0.054043,0.812122,0.279735,9.862834
31.145000,-0.078301,-0.044366,-0.057354,0.810855,0.288115,9.866222
31.150000,-0.069982,-0.044295,-0.056488,0.798794,0.282812,9.861490
31.155000,-0.075331,-0.041531,-0.049683,0.734172,0.283739,9.903740
31.160000,-0.077765,-0.045077,-0.054425,0.743456,0.218310,9.898612
31.165000,-0.075150,-0.044437,-0.055938,0.795493,0.286815,9.839632
31.170000,-0.071198,-0.040016,-0.050780,0.797177,0.234734,9.872311
31.175000,-0.078223,-0.042050,-0.053045,0.807056,0.227390,9.838962
31.180000,-0.068011,-0.043347,-0.057364,0.813619,0.207790,9.918241
31.185000,-0.079675,-0.039241,-0.051943,0.797463,0.157633,9.892642
31.190000,-0.078847,-0.041084,-0.053832,0.847060,0.188582,9.842807
31.195000,-0.078962,-0.040056,-0.062670,0.825707,0.193311,9.916383
31.200000,-0.076385,-0.041474,-0.054139,0.809948,0.222621,9.891471
31.205000,-0.079654,-0.037678,-0.055701,0.808484,0.223128,9.860207
31.210000,-0.073427,-0.044421,-0.055044,0.801563,0.165587,9.895145
31.215000,-0.075865,-0.040497,-0.058779,0.803372,0.182195,9.870858
31.220000,-0.074227,-0.035762,-0.054452,0.816356,0.211359,9.830362
31.225000,-0.076312,-0.038406,-0.053013,0.797354,0.184537,9.912504
31.230000,-0.078047,-0.042398,-0.058065,0.862064,0.174634,9.857776
31.235000,-0.079326,-0.042836,-0.053722,0.799322,0.115855,9.855952
31.240000,-0.081927,-0.030996,-0.051566,0.875998,0.186480,9.865148
31.245000,-0.082898,-0.036999,-0.052449,0.855658,0.170911,9.859580
31.250000,-0.076634,-0.042370,-0.046898,0.887889,0.173146,9.849363
31.255000,-0.083382,-0.035249,-0.049857,0.850855,0.100309,9.872199
31.260000,-0.078428,-0.037535,-0.054749,0.889385,0.104217,9.897124
31.265000,-0.081748,-0.040486,-0.048151,0.834899,0.136515,9.896808
31.270000,-0.073702,-0.041462,-0.058143,0.857902,0.108799,9.886097
31.275000,-0.074012,-0.037454,-0.057020,0.862231,0.133909,9.879682
31.280000,-0.076019,-0.038732,-0.052547,0.850572,0.070706,9.851672
31.285000,-0.074887,-0.037655,-0.058851,0.848460,0.173095,9.846353
31.290000,-0.075103,-0.033479,-0.056556,0.861044,0.136057,9.892181
31.295000,-0.075432,-0.038911,-0.056602,0.850050,0.106884,9.874800
31.300000,-0.079215,-0.042129,-0.053180,0.871839,0.034940,9.926797
31.305000,-0.080292,-0.039064,-0.055510,0.873306,0.099569,9.880872
31.310000,-0.079279,-0.032286,-0.057905,0.824965,0.044345,9.873443
31.315000,-0.079857,-0.034790,-0.055568,0.846540,0.072353,9.875679
31.320000,-0.077331,-0.039379,-0.047719,0.889720,0.051984,9.862594
31.325000,-0.081256,-0.038383,-0.050165,0.836001,0.050025,9.869065
31.330000,-0.072122,-0.030909,-0.054406,0.888966,-0.013473,9.856364
31.335000,-0.078485,-0.038867,-0.059652,0.858987,0.062455,9.877311
31.340000,-0.077338,-0.032962,-0.062532,0.908211,0.041987,9.886483
31.345000,-0.081144,-0.035495,-0.054805,0.852346,0.001017,9.929705
31.350000,-0.080275,-0.041484,-0.054769,0.875619,0.057691,9.880574
31.355000,-0.077125,-0.036267,-0.055550,0.835301,0.038733,9.897311
31.360000,-0.082015,-0.032480,-0.054166,0.829794,0.056406,9.941642
31.365000,-0.079629,-0.030899,-0.057179,0.849789,0.047749,9.887386
31.370000,-0.084633,-0.036249,-0.055257,0.859197,0.000154,9.932448
31.375000,-0.081689,-0.037383,-0.050766,0.839290,-0.021898,9.889645
31.380000,-0.080515,-0.035915,-0.057248,0.809599,-0.034851,9.873057
31.385000,-0.073775,-0.034797,-0.059197,0.850153,-0.018087,9.889329
31.390000,-0.079338,-0.039600,-0.050251,0.877706,0.025337,9.935173
31.395000,-0.078931,-0.036374,-0.056061,0.852541,-0.008466,9.840289
31.400000,-0.082290,-0.039766,-0.053456,0.869482,0.008903,9.886082
31.405000,-0.080694,-0.040281,-0.052667,0.867230,-0.054447,9.885631
31.410000,-0.082217,-0.033436,-0.055488,0.879455,-0.033060,9.892127
31.415000,-0.073882,-0.032823,-0.054931,0.896825,0.012986,9.893005
31.420000,-0.076237,-0.038034,-0.054040,0.847876,-0.014425,9.836354
31.425000,-0.080588,-0.030505,-0.057923,0.832724,-0.046655,9.844898
31.430000,-0.079365,-0.034650,-0.060510,0.865266,-0.040461,9.921142
31.435000,-0.077279,-0.035581,-0.058644,0.875696,-0.013059,9.833374
31.440000,-0.079223,-0.033505,-0.053678,0.858004,-0.102826,9.879996
31.445000,-0.078285,-0.035373,-0.053094,0.861903,-0.075292,9.871683
31.450000,-0.077704,-0.038656,-0.058361,0.927211,-0.060541,9.850601
31.455000,-0.080630,-0.028039,-0.057052,0.840655,-0.129559,9.930035
31.460000,-0.084292,-0.034402,-0.053467,0.884756,-0.155605,9.908023
31.465000,-0.081696,-0.031435,-0.055644,0.880452,-0.105243,9.944448
31.470000,-0.076269,-0.030328,-0.055119,0.874609,-0.110156,9.854319
31.475000,-0.075064,-0.037608,-0.053749,0.918150,-0.141589,9.836571
31.480000,-0.082533,-0.032835,-0.056506,0.893280,-0.108436,9.912250
31.485000,-0.078666,-0.031317,-0.059720,0.853699,-0.107612,9.841556
31.490000,-0.081223,-0.033787,-0.057233,0.923918,-0.085381,9.871729
31.495000,-0.073984,-0.037209,-0.046780,0.879306,-0.112223,9.861537
31.500000,-0.084363,-0.030133,-0.053538,0.840904,-0.123442,9.863375
31.505000,-0.082425,-0.027852,-0.058302,0.868289,-0.105990,9.868627
31.510000,-0.080857,-0.033756,-0.056563,0.884794,-0.163152,9.875544
31.515000,-0.079382,-0.031157,-0.055625,0.893522,-0.133090,9.843833
31.520000,-0.082544,-0.031818,-0.056770,0.870363,-0.178166,9.857019
31.525000,-0.075756,-0.034524,-0.057753,0.928120,-0.136150,9.871241
31.530000,-0.076845,-0.030357,-0.058141,0.892829,-0.175856,9.827882
31.535000,-0.074623,-0.030232,-0.051135,0.867474,-0.164549,9.874909
31.540000,-0.076127,-0.029304,-0.055506,0.915445,-0.166893,9.875358
31.545000,-0.077613,-0.031024,-0.055336,0.908715,-0.139364,9.885634
31.550000,-0.076384,-0.031090,-0.049110,0.833267,-0.161845,9.868323
31.555000,-0.080062,-0.033065,-0.059987,0.898564,-0.181174,9.870888
31.560000,-0.083130,-0.033746,-0.053307,0.907190,-0.219318,9.878920
31.565000,-0.073840,-0.034038,-0.060749,0.874897,-0.228418,9.821491
31.570000,-0.080529,-0.025247,-0.050624,0.914694,-0.197119,9.924707
31.575000,-0.082194,-0.032450,-0.054944,0.911701,-0.160578,9.833328
31.580000,-0.077199,-0.028820,-0.054023,0.864823,-0.227333,9.823888
31.585000,-0.076455,-0.032401,-0.058104,0.927177,-0.290508,9.871550
31.590000,-0.075049,-0.026953,-0.051637,0.877986,-0.168310,9.904778
31.595000,-0.079624,-0.031596,-0.055205,0.918877,-0.262809,9.876606
31.600000,-0.075904,-0.034335,-0.052012,0.894913,-0.202893,9.862948
31.605000,-0.085073,-0.031862,-0.052150,0.929043,-0.275433,9.844306
31.610000,-0.076865,-0.031706,-0.059301,0.889729,-0.250276,9.897336
31.615000,-0.079584,-0.029275,-0.055468,0.955389,-0.213327,9.907252
31.620000,-0.078511,-0.025278,-0.055767,0.930693,-0.229961,9.945428
31.625000,-0.082304,-0.032623,-0.047871,0.932082,-0.233853,9.910607
31.630000,-0.081499,-0.029693,-0.048509,0.929081,-0.264726,9.905112
31.635000,-0.077675,-0.029546,-0.053780,0.909661,-0.228586,9.816522
31.640000,-0.079725,-0.031194,-0.059273,0.940991,-0.299833,9.861632
31.645000,-0.081532,-0.026774,-0.059109,0.928438,-0.290630,9.888988
31.650000,-0.075532,-0.029638,-0.053334,0.878600,-0.205108,9.848977
31.655000,-0.077487,-0.026030,-0.056477,0.929056,-0.292009,9.852090
31.660000,-0.079647,-0.030918,-0.057713,0.965581,-0.299611,9.849767
31.665000,-0.073785,-0.024113,-0.055975,0.897601,-0.314740,9.841091
31.670000,-0.077137,-0.026485,-0.054737,0.926128,-0.260022,9.945697
31.675000,-0.080918,-0.034397,-0.058249,0.913853,-0.266706,9.868743
31.680000,-0.079459,-0.024185,-0.062317,0.930241,-0.319709,9.834438
31.685000,-0.078901,-0.033783,-0.052146,0.930447,-0.302453,9.824926
31.690000,-0.080923,-0.024087,-0.055438,0.993785,-0.308037,9.837236
31.695000,-0.078111,-0.032047,-0.052756,0.979386,-0.348719,9.890908
31.700000,-0.077936,-0.027246,-0.054479,0.873457,-0.330201,9.831131
31.705000,-0.076704,-0.019687,-0.059119,0.901180,-0.362088,9.869495
31.710000,-0.079818,-0.032180,-0.055929,0.934758,-0.354359,9.926386
31.715000,-0.079717,-0.031220,-0.051210,0.946900,-0.343490,9.884819
31.720000,-0.079728,-0.022123,-0.052701,0.856956,-0.361814,9.873116
31.725000,-0.076698,-0.031684,-0.054235,0.972278,-0.386891,9.891373
31.730000,-0.075204,-0.022001,-0.054929,0.945722,-0.369929,9.887143
31.735000,-0.081565,-0.027502,-0.056115,0.965240,-0.381352,9.869229
31.740000,-0.076768,-0.035499,-0.053943,0.974631,-0.350102,9.885722
31.745000,-0.076105,-0.029678,-0.050915,0.955889,-0.391813,9.852812
31.750000,-0.073726,-0.029355,-0.051069,0.944462,-0.385097,9.856692
31.755000,-0.081483,-0.022652,-0.058665,0.983731,-0.372150,9.869887
31.760000,-0.083917,-0.033236,-0.053648,0.941676,-0.407147,9.841872
31.765000,-0.077616,-0.016637,-0.052287,0.917766,-0.454546,9.842390
31.770000,-0.077886,-0.020053,-0.054503,0.994875,-0.416846,9.862145
31.775000,-0.075944,-0.027107,-0.055555,0.951027,-0.446430,9.865570
31.780000,-0.075157,-0.025438,-0.056469,0.955858,-0.429210,9.830625
31.785000,-0.073967,-0.024309,-0.054018,0.985180,-0.446317,9.824736
31.790000,-0.077651,-0.030095,-0.053153,0.934686,-0.496488,9.830286
31.795000,-0.080436,-0.022382,-0.053969,0.943056,-0.391561,9.783659
31.800000,-0.079681,-0.021768,-0.055114,0.925679,-0.442308,9.803312
31.805000,-0.075443,-0.020374,-0.056440,0.979172,-0.453728,9.910763
31.810000,-0.079832,-0.023734,-0.053371,0.917068,-0.485276,9.800867
31.815000,-0.072103,-0.025449,-0.058638,0.981559,-0.452168,9.872824
31.820000,-0.075969,-0.026827,-0.055794,0.945452,-0.498670,9.828225
31.825000,-0.075102,-0.014754,-0.058067,0.922661,-0.509417,9.914947
31.830000,-0.081019,-0.022020,-0.050499,0.955253,-0.502015,9.860403
31.835000,-0.074160,-0.022848,-0.057533,0.975888,-0.505746,9.821706
31.840000,-0.074526,-0.020577,-0.054459,0.956530,-0.455039,9.870423
31.845000,-0.075547,-0.021325,-0.054312,0.950561,-0.525175,9.880822
31.850000,-0.079104,-0.026264,-0.056565,0.975601,-0.449695,9.842138
31.855000,-0.083041,-0.022599,-0.054435,0.980945,-0.447583,9.880719
31.860000,-0.077488,-0.021551,-0.050085,0.962195,-0.520280,9.797823
31.865000,-0.072534,-0.023121,-0.053769,0.975522,-0.525154,9.806808
31.870000,-0.077319,-0.010351,-0.058023,0.978892,-0.527243,9.837701
31.875000,-0.071270,-0.025080,-0.057189,0.961532,-0.502667,9.874210
31.880000,-0.071335,-0.019166,-0.056319,0.954584,-0.544732,9.860441
31.885000,-0.071016,-0.028857,-0.054108,0.932414,-0.519956,9.866388
31.890000,-0.068998,-0.023481,-0.053450,0.986207,-0.545672,9.869852
31.895000,-0.078408,-0.020281,-0.059085,0.947742,-0.557735,9.856291
31.900000,-0.073263,-0.023142,-0.053167,0.953981,-0.492726,9.855178
31.905000,-0.076452,-0.015697,-0.052308,0.968204,-0.521974,9.814781
31.910000,-0.074675,-0.020723,-0.055775,0.969098,-0.580428,9.882168
31.915000,-0.073637,-0.024174,-0.060933,0.989724,-0.562717,9.830432
31.920000,-0.075434,-0.024648,-0.055176,0.924317,-0.577771,9.813884
31.925000,-0.071535,-0.021201,-0.060283,0.947212,-0.550540,9.802001
31.930000,-0.071617,-0.018855,-0.050584,0.971530,-0.580539,9.846388
31.935000,-0.077193,-0.027241,-0.053900,1.003038,-0.602767,9.866787
31.940000,-0.076385,-0.018649,-0.057930,0.960091,-0.618190,9.853085
31.945000,-0.069477,-0.021668,-0.052895,0.978253,-0.613429,9.868279
31.950000,-0.073066,-0.022392,-0.056271,0.964578,-0.621057,9.798603
31.955000,-0.070932,-0.018752,-0.059938,0.964595,-0.630414,9.867639
31.960000,-0.068678,-0.017574,-0.050932,0.934258,-0.636057,9.850267
31.965000,-0.071566,-0.026110,-0.057890,1.004285,-0.633046,9.894714
31.970000,-0.078045,-0.026296,-0.059322,0.950305,-0.647346,9.839630
31.975000,-0.070964,-0.025220,-0.057325,0.967218,-0.619343,9.868752
31.980000,-0.077847,-0.019803,-0.060215,0.991547,-0.686266,9.855650
31.985000,-0.076591,-0.023981,-0.055723,0.925030,-0.626739,9.859595
31.990000,-0.073954,-0.021028,-0.051983,1.020818,-0.664696,9.876680
31.995000,-0.072123,-0.017912,-0.061645,0.963129,-0.676262,9.835230
32.000000,-0.069336,-0.017810,-0.060185,0.985136,-0.658957,9.833397
32.005000,-0.069834,-0.023373,-0.057016,0.946204,-0.689594,9.900013
32.010000,-0.072277,-0.014957,-0.054362,0.923705,-0.709974,9.878966
32.015000,-0.071750,-0.014056,-0.053914,0.975249,-0.676394,9.899982
32.020000,-0.063926,-0.014410,-0.049370,0.991417,-0.664661,9.840755
32.025000,-0.078670,-0.014546,-0.052516,0.992841,-0.739273,9.810681
32.030000,-0.069147,-0.016200,-0.057431,0.961437,-0.650749,9.833786
32.035000,-0.075955,-0.018402,-0.057552,0.993811,-0.619611,9.850116
32.040000,-0.071227,-0.015350,-0.053731,1.001849,-0.741125,9.830396
32.045000,-0.068645,-0.016917,-0.057465,0.989708,-0.698022,9.787806
32.050000,-0.069853,-0.017701,-0.052835,0.909946,-0.675751,9.878323
32.055000,-0.074915,-0.019970,-0.051517,1.000298,-0.720505,9.842405
32.060000,-0.071601,-0.020239,-0.054754,0.936028,-0.724921,9.888115
32.065000,-0.072316,-0.019472,-0.054582,0.990893,-0.752302,9.904237
32.070000,-0.068541,-0.020139,-0.059752,0.911157,-0.762800,9.827510
32.075000,-0.070040,-0.018474,-0.053132,0.968021,-0.785314,9.848375
32.080000,-0.068734,-0.016971,-0.060550,0.968329,-0.730701,9.807763
32.085000,-0.063012,-0.024081,-0.054501,1.004832,-0.709076,9.855793
32.090000,-0.074219,-0.011006,-0.053167,1.004825,-0.733529,9.891903
32.095000,-0.072740,-0.016961,-0.056874,0.984662,-0.729469,9.843320
32.100000,-0.071273,-0.018543,-0.058605,0.937315,-0.748403,9.787145
32.105000,-0.070100,-0.017818,-0.057584,1.023876,-0.722610,9.796240
32.110000,-0.072015,-0.012254,-0.052290,0.959693,-0.746727,9.828855
32.115000,-0.066043,-0.018141,-0.061343,0.959878,-0.819092,9.834232
32.120000,-0.067124,-0.017194,-0.054612,0.962418,-0.764451,9.835640
32.125000,-0.068404,-0.015376,-0.052519,0.936021,-0.767559,9.869298
32.130000,-0.068950,-0.012557,-0.057173,0.967996,-0.814254,9.859213
32.135000,-0.074379,-0.016316,-0.054026,1.004784,-0.808186,9.868555
32.140000,-0.069362,-0.017095,-0.059980,0.976739,-0.811548,9.813859
32.145000,-0.067552,-0.011949,-0.056812,0.954566,-0.792206,9.843659
32.150000,-0.070394,-0.016752,-0.048819,0.987317,-0.842060,9.847585
32.155000,-0.068020,-0.015923,-0.055616,0.955122,-0.818755,9.911069
32.160000,-0.067456,-0.014445,-0.052656,0.997420,-0.777905,9.842310
32.165000,-0.069419,-0.016164,-0.054935,0.954386,-0.764056,9.770201
32.170000,-0.064900,-0.011591,-0.054316,0.983955,-0.803211,9.788172
32.175000,-0.072908,-0.015639,-0.054561,0.938802,-0.810675,9.776064
32.180000,-0.065723,-0.015888,-0.062052,1.059548,-0.856635,9.795682
32.185000,-0.063160,-0.019300,-0.059474,1.012682,-0.904581,9.808010
32.190000,-0.063593,-0.014782,-0.052816,0.973134,-0.812721,9.828323
32.195000,-0.061885,-0.013496,-0.052338,0.995580,-0.871889,9.840533
32.200000,-0.071974,-0.013058,-0.044059,1.002185,-0.869270,9.819468
32.205000,-0.072014,-0.018650,-0.055791,1.028023,-0.828597,9.879562
32.210000,-0.073002,-0.017926,-0.054778,0.975045,-0.876789,9.773015
32.215000,-0.066408,-0.008025,-0.053252,1.022781,-0.858169,9.862437
32.220000,-0.066223,-0.014326,-0.053427,0.959393,-0.859892,9.813257
32.225000,-0.065411,-0.013935,-0.051954,0.981224,-0.793760,9.790420
32.230000,-0.057718,-0.013391,-0.053060,1.014083,-0.850494,9.825452
32.235000,-0.069062,-0.010161,-0.052850,1.025762,-0.888040,9.835617
32.240000,-0.066506,-0.011844,-0.055192,0.980954,-0.922274,9.860473
32.245000,-0.069392,-0.015896,-0.058809,0.989232,-0.887539,9.862228
32.250000,-0.067565,-0.017500,-0.054156,1.015082,-0.861041,9.831056
32.255000,-0.065470,-0.009825,-0.057874,1.013554,-0.879616,9.844803
32.260000,-0.066107,-0.009025,-0.052622,0.980712,-0.935995,9.884661
32.265000,-0.068292,-0.005543,-0.056139,0.961507,-0.954788,9.843841
32.270000,-0.058264,-0.013608,-0.052493,1.042599,-0.865232,9.887038
32.275000,-0.063098,-0.010323,-0.058757,0.984626,-0.901434,9.866723
32.280000,-0.061057,-0.009742,-0.055474,1.023097,-0.913313,9.860262
32.285000,-0.062845,-0.010866,-0.052965,0.973852,-0.919395,9.846394
32.290000,-0.060366,-0.006559,-0.053792,0.962769,-0.939136,9.835739
32.295000,-0.064183,-0.008804,-0.050634,0.962941,-0.924033,9.786410
32.300000,-0.067389,-0.016065,-0.053693,1.017836,-0.974056,9.795844
32.305000,-0.064481,-0.009052,-0.047638,1.001878,-0.919466,9.814139
32.310000,-0.067640,-0.015445,-0.057051,1.009563,-0.937339,9.819186
32.315000,-0.061332,-0.008778,-0.054722,1.009801,-0.954082,9.830327
32.320000,-0.063213,-0.007260,-0.054749,0.939177,-0.961659,9.872443
32.325000,-0.065381,-0.007182,-0.053078,0.989731,-0.942526,9.798157
32.330000,-0.065574,-0.007821,-0.053211,0.986007,-0.948233,9.849531
32.335000,-0.066146,-0.012280,-0.050429,0.945369,-0.975195,9.848709
32.340000,-0.067948,-0.007578,-0.054283,1.000034,-0.952078,9.816068
32.345000,-0.063316,-0.006429,-0.050125,1.016551,-0.962613,9.794983
32.350000,-0.068740,-0.014662,-0.056361,1.008039,-0.948612,9.760308
32.355000,-0.063305,-0.013461,-0.052835,0.954562,-0.996334,9.835846
32.360000,-0.057876,-0.003947,-0.055453,0.988108,-1.042391,9.806883
32.365000,-0.066700,-0.014280,-0.059395,1.016375,-1.030690,9.803504
32.370000,-0.059006,-0.013889,-0.059863,1.012336,-1.014050,9.781110
32.375000,-0.059042,-0.010253,-0.055298,0.985735,-1.023654,9.787573
32.380000,-0.066689,-0.006194,-0.059179,1.008424,-0.972445,9.817205
32.385000,-0.061049,-0.006836,-0.051404,1.028217,-0.960759,9.804763
32.390000,-0.063346,-0.010195,-0.059854,0.953131,-1.013094,9.801372
32.395000,-0.064884,-0.004000,-0.047263,0.975430,-1.061075,9.830138
32.400000,-0.064016,-0.012315,-0.053135,1.021280,-1.053438,9.744702
32.405000,-0.059121,-0.003223,-0.055022,0.996869,-1.022331,9.744450
32.410000,-0.052939,-0.003184,-0.057357,0.979518,-1.060486,9.808330
32.415000,-0.060609,-0.007498,-0.053281,0.964356,-1.037319,9.828276
32.420000,-0.060253,-0.002680,-0.052619,1.000320,-1.060026,9.831169
32.425000,-0.059265,-0.001791,-0.053701,1.021611,-1.014014,9.844786
32.430000,-0.055615,-0.006768,-0.059792,1.015078,-1.065495,9.789996
32.435000,-0.055778,-0.001334,-0.057594,1.010388,-1.039201,9.724519
32.440000,-0.056875,-0.008579,-0.058392,0.957934,-1.043563,9.813192
32.445000,-0.064130,-0.009985,-0.049768,0.975107,-1.068115,9.785822
32.450000,-0.059398,-0.004474,-0.055825,0.974548,-1.081927,9.820398
32.455000,-0.055760,-0.009486,-0.058285,1.056213,-1.103643,9.826189
32.460000,-0.057003,-0.009271,-0.051526,1.019945,-1.083503,9.805779
32.465000,-0.054297,-0.009439,-0.053526,1.028525,-1.075684,9.831590
32.470000,-0.059874,-0.008521,-0.051965,0.961228,-1.082342,9.791185
32.475000,-0.056759,-0.002946,-0.056577,0.991422,-1.071256,9.856271
32.480000,-0.061113,-0.006677,-0.053996,1.035814,-1.104866,9.839043
32.485000,-0.058762,-0.004229,-0.050115,1.032225,-1.127204,9.808994
32.490000,-0.056645,-0.003808,-0.053506,0.994377,-1.129647,9.757328
32.495000,-0.061129,-0.010287,-0.057124,1.019355,-1.121537,9.822304
32.500000,-0.059753,0.000490,-0.058971,1.007298,-1.103002,9.824999
32.505000,-0.056215,-0.008777,-0.053306,0.986599,-1.119240,9.840340
32.510000,-0.059249,-0.006311,-0.050576,0.999473,-1.157301,9.778826
32.515000,-0.054360,-0.007365,-0.055277,1.000123,-1.077254,9.802441
32.520000,-0.055785,-0.002249,-0.053614,1.006302,-1.109348,9.803045
32.525000,-0.058572,0.001494,-0.052136,0.966136,-1.138654,9.800879
32.530000,-0.052656,-0.005897,-0.057698,1.032423,-1.116571,9.920706
32.535000,-0.052977,-0.004287,-0.052200,0.999106,-1.155652,9.837396
32.540000,-0.052687,-0.003292,-0.057109,1.004924,-1.116574,9.787529
32.545000,-0.057083,-0.002511,-0.054896,0.974756,-1.136933,9.765537
32.550000,-0.056186,-0.000866,-0.056418,1.002084,-1.186821,9.808425
32.555000,-0.056404,-0.003908,-0.049824,0.963887,-1.205232,9.826802
32.560000,-0.055920,-0.003562,-0.052561,1.005586,-1.175458,9.792355
32.565000,-0.056615,-0.006258,-0.053778,1.030649,-1.116708,9.763767
32.570000,-0.054406,-0.004475,-0.050145,0.903410,-1.174599,9.798951
32.575000,-0.056797,-0.000926,-0.053497,0.978762,-1.155072,9.798861
32.580000,-0.051720,-0.005829,-0.052154,0.964011,-1.196390,9.780510
32.585000,-0.053328,-0.004766,-0.051097,1.016595,-1.219614,9.802333
32.590000,-0.054353,-0.004610,-0.051268,1.000917,-1.207024,9.762063
32.595000,-0.051424,-0.005411,-0.056045,1.014974,-1.197022,9.766948
32.600000,-0.049940,-0.001652,-0.058100,1.025912,-1.258732,9.737596
32.605000,-0.051222,-0.001731,-0.048868,1.017678,-1.180807,9.875045
32.610000,-0.049771,-0.004004,-0.055551,0.975284,-1.242960,9.787635
32.615000,-0.051772,0.006775,-0.056686,1.044734,-1.232106,9.822000
32.620000,-0.051512,-0.004295,-0.049475,0.967400,-1.208509,9.787057
32.625000,-0.050077,-0.003134,-0.053939,0.929353,-1.181271,9.834790
32.630000,-0.049127,0.002970,-0.053790,1.001647,-1.135308,9.804430
32.635000,-0.047953,-0.001236,-0.052444,0.993060,-1.229826,9.766338
32.640000,-0.051277,-0.002380,-0.053808,0.979287,-1.190728,9.791235
32.645000,-0.044879,0.003433,-0.049358,0.976480,-1.227950,9.808975
32.650000,-0.052728,-0.003424,-0.051399,0.906556,-1.248515,9.784258
32.655000,-0.051560,-0.000466,-0.057737,1.014267,-1.238414,9.761079
32.660000,-0.045633,-0.001573,-0.053512,1.028416,-1.226003,9.740853
32.665000,-0.048483,0.004056,-0.056237,0.966656,-1.221257,9.740220
32.670000,-0.048365,0.001335,-0.051272,0.993385,-1.321094,9.838226
32.675000,-0.050216,0.001804,-0.052958,0.927379,-1.309020,9.759394
32.680000,-0.056453,-0.000745,-0.054615,0.945114,-1.260277,9.800310
32.685000,-0.048747,-0.001442,-0.053032,1.018560,-1.235173,9.847045
32.690000,-0.050604,-0.000988,-0.054425,0.982801,-1.247571,9.810323
32.695000,-0.048843,0.000126,-0.051442,1.002604,-1.319384,9.782439
32.700000,-0.047576,0.000656,-0.050533,0.980841,-1.258598,9.794616
32.705000,-0.055886,-0.000608,-0.058229,1.003513,-1.338825,9.762612
32.710000,-0.050225,0.001382,-0.058009,0.988774,-1.269719,9.795966
32.715000,-0.050734,-0.001115,-0.046209,1.047924,-1.275116,9.791848
32.720000,-0.047237,0.000391,-0.050062,0.938354,-1.299690,9.820975
32.725000,-0.046184,0.007011,-0.055379,1.005299,-1.321202,9.771390
32.730000,-0.038927,0.004653,-0.049730,0.972200,-1.302277,9.729388
32.735000,-0.048470,0.000985,-0.050674,1.009049,-1.263157,9.855482
32.740000,-0.048920,-0.005420,-0.052202,1.022066,-1.318777,9.789647
32.745000,-0.046995,0.002684,-0.049234,1.039386,-1.292399,9.779528
32.750000,-0.045046,0.003477,-0.055277,0.997394,-1.370150,9.787309
32.755000,-0.042873,0.000627,-0.056099,0.998783,-1.319105,9.835604
32.760000,-0.045291,0.003924,-0.053344,0.973382,-1.340618,9.778411
32.765000,-0.048490,-0.000130,-0.052289,0.979364,-1.285270,9.822711
32.770000,-0.043009,-0.001126,-0.056336,1.043929,-1.352311,9.755686
32.775000,-0.046842,0.001910,-0.048093,1.001676,-1.351693,9.740746
32.780000,-0.043994,0.006026,-0.061152,0.932842,-1.349903,9.769434
32.785000,-0.044491,0.004126,-0.055262,0.980431,-1.327263,9.819851
32.790000,-0.041097,0.008358,-0.051603,0.985838,-1.330170,9.814207
32.795000,-0.040864,-0.001405,-0.055250,1.001082,-1.298809,9.830449
32.800000,-0.040742,0.008704,-0.052600,0.931776,-1.335840,9.760506
32.805000,-0.034236,0.007060,-0.055988,0.956865,-1.357723,9.737426
32.810000,-0.040959,0.003651,-0.054155,0.981987,-1.311077,9.765234
32.815000,-0.041762,0.007975,-0.047704,0.954360,-1.361207,9.794424
32.820000,-0.036716,0.008210,-0.056949,0.947001,-1.321190,9.721509
32.825000,-0.045586,0.010766,-0.052479,0.954510,-1.340055,9.764312
32.830000,-0.039256,0.004853,-0.056407,0.996085,-1.356931,9.762224
32.835000,-0.046602,0.002380,-0.053977,0.985718,-1.417134,9.793751
32.840000,-0.040479,0.002062,-0.054270,1.023325,-1.396414,9.805006
32.845000,-0.039799,0.001796,-0.052561,1.002221,-1.344546,9.780153
32.850000,-0.038970,0.006590,-0.055530,0.973381,-1.346307,9.775729
32.855000,-0.040724,0.005426,-0.049896,0.946604,-1.366783,9.774414
32.860000,-0.042223,0.007574,-0.047657,0.979775,-1.407147,9.782445
32.865000,-0.038670,0.007096,-0.052574,0.993472,-1.373867,9.794012
32.870000,-0.041708,0.009230,-0.056324,0.955537,-1.408915,9.817185
32.875000,-0.042735,0.007978,-0.055369,0.993980,-1.347440,9.734651
32.880000,-0.040143,0.004476,-0.054910,0.980766,-1.363010,9.789564
32.885000,-0.039356,0.004638,-0.060191,0.998050,-1.407475,9.711644
32.890000,-0.037212,0.008068,-0.056861,0.957374,-1.419127,9.758573
32.895000,-0.036312,0.004620,-0.054103,0.995942,-1.400875,9.792115
32.900000,-0.045044,0.009040,-0.055611,0.959100,-1.361295,9.807619
32.905000,-0.035701,0.013542,-0.052451,0.961258,-1.378285,9.732560
32.910000,-0.040210,0.007586,-0.053045,0.946525,-1.416686,9.750682
32.915000,-0.032971,0.010381,-0.049458,0.973896,-1.410188,9.751661
32.920000,-0.038554,0.007400,-0.052262,0.981135,-1.426115,9.740056
32.925000,-0.034295,0.002062,-0.053915,1.018647,-1.406875,9.700567
32.930000,-0.038764,0.002439,-0.051495,1.005879,-1.428518,9.741420
32.935000,-0.045162,0.010890,-0.047977,0.945512,-1.422257,9.759962
32.940000,-0.036128,0.008790,-0.048156,1.026660,-1.402596,9.787748
32.945000,-0.036212,0.011111,-0.051216,0.970536,-1.399920,9.763728
32.950000,-0.037963,-0.000136,-0.057133,0.989573,-1.503520,9.737669
32.955000,-0.031537,0.009434,-0.048701,0.952087,-1.475497,9.756012
32.960000,-0.033588,0.003769,-0.052333,1.020333,-1.492834,9.784750
32.965000,-0.032761,0.011601,-0.053843,0.961678,-1.460660,9.778144
32.970000,-0.037500,0.004275,-0.057232,0.995772,-1.407053,9.764951
32.975000,-0.038652,0.013878,-0.055200,0.932855,-1.411501,9.722190
32.980000,-0.033332,0.010613,-0.053655,0.999995,-1.412458,9.788226
32.985000,-0.034398,0.008617,-0.052630,0.964763,-1.481427,9.761432
32.990000,-0.029588,0.009949,-0.053228,0.978440,-1.482924,9.769945
32.995000,-0.037276,0.002293,-0.054547,0.954217,-1.418612,9.779177
33.000000,-0.032487,0.017463,-0.048321,0.947800,-1.456501,9.752333
33.005000,-0.027907,0.010415,-0.049330,0.982351,-1.527884,9.797175
33.010000,-0.030981,0.009913,-0.056768,0.976141,-1.502720,9.698276
33.015000,-0.037489,0.006602,-0.050766,0.930456,-1.545154,9.758872
33.020000,-0.031987,0.005410,-0.045929,0.953616,-1.452964,9.782409
33.025000,-0.031211,0.009918,-0.053349,0.933238,-1.473525,9.753291
33.030000,-0.030216,0.014809,-0.055543,0.920426,-1.526974,9.821194
33.035000,-0.033844,0.006918,-0.055426,0.900825,-1.470985,9.728605
33.040000,-0.031125,0.013138,-0.050723,0.956753,-1.542188,9.774324
33.045000,-0.028034,0.004480,-0.052720,0.943669,-1.565086,9.755036
33.050000,-0.031137,0.011589,-0.050159,1.013906,-1.485369,9.708295
33.055000,-0.026825,0.010663,-0.052392,0.984863,-1.499259,9.785197
33.060000,-0.037368,0.011385,-0.048536,0.886964,-1.510817,9.798643
33.065000,-0.032437,0.010205,-0.049870,0.960978,-1.506539,9.809388
33.070000,-0.035141,0.010172,-0.055547,0.975436,-1.519249,9.725555
33.075000,-0.030509,0.014390,-0.054033,0.965446,-1.473151,9.744839
33.080000,-0.025544,0.012321,-0.051416,0.974288,-1.485369,9.731110
33.085000,-0.025794,0.017013,-0.053930,0.977216,-1.537016,9.755313
33.090000,-0.030093,0.011834,-0.051813,0.925965,-1.471354,9.780140
33.095000,-0.025431,0.011638,-0.053858,0.994298,-1.516136,9.763104
33.100000,-0.026871,0.008895,-0.049892,0.946619,-1.537900,9.742790
33.105000,-0.033424,0.010520,-0.050443,0.933881,-1.492395,9.768465
33.110000,-0.031835,0.016223,-0.052134,0.949660,-1.510475,9.731592
33.115000,-0.026139,0.015111,-0.053079,0.954764,-1.543310,9.736071
33.120000,-0.027076,0.012139,-0.052938,0.981203,-1.553719,9.809159
33.125000,-0.028685,0.008272,-0.054313,0.950045,-1.567258,9.728505
33.130000,-0.028869,0.012585,-0.046962,0.911239,-1.524169,9.743794
33.135000,-0.028144,0.012577,-0.050850,0.975476,-1.541062,9.753415
33.140000,-0.024686,0.005688,-0.052085,0.941157,-1.571827,9.741865
33.145000,-0.028838,0.008033,-0.052792,0.935968,-1.558816,9.755973
33.150000,-0.030828,0.009475,-0.055994,0.925166,-1.578514,9.759695
33.155000,-0.023750,0.016371,-0.051789,0.937103,-1.638634,9.732972
33.160000,-0.029398,0.012260,-0.045293,0.988947,-1.629139,9.711306
33.165000,-0.019881,0.018150,-0.050709,0.934082,-1.554136,9.776017
33.170000,-0.025610,0.013377,-0.052669,0.935236,-1.571122,9.774726
33.175000,-0.023887,0.011874,-0.048089,0.903123,-1.567183,9.730836
33.180000,-0.019072,0.008363,-0.050846,0.943726,-1.547205,9.709077
33.185000,-0.022835,0.012172,-0.054284,0.931849,-1.555349,9.747380
33.190000,-0.021391,0.012825,-0.048292,0.900071,-1.519322,9.803931
33.195000,-0.019697,0.014488,-0.051526,0.953443,-1.575558,9.741693
33.200000,-0.024025,0.012719,-0.051854,0.913184,-1.562967,9.726670
33.205000,-0.025455,0.015381,-0.056661,0.956896,-1.576805,9.736199
33.210000,-0.022159,0.017951,-0.051459,0.906557,-1.545193,9.786152
33.215000,-0.021797,0.012993,-0.052932,0.943676,-1.583988,9.770842
33.220000,-0.022042,0.011768,-0.055468,0.938413,-1.571388,9.714636
33.225000,-0.023457,0.014841,-0.050140,0.952696,-1.606604,9.783348
33.230000,-0.021907,0.016881,-0.057510,0.997883,-1.521932,9.716734
33.235000,-0.022218,0.012551,-0.053941,0.960861,-1.577971,9.773943
33.240000,-0.026976,0.015391,-0.052670,0.921225,-1.597882,9.744956
33.245000,-0.019484,0.014941,-0.055950,0.949185,-1.620191,9.772144
33.250000,-0.018967,0.020029,-0.048887,0.992489,-1.559215,9.751035
33.255000,-0.021020,0.017931,-0.049502,0.983463,-1.614766,9.731053
33.260000,-0.015140,0.018965,-0.056556,0.946916,-1.591290,9.750509
33.265000,-0.015339,0.013997,-0.050325,0.998462,-1.568329,9.675533
33.270000,-0.017671,0.017943,-0.049089,0.942193,-1.630764,9.721471
33.275000,-0.017064,0.019187,-0.049546,0.943917,-1.620437,9.745899
33.280000,-0.019617,0.015192,-0.043565,0.986035,-1.610060,9.762804
33.285000,-0.016314,0.015681,-0.054497,0.923528,-1.624132,9.725991
33.290000,-0.012379,0.019895,-0.045830,0.951836,-1.598503,9.783713
33.295000,-0.014993,0.017775,-0.053192,0.939346,-1.607300,9.776877
33.300000,-0.011406,0.012093,-0.051966,0.963554,-1.639813,9.759044
33.305000,-0.016013,0.017363,-0.052678,0.984985,-1.603572,9.696140
33.310000,-0.008071,0.012111,-0.052936,0.901182,-1.570982,9.679007
33.315000,-0.015553,0.016640,-0.052854,0.950317,-1.610277,9.698967
33.320000,-0.015567,0.014417,-0.052294,0.944195,-1.653238,9.760957
33.325000,-0.018385,0.014487,-0.051260,0.879314,-1.639448,9.761335
33.330000,-0.012227,0.017188,-0.052074,0.883417,-1.623352,9.736984
33.335000,-0.015057,0.020133,-0.049387,0.931492,-1.584053,9.753968
33.340000,-0.008791,0.014373,-0.052465,0.923909,-1.613811,9.714836
33.345000,-0.011903,0.013770,-0.055005,0.932813,-1.593493,9.704811
33.350000,-0.016183,0.019103,-0.046103,0.951018,-1.657651,9.734287
33.355000,-0.017490,0.020800,-0.051666,0.906336,-1.666977,9.775750
33.360000,-0.015993,0.017447,-0.047913,0.920308,-1.610931,9.735224
33.365000,-0.017282,0.018649,-0.052040,0.959566,-1.616997,9.713114
33.370000,-0.018300,0.020095,-0.049216,0.886977,-1.688795,9.743158
33.375000,-0.012894,0.016334,-0.047863,0.872554,-1.590154,9.756599
33.380000,-0.012151,0.017214,-0.052836,0.933459,-1.635784,9.753756
33.385000,-0.013890,0.015366,-0.047150,0.852989,-1.649806,9.790026
33.390000,-0.013260,0.017809,-0.053912,0.933837,-1.618197,9.720003
33.395000,-0.011907,0.014668,-0.054020,0.882897,-1.617702,9.731236
33.400000,-0.006029,0.021356,-0.047956,0.956213,-1.657383,9.781903
33.405000,-0.008567,0.024854,-0.049157,0.916580,-1.683195,9.771303
33.410000,-0.016278,0.020002,-0.048782,0.936205,-1.649513,9.736796
33.415000,-0.006544,0.023536,-0.047738,0.871120,-1.683462,9.757485
33.420000,-0.008896,0.016636,-0.051044,0.959931,-1.648579,9.731616
33.425000,-0.006014,0.013705,-0.055585,0.882047,-1.605623,9.712223
33.430000,-0.003995,0.014696,-0.051236,0.867520,-1.642191,9.755337
33.435000,-0.006301,0.023387,-0.049866,0.898973,-1.708943,9.735894
33.440000,-0.010621,0.022942,-0.049126,0.941551,-1.673196,9.770190
33.445000,-0.010250,0.020356,-0.048778,0.966558,-1.628664,9.673044
33.450000,-0.012248,0.019053,-0.048171,0.897566,-1.683964,9.686407
33.455000,-0.004869,0.021062,-0.052191,0.881223,-1.663618,9.702126
33.460000,-0.009237,0.019629,-0.047726,0.865798,-1.715357,9.741371
33.465000,-0.005018,0.017508,-0.052632,0.876078,-1.691455,9.736626
33.470000,-0.005449,0.022241,-0.050380,0.909555,-1.668152,9.714950
33.475000,-0.003210,0.022986,-0.051379,0.854906,-1.640747,9.731450
33.480000,-0.004985,0.020118,-0.058456,0.936169,-1.720885,9.721598
33.485000,-0.004224,0.018325,-0.048284,0.905989,-1.695724,9.723305
33.490000,-0.002573,0.023302,-0.046882,0.902519,-1.664868,9.747863
33.495000,-0.009665,0.025841,-0.052523,0.866035,-1.713647,9.731004
33.500000,-0.006872,0.020154,-0.059631,0.942453,-1.626705,9.755140
33.505000,-0.002099,0.019196,-0.050581,0.878846,-1.645492,9.758093
33.510000,0.000340,0.021624,-0.048835,0.902854,-1.731184,9.766505
33.515000,-0.004099,0.021966,-0.050542,0.930835,-1.716676,9.753229
33.520000,0.001742,0.022670,-0.049108,0.936975,-1.667939,9.739046
33.525000,-0.000902,0.019308,-0.048011,0.878750,-1.667970,9.720540
33.530000,-0.009689,0.020249,-0.048899,0.846280,-1.634978,9.703488
33.535000,-0.010039,0.022757,-0.049073,0.893453,-1.634154,9.711662
33.540000,-0.005346,0.017836,-0.050435,0.856875,-1.638547,9.762348
33.545000,-0.004601,0.015115,-0.047537,0.877846,-1.719990,9.715121
33.550000,-0.004216,0.027166,-0.047473,0.843777,-1.714192,9.721353
33.555000,0.000943,0.016877,-0.055901,0.816180,-1.717944,9.787503
33.560000,-0.001416,0.025605,-0.048527,0.887613,-1.685124,9.732811
33.565000,0.000291,0.022102,-0.051706,0.884845,-1.681346,9.740477
33.570000,0.000681,0.025939,-0.049721,0.897116,-1.667777,9.769753
33.575000,-0.003622,0.022049,-0.047837,0.933140,-1.683265,9.752532
33.580000,-0.003340,0.024971,-0.049952,0.884317,-1.666185,9.800349
33.585000,-0.000808,0.022933,-0.048930,0.891364,-1.729844,9.739131
33.590000,0.004438,0.025383,-0.049100,0.882925,-1.748664,9.744554
33.595000,-0.002172,0.022154,-0.056293,0.887598,-1.749292,9.739256
33.600000,0.002317,0.026561,-0.047309,0.823833,-1.717414,9.745311
33.605000,0.006629,0.023166,-0.055108,0.832462,-1.674303,9.754909
33.610000,0.002968,0.021884,-0.049875,0.847785,-1.661154,9.740573
33.615000,-0.002512,0.019529,-0.051279,0.854596,-1.732483,9.746683
33.620000,0.004435,0.025814,-0.049321,0.857833,-1.738041,9.717981
33.625000,0.001305,0.024968,-0.052714,0.836448,-1.725412,9.735424
33.630000,0.007029,0.027021,-0.041447,0.876786,-1.680690,9.763716
33.635000,0.000673,0.025678,-0.047369,0.793774,-1.707167,9.750202
33.640000,0.004960,0.026800,-0.046016,0.832228,-1.734376,9.738032
33.645000,0.000124,0.027588,-0.050097,0.869975,-1.656161,9.790188
33.650000,0.002658,0.019175,-0.049770,0.829115,-1.683368,9.743551
33.655000,0.006288,0.020441,-0.050031,0.841518,-1.694814,9.689141
33.660000,0.005191,0.026882,-0.048399,0.857495,-1.687932,9.743528
33.665000,0.005852,0.027010,-0.050525,0.855934,-1.719611,9.785633
33.670000,0.004424,0.031319,-0.052737,0.821255,-1.770558,9.706845
33.675000,0.003689,0.025649,-0.043290,0.866678,-1.772576,9.722742
33.680000,0.000571,0.020958,-0.052149,0.860116,-1.749723,9.695625
33.685000,0.009028,0.023546,-0.051186,0.835939,-1.728023,9.711114
33.690000,0.005434,0.025038,-0.046834,0.895830,-1.703341,9.684648
33.695000,0.006255,0.023413,-0.047833,0.857006,-1.730787,9.727886
33.700000,0.010887,0.027466,-0.048394,0.879165,-1.779118,9.711251
33.705000,0.007267,0.027060,-0.055796,0.881437,-1.748005,9.793194
33.710000,0.007994,0.023288,-0.047519,0.858481,-1.717953,9.739775
33.715000,0.016314,0.030127,-0.048811,0.811186,-1.746412,9.738407
33.720000,0.011584,0.030834,-0.044581,0.852389,-1.709030,9.752899
33.725000,0.011173,0.023538,-0.048463,0.845878,-1.738660,9.768991
33.730000,0.006562,0.024352,-0.046189,0.846811,-1.752778,9.750917
33.735000,0.003456,0.023382,-0.046856,0.848465,-1.720189,9.737830
33.740000,0.008491,0.027179,-0.051044,0.852840,-1.687117,9.707839
33.745000,0.011296,0.027744,-0.048366,0.841806,-1.685439,9.756510
33.750000,0.009505,0.024661,-0.050977,0.823682,-1.718650,9.701266
33.755000,0.019544,0.030388,-0.053040,0.853405,-1.704277,9.749813
33.760000,0.007538,0.030901,-0.050167,0.837150,-1.790753,9.750446
33.765000,0.007186,0.027574,-0.050630,0.838201,-1.722599,9.752305
33.770000,0.012685,0.027206,-0.046857,0.861942,-1.757601,9.729619
33.775000,0.010182,0.025989,-0.048964,0.830376,-1.732680,9.754902
33.780000,0.018229,0.025531,-0.052700,0.857086,-1.751855,9.782270
33.785000,0.014684,0.031095,-0.045417,0.809055,-1.742254,9.730633
33.790000,0.011117,0.031880,-0.049219,0.852549,-1.770937,9.727569
33.795000,0.009796,0.030362,-0.044902,0.767658,-1.714569,9.710391
33.800000,0.015797,0.028646,-0.048189,0.837850,-1.695238,9.768024
33.805000,0.015339,0.027823,-0.050470,0.824873,-1.724837,9.782559
33.810000,0.014362,0.030760,-0.050590,0.774507,-1.718999,9.745404
33.815000,0.014429,0.028926,-0.049347,0.800158,-1.730073,9.744817
33.820000,0.020698,0.024979,-0.048615,0.859078,-1.666375,9.785376
33.825000,0.012655,0.027860,-0.038174,0.801166,-1.716746,9.768022
33.830000,0.016214,0.027515,-0.051170,0.795793,-1.758448,9.790806
33.835000,0.011587,0.027222,-0.047470,0.776451,-1.738491,9.742907
33.840000,0.015044,0.030466,-0.052437,0.737577,-1.726352,9.760162
33.845000,0.016746,0.026900,-0.048581,0.793681,-1.751100,9.756889
33.850000,0.019544,0.031911,-0.045598,0.726133,-1.744416,9.763323
33.855000,0.017328,0.024469,-0.047468,0.766369,-1.761114,9.742718
33.860000,0.018759,0.022366,-0.049812,0.813713,-1.727727,9.716308
33.865000,0.017563,0.029544,-0.050120,0.823603,-1.705566,9.746506
33.870000,0.016895,0.027394,-0.047421,0.827966,-1.729149,9.723495
33.875000,0.024970,0.028099,-0.047911,0.771681,-1.749106,9.762554
33.880000,0.016547,0.020943,-0.047858,0.771089,-1.760873,9.704216
33.885000,0.019524,0.028208,-0.052123,0.769099,-1.718297,9.702448
33.890000,0.019093,0.030674,-0.047942,0.777695,-1.712528,9.732590
33.895000,0.016919,0.030167,-0.048775,0.777240,-1.736127,9.687258
33.900000,0.022997,0.026415,-0.049972,0.728199,-1.743555,9.709372
33.905000,0.028063,0.033338,-0.047838,0.759848,-1.740108,9.721625
33.910000,0.019698,0.029466,-0.047534,0.762699,-1.654475,9.661006
33.915000,0.021191,0.027231,-0.050102,0.752169,-1.745176,9.750761
33.920000,0.023754,0.027566,-0.047178,0.778527,-1.725153,9.763247
33.925000,0.022301,0.032912,-0.051328,0.746637,-1.753903,9.759841
33.930000,0.019114,0.034776,-0.048160,0.756311,-1.742447,9.756682
33.935000,0.024749,0.027330,-0.050751,0.797128,-1.758879,9.775615
33.940000,0.021319,0.028370,-0.049463,0.744923,-1.723227,9.707961
33.945000,0.022551,0.031317,-0.045836,0.759005,-1.705975,9.712617
33.950000,0.022342,0.031416,-0.049989,0.745120,-1.748158,9.770682
33.955000,0.024092,0.030413,-0.056398,0.796481,-1.701114,9.732871
33.960000,0.020076,0.028595,-0.048554,0.746022,-1.721267,9.708482
33.965000,0.019627,0.025896,-0.051465,0.741203,-1.712196,9.723882
33.970000,0.022894,0.028253,-0.046252,0.746364,-1.722311,9.809541
33.975000,0.027626,0.028646,-0.050324,0.756887,-1.746002,9.748630
33.980000,0.023063,0.034880,-0.045000,0.775718,-1.760872,9.717176
33.985000,0.025488,0.030042,-0.045815,0.720772,-1.728281,9.772177
33.990000,0.023662,0.028427,-0.051410,0.742348,-1.725736,9.722117
33.995000,0.024874,0.032996,-0.046164,0.783849,-1.787553,9.750771
34.000000,0.028392,0.034580,-0.046873,0.768338,-1.804049,9.762643
34.005000,0.022527,0.030711,-0.050810,0.726122,-1.748914,9.718483
34.010000,0.026220,0.032344,-0.055669,0.745076,-1.711940,9.694710
34.015000,0.029489,0.027016,-0.049973,0.731050,-1.744549,9.700163
34.020000,0.029881,0.032885,-0.048431,0.718627,-1.715180,9.730980
34.025000,0.024294,0.032133,-0.049022,0.812215,-1.720066,9.807502
34.030000,0.027964,0.033254,-0.051826,0.751363,-1.733359,9.731886
34.035000,0.030623,0.035946,-0.051193,0.745117,-1.756713,9.767847
34.040000,0.030671,0.032820,-0.046122,0.754409,-1.737053,9.707076
34.045000,0.022336,0.031974,-0.044254,0.730187,-1.757008,9.794940
34.050000,0.026733,0.032675,-0.044194,0.742203,-1.676037,9.740672
34.055000,0.023159,0.028523,-0.047931,0.746292,-1.713401,9.700246
34.060000,0.030394,0.036237,-0.050153,0.742420,-1.710896,9.723910
34.065000,0.027205,0.032007,-0.048209,0.750307,-1.754467,9.737727
34.070000,0.030662,0.038074,-0.045694,0.741238,-1.745981,9.745881
34.075000,0.026922,0.035900,-0.044484,0.743480,-1.740781,9.733754
34.080000,0.028028,0.031813,-0.052340,0.726249,-1.698761,9.733772
34.085000,0.029771,0.035922,-0.049125,0.752274,-1.699001,9.759126
34.090000,0.025618,0.033787,-0.044070,0.750087,-1.740389,9.737006
34.095000,0.029945,0.030939,-0.045274,0.770197,-1.736061,9.715983
34.100000,0.032484,0.036304,-0.043316,0.700477,-1.707223,9.776351
34.105000,0.030238,0.037433,-0.049501,0.715082,-1.749421,9.735878
34.110000,0.032071,0.033851,-0.046475,0.726271,-1.677290,9.739364
34.115000,0.034216,0.031950,-0.054697,0.727805,-1.699976,9.752142
34.120000,0.033693,0.032892,-0.049607,0.724533,-1.730355,9.795334
34.125000,0.033539,0.035321,-0.049898,0.728032,-1.744022,9.753507
34.130000,0.028791,0.032479,-0.054302,0.688567,-1.680590,9.799474
34.135000,0.027685,0.031466,-0.045844,0.768511,-1.749159,9.722827
34.140000,0.033405,0.034640,-0.045467,0.727232,-1.774179,9.721501
34.145000,0.038895,0.033997,-0.045172,0.668161,-1.662251,9.782168
34.150000,0.034465,0.034854,-0.048499,0.695664,-1.736645,9.725662
34.155000,0.028561,0.032868,-0.050658,0.713350,-1.678297,9.755600
34.160000,0.037068,0.039045,-0.049973,0.682187,-1.665755,9.776594
34.165000,0.034493,0.036141,-0.043538,0.707408,-1.712877,9.771235
34.170000,0.039199,0.034261,-0.050246,0.689334,-1.700033,9.725716
34.175000,0.034840,0.035385,-0.051880,0.692419,-1.710106,9.783875
34.180000,0.033064,0.033034,-0.051918,0.653288,-1.734846,9.751914
34.185000,0.038326,0.039293,-0.047681,0.668205,-1.713976,9.711182
34.190000,0.040114,0.029074,-0.049927,0.663382,-1.720561,9.715500
34.195000,0.035902,0.037493,-0.046750,0.715622,-1.720743,9.718818
34.200000,0.035212,0.037607,-0.049826,0.688945,-1.711645,9.733774
34.205000,0.039975,0.035176,-0.040330,0.686882,-1.755236,9.795560
34.210000,0.035955,0.038669,-0.047260,0.744190,-1.724259,9.735509
34.215000,0.038136,0.035850,-0.045907,0.719750,-1.733338,9.779803
34.220000,0.036393,0.037865,-0.051038,0.643965,-1.761121,9.737367
34.225000,0.039294,0.040553,-0.048690,0.696167,-1.769306,9.731409
34.230000,0.036082,0.031697,-0.047186,0.681092,-1.662360,9.787504
34.235000,0.040165,0.031719,-0.045138,0.633228,-1.658220,9.780961
34.240000,0.035865,0.034304,-0.047822,0.668149,-1.696796,9.753845
34.245000,0.031197,0.037979,-0.049147,0.699956,-1.756691,9.695527
34.250000,0.036913,0.043032,-0.047619,0.682622,-1.736541,9.828276
34.255000,0.044810,0.031550,-0.049255,0.666014,-1.703627,9.714865
34.260000,0.043952,0.033814,-0.046513,0.697387,-1.760928,9.737221
34.265000,0.039588,0.036677,-0.051327,0.691360,-1.727968,9.767241
34.270000,0.040227,0.033592,-0.047610,0.701429,-1.653418,9.743163
34.275000,0.035932,0.034310,-0.048023,0.683012,-1.708622,9.758746
34.280000,0.040919,0.032339,-0.050145,0.672554,-1.706097,9.759687
34.285000,0.041500,0.044459,-0.043238,0.679271,-1.710487,9.780028
34.290000,0.043198,0.036339,-0.046620,0.700322,-1.719981,9.799980
34.295000,0.043054,0.039365,-0.050079,0.671177,-1.724933,9.766176
34.300000,0.040431,0.039770,-0.050435,0.710616,-1.661036,9.805139
34.305000,0.045930,0.037888,-0.051253,0.663894,-1.671110,9.770984
34.310000,0.047375,0.034833,-0.051125,0.629081,-1.686679,9.755176
34.315000,0.040965,0.036033,-0.051818,0.679998,-1.711435,9.767835
34.320000,0.042975,0.035140,-0.049420,0.626864,-1.702108,9.779657
34.325000,0.041683,0.036553,-0.047255,0.650762,-1.723750,9.770056
34.330000,0.049208,0.043362,-0.046277,0.649989,-1.668714,9.781731
34.335000,0.047553,0.038193,-0.047809,0.676592,-1.689765,9.767901
34.340000,0.041558,0.032378,-0.052748,0.648493,-1.709101,9.800592
34.345000,0.052022,0.039068,-0.049038,0.622971,-1.695404,9.744962
34.350000,0.046113,0.034026,-0.048984,0.594478,-1.650224,9.755207
34.355000,0.046402,0.038445,-0.051490,0.609343,-1.703275,9.763758
34.360000,0.049325,0.038511,-0.043113,0.631521,-1.668093,9.783048
34.365000,0.049779,0.033573,-0.042975,0.672853,-1.692426,9.791255
34.370000,0.050307,0.037698,-0.049201,0.646407,-1.616740,9.757697
34.375000,0.044507,0.041064,-0.047951,0.562105,-1.671926,9.742701
34.380000,0.041794,0.039584,-0.046297,0.646327,-1.622799,9.747173
34.385000,0.044510,0.032223,-0.050204,0.648721,-1.669952,9.817345
34.390000,0.052025,0.035436,-0.045784,0.595491,-1.639464,9.787359
34.395000,0.049114,0.033554,-0.046580,0.649990,-1.656198,9.801292
34.400000,0.050337,0.036386,-0.047607,0.647810,-1.678820,9.789139
34.405000,0.049709,0.040556,-0.050219,0.635009,-1.647312,9.682239
34.410000,0.051338,0.032036,-0.048064,0.602705,-1.635209,9.802923
34.415000,0.047856,0.042364,-0.047069,0.603663,-1.645299,9.760764
34.420000,0.049578,0.032537,-0.046068,0.632504,-1.646440,9.728534
34.425000,0.047408,0.035604,-0.050255,0.615021,-1.634278,9.770185
34.430000,0.049874,0.038121,-0.051170,0.640587,-1.625868,9.745294
34.435000,0.054959,0.039759,-0.048541,0.611939,-1.666221,9.740861
34.440000,0.051074,0.040679,-0.042637,0.607779,-1.701550,9.717434
34.445000,0.049244,0.034641,-0.048111,0.649374,-1.691219,9.816860
34.450000,0.049705,0.037369,-0.047807,0.633045,-1.657142,9.737893
34.455000,0.052327,0.033870,-0.051125,0.591876,-1.662425,9.753356
34.460000,0.046884,0.037557,-0.044699,0.637589,-1.599548,9.759004
34.465000,0.049276,0.040264,-0.048690,0.604716,-1.712857,9.770544
34.470000,0.054271,0.033422,-0.049937,0.592083,-1.581885,9.818873
34.475000,0.055416,0.037135,-0.046871,0.581387,-1.694901,9.741282
34.480000,0.056519,0.041116,-0.052966,0.594045,-1.653345,9.733175
34.485000,0.059435,0.037739,-0.053849,0.540934,-1.561565,9.748309
34.490000,0.055521,0.037777,-0.053997,0.606497,-1.665852,9.802232
34.495000,0.053517,0.036680,-0.043544,0.569188,-1.604825,9.776933
34.500000,0.055812,0.039281,-0.049092,0.606468,-1.627398,9.772124
34.505000,0.056944,0.037271,-0.050239,0.622115,-1.627746,9.766536
34.510000,0.054902,0.037119,-0.043214,0.611081,-1.642539,9.738265
34.515000,0.060234,0.040066,-0.046787,0.593857,-1.669161,9.760626
34.520000,0.055216,0.041023,-0.045769,0.551891,-1.632831,9.823942
34.525000,0.058358,0.037424,-0.049395,0.595439,-1.607278,9.739442
34.530000,0.050419,0.042838,-0.044421,0.566941,-1.603778,9.767432
34.535000,0.058621,0.039284,-0.052928,0.520922,-1.690986,9.839974
34.540000,0.054807,0.036310,-0.047990,0.516190,-1.705872,9.771998
34.545000,0.054363,0.041191,-0.054713,0.573653,-1.608125,9.833560
34.550000,0.053921,0.039134,-0.050448,0.596660,-1.669160,9.789906
34.555000,0.059410,0.037267,-0.049009,0.505325,-1.639052,9.811689
34.560000,0.056236,0.038941,-0.044294,0.562174,-1.669772,9.745606
34.565000,0.056734,0.038425,-0.049257,0.582283,-1.586375,9.775286
34.570000,0.059585,0.038007,-0.046131,0.595316,-1.607443,9.746563
34.575000,0.055173,0.038487,-0.043478,0.505175,-1.558113,9.781657
34.580000,0.056865,0.035004,-0.050387,0.529717,-1.583498,9.806431
34.585000,0.061259,0.034487,-0.043170,0.522832,-1.540435,9.780286
34.590000,0.059983,0.042416,-0.041508,0.595512,-1.622152,9.804539
34.595000,0.058292,0.045620,-0.046227,0.509728,-1.563124,9.808615
34.600000,0.060180,0.036900,-0.047503,0.556168,-1.606558,9.831199
34.605000,0.064230,0.040363,-0.042905,0.493366,-1.608048,9.808547
34.610000,0.058662,0.035950,-0.046736,0.491201,-1.625875,9.791103
34.615000,0.053769,0.035904,-0.045029,0.515878,-1.582164,9.829639
34.620000,0.058897,0.040949,-0.045647,0.551732,-1.572220,9.771510
34.625000,0.057834,0.037953,-0.050228,0.485824,-1.580259,9.753411
34.630000,0.058282,0.044250,-0.051701,0.559948,-1.608471,9.827898
34.635000,0.058652,0.042193,-0.049829,0.474598,-1.615843,9.807113
34.640000,0.059512,0.039186,-0.051513,0.503894,-1.534011,9.803979
34.645000,0.060461,0.039353,-0.046041,0.514675,-1.591919,9.833613
34.650000,0.061251,0.043730,-0.052505,0.547200,-1.627626,9.820427
34.655000,0.062378,0.046625,-0.048390,0.537335,-1.580859,9.797069
34.660000,0.058642,0.043132,-0.045615,0.547070,-1.562574,9.819471
34.665000,0.060387,0.043928,-0.051890,0.527061,-1.555306,9.823743
34.670000,0.062927,0.040595,-0.049499,0.584585,-1.609117,9.837364
34.675000,0.059445,0.041559,-0.049048,0.526479,-1.551546,9.766275
34.680000,0.060151,0.044635,-0.049390,0.475848,-1.570840,9.811804
34.685000,0.060292,0.035147,-0.046785,0.511624,-1.518505,9.781069
34.690000,0.061959,0.037826,-0.045469,0.453252,-1.556568,9.829332
34.695000,0.066034,0.038488,-0.048294,0.412384,-1.510058,9.820974
34.700000,0.060621,0.045547,-0.048346,0.532579,-1.562119,9.845151
34.705000,0.062802,0.038103,-0.048762,0.513765,-1.556420,9.810243
34.710000,0.068013,0.037224,-0.046180,0.513013,-1.537005,9.786311
34.715000,0.060946,0.044617,-0.051422,0.472803,-1.548041,9.765699
34.720000,0.062335,0.040371,-0.050210,0.486057,-1.567173,9.761347
34.725000,0.059008,0.041448,-0.047320,0.428047,-1.560535,9.807000
34.730000,0.066231,0.040869,-0.044901,0.422957,-1.575476,9.752987
34.735000,0.060408,0.047480,-0.045481,0.497859,-1.514777,9.842811
34.740000,0.059843,0.038610,-0.045559,0.461583,-1.583281,9.797163
34.745000,0.059054,0.038106,-0.044439,0.472728,-1.535268,9.812036
34.750000,0.065306,0.047868,-0.045843,0.468333,-1.528772,9.807076
34.755000,0.063347,0.046197,-0.049508,0.443984,-1.510517,9.784342
34.760000,0.063798,0.036460,-0.050344,0.480836,-1.526960,9.791213
34.765000,0.068751,0.043581,-0.047105,0.478501,-1.497334,9.802406
34.770000,0.068206,0.041819,-0.054139,0.527755,-1.538324,9.758601
34.775000,0.066272,0.042006,-0.047610,0.448006,-1.541243,9.827383
34.780000,0.072916,0.036876,-0.046460,0.458009,-1.549560,9.754927
34.785000,0.064892,0.044079,-0.044954,0.530144,-1.519741,9.798894
34.790000,0.065158,0.039496,-0.049784,0.497088,-1.490302,9.795679
34.795000,0.066140,0.041781,-0.050867,0.461504,-1.488564,9.840316
34.800000,0.068910,0.038848,-0.042339,0.472195,-1.522068,9.804769
34.805000,0.071384,0.045138,-0.044886,0.471041,-1.440032,9.823160
34.810000,0.067510,0.038727,-0.050627,0.445970,-1.510797,9.853676
34.815000,0.067492,0.039444,-0.047298,0.481220,-1.514044,9.822568
34.820000,0.066576,0.043930,-0.040490,0.435985,-1.503528,9.820448
34.825000,0.063372,0.034988,-0.049654,0.424825,-1.505700,9.822066
34.830000,0.065623,0.043288,-0.049038,0.490618,-1.503570,9.814392
34.835000,0.069425,0.039920,-0.045328,0.423161,-1.472344,9.772553
34.840000,0.070417,0.045825,-0.053936,0.450545,-1.479383,9.791321
34.845000,0.066171,0.046318,-0.045828,0.479284,-1.521775,9.866648
34.850000,0.075285,0.037107,-0.050361,0.424781,-1.543392,9.843027
34.855000,0.070323,0.040197,-0.045651,0.377629,-1.507269,9.837411
34.860000,0.064686,0.043950,-0.050873,0.459814,-1.499627,9.771696
34.865000,0.068584,0.044027,-0.047713,0.438270,-1.471754,9.860300
34.870000,0.065641,0.040438,-0.044559,0.445211,-1.456018,9.804804
34.875000,0.072675,0.034132,-0.046193,0.404151,-1.454464,9.831261
34.880000,0.068026,0.047978,-0.049735,0.386089,-1.443127,9.763385
34.885000,0.069875,0.039750,-0.046533,0.438257,-1.457420,9.830404
34.890000,0.075794,0.044264,-0.048903,0.400185,-1.399705,9.860012
34.895000,0.071971,0.040480,-0.049458,0.423058,-1.456848,9.816115
34.900000,0.069060,0.039510,-0.051607,0.387747,-1.424615,9.794264
34.905000,0.075082,0.043900,-0.044891,0.357005,-1.487344,9.853872
34.910000,0.075505,0.040595,-0.050192,0.353882,-1.402250,9.815693
34.915000,0.066344,0.037555,-0.050148,0.454694,-1.439195,9.781410
34.920000,0.070799,0.042530,-0.045665,0.403892,-1.410662,9.832859
34.925000,0.068912,0.049067,-0.047389,0.411727,-1.450359,9.813248
34.930000,0.070885,0.045753,-0.047984,0.453572,-1.480107,9.788403
34.935000,0.072205,0.043059,-0.047037,0.419069,-1.395722,9.840105
34.940000,0.073301,0.040209,-0.047750,0.385494,-1.411440,9.862657
34.945000,0.074937,0.042653,-0.049021,0.377176,-1.418878,9.827538
34.950000,0.072262,0.042676,-0.048281,0.408422,-1.389583,9.774001
34.955000,0.073397,0.043578,-0.050935,0.372019,-1.409630,9.851298
34.960000,0.073678,0.043703,-0.046541,0.368657,-1.462533,9.844056
34.965000,0.080136,0.044024,-0.045736,0.419350,-1.479481,9.878256
34.970000,0.073057,0.046570,-0.044127,0.380448,-1.412378,9.818924
34.975000,0.077942,0.042725,-0.050088,0.362341,-1.425722,9.874551
34.980000,0.075660,0.041801,-0.046994,0.394668,-1.394160,9.889168
34.985000,0.070660,0.045244,-0.051511,0.422431,-1.405268,9.831525
34.990000,0.075425,0.045430,-0.044496,0.394184,-1.356380,9.841130
34.995000,0.075613,0.043139,-0.045480,0.320608,-1.334351,9.846192
35.000000,0.075313,0.038476,-0.047891,0.357459,-1.375832,9.824532
35.005000,0.075865,0.044388,-0.050070,0.363743,-1.419318,9.792954
35.010000,0.080147,0.041872,-0.049679,0.311249,-1.355872,9.799922
35.015000,0.076402,0.046091,-0.048824,0.362548,-1.377205,9.857974
35.020000,0.075435,0.045390,-0.044048,0.400542,-1.419083,9.828962
35.025000,0.081949,0.041374,-0.048070,0.390560,-1.371797,9.823371
35.030000,0.080266,0.044414,-0.046570,0.352419,-1.363899,9.838424
35.035000,0.075393,0.042502,-0.040422,0.351152,-1.374417,9.832107
35.040000,0.075531,0.042554,-0.045688,0.372840,-1.340983,9.810891
35.045000,0.073347,0.046290,-0.045232,0.372216,-1.356938,9.779299
35.050000,0.075592,0.038207,-0.050157,0.275469,-1.332746,9.797732
35.055000,0.078006,0.043683,-0.050913,0.361067,-1.275896,9.775557
35.060000,0.074948,0.046195,-0.045234,0.320536,-1.404083,9.839525
35.065000,0.080735,0.042414,-0.047041,0.305650,-1.338435,9.821601
35.070000,0.080314,0.044893,-0.051198,0.382221,-1.385618,9.860320
35.075000,0.077362,0.038892,-0.047714,0.306464,-1.371931,9.763284
35.080000,0.073451,0.043153,-0.050322,0.354097,-1.327164,9.818100
35.085000,0.077598,0.041115,-0.047742,0.315128,-1.310152,9.830358
35.090000,0.083543,0.045047,-0.045324,0.329688,-1.338679,9.863182
35.095000,0.081029,0.040617,-0.051004,0.317323,-1.359677,9.818813
35.100000,0.081207,0.039562,-0.044169,0.274133,-1.319330,9.844390
35.105000,0.081629,0.040486,-0.047457,0.323332,-1.342839,9.809744
35.110000,0.083819,0.039465,-0.044290,0.317197,-1.325235,9.821460
35.115000,0.083277,0.043098,-0.048228,0.328821,-1.307360,9.839916
35.120000,0.073649,0.039551,-0.050916,0.347075,-1.335989,9.862964
35.125000,0.087685,0.046202,-0.041802,0.366956,-1.303497,9.784089
35.130000,0.076229,0.045649,-0.045866,0.279421,-1.262688,9.834745
35.135000,0.083919,0.039537,-0.048830,0.292881,-1.301265,9.822867
35.140000,0.078779,0.038210,-0.047270,0.279392,-1.323370,9.891976
35.145000,0.080327,0.042353,-0.052131,0.339557,-1.295250,9.897935
35.150000,0.082313,0.040477,-0.045145,0.317326,-1.290735,9.833025
35.155000,0.081513,0.045284,-0.047057,0.301385,-1.288690,9.846310
35.160000,0.085665,0.041589,-0.049005,0.296781,-1.245240,9.820278
35.165000,0.079501,0.038902,-0.047688,0.344473,-1.227504,9.883941
35.170000,0.075760,0.047495,-0.051036,0.294622,-1.252940,9.859176
35.175000,0.079086,0.046209,-0.043243,0.300100,-1.251770,9.779188
35.180000,0.084409,0.037918,-0.049134,0.215920,-1.254861,9.847167
35.185000,0.085345,0.041571,-0.049741,0.302084,-1.260698,9.802525
35.190000,0.083209,0.040128,-0.045248,0.268265,-1.289806,9.780300
35.195000,0.082185,0.047136,-0.045245,0.300754,-1.247370,9.861778
35.200000,0.080465,0.040895,-0.047553,0.301778,-1.272545,9.806840
35.205000,0.079158,0.037993,-0.047316,0.271633,-1.259897,9.868384
35.210000,0.085727,0.040810,-0.044956,0.253273,-1.253914,9.802422
35.215000,0.079989,0.047658,-0.043037,0.176362,-1.276107,9.880242
35.220000,0.084941,0.043017,-0.051190,0.219121,-1.225660,9.875014
35.225000,0.085023,0.047751,-0.048020,0.264103,-1.286908,9.835032
35.230000,0.079757,0.038857,-0.049220,0.288930,-1.213270,9.837445
35.235000,0.087086,0.036289,-0.044920,0.261731,-1.222346,9.856053
35.240000,0.086731,0.047356,-0.050359,0.218735,-1.253183,9.888800
35.245000,0.084967,0.042362,-0.048930,0.237982,-1.199797,9.881780
35.250000,0.079720,0.043250,-0.042857,0.235686,-1.205975,9.882514
35.255000,0.081590,0.038733,-0.053185,0.244694,-1.205898,9.841139
35.260000,0.081273,0.048189,-0.048643,0.231993,-1.256711,9.879922
35.265000,0.086213,0.043715,-0.046958,0.220249,-1.202129,9.881032
35.270000,0.081760,0.040744,-0.047005,0.234088,-1.273729,9.843333
35.275000,0.087133,0.044148,-0.042135,0.238261,-1.261549,9.904047
35.280000,0.082902,0.043259,-0.050326,0.258364,-1.186995,9.870678
35.285000,0.087298,0.043553,-0.049211,0.178960,-1.211250,9.880113
35.290000,0.087592,0.044024,-0.048405,0.235023,-1.195297,9.899351
35.295000,0.085166,0.040430,-0.055295,0.196262,-1.184989,9.815611
35.300000,0.086564,0.044222,-0.050212,0.154276,-1.178690,9.889285
35.305000,0.087258,0.041652,-0.048505,0.190854,-1.116268,9.872244
35.310000,0.084124,0.037608,-0.049053,0.204035,-1.177571,9.829629
35.315000,0.084893,0.043782,-0.044044,0.251949,-1.137473,9.925354
35.320000,0.081598,0.045472,-0.047833,0.173438,-1.158102,9.835592
35.325000,0.086808,0.040875,-0.049709,0.205745,-1.176251,9.783634
35.330000,0.090216,0.046733,-0.043384,0.219341,-1.176641,9.863239
35.335000,0.083894,0.043896,-0.041105,0.229376,-1.177414,9.882697
35.340000,0.081625,0.048684,-0.046226,0.190657,-1.162080,9.850764
35.345000,0.084799,0.042952,-0.044418,0.184838,-1.116531,9.866533
35.350000,0.086510,0.039511,-0.046826,0.221828,-1.196583,9.898745
35.355000,0.091472,0.041194,-0.050203,0.181657,-1.102043,9.894484
35.360000,0.091114,0.043015,-0.051281,0.216389,-1.186274,9.826727
35.365000,0.083545,0.045448,-0.046297,0.192407,-1.154091,9.825310
35.370000,0.086276,0.036096,-0.044937,0.189546,-1.109171,9.841249
35.375000,0.085942,0.039525,-0.044307,0.168279,-1.102485,9.863397
35.380000,0.088577,0.047224,-0.052801,0.178713,-1.093595,9.825010
35.385000,0.089259,0.046621,-0.047633,0.185537,-1.048886,9.845358
35.390000,0.085206,0.047916,-0.044997,0.152127,-1.113265,9.873157
35.395000,0.091072,0.042072,-0.047569,0.218416,-1.090296,9.872707
35.400000,0.089443,0.044175,-0.050202,0.219009,-1.103245,9.888149
35.405000,0.083645,0.042264,-0.055911,0.210169,-1.129370,9.876496
35.410000,0.084464,0.043752,-0.050162,0.179648,-1.039894,9.858815
35.415000,0.085679,0.047144,-0.050869,0.125856,-1.116786,9.856178
35.420000,0.092050,0.048794,-0.049324,0.142902,-1.090904,9.922732
35.425000,0.090515,0.048157,-0.046656,0.213115,-1.077752,9.876592
35.430000,0.084549,0.046625,-0.046747,0.192097,-1.078993,9.895878
35.435000,0.089469,0.041965,-0.046245,0.183898,-1.081964,9.867433
35.440000,0.089324,0.042332,-0.047911,0.160941,-1.082770,9.893312
35.445000,0.084260,0.039606,-0.050107,0.142797,-1.107097,9.864999
35.450000,0.088001,0.053469,-0.050529,0.113724,-1.024957,9.800306
35.455000,0.082124,0.039138,-0.047969,0.164865,-1.051414,9.880155
35.460000,0.084007,0.041867,-0.047965,0.168581,-1.096917,9.887917
35.465000,0.086266,0.045662,-0.049214,0.151156,-1.061576,9.861206
35.470000,0.087173,0.043865,-0.046218,0.159195,-1.087778,9.824414
35.475000,0.085065,0.042989,-0.045651,0.098485,-1.056406,9.919705
35.480000,0.089973,0.038078,-0.049581,0.127154,-1.029401,9.898746
35.485000,0.093742,0.041845,-0.047275,0.141546,-1.016876,9.911930
35.490000,0.087871,0.044506,-0.051259,0.132496,-1.089001,9.875687
35.495000,0.088674,0.042623,-0.052546,0.130164,-1.098849,9.880491
35.500000,0.091444,0.045024,-0.046687,0.172236,-1.025747,9.869892
35.505000,0.094527,0.044664,-0.052788,0.162058,-1.057973,9.925053
35.510000,0.090979,0.044703,-0.049394,0.107058,-1.027569,9.860207
35.515000,0.087914,0.041316,-0.046158,0.099060,-1.042825,9.936051
35.520000,0.093892,0.044751,-0.050269,0.136478,-0.987798,9.871874
35.525000,0.090075,0.047077,-0.043813,0.150350,-1.030646,9.841667
35.530000,0.087655,0.035991,-0.042082,0.123175,-1.026004,9.899701
35.535000,0.096681,0.043178,-0.051571,0.105159,-0.999137,9.913004
35.540000,0.086133,0.036188,-0.042441,0.120248,-1.025999,9.900775
35.545000,0.093529,0.043068,-0.048379,0.147284,-0.945024,9.871641
35.550000,0.089114,0.043346,-0.047408,0.107213,-0.971202,9.891360
35.555000,0.087031,0.044714,-0.048522,0.164006,-0.983299,9.852634
35.560000,0.093564,0.046587,-0.045018,0.108420,-0.945114,9.846793
35.565000,0.091567,0.044084,-0.048278,0.063253,-0.986266,9.902678
35.570000,0.087893,0.040137,-0.042471,0.087715,-1.023094,9.885225
35.575000,0.095022,0.043704,-0.054746,0.019554,-0.964123,9.859785
35.580000,0.095139,0.042806,-0.046948,0.125667,-0.966496,9.841404
35.585000,0.091930,0.039441,-0.046535,0.073608,-0.938524,9.881178
35.590000,0.092497,0.044283,-0.052768,0.085228,-0.954298,9.947983
35.595000,0.093624,0.043781,-0.042374,0.081492,-0.991501,9.900512
35.600000,0.093109,0.044678,-0.050381,0.078223,-0.970142,9.889342
35.605000,0.090945,0.045625,-0.048952,0.107338,-0.939691,9.844079
35.610000,0.086376,0.042901,-0.042213,0.093785,-0.915501,9.918008
35.615000,0.091029,0.042625,-0.046737,0.046739,-0.919907,9.866938
35.620000,0.097531,0.043682,-0.047397,0.093358,-0.894083,9.854804
35.625000,0.096800,0.040642,-0.049719,0.031265,-1.016764,9.875356
35.630000,0.091491,0.043343,-0.051379,0.070735,-0.900248,9.910758
35.635000,0.095231,0.043554,-0.051349,0.047474,-0.963747,9.892412
35.640000,0.091976,0.042873,-0.045304,0.063636,-0.961261,9.872759
35.645000,0.091502,0.042320,-0.049185,-0.002708,-0.931508,9.893783
35.650000,0.095108,0.038242,-0.047152,0.085038,-0.909914,9.924383
35.655000,0.094272,0.044893,-0.046652,0.026717,-0.869000,9.929331
35.660000,0.096451,0.044789,-0.048657,0.080068,-0.924324,9.866010
35.665000,0.091104,0.046377,-0.047545,0.001538,-0.949120,9.894964
35.670000,0.092401,0.046477,-0.044964,0.084921,-0.936149,9.849111
35.675000,0.095333,0.040589,-0.048195,0.022125,-0.874785,9.916637
35.680000,0.096702,0.045899,-0.045459,0.084605,-0.897562,9.929783
35.685000,0.090186,0.040144,-0.052709,0.036697,-0.861369,9.892534
35.690000,0.087880,0.040695,-0.047269,0.072960,-0.901404,9.925167
35.695000,0.098291,0.038481,-0.048589,0.049233,-0.859025,9.834587
35.700000,0.096138,0.046086,-0.051981,0.025219,-0.837249,9.913796
35.705000,0.095908,0.045473,-0.050397,0.045599,-0.845504,9.872418
35.710000,0.090676,0.043253,-0.048182,-0.001324,-0.848014,9.876793
35.715000,0.093178,0.044859,-0.043260,0.004191,-0.831498,9.912729
35.720000,0.097449,0.042420,-0.044627,-0.028187,-0.888910,9.888949
35.725000,0.094131,0.043007,-0.054162,0.070071,-0.834628,9.859685
35.730000,0.098046,0.044552,-0.048919,0.000160,-0.804694,9.899919
35.735000,0.097449,0.041071,-0.046308,-0.010207,-0.803112,9.907776
35.740000,0.091173,0.043407,-0.049644,-0.006839,-0.862000,9.862759
35.745000,0.095383,0.043493,-0.047423,0.038674,-0.882686,9.891495
35.750000,0.094054,0.038751,-0.052423,0.039147,-0.832931,9.952818
35.755000,0.098645,0.039658,-0.047927,0.038633,-0.780116,9.940907
35.760000,0.091766,0.039234,-0.051962,-0.024801,-0.785144,9.916212
35.765000,0.095681,0.042355,-0.046778,0.040297,-0.855722,9.900918
35.770000,0.098665,0.046165,-0.051536,-0.001171,-0.739266,9.901841
35.775000,0.092535,0.043851,-0.049676,-0.003887,-0.773858,9.887735
35.780000,0.095673,0.041757,-0.045600,-0.038637,-0.868292,9.929440
35.785000,0.092209,0.041136,-0.043421,-0.005246,-0.772247,9.858080
35.790000,0.098683,0.045060,-0.047573,-0.021809,-0.781554,9.883432
35.795000,0.095853,0.048229,-0.048083,-0.026460,-0.748902,9.899080
35.800000,0.089736,0.042001,-0.048894,-0.064641,-0.751044,9.893774
35.805000,0.100941,0.040685,-0.047542,-0.004226,-0.733459,9.907148
35.810000,0.091918,0.048841,-0.045320,-0.004753,-0.763694,9.862945
35.815000,0.091449,0.046111,-0.049336,-0.005133,-0.776069,9.895862
35.820000,0.092480,0.044179,-0.041468,-0.069048,-0.739479,9.935716
35.825000,0.088271,0.045923,-0.048391,-0.032077,-0.742432,9.924665
35.830000,0.094330,0.044861,-0.047521,-0.009221,-0.776728,9.879263
35.835000,0.100118,0.044492,-0.050400,-0.072219,-0.767772,9.895968
35.840000,0.095731,0.046653,-0.044345,-0.029643,-0.801569,9.866188
35.845000,0.092604,0.042106,-0.051822,-0.068526,-0.688702,9.897895
35.850000,0.096557,0.045828,-0.048917,-0.045669,-0.721828,9.873567
35.855000,0.096889,0.042086,-0.046270,-0.000660,-0.698492,9.913216
35.860000,0.096167,0.046721,-0.046585,-0.014515,-0.714122,9.902193
35.865000,0.094376,0.040596,-0.049049,-0.044706,-0.722324,9.926002
35.870000,0.094812,0.041123,-0.047310,-0.110301,-0.744568,9.919634
35.875000,0.095240,0.045424,-0.053378,-0.064603,-0.740423,9.884443
35.880000,0.091761,0.044939,-0.048767,-0.043505,-0.738946,9.913444
35.885000,0.090001,0.040357,-0.051855,-0.134044,-0.694742,9.932518
35.890000,0.097020,0.037917,-0.048364,-0.042601,-0.738047,9.890682
35.895000,0.100172,0.039293,-0.046019,-0.063307,-0.674339,9.945791
35.900000,0.092181,0.041875,-0.047428,-0.044579,-0.716785,9.919074
35.905000,0.096595,0.039460,-0.050853,-0.109866,-0.663630,9.933325
35.910000,0.097349,0.042590,-0.047868,-0.092544,-0.686542,9.881098
35.915000,0.093012,0.034766,-0.049358,-0.125394,-0.653266,9.852280
35.920000,0.093499,0.045532,-0.048829,-0.116401,-0.664232,9.947116
35.925000,0.097718,0.043540,-0.048334,-0.075039,-0.706919,9.928258
35.930000,0.089069,0.042026,-0.050031,-0.086799,-0.648701,9.860278
35.935000,0.092737,0.044479,-0.053245,-0.041148,-0.674413,9.907016
35.940000,0.096907,0.042232,-0.043423,-0.106689,-0.691229,9.920272
35.945000,0.098530,0.035131,-0.041706,-0.083168,-0.611070,9.926236
35.950000,0.097533,0.044384,-0.043458,-0.078698,-0.670361,9.926703
35.955000,0.096564,0.039177,-0.049920,-0.086438,-0.624541,9.953840
35.960000,0.094720,0.044987,-0.045234,-0.061261,-0.649647,9.871826
35.965000,0.089034,0.046738,-0.048842,-0.108900,-0.651971,9.873108
35.970000,0.086806,0.046216,-0.049146,-0.120387,-0.636562,9.885311
35.975000,0.096242,0.042241,-0.047818,-0.115207,-0.618320,9.881243
35.980000,0.096692,0.039348,-0.050431,-0.055733,-0.626704,9.936108
35.985000,0.092589,0.039158,-0.049404,-0.091290,-0.617666,9.950120
35.990000,0.096737,0.039764,-0.050232,-0.121280,-0.603661,9.951983
35.995000,0.094302,0.041917,-0.049409,-0.092910,-0.598186,9.889434
36.000000,0.092765,0.043632,-0.046757,-0.129692,-0.609104,9.928403
36.005000,0.093177,0.039878,-0.050414,-0.171389,-0.608415,9.871364
36.010000,0.093216,0.041481,-0.049623,-0.179736,-0.623792,9.873507
36.015000,0.096751,0.039940,-0.059875,-0.127092,-0.570157,9.963674
36.020000,0.094915,0.043176,-0.046696,-0.145795,-0.596530,9.875851
36.025000,0.093411,0.038997,-0.049874,-0.101984,-0.566263,9.901004
36.030000,0.092779,0.036377,-0.048970,-0.164862,-0.575323,9.911025
36.035000,0.098559,0.039003,-0.051909,-0.101144,-0.631670,9.877838
36.040000,0.094835,0.038602,-0.046608,-0.158330,-0.511946,9.895804
36.045000,0.093872,0.037611,-0.048507,-0.146874,-0.586751,9.916789
36.050000,0.090195,0.043029,-0.050071,-0.192424,-0.533384,9.884031
36.055000,0.094985,0.040120,-0.046390,-0.149302,-0.564338,9.841221
36.060000,0.094195,0.043851,-0.047082,-0.135021,-0.541420,9.920646
36.065000,0.096459,0.042435,-0.052886,-0.178238,-0.581922,9.934959
36.070000,0.093378,0.035045,-0.050058,-0.129362,-0.518595,9.965024
36.075000,0.091349,0.043337,-0.047872,-0.159224,-0.569313,9.938238
36.080000,0.092888,0.040067,-0.047453,-0.136539,-0.546766,9.837475
36.085000,0.093166,0.035571,-0.053823,-0.205478,-0.568708,9.909516
36.090000,0.095547,0.039912,-0.049895,-0.228309,-0.490185,9.863658
36.095000,0.091562,0.032243,-0.042676,-0.216501,-0.531776,9.858815
36.100000,0.097046,0.043384,-0.047319,-0.200384,-0.515646,9.871428
36.105000,0.095605,0.041054,-0.047250,-0.197792,-0.508483,9.891882
36.110000,0.092735,0.040896,-0.045390,-0.193569,-0.506467,9.922795
36.115000,0.090856,0.038215,-0.052705,-0.172518,-0.431866,9.920696
36.120000,0.093748,0.038678,-0.044124,-0.155648,-0.482002,9.974700
36.125000,0.093354,0.042369,-0.049136,-0.208993,-0.446272,9.908985
36.130000,0.101859,0.045358,-0.051816,-0.204330,-0.496992,9.923819
36.135000,0.096870,0.039820,-0.048185,-0.167393,-0.556155,9.902936
36.140000,0.098172,0.040448,-0.055429,-0.194498,-0.488842,9.908272
36.145000,0.089467,0.041704,-0.048713,-0.177950,-0.446540,9.937510
36.150000,0.091487,0.038001,-0.050591,-0.208191,-0.480643,9.859927
36.155000,0.092870,0.042396,-0.050195,-0.202959,-0.437491,9.923643
36.160000,0.091471,0.043196,-0.046106,-0.184331,-0.426760,9.883794
36.165000,0.095731,0.039884,-0.047142,-0.171912,-0.455847,9.862665
36.170000,0.093532,0.041005,-0.041650,-0.217872,-0.495619,9.937398
36.175000,0.094751,0.040139,-0.048188,-0.218547,-0.417010,9.903043
36.180000,0.094267,0.042352,-0.047925,-0.220440,-0.451007,9.925682
36.185000,0.088644,0.040671,-0.047846,-0.249281,-0.397829,9.864780
36.190000,0.084459,0.040347,-0.052253,-0.208999,-0.454542,9.926929
36.195000,0.097117,0.048392,-0.050153,-0.201132,-0.401210,9.896021
36.200000,0.095460,0.038966,-0.045018,-0.300099,-0.447051,9.924252
36.205000,0.093782,0.039395,-0.045521,-0.181521,-0.470671,9.886667
36.210000,0.091470,0.037182,-0.048663,-0.275242,-0.401641,9.920310
36.215000,0.091409,0.039609,-0.055066,-0.257167,-0.411802,9.911099
36.220000,0.092410,0.040062,-0.052152,-0.246793,-0.473522,9.946504
36.225000,0.089740,0.042232,-0.052441,-0.244071,-0.433500,9.893124
36.230000,0.093868,0.036212,-0.045605,-0.270065,-0.413705,9.840660
36.235000,0.092412,0.036857,-0.045498,-0.162476,-0.429922,9.919549
36.240000,0.092255,0.038994,-0.051497,-0.270876,-0.375000,9.944113
36.245000,0.090229,0.038959,-0.054769,-0.224965,-0.359065,9.993973
36.250000,0.093985,0.037415,-0.051668,-0.233494,-0.384289,9.947216
36.255000,0.091929,0.041682,-0.048537,-0.231175,-0.426048,9.910465
36.260000,0.091624,0.035739,-0.044650,-0.312982,-0.434080,9.903912
36.265000,0.094815,0.039439,-0.053058,-0.268974,-0.336120,9.919446
36.270000,0.092280,0.034226,-0.050373,-0.281036,-0.384934,9.890085
36.275000,0.091507,0.037392,-0.050304,-0.198222,-0.347422,9.914701
36.280000,0.095206,0.037556,-0.050489,-0.297001,-0.385172,9.873208
36.285000,0.089819,0.037434,-0.052051,-0.190854,-0.348436,9.828650
36.290000,0.087434,0.036949,-0.048886,-0.211202,-0.396158,9.892639
36.295000,0.092876,0.038895,-0.051544,-0.262060,-0.403826,9.927371
36.300000,0.088811,0.037996,-0.046961,-0.266758,-0.327180,9.907157
36.305000,0.092755,0.039269,-0.050453,-0.291185,-0.314678,9.936898
36.310000,0.093204,0.037229,-0.051566,-0.260220,-0.314914,9.856220
36.315000,0.089053,0.035857,-0.047855,-0.326236,-0.333809,9.887111
36.320000,0.087451,0.039097,-0.046686,-0.252273,-0.300742,9.946372
36.325000,0.092036,0.034731,-0.045458,-0.254222,-0.307499,9.877341
36.330000,0.095171,0.036787,-0.047980,-0.267757,-0.337083,9.904172
36.335000,0.091118,0.034917,-0.045943,-0.278387,-0.318545,9.906962
36.340000,0.093453,0.030712,-0.048420,-0.277500,-0.353801,9.897612
36.345000,0.089087,0.037138,-0.047839,-0.206715,-0.306827,9.901907
36.350000,0.093441,0.039881,-0.049287,-0.333747,-0.302964,9.959830
36.355000,0.090172,0.037649,-0.051803,-0.276561,-0.311671,9.889169
36.360000,0.096785,0.034127,-0.048500,-0.278360,-0.314034,9.927849
36.365000,0.091072,0.030845,-0.048358,-0.295750,-0.287775,9.844149
36.370000,0.093202,0.029570,-0.055158,-0.337070,-0.237660,9.899802
36.375000,0.098257,0.035695,-0.048064,-0.351981,-0.259143,9.891378
36.380000,0.098418,0.033324,-0.050258,-0.313624,-0.331602,9.951768
36.385000,0.088625,0.038594,-0.046454,-0.345035,-0.247679,9.860506
36.390000,0.092383,0.042409,-0.050384,-0.321174,-0.262513,9.941003
36.395000,0.086571,0.034404,-0.042214,-0.346602,-0.287093,9.943867
36.400000,0.091144,0.036686,-0.053105,-0.322844,-0.230684,9.943455
36.405000,0.088418,0.043351,-0.052024,-0.342294,-0.242516,9.921396
36.410000,0.096274,0.037150,-0.050527,-0.302777,-0.284368,9.935583
36.415000,0.095465,0.035953,-0.058968,-0.334439,-0.234764,9.932753
36.420000,0.092333,0.032605,-0.045238,-0.387610,-0.215679,9.899086
36.425000,0.093310,0.037309,-0.051528,-0.309143,-0.254912,9.876584
36.430000,0.087168,0.034311,-0.049778,-0.365268,-0.202151,9.905654
36.435000,0.086356,0.030688,-0.054406,-0.346905,-0.260090,9.905306
36.440000,0.091763,0.037802,-0.046131,-0.310750,-0.213967,9.906058
36.445000,0.087964,0.032781,-0.043266,-0.346481,-0.216940,9.907683
36.450000,0.087011,0.027417,-0.049653,-0.330722,-0.194428,9.921762
36.455000,0.090424,0.037480,-0.050395,-0.344763,-0.205970,9.895026
36.460000,0.092171,0.036885,-0.048903,-0.288918,-0.176041,9.871431
36.465000,0.092713,0.037147,-0.051219,-0.366818,-0.196979,9.866673
36.470000,0.084889,0.034058,-0.052003,-0.345014,-0.228545,9.901556
36.475000,0.087780,0.032469,-0.045861,-0.337866,-0.222795,9.944155
36.480000,0.088289,0.034187,-0.047573,-0.308088,-0.160721,9.911926
36.485000,0.091578,0.033675,-0.050008,-0.345721,-0.162000,9.894809
36.490000,0.090023,0.035781,-0.049721,-0.338027,-0.132581,9.864233
36.495000,0.089452,0.032092,-0.048383,-0.350598,-0.110186,9.920584
36.500000,0.096007,0.039486,-0.046316,-0.366108,-0.230797,9.908345
36.505000,0.088958,0.036136,-0.051857,-0.332707,-0.174584,9.946489
36.510000,0.096224,0.036266,-0.048964,-0.344069,-0.135867,9.921325
36.515000,0.088642,0.036045,-0.046058,-0.396092,-0.181466,9.962463
36.520000,0.088046,0.033833,-0.052500,-0.431587,-0.142985,9.922504
36.525000,0.087022,0.033049,-0.053401,-0.350385,-0.178816,9.965389
36.530000,0.087959,0.032574,-0.047014,-0.374825,-0.190149,9.889641
36.535000,0.087723,0.033029,-0.045055,-0.400811,-0.159973,9.869239
36.540000,0.084917,0.039623,-0.051205,-0.339848,-0.136287,9.874458
36.545000,0.090187,0.037458,-0.045038,-0.380534,-0.098087,9.924285
36.550000,0.090485,0.032218,-0.051601,-0.412922,-0.065586,9.961639
36.555000,0.087414,0.034221,-0.049275,-0.372732,-0.085347,9.878176
36.560000,0.083440,0.032854,-0.048211,-0.418682,-0.139570,9.908223
36.565000,0.079416,0.033198,-0.046283,-0.375856,-0.120842,9.907584
36.570000,0.090770,0.035544,-0.050124,-0.420808,-0.146244,9.908957
36.575000,0.084540,0.039015,-0.044360,-0.394801,-0.091087,9.956975
36.580000,0.085914,0.035528,-0.048487,-0.427986,-0.050685,9.910026
36.585000,0.093701,0.036980,-0.047536,-0.456091,-0.058133,9.871603
36.590000,0.092209,0.034774,-0.048912,-0.405645,-0.152924,9.924138
36.595000,0.086409,0.033687,-0.050039,-0.373494,-0.065240,9.954618
36.600000,0.086073,0.034124,-0.051152,-0.421381,-0.091454,9.891452
36.605000,0.090317,0.025387,-0.050668,-0.388647,-0.088700,9.907509
36.610000,0.083679,0.038391,-0.043845,-0.442218,-0.103990,9.905983
36.615000,0.088388,0.029326,-0.048161,-0.410638,-0.128808,9.908896
36.620000,0.085890,0.030384,-0.052455,-0.420646,-0.051508,9.958571
36.625000,0.086132,0.029940,-0.049055,-0.428595,-0.027034,9.872658
36.630000,0.083532,0.035103,-0.047698,-0.451885,-0.092919,9.907910
36.635000,0.083583,0.032362,-0.047555,-0.438905,-0.048385,9.890136
36.640000,0.086136,0.029049,-0.052777,-0.457837,-0.034391,9.861369
36.645000,0.084858,0.036540,-0.048711,-0.439137,-0.042863,9.935456
36.650000,0.082402,0.039913,-0.045050,-0.381991,-0.119812,9.892887
36.655000,0.086505,0.035905,-0.054628,-0.346424,-0.077240,9.951180
36.660000,0.088054,0.035854,-0.051969,-0.410222,-0.030251,9.870402
36.665000,0.084247,0.036110,-0.048646,-0.418853,0.032459,9.904682
36.670000,0.085492,0.028409,-0.049639,-0.414912,0.010013,9.883626
36.675000,0.086730,0.034239,-0.045550,-0.403093,-0.000091,9.892271
36.680000,0.085168,0.033056,-0.048964,-0.494977,-0.009221,9.883343
36.685000,0.083710,0.031612,-0.045950,-0.465638,-0.028530,9.857453
36.690000,0.085974,0.037439,-0.046042,-0.418943,0.018432,9.928727
36.695000,0.085998,0.036696,-0.055664,-0.519241,-0.026123,9.914754
36.700000,0.083520,0.029864,-0.053320,-0.469345,-0.021758,9.906791
36.705000,0.082403,0.028987,-0.050557,-0.443989,0.073789,9.913585
36.710000,0.087534,0.031000,-0.050335,-0.473851,0.010343,9.886855
36.715000,0.078518,0.033507,-0.049925,-0.450321,0.000805,9.881954
36.720000,0.080256,0.034719,-0.048423,-0.483747,-0.002749,9.915833
36.725000,0.080622,0.031333,-0.051399,-0.427165,-0.020090,9.960143
36.730000,0.082391,0.030095,-0.048523,-0.430983,0.030920,9.904386
36.735000,0.082218,0.033097,-0.052139,-0.432797,0.046570,9.921648
36.740000,0.079316,0.027662,-0.050575,-0.424702,-0.013104,9.889327
36.745000,0.084745,0.033176,-0.048726,-0.474954,0.042912,9.935503
36.750000,0.085453,0.029032,-0.051478,-0.473361,0.071327,9.908386
36.755000,0.081794,0.028948,-0.050515,-0.509286,0.009510,9.935047
36.760000,0.081151,0.033001,-0.056426,-0.458581,0.037059,9.926351
36.765000,0.084558,0.033271,-0.053698,-0.502912,0.021579,9.907594
36.770000,0.082027,0.027594,-0.050807,-0.469177,0.032357,9.966004
36.775000,0.080109,0.031782,-0.049846,-0.462430,0.000404,9.878125
36.780000,0.080915,0.032977,-0.051687,-0.476543,0.065666,9.943105
36.785000,0.081284,0.026137,-0.046874,-0.551906,0.058229,9.888347
36.790000,0.078943,0.026900,-0.052334,-0.488597,0.067127,9.928648
36.795000,0.081043,0.029442,-0.050911,-0.486346,0.092533,9.921357
36.800000,0.081332,0.034134,-0.052412,-0.503945,-0.000358,9.870694
36.805000,0.085328,0.033234,-0.050260,-0.499627,0.030156,9.900411
36.810000,0.078068,0.031523,-0.048819,-0.540005,0.086292,9.906409
36.815000,0.080599,0.029727,-0.056374,-0.460097,0.135884,9.874310
36.820000,0.079299,0.030099,-0.047895,-0.560039,0.153979,9.836497
36.825000,0.080535,0.029761,-0.049533,-0.497495,0.078063,9.883992
36.830000,0.077493,0.026867,-0.048765,-0.550889,0.126418,9.907307
36.835000,0.077699,0.034944,-0.054717,-0.490156,0.094240,9.897846
36.840000,0.082852,0.029174,-0.043424,-0.530733,0.133823,9.939139
36.845000,0.080277,0.032513,-0.050076,-0.571694,0.143028,9.878569
36.850000,0.078252,0.030324,-0.051671,-0.521658,0.135264,9.873435
36.855000,0.077367,0.027079,-0.051596,-0.497829,0.127580,9.943812
36.860000,0.075149,0.027799,-0.055350,-0.518118,0.165868,9.825706
36.865000,0.079822,0.023042,-0.045101,-0.501182,0.083309,9.888574
36.870000,0.082150,0.032668,-0.050916,-0.521162,0.178595,9.912053
36.875000,0.082044,0.033659,-0.046135,-0.529979,0.123803,9.884390
36.880000,0.077974,0.028591,-0.052085,-0.551298,0.141891,9.881866
36.885000,0.071211,0.027075,-0.051981,-0.575271,0.176208,9.900118
36.890000,0.079734,0.027188,-0.046358,-0.562610,0.134554,9.879596
36.895000,0.075547,0.026851,-0.048898,-0.531610,0.144970,9.914627
36.900000,0.076406,0.026281,-0.051933,-0.529960,0.139197,9.922990
36.905000,0.080023,0.022511,-0.048904,-0.571715,0.158608,9.903443
36.910000,0.074184,0.026502,-0.051018,-0.550910,0.195615,9.863102
36.915000,0.074117,0.029157,-0.054068,-0.490003,0.132415,9.924231
36.920000,0.077599,0.028335,-0.049937,-0.567519,0.151492,9.845762
36.925000,0.083519,0.030770,-0.052879,-0.537826,0.222113,9.912637
36.930000,0.079224,0.027817,-0.048311,-0.519811,0.196512,9.922428
36.935000,0.080959,0.023780,-0.042800,-0.528652,0.177201,9.898045
36.940000,0.073480,0.021845,-0.051284,-0.609582,0.216630,9.910213
36.945000,0.074065,0.026983,-0.046230,-0.570738,0.174859,9.925391
36.950000,0.071557,0.025947,-0.049689,-0.531484,0.162802,9.882108
36.955000,0.075034,0.030150,-0.048277,-0.601265,0.188114,9.855731
36.960000,0.075352,0.031265,-0.042507,-0.593414,0.257899,9.857799
36.965000,0.073324,0.026674,-0.050557,-0.553149,0.199489,9.849618
36.970000,0.078729,0.030136,-0.048969,-0.577266,0.189543,9.899618
36.975000,0.076785,0.029534,-0.049989,-0.558842,0.250398,9.874988
36.980000,0.077060,0.023656,-0.046998,-0.587203,0.167292,9.844341
36.985000,0.075284,0.028806,-0.051941,-0.606194,0.266721,9.915693
36.990000,0.074036,0.026854,-0.051896,-0.619807,0.256595,9.932749
36.995000,0.075131,0.017574,-0.049117,-0.575908,0.229008,9.884494
37.000000,0.074981,0.025357,-0.047765,-0.581953,0.250219,9.872741
37.005000,0.076711,0.026052,-0.047000,-0.647358,0.223713,9.869028
37.010000,0.071736,0.026798,-0.049175,-0.588627,0.246399,9.875703
37.015000,0.076504,0.024132,-0.045355,-0.645180,0.252241,9.858698
37.020000,0.073836,0.028398,-0.052870,-0.598090,0.216139,9.878264
37.025000,0.069983,0.030135,-0.050090,-0.553950,0.254763,9.914478
37.030000,0.072690,0.025876,-0.050346,-0.574276,0.253261,9.894084
37.035000,0.069642,0.027853,-0.042440,-0.612802,0.233757,9.925491
37.040000,0.079407,0.031520,-0.051075,-0.610713,0.244810,9.884217
37.045000,0.071234,0.028085,-0.049242,-0.609237,0.255301,9.890518
37.050000,0.071588,0.026534,-0.051250,-0.600657,0.250057,9.856310
37.055000,0.071470,0.030146,-0.052220,-0.546130,0.323360,9.880398
37.060000,0.070622,0.029928,-0.048520,-0.607624,0.281885,9.923427
37.065000,0.072690,0.025260,-0.051137,-0.605889,0.241266,9.946272
37.070000,0.070576,0.026868,-0.050755,-0.628092,0.311879,9.867023
37.075000,0.078328,0.027783,-0.045312,-0.639353,0.249997,9.924053
37.080000,0.069220,0.026729,-0.044095,-0.617941,0.274313,9.892696
37.085000,0.070808,0.023562,-0.049324,-0.620096,0.269614,9.910179
37.090000,0.068529,0.023693,-0.048845,-0.693442,0.273391,9.937666
37.095000,0.063066,0.022618,-0.048607,-0.663845,0.301583,9.866244
37.100000,0.068315,0.022182,-0.050438,-0.611179,0.276530,9.919930
37.105000,0.070011,0.025047,-0.049943,-0.623053,0.317627,9.877804
37.110000,0.067633,0.023586,-0.053318,-0.628270,0.347768,9.922849
37.115000,0.068301,0.028158,-0.049350,-0.593319,0.284884,9.888739
37.120000,0.072721,0.021576,-0.051488,-0.630462,0.368187,9.927025
37.125000,0.067072,0.022262,-0.044918,-0.672449,0.302219,9.928797
37.130000,0.069276,0.023064,-0.047146,-0.622338,0.318838,9.882049
37.135000,0.065792,0.023541,-0.045433,-0.614030,0.317766,9.839414
37.140000,0.066599,0.021739,-0.051685,-0.603698,0.310967,9.897239
37.145000,0.071501,0.026501,-0.052579,-0.616085,0.334769,9.861552
37.150000,0.067720,0.028503,-0.046966,-0.687960,0.282439,9.874587
37.155000,0.063440,0.027267,-0.047318,-0.706095,0.339521,9.873495
37.160000,0.070031,0.021835,-0.049318,-0.612598,0.360927,9.842706
37.165000,0.072708,0.018813,-0.050548,-0.630675,0.355961,9.852103
37.170000,0.063932,0.024423,-0.051797,-0.682693,0.330057,9.830869
37.175000,0.068519,0.020071,-0.048608,-0.693136,0.342514,9.873821
37.180000,0.063382,0.021821,-0.047042,-0.738989,0.401843,9.873756
37.185000,0.063923,0.023934,-0.053123,-0.632092,0.342548,9.892716
37.190000,0.067155,0.017609,-0.048695,-0.733891,0.376537,9.897851
37.195000,0.060542,0.018736,-0.046618,-0.617177,0.362149,9.906258
37.200000,0.065566,0.023480,-0.050367,-0.664279,0.366069,9.872088
37.205000,0.062693,0.023466,-0.051902,-0.643691,0.345736,9.834461
37.210000,0.066142,0.023879,-0.050882,-0.705428,0.378309,9.863204
37.215000,0.067008,0.027928,-0.046188,-0.691871,0.385066,9.911540
37.220000,0.060876,0.025627,-0.046453,-0.679718,0.327379,9.861418
37.225000,0.063252,0.022777,-0.052864,-0.714295,0.351941,9.853153
37.230000,0.065534,0.020159,-0.048459,-0.731193,0.410994,9.885897
37.235000,0.063240,0.020396,-0.051423,-0.645661,0.370699,9.923902
37.240000,0.066216,0.023496,-0.048906,-0.703428,0.338854,9.850185
37.245000,0.063813,0.020609,-0.050162,-0.687381,0.441339,9.919417
37.250000,0.059154,0.023577,-0.049879,-0.721056,0.413271,9.936472
37.255000,0.063247,0.024070,-0.051237,-0.712000,0.387505,9.837609
37.260000,0.058376,0.019073,-0.049707,-0.730435,0.433643,9.862509
37.265000,0.062697,0.017455,-0.055465,-0.713414,0.388582,9.828694
37.270000,0.059339,0.020428,-0.043493,-0.694643,0.408675,9.869402
37.275000,0.061676,0.020916,-0.045554,-0.687594,0.440745,9.911364
37.280000,0.062349,0.021302,-0.041612,-0.743908,0.400609,9.851572
37.285000,0.066094,0.026068,-0.048302,-0.689164,0.373183,9.921209
37.290000,0.056433,0.024530,-0.044201,-0.723911,0.430475,9.873020
37.295000,0.066008,0.020298,-0.055421,-0.708594,0.392926,9.892719
37.300000,0.060740,0.021266,-0.049608,-0.731470,0.411614,9.883404
37.305000,0.054680,0.016481,-0.048374,-0.725859,0.447779,9.849713
37.310000,0.054954,0.018554,-0.051648,-0.746444,0.411471,9.827076
37.315000,0.057729,0.021388,-0.043000,-0.720049,0.464881,9.876471
37.320000,0.061694,0.020602,-0.048857,-0.709252,0.454060,9.878893
37.325000,0.058851,0.023999,-0.048955,-0.736910,0.474498,9.859521
37.330000,0.062134,0.020897,-0.039550,-0.754192,0.449546,9.811936
37.335000,0.062883,0.026287,-0.045535,-0.725291,0.426781,9.898223
37.340000,0.055416,0.019447,-0.052638,-0.717426,0.463006,9.933476
37.345000,0.058612,0.021496,-0.046479,-0.747028,0.470074,9.895750
37.350000,0.057529,0.017968,-0.048064,-0.792441,0.538172,9.892167
37.355000,0.059030,0.018353,-0.053023,-0.702476,0.487050,9.849269
37.360000,0.056860,0.021042,-0.051800,-0.748347,0.491530,9.953190
37.365000,0.059009,0.018788,-0.052725,-0.752363,0.462329,9.830643
37.370000,0.055891,0.022227,-0.048849,-0.751948,0.500478,9.880416
37.375000,0.060141,0.024098,-0.050067,-0.754028,0.545633,9.825871
37.380000,0.057924,0.022870,-0.053619,-0.740711,0.485805,9.854394
37.385000,0.055781,0.017976,-0.048805,-0.757300,0.496747,9.826891
37.390000,0.054797,0.017647,-0.052440,-0.671500,0.569724,9.851259
37.395000,0.059136,0.020239,-0.051400,-0.733009,0.516203,9.876991
37.400000,0.052659,0.020403,-0.047238,-0.762398,0.475667,9.908531
37.405000,0.052204,0.016746,-0.047093,-0.820053,0.525310,9.911374
37.410000,0.056935,0.017704,-0.046886,-0.692550,0.509609,9.909366
37.415000,0.054917,0.021713,-0.046849,-0.760554,0.458369,9.851510
37.420000,0.060237,0.023555,-0.045708,-0.806362,0.496980,9.845649
37.425000,0.054187,0.019551,-0.049400,-0.799435,0.548661,9.899684
37.430000,0.052193,0.020317,-0.050728,-0.761783,0.473711,9.889121
37.435000,0.052711,0.017093,-0.049018,-0.780148,0.505510,9.863404
37.440000,0.051602,0.019677,-0.047446,-0.777580,0.536949,9.839883
37.445000,0.050383,0.019876,-0.047832,-0.806640,0.567925,9.921184
37.450000,0.053937,0.024526,-0.048093,-0.772752,0.547070,9.881749
37.455000,0.053562,0.019694,-0.049744,-0.812307,0.552902,9.905537
37.460000,0.055893,0.023138,-0.048085,-0.789560,0.509637,9.881850
37.465000,0.054491,0.015567,-0.048521,-0.813240,0.555562,9.819863
37.470000,0.056161,0.015900,-0.043290,-0.829624,0.522436,9.834287
37.475000,0.057382,0.020981,-0.045804,-0.775990,0.562414,9.845725
37.480000,0.051020,0.020836,-0.046181,-0.805485,0.576328,9.893753
37.485000,0.051358,0.013097,-0.043538,-0.800023,0.543729,9.846144
37.490000,0.055243,0.018338,-0.052265,-0.808681,0.554470,9.843343
37.495000,0.047712,0.015525,-0.047808,-0.840039,0.502873,9.840755
37.500000,0.051854,0.019096,-0.045911,-0.746827,0.515152,9.844138
37.505000,0.050334,0.018220,-0.048293,-0.813041,0.500521,9.808302
37.510000,0.047220,0.021404,-0.043520,-0.817429,0.661579,9.818881
37.515000,0.053896,0.014120,-0.052101,-0.785420,0.572502,9.816486
37.520000,0.048063,0.016425,-0.052721,-0.820453,0.534900,9.854131
37.525000,0.054743,0.015408,-0.052794,-0.834967,0.554439,9.795920
37.530000,0.046644,0.016805,-0.049316,-0.776112,0.569087,9.860766
37.535000,0.045891,0.010676,-0.041419,-0.810852,0.542989,9.810906
37.540000,0.048389,0.015673,-0.046196,-0.803516,0.590193,9.876434
37.545000,0.049580,0.017665,-0.045173,-0.812996,0.591791,9.773590
37.550000,0.049872,0.009042,-0.048151,-0.841160,0.508526,9.835075
37.555000,0.045525,0.014613,-0.043627,-0.769869,0.591234,9.819398
37.560000,0.047935,0.012565,-0.041579,-0.796086,0.571173,9.874153
37.565000,0.042688,0.017706,-0.053854,-0.805928,0.560807,9.806275
37.570000,0.048043,0.012506,-0.042836,-0.787836,0.591993,9.830100
37.575000,0.048481,0.018565,-0.044942,-0.862121,0.589273,9.872458
37.580000,0.047113,0.013191,-0.043213,-0.851153,0.576434,9.837668
37.585000,0.050199,0.016604,-0.046121,-0.794403,0.638838,9.863779
37.590000,0.049334,0.017147,-0.047776,-0.798921,0.601711,9.811803
37.595000,0.049715,0.015757,-0.044823,-0.843611,0.589019,9.864825
37.600000,0.043912,0.017170,-0.047504,-0.878892,0.619477,9.807482
37.605000,0.039487,0.012004,-0.044092,-0.835889,0.576932,9.866052
37.610000,0.042863,0.017926,-0.049678,-0.866087,0.661080,9.807185
37.615000,0.040343,0.009223,-0.045820,-0.879643,0.609637,9.831696
37.620000,0.042160,0.010662,-0.050244,-0.787265,0.623501,9.839363
37.625000,0.043652,0.018180,-0.045528,-0.843978,0.622544,9.811776
37.630000,0.040962,0.015744,-0.046977,-0.874155,0.591213,9.875201
37.635000,0.038089,0.012155,-0.041780,-0.884334,0.591951,9.806443
37.640000,0.040856,0.018665,-0.042323,-0.834041,0.612601,9.842988
37.645000,0.041241,0.020126,-0.046193,-0.798867,0.608358,9.899014
37.650000,0.035097,0.015121,-0.045595,-0.844098,0.652613,9.877662
37.655000,0.035477,0.015310,-0.049998,-0.822781,0.608969,9.839572
37.660000,0.040775,0.016173,-0.047656,-0.844624,0.665520,9.820842
37.665000,0.042981,0.016818,-0.046824,-0.850316,0.641787,9.837734
37.670000,0.038981,0.012944,-0.052360,-0.855292,0.639309,9.815205
37.675000,0.042655,0.010878,-0.050000,-0.864237,0.617390,9.828910
37.680000,0.045660,0.015808,-0.044083,-0.851942,0.627878,9.869853
37.685000,0.042535,0.014983,-0.045671,-0.874222,0.609750,9.837622
37.690000,0.032450,0.009027,-0.039324,-0.890428,0.586352,9.853217
37.695000,0.039441,0.010606,-0.048110,-0.892358,0.645879,9.808955
37.700000,0.038415,0.014765,-0.044163,-0.813896,0.634317,9.875448
37.705000,0.045384,0.009719,-0.048030,-0.875666,0.615473,9.895595
37.710000,0.037417,0.010357,-0.044542,-0.833764,0.615056,9.852518
37.715000,0.035468,0.013157,-0.045720,-0.819498,0.675198,9.786510
37.720000,0.035212,0.011085,-0.047732,-0.879060,0.674025,9.856205
37.725000,0.036552,0.017697,-0.053694,-0.896511,0.624798,9.841432
37.730000,0.042241,0.010750,-0.042815,-0.881000,0.686391,9.836119
37.735000,0.036517,0.009031,-0.042206,-0.870781,0.684500,9.775173
37.740000,0.040571,0.011039,-0.049149,-0.864527,0.647369,9.813965
37.745000,0.031770,0.014947,-0.042865,-0.863090,0.700103,9.874118
37.750000,0.038227,0.015728,-0.043466,-0.877336,0.707485,9.837782
37.755000,0.041184,0.011891,-0.047710,-0.873663,0.657448,9.834022
37.760000,0.039345,0.009074,-0.050047,-0.848179,0.642303,9.800923
37.765000,0.036951,0.008207,-0.038953,-0.849857,0.686697,9.805306
37.770000,0.032926,0.015736,-0.043242,-0.882993,0.671700,9.818826
37.775000,0.034225,0.009664,-0.044712,-0.897719,0.667076,9.841267
37.780000,0.036418,0.010742,-0.037751,-0.833884,0.669510,9.783802
37.785000,0.027749,0.011152,-0.046436,-0.918060,0.745930,9.788405
37.790000,0.033780,0.006219,-0.046695,-0.863409,0.665853,9.865595
37.795000,0.030188,0.009912,-0.045406,-0.873685,0.692521,9.806428
37.800000,0.027988,0.017845,-0.039752,-0.880938,0.653271,9.835674
37.805000,0.034468,0.009475,-0.046801,-0.889571,0.717531,9.840847
37.810000,0.032366,0.011052,-0.048125,-0.910670,0.696841,9.839383
37.815000,0.032949,0.013400,-0.045260,-0.883860,0.687171,9.882526
37.820000,0.033845,0.008562,-0.045784,-0.836812,0.676679,9.833549
37.825000,0.033675,0.005283,-0.049652,-0.921532,0.685603,9.869947
37.830000,0.032158,0.011701,-0.043290,-0.942833,0.713439,9.814628
37.835000,0.032748,0.009468,-0.049773,-0.912089,0.716128,9.844252
37.840000,0.034891,0.009630,-0.041394,-0.921176,0.691362,9.846438
37.845000,0.030889,0.005255,-0.045385,-0.849588,0.708085,9.821789
37.850000,0.028624,0.010622,-0.045896,-0.898072,0.646292,9.807720
37.855000,0.037346,0.010778,-0.045715,-0.883043,0.701940,9.816248
37.860000,0.033172,0.012436,-0.046094,-0.898568,0.675608,9.869439
37.865000,0.036757,0.002304,-0.043658,-0.884940,0.688292,9.886115
37.870000,0.026290,0.008505,-0.041022,-0.889663,0.743117,9.870743
37.875000,0.032581,0.009472,-0.050299,-0.880569,0.669361,9.758209
37.880000,0.027868,0.009404,-0.046527,-0.898544,0.712404,9.831230
37.885000,0.032502,0.010394,-0.042040,-0.931415,0.737433,9.808677
37.890000,0.032000,0.008184,-0.047502,-0.924574,0.698005,9.820122
37.895000,0.027854,0.008357,-0.048719,-0.962771,0.738656,9.811069
37.900000,0.026081,0.009189,-0.042070,-0.988862,0.737201,9.842365
37.905000,0.028639,0.010191,-0.045527,-0.896353,0.698484,9.816645
37.910000,0.029025,0.013465,-0.044913,-0.906966,0.719924,9.795880
37.915000,0.029085,0.007039,-0.045488,-0.883048,0.690077,9.806277
37.920000,0.030874,0.010303,-0.047173,-0.934948,0.721441,9.806179
37.925000,0.025706,0.002529,-0.046756,-0.896182,0.738348,9.833613
37.930000,0.030274,0.007386,-0.049220,-0.938505,0.721847,9.798877
37.935000,0.024013,0.004514,-0.045872,-0.967164,0.698419,9.869279
37.940000,0.026125,0.010320,-0.048535,-0.942863,0.725921,9.814334
37.945000,0.024081,0.010183,-0.045624,-0.893396,0.812154,9.832944
37.950000,0.025881,0.005851,-0.048061,-0.931251,0.750188,9.765240
37.955000,0.025521,0.011463,-0.044395,-0.882144,0.759197,9.823299
37.960000,0.027754,0.009598,-0.042747,-0.949796,0.763197,9.790120
37.965000,0.023923,0.007930,-0.046378,-0.913445,0.755364,9.803804
37.970000,0.028150,0.003528,-0.040461,-0.951930,0.740522,9.837351
37.975000,0.022657,0.007750,-0.042166,-0.951655,0.740208,9.790119
37.980000,0.024408,0.010129,-0.043706,-0.945351,0.729264,9.830452
37.985000,0.022817,0.012935,-0.044023,-0.988962,0.721476,9.851801
37.990000,0.019747,0.006800,-0.046521,-0.940611,0.745701,9.841735
37.995000,0.019959,0.006335,-0.047266,-0.933377,0.756547,9.856105
38.000000,0.023739,0.005839,-0.042478,-0.915399,0.682866,9.826588
38.005000,0.021129,0.005970,-0.032864,-0.915340,0.761459,9.790730
38.010000,0.020725,0.009748,-0.045533,-0.996585,0.756318,9.841352
38.015000,0.019622,0.007475,-0.045781,-0.984524,0.742533,9.807104
38.020000,0.021841,0.006894,-0.045021,-0.996636,0.778841,9.819483
38.025000,0.019595,0.006747,-0.038705,-0.950121,0.722056,9.829710
38.030000,0.025929,0.011207,-0.049653,-0.967994,0.734026,9.807640
38.035000,0.017797,0.007021,-0.042255,-1.006025,0.700490,9.820619
38.040000,0.022381,0.004364,-0.047857,-0.975287,0.728533,9.819387
38.045000,0.019625,0.003741,-0.041890,-0.974215,0.718959,9.810618
38.050000,0.022291,0.005472,-0.042136,-0.962151,0.764877,9.845084
38.055000,0.018359,0.005478,-0.046671,-0.975719,0.753371,9.787932
38.060000,0.021504,0.007237,-0.041806,-0.970082,0.797597,9.807713
38.065000,0.021694,0.003336,-0.038716,-0.942488,0.752030,9.793079
38.070000,0.019698,0.003631,-0.040169,-0.975426,0.797106,9.893804
38.075000,0.018144,0.003069,-0.046504,-0.973758,0.734611,9.852209
38.080000,0.015229,0.004023,-0.050781,-0.951071,0.779453,9.820959
38.085000,0.019169,0.008658,-0.046849,-0.931084,0.777178,9.810547
38.090000,0.019585,0.002208,-0.045504,-1.052203,0.724442,9.850124
38.095000,0.017170,0.007557,-0.043870,-0.964196,0.770283,9.772368
38.100000,0.014897,0.000947,-0.040085,-0.938502,0.794597,9.859468
38.105000,0.014964,0.001665,-0.044489,-1.007951,0.783004,9.781877
38.110000,0.010521,0.006947,-0.043688,-0.982752,0.839244,9.792772
38.115000,0.018772,0.004385,-0.039841,-1.041393,0.792001,9.833984
38.120000,0.018467,0.006001,-0.043807,-0.960177,0.856152,9.800748
38.125000,0.013266,0.006788,-0.044382,-1.004824,0.792790,9.782426
38.130000,0.008593,0.005839,-0.038856,-0.973791,0.745832,9.787295
38.135000,0.012658,0.003838,-0.045154,-0.992280,0.788554,9.818852
38.140000,0.017500,0.005338,-0.049484,-1.023254,0.764712,9.823281
38.145000,0.015311,0.002598,-0.048119,-1.033435,0.760216,9.796065
38.150000,0.010579,-0.002873,-0.040693,-1.003318,0.724326,9.811977
38.155000,0.017247,0.005281,-0.046393,-1.024215,0.792633,9.796671
38.160000,0.014050,0.003441,-0.042497,-0.974488,0.789170,9.727484
38.165000,0.010915,0.003876,-0.042653,-0.936238,0.853533,9.815052
38.170000,0.012128,0.002621,-0.038678,-0.957705,0.812736,9.847107
38.175000,0.010969,0.003081,-0.042249,-0.993958,0.848010,9.850921
38.180000,0.012505,-0.001197,-0.040667,-1.038211,0.809930,9.797463
38.185000,0.016627,0.002703,-0.041176,-1.009346,0.735187,9.834762
38.190000,0.014142,0.001708,-0.042940,-0.962261,0.790584,9.834985
38.195000,0.013285,0.000381,-0.045213,-1.024194,0.787251,9.838365
38.200000,0.010328,0.001368,-0.042069,-1.003559,0.839229,9.866342
38.205000,0.013118,0.001270,-0.042368,-0.990732,0.787320,9.840244
38.210000,0.005190,-0.003190,-0.042012,-1.040544,0.789548,9.856751
38.215000,0.007856,-0.001435,-0.042597,-1.015585,0.828756,9.805567
38.220000,0.011239,0.001986,-0.042552,-1.027061,0.816955,9.794387
38.225000,0.013679,-0.003602,-0.045274,-1.034094,0.805943,9.848179
38.230000,0.007317,0.000528,-0.048289,-1.022031,0.803358,9.838027
38.235000,0.012337,0.001992,-0.042651,-0.991922,0.755422,9.799425
38.240000,0.006187,-0.007002,-0.038786,-1.083892,0.775085,9.820814
38.245000,0.010686,0.000777,-0.038204,-1.039688,0.843895,9.850323
38.250000,0.001124,0.000753,-0.042834,-1.047630,0.803904,9.804130
38.255000,0.015400,0.002084,-0.043594,-1.035319,0.793085,9.839296
38.260000,0.007792,0.002769,-0.034959,-1.050055,0.852607,9.814348
38.265000,0.011303,0.006525,-0.043188,-0.999105,0.790264,9.836744
38.270000,0.009399,-0.001470,-0.035372,-0.961931,0.793035,9.844206
38.275000,0.009600,0.001110,-0.043735,-1.008242,0.775978,9.833116
38.280000,0.002895,0.000127,-0.043902,-0.988174,0.781630,9.807643
38.285000,0.005827,-0.000688,-0.042018,-0.997993,0.810872,9.789028
38.290000,0.000104,0.003581,-0.036571,-1.018790,0.825250,9.796893
38.295000,0.007018,0.000712,-0.043441,-1.053616,0.848196,9.749309
38.300000,0.010915,-0.000982,-0.039258,-0.999174,0.816730,9.838553
38.305000,0.006066,-0.004988,-0.040576,-0.996751,0.858551,9.782138
38.310000,0.005876,-0.000643,-0.036471,-1.021469,0.834421,9.823458
38.315000,0.007239,-0.006839,-0.038741,-0.991666,0.794743,9.804300
38.320000,0.006492,-0.001500,-0.043282,-1.005710,0.791875,9.832277
38.325000,0.006295,-0.003096,-0.043694,-1.005631,0.785190,9.840901
38.330000,0.007324,-0.004121,-0.038888,-0.991979,0.807254,9.813135
38.335000,-0.000632,-0.000387,-0.038381,-1.055009,0.775789,9.798830
38.340000,-0.000881,0.001411,-0.043824,-1.097781,0.801289,9.807936
38.345000,0.003781,-0.003792,-0.040498,-1.054962,0.852997,9.807503
38.350000,0.002376,-0.005838,-0.040956,-1.007516,0.818490,9.792367
38.355000,-0.000788,-0.000549,-0.043228,-1.055344,0.857034,9.816458
38.360000,0.000784,0.000839,-0.044434,-1.040907,0.916785,9.767427
38.365000,0.004223,0.000334,-0.038041,-1.085321,0.869418,9.820520
38.370000,-0.000825,0.000360,-0.045064,-1.061329,0.800245,9.779837
38.375000,0.001650,0.000692,-0.041610,-1.045032,0.788912,9.781884
38.380000,0.000153,0.003924,-0.040807,-1.057231,0.811162,9.781581
38.385000,0.002236,0.001776,-0.036423,-0.966480,0.825009,9.824966
38.390000,-0.003913,-0.003382,-0.042020,-1.046918,0.793698,9.816090
38.395000,0.002373,-0.002020,-0.041933,-1.044893,0.799370,9.789027
38.400000,0.001323,-0.007429,-0.042693,-1.081848,0.815487,9.804416
38.405000,0.000268,-0.001990,-0.043677,-1.020727,0.829380,9.827662
38.410000,0.003292,-0.004020,-0.040439,-1.075307,0.795520,9.788751
38.415000,0.000761,-0.003662,-0.043445,-1.027371,0.816573,9.789653
38.420000,-0.002472,-0.007856,-0.043369,-1.014642,0.801427,9.795931
38.425000,-0.001176,-0.000751,-0.042329,-0.988646,0.821426,9.772468
38.430000,-0.000988,-0.000220,-0.037149,-1.044690,0.808589,9.838389
38.435000,-0.001182,0.000635,-0.035523,-1.081366,0.787666,9.771991
38.440000,0.000388,-0.000797,-0.038420,-1.023257,0.825000,9.834577
38.445000,-0.000749,-0.001362,-0.039834,-1.098739,0.870488,9.818139
38.450000,-0.002952,-0.002036,-0.041536,-1.068472,0.853139,9.803814
38.455000,-0.000473,-0.006304,-0.037437,-1.040995,0.865479,9.781477
38.460000,-0.005244,-0.004266,-0.037682,-1.024912,0.817901,9.863089
38.465000,-0.004377,-0.000438,-0.039436,-1.061489,0.851630,9.806815
38.470000,-0.007035,-0.002286,-0.038447,-1.087188,0.800649,9.802896
38.475000,-0.002004,-0.000585,-0.037910,-1.099285,0.857233,9.788019
38.480000,-0.006092,-0.006923,-0.041603,-1.053300,0.828048,9.779901
38.485000,-0.005761,-0.007187,-0.035188,-1.100051,0.849292,9.816389
38.490000,-0.005198,0.000761,-0.041673,-1.078275,0.905803,9.824654
38.495000,-0.003217,-0.004619,-0.038555,-1.079893,0.835415,9.830747
38.500000,-0.004155,-0.007170,-0.042041,-1.090804,0.810072,9.837175
38.505000,-0.003211,-0.001556,-0.043898,-1.058759,0.821032,9.815660
38.510000,-0.003668,-0.006614,-0.042451,-1.014896,0.847331,9.765520
38.515000,-0.005133,-0.004749,-0.033284,-1.029136,0.829314,9.777876
38.520000,-0.009591,-0.007538,-0.042418,-1.074573,0.785356,9.774269
38.525000,-0.006779,-0.007285,-0.041609,-1.117830,0.894844,9.776658
38.530000,-0.009601,-0.005130,-0.042766,-1.027554,0.837395,9.796620
38.535000,-0.007126,-0.005746,-0.040882,-1.029984,0.853705,9.833148
38.540000,-0.009677,0.001276,-0.037379,-1.044395,0.877215,9.827248
38.545000,-0.010806,-0.003504,-0.038870,-1.056716,0.832800,9.786865
38.550000,-0.003660,-0.008965,-0.042851,-1.028691,0.816880,9.795044
38.555000,-0.014472,-0.001425,-0.043081,-1.097670,0.826337,9.800975
38.560000,-0.011158,-0.007195,-0.040554,-1.059987,0.808204,9.807478
38.565000,-0.007103,-0.006483,-0.044406,-1.077698,0.806777,9.815943
38.570000,-0.008942,-0.001371,-0.041251,-1.073114,0.834355,9.783106
38.575000,-0.012162,-0.001292,-0.044696,-1.085580,0.812595,9.814079
38.580000,-0.010050,-0.007580,-0.036237,-1.118682,0.799319,9.817674
38.585000,-0.007965,-0.007279,-0.037061,-1.063126,0.858391,9.756933
38.590000,-0.014139,-0.012343,-0.044007,-1.053869,0.817539,9.793297
38.595000,-0.012414,-0.007582,-0.035294,-1.063393,0.791849,9.803120
38.600000,-0.007563,-0.007150,-0.042375,-1.096245,0.834092,9.801030
38.605000,-0.011962,-0.005793,-0.044296,-1.101808,0.829585,9.815838
38.610000,-0.013074,-0.007715,-0.039565,-1.099672,0.833711,9.778589
38.615000,-0.015127,-0.007165,-0.039616,-1.091994,0.774413,9.783301
38.620000,-0.012332,-0.013642,-0.046096,-1.064655,0.849438,9.804657
38.625000,-0.010375,-0.008273,-0.042582,-1.082068,0.846210,9.836182
38.630000,-0.008551,-0.006946,-0.042111,-1.033809,0.817182,9.829447
38.635000,-0.011293,-0.003310,-0.040941,-1.057326,0.836720,9.825078
38.640000,-0.005022,-0.005300,-0.036877,-1.074175,0.829809,9.822302
38.645000,-0.019033,-0.009263,-0.041011,-1.080389,0.815249,9.757740
38.650000,-0.019993,-0.011953,-0.044005,-1.099989,0.873500,9.808605
38.655000,-0.013167,-0.009594,-0.039887,-1.061515,0.787785,9.754889
38.660000,-0.013652,-0.007892,-0.040400,-1.119299,0.848188,9.794697
38.665000,-0.014444,-0.011037,-0.039156,-1.040157,0.806145,9.808839
38.670000,-0.016326,-0.008000,-0.035892,-1.048654,0.826044,9.798946
38.675000,-0.018443,-0.011271,-0.040085,-1.049123,0.812439,9.772197
38.680000,-0.021238,-0.007959,-0.033443,-1.091296,0.808491,9.832445
38.685000,-0.015257,-0.008854,-0.042295,-1.097661,0.789143,9.816750
38.690000,-0.018523,-0.009493,-0.037783,-1.097112,0.794378,9.802754
38.695000,-0.017497,-0.011053,-0.034177,-1.049778,0.850078,9.784652
38.700000,-0.011615,-0.009269,-0.039950,-1.056830,0.795816,9.793061
38.705000,-0.016354,-0.013734,-0.037797,-1.085565,0.809425,9.802229
38.710000,-0.017487,-0.014063,-0.037290,-1.101683,0.858019,9.845905
38.715000,-0.021641,-0.011945,-0.041282,-1.080642,0.780558,9.760600
38.720000,-0.014742,-0.008399,-0.043571,-1.080649,0.815172,9.803875
38.725000,-0.017892,-0.010368,-0.035431,-1.114631,0.803958,9.756109
38.730000,-0.017792,-0.011741,-0.039084,-1.091773,0.822294,9.745732
38.735000,-0.022027,-0.013009,-0.038430,-1.089367,0.819981,9.829922
38.740000,-0.018366,-0.016310,-0.041407,-1.148043,0.780841,9.851509
38.745000,-0.015269,-0.009738,-0.036230,-1.139606,0.800961,9.839766
38.750000,-0.024193,-0.013452,-0.039560,-1.094114,0.810534,9.837556
38.755000,-0.015144,-0.013615,-0.039179,-1.073501,0.837707,9.703298
38.760000,-0.022770,-0.010346,-0.040236,-1.129680,0.791150,9.783570
38.765000,-0.021009,-0.014830,-0.038003,-1.081092,0.821050,9.748982
38.770000,-0.019293,-0.013247,-0.042364,-1.096865,0.809286,9.799332
38.775000,-0.024594,-0.007324,-0.036595,-1.173623,0.793538,9.771299
38.780000,-0.019007,-0.016206,-0.038464,-1.082318,0.775527,9.807637
38.785000,-0.021222,-0.015398,-0.039573,-1.159664,0.825117,9.809439
38.790000,-0.021179,-0.013961,-0.039725,-1.105295,0.819708,9.821504
38.795000,-0.023034,-0.011272,-0.040211,-1.084465,0.805123,9.786820
38.800000,-0.021593,-0.014475,-0.037940,-1.114595,0.797156,9.825115
38.805000,-0.021353,-0.013166,-0.037668,-1.084362,0.753234,9.781908
38.810000,-0.021363,-0.009517,-0.037312,-1.083403,0.827193,9.779846
38.815000,-0.027911,-0.007736,-0.046346,-1.044192,0.782467,9.822408
38.820000,-0.020969,-0.006494,-0.042835,-1.118537,0.809182,9.794737
38.825000,-0.019747,-0.012509,-0.038415,-1.081298,0.773795,9.777247
38.830000,-0.025027,-0.008505,-0.040176,-1.093005,0.803289,9.760341
38.835000,-0.022785,-0.014504,-0.041849,-1.044169,0.808075,9.785407
38.840000,-0.025261,-0.009233,-0.040379,-1.149404,0.766737,9.777988
38.845000,-0.022690,-0.008999,-0.040996,-1.026007,0.844488,9.785716
38.850000,-0.025700,-0.010517,-0.037862,-1.125201,0.800412,9.797269
38.855000,-0.023421,-0.014512,-0.036025,-1.096560,0.775049,9.860917
38.860000,-0.017445,-0.014393,-0.036581,-1.109864,0.758238,9.773039
38.865000,-0.020494,-0.015337,-0.035719,-1.083676,0.798221,9.723918
38.870000,-0.026414,-0.009930,-0.035562,-1.108929,0.806797,9.798122
38.875000,-0.026372,-0.010936,-0.037302,-1.114279,0.775665,9.865640
38.880000,-0.027051,-0.013599,-0.037864,-0.999949,0.841623,9.799982
38.885000,-0.027833,-0.021285,-0.042684,-1.099571,0.871399,9.796152
38.890000,-0.025667,-0.011669,-0.039766,-1.100756,0.789706,9.813439
38.895000,-0.026934,-0.009777,-0.039057,-1.120689,0.780498,9.774010
38.900000,-0.029262,-0.014383,-0.038319,-1.154298,0.818051,9.816621
38.905000,-0.034987,-0.014499,-0.035763,-1.138054,0.796789,9.778874
38.910000,-0.033068,-0.015396,-0.036202,-1.179150,0.813489,9.843617
38.915000,-0.028552,-0.012752,-0.033749,-1.104455,0.765123,9.843688
38.920000,-0.029121,-0.017179,-0.037621,-1.090295,0.820996,9.795736
38.925000,-0.025008,-0.016248,-0.044807,-1.120570,0.781798,9.808434
38.930000,-0.034469,-0.012927,-0.037575,-1.093910,0.736894,9.816014
38.935000,-0.031484,-0.012660,-0.036067,-1.126236,0.792377,9.792740
38.940000,-0.028329,-0.015781,-0.039316,-1.158904,0.781848,9.789380
38.945000,-0.032857,-0.016556,-0.039175,-1.154581,0.812540,9.821478
38.950000,-0.035387,-0.017848,-0.041435,-1.110744,0.736286,9.702345
38.955000,-0.034993,-0.017146,-0.036405,-1.144706,0.764163,9.847385
38.960000,-0.027206,-0.018196,-0.042416,-1.121570,0.747987,9.793410
38.965000,-0.032637,-0.014054,-0.032194,-1.109002,0.735813,9.781149
38.970000,-0.033444,-0.015994,-0.039361,-1.119210,0.794696,9.798798
38.975000,-0.036265,-0.021839,-0.039201,-1.144133,0.780764,9.819934
38.980000,-0.033866,-0.014075,-0.037587,-1.114552,0.806569,9.763325
38.985000,-0.032956,-0.017673,-0.033039,-1.134591,0.790210,9.844668
38.990000,-0.027172,-0.014866,-0.039856,-1.090504,0.731614,9.790750
38.995000,-0.032435,-0.014825,-0.042122,-1.098808,0.758511,9.884790
39.000000,-0.033207,-0.014352,-0.036938,-1.112572,0.768317,9.802530
39.005000,-0.032334,-0.016694,-0.042844,-1.074127,0.746751,9.811743
39.010000,-0.035499,-0.015783,-0.040399,-1.144526,0.796532,9.768981
39.015000,-0.033415,-0.018348,-0.036011,-1.116067,0.739599,9.800556
39.020000,-0.030518,-0.014008,-0.037782,-1.115977,0.840388,9.809104
39.025000,-0.033472,-0.012817,-0.033650,-1.095737,0.807942,9.791814
39.030000,-0.039744,-0.014275,-0.035575,-1.134225,0.744261,9.774917
39.035000,-0.034541,-0.012356,-0.037715,-1.148463,0.790375,9.828641
39.040000,-0.039928,-0.016726,-0.042104,-1.145637,0.739249,9.850993
39.045000,-0.035075,-0.014895,-0.041069,-1.075074,0.795743,9.789014
39.050000,-0.034152,-0.018531,-0.039017,-1.122601,0.765269,9.813178
39.055000,-0.036247,-0.013000,-0.035712,-1.139932,0.750513,9.786897
39.060000,-0.033837,-0.018822,-0.038191,-1.082751,0.782001,9.798934
39.065000,-0.038496,-0.016077,-0.037857,-1.180727,0.746479,9.872410
39.070000,-0.039360,-0.015874,-0.037440,-1.156002,0.761129,9.831531
39.075000,-0.042686,-0.023460,-0.033165,-1.109689,0.741808,9.830149
39.080000,-0.035318,-0.019817,-0.038690,-1.159764,0.731419,9.808203
39.085000,-0.033185,-0.019102,-0.036632,-1.078224,0.731375,9.800119
39.090000,-0.041930,-0.019195,-0.040914,-1.132480,0.747889,9.783264
39.095000,-0.041108,-0.018182,-0.035544,-1.048378,0.775371,9.745617
39.100000,-0.044012,-0.019301,-0.037952,-1.083543,0.717113,9.808284
39.105000,-0.041100,-0.024431,-0.032579,-1.135869,0.750873,9.832068
39.110000,-0.041196,-0.012520,-0.030794,-1.100408,0.772361,9.805319
39.115000,-0.039010,-0.020469,-0.036221,-1.069000,0.776768,9.811969
39.120000,-0.037835,-0.019214,-0.038766,-1.109928,0.688478,9.794257
39.125000,-0.036075,-0.023112,-0.037345,-1.138593,0.716109,9.806668
39.130000,-0.040229,-0.018228,-0.033623,-1.153486,0.739729,9.804295
39.135000,-0.040125,-0.021074,-0.033651,-1.176544,0.696605,9.784575
39.140000,-0.039254,-0.019492,-0.034755,-1.096758,0.745638,9.811123
39.145000,-0.045095,-0.016908,-0.042996,-1.137673,0.735868,9.866820
39.150000,-0.036853,-0.021109,-0.039484,-1.133976,0.704143,9.769521
39.155000,-0.040652,-0.019896,-0.033918,-1.085907,0.727197,9.829279
39.160000,-0.046273,-0.015694,-0.042279,-1.094086,0.742008,9.709443
39.165000,-0.040741,-0.012212,-0.033924,-1.159860,0.729662,9.747055
39.170000,-0.044136,-0.025286,-0.037240,-1.120556,0.684332,9.803458
39.175000,-0.041972,-0.017432,-0.038214,-1.172751,0.726138,9.768717
39.180000,-0.045327,-0.023493,-0.029229,-1.141968,0.694246,9.792546
39.185000,-0.039640,-0.018844,-0.032017,-1.113116,0.720553,9.818089
39.190000,-0.044574,-0.021962,-0.030676,-1.142747,0.724178,9.757976
39.195000,-0.040261,-0.025545,-0.036188,-1.105666,0.733578,9.824194
39.200000,-0.041449,-0.018728,-0.035253,-1.144629,0.737965,9.777008
39.205000,-0.042147,-0.023273,-0.034343,-1.113995,0.684056,9.785733
39.210000,-0.047387,-0.021575,-0.036957,-1.086171,0.686845,9.801586
39.215000,-0.039156,-0.023107,-0.040983,-1.086564,0.714873,9.780582
39.220000,-0.042374,-0.022113,-0.033376,-1.090850,0.690146,9.763682
39.225000,-0.044203,-0.021654,-0.033128,-1.183916,0.746404,9.765964
39.230000,-0.043406,-0.026039,-0.035102,-1.121409,0.714684,9.761554
39.235000,-0.046441,-0.022600,-0.034032,-1.096098,0.732533,9.766620
39.240000,-0.043589,-0.023280,-0.038116,-1.102273,0.719469,9.751160
39.245000,-0.039116,-0.017496,-0.033655,-1.129474,0.686404,9.816789
39.250000,-0.045783,-0.024043,-0.035640,-1.106625,0.735892,9.773892
39.255000,-0.047704,-0.019019,-0.034349,-1.144202,0.709230,9.832956
39.260000,-0.045099,-0.018856,-0.034257,-1.091350,0.716076,9.827395
39.265000,-0.045057,-0.025054,-0.036209,-1.116202,0.675702,9.855797
39.270000,-0.044918,-0.025988,-0.034406,-1.164500,0.674791,9.769355
39.275000,-0.046507,-0.022311,-0.034878,-1.175105,0.740120,9.837018
39.280000,-0.046276,-0.020975,-0.035833,-1.098448,0.644435,9.748297
39.285000,-0.045577,-0.027596,-0.033438,-1.156632,0.726651,9.800071
39.290000,-0.045873,-0.021003,-0.036449,-1.160201,0.680218,9.821968
39.295000,-0.046906,-0.022330,-0.032669,-1.122608,0.680910,9.826983
39.300000,-0.045547,-0.021175,-0.035187,-1.117258,0.673699,9.806567
39.305000,-0.045315,-0.025635,-0.034831,-1.084778,0.665404,9.814277
39.310000,-0.045826,-0.021931,-0.032378,-1.110305,0.700268,9.744380
39.315000,-0.047941,-0.027814,-0.033479,-1.165105,0.669046,9.823727
39.320000,-0.046343,-0.021327,-0.038774,-1.138872,0.668809,9.772867
39.325000,-0.044122,-0.026339,-0.032777,-1.119517,0.686994,9.781674
39.330000,-0.047325,-0.020154,-0.033491,-1.150960,0.675098,9.784975
39.335000,-0.046507,-0.021977,-0.044441,-1.139602,0.682505,9.828108
39.340000,-0.046498,-0.020347,-0.036165,-1.099303,0.676638,9.800559
39.345000,-0.051045,-0.023233,-0.036265,-1.126835,0.666031,9.789412
39.350000,-0.053463,-0.023922,-0.033559,-1.103431,0.678416,9.809025
39.355000,-0.050998,-0.022957,-0.038017,-1.127752,0.637162,9.796455
39.360000,-0.047836,-0.023271,-0.031610,-1.089959,0.615477,9.819997
39.365000,-0.052441,-0.022711,-0.036559,-1.127128,0.658398,9.800649
39.370000,-0.053247,-0.027398,-0.036391,-1.157639,0.626044,9.800432
39.375000,-0.050826,-0.028280,-0.034374,-1.116950,0.676087,9.798872
39.380000,-0.050805,-0.028313,-0.033758,-1.103209,0.613891,9.774241
39.385000,-0.051235,-0.022079,-0.036627,-1.126994,0.639257,9.808776
39.390000,-0.044062,-0.025941,-0.032452,-1.139666,0.598614,9.831130
39.395000,-0.055020,-0.026858,-0.035615,-1.097952,0.692292,9.823539
39.400000,-0.051233,-0.021329,-0.032240,-1.144593,0.640640,9.847834
39.405000,-0.055186,-0.029648,-0.035492,-1.158377,0.631144,9.813004
39.410000,-0.052583,-0.025240,-0.035770,-1.171497,0.656699,9.826395
39.415000,-0.048622,-0.023126,-0.035725,-1.080641,0.663210,9.795571
39.420000,-0.047465,-0.025309,-0.028386,-1.096836,0.604229,9.763021
39.425000,-0.047392,-0.028844,-0.039362,-1.117543,0.547181,9.771602
39.430000,-0.051301,-0.021360,-0.043369,-1.120139,0.607541,9.796181
39.435000,-0.048275,-0.026261,-0.034530,-1.117509,0.641115,9.798370
39.440000,-0.043286,-0.026782,-0.038783,-1.113892,0.641840,9.777478
39.445000,-0.049104,-0.024773,-0.031672,-1.160968,0.638627,9.806591
39.450000,-0.054624,-0.031681,-0.036719,-1.128301,0.607794,9.822031
39.455000,-0.056145,-0.027529,-0.036049,-1.110012,0.622228,9.838901
39.460000,-0.053086,-0.027708,-0.036686,-1.181800,0.614764,9.823443
39.465000,-0.053447,-0.026458,-0.032185,-1.080351,0.643438,9.772181
39.470000,-0.047247,-0.023158,-0.036122,-1.118700,0.609920,9.791506
39.475000,-0.053759,-0.029668,-0.037271,-1.094153,0.576399,9.737353
39.480000,-0.052821,-0.026251,-0.032726,-1.103391,0.562096,9.825815
39.485000,-0.050664,-0.030365,-0.034367,-1.143635,0.614812,9.755422
39.490000,-0.052477,-0.025503,-0.036630,-1.119418,0.554797,9.810299
39.495000,-0.056158,-0.029076,-0.037560,-1.180889,0.607801,9.826650
39.500000,-0.051531,-0.026329,-0.033444,-1.136252,0.593497,9.809706
39.505000,-0.052353,-0.025803,-0.034091,-1.093941,0.631798,9.827151
39.510000,-0.055609,-0.025251,-0.032329,-1.172006,0.563305,9.825376
39.515000,-0.055288,-0.025458,-0.033115,-1.103708,0.592367,9.791222
39.520000,-0.054832,-0.031962,-0.036850,-1.113048,0.608474,9.826851
39.525000,-0.052688,-0.031263,-0.030563,-1.080210,0.619974,9.830826
39.530000,-0.056489,-0.027927,-0.031419,-1.113554,0.606170,9.776687
39.535000,-0.053628,-0.029255,-0.035811,-1.116585,0.624434,9.848599
39.540000,-0.058425,-0.028426,-0.033822,-1.139774,0.667095,9.808903
39.545000,-0.059043,-0.020956,-0.033968,-1.087245,0.563770,9.886153
39.550000,-0.064022,-0.029227,-0.038997,-1.171438,0.598746,9.784612
39.555000,-0.051030,-0.022787,-0.033277,-1.144518,0.572147,9.794546
39.560000,-0.055070,-0.031538,-0.031923,-1.132744,0.535132,9.809455
39.565000,-0.054174,-0.031608,-0.033783,-1.149199,0.560045,9.855053
39.570000,-0.055926,-0.030117,-0.033188,-1.123407,0.571376,9.870104
39.575000,-0.055363,-0.032782,-0.033878,-1.115717,0.549378,9.810544
39.580000,-0.057309,-0.030162,-0.034038,-1.133490,0.523587,9.747140
39.585000,-0.059028,-0.029023,-0.034507,-1.104598,0.580022,9.734641
39.590000,-0.057631,-0.025454,-0.026861,-1.170469,0.574278,9.815849
39.595000,-0.065834,-0.030518,-0.032588,-1.120967,0.536781,9.826790
39.600000,-0.051569,-0.026834,-0.036975,-1.074803,0.559588,9.822268
39.605000,-0.063520,-0.027408,-0.034237,-1.119647,0.537820,9.830632
39.610000,-0.060576,-0.033557,-0.036751,-1.112558,0.559513,9.772924
39.615000,-0.061065,-0.030314,-0.034713,-1.075371,0.562276,9.764898
39.620000,-0.060209,-0.027993,-0.042401,-1.095863,0.597846,9.839381
39.625000,-0.058052,-0.028436,-0.037623,-1.134703,0.537988,9.816172
39.630000,-0.061702,-0.025824,-0.037031,-1.099451,0.530508,9.836995
39.635000,-0.065693,-0.027727,-0.034360,-1.104058,0.497726,9.868367
39.640000,-0.062293,-0.032554,-0.027359,-1.155426,0.512432,9.792234
39.645000,-0.060961,-0.030718,-0.038131,-1.090259,0.580501,9.784068
39.650000,-0.065548,-0.032537,-0.034065,-1.125469,0.477230,9.807828
39.655000,-0.061473,-0.030752,-0.031418,-1.072923,0.472148,9.800393
39.660000,-0.062075,-0.029317,-0.039358,-1.109119,0.529953,9.838988
39.665000,-0.058935,-0.028013,-0.032204,-1.111487,0.512013,9.796096
39.670000,-0.057715,-0.032426,-0.032165,-1.106221,0.487150,9.858129
39.675000,-0.056304,-0.025757,-0.041387,-1.093894,0.528352,9.843144
39.680000,-0.061062,-0.032135,-0.028569,-1.139817,0.514807,9.807853
39.685000,-0.060704,-0.028521,-0.031967,-1.099618,0.511319,9.820679
39.690000,-0.063604,-0.035313,-0.037874,-1.109475,0.498407,9.795144
39.695000,-0.054461,-0.031877,-0.032850,-1.112752,0.478011,9.832199
39.700000,-0.066313,-0.030707,-0.030747,-1.070124,0.479839,9.768952
39.705000,-0.060103,-0.028969,-0.031563,-1.128846,0.519615,9.773507
39.710000,-0.060511,-0.031583,-0.035876,-1.154009,0.526659,9.797119
39.715000,-0.058747,-0.031310,-0.036703,-1.092767,0.524244,9.807227
39.720000,-0.058382,-0.030533,-0.035728,-1.085663,0.516391,9.825945
39.725000,-0.057578,-0.032827,-0.034116,-1.101386,0.502810,9.844391
39.730000,-0.058491,-0.032907,-0.028650,-1.117981,0.436264,9.811950
39.735000,-0.062955,-0.027935,-0.029849,-1.104760,0.501074,9.860417
39.740000,-0.060209,-0.035923,-0.034428,-1.084725,0.518679,9.840588
39.745000,-0.055783,-0.036248,-0.035475,-1.099978,0.453965,9.766394
39.750000,-0.061013,-0.028432,-0.036600,-1.109112,0.472964,9.831139
39.755000,-0.054779,-0.030544,-0.029783,-1.071207,0.431388,9.789541
39.760000,-0.057099,-0.035200,-0.035840,-1.117514,0.468265,9.763076
39.765000,-0.062217,-0.035032,-0.033566,-1.120028,0.471385,9.857181
39.770000,-0.062650,-0.035428,-0.032032,-1.104421,0.426755,9.805044
39.775000,-0.060285,-0.029319,-0.036638,-1.054451,0.429885,9.848413
39.780000,-0.063023,-0.035339,-0.035813,-1.062081,0.435434,9.839597
39.785000,-0.062723,-0.032906,-0.036826,-1.106450,0.462035,9.801807
39.790000,-0.062878,-0.031734,-0.032118,-1.081501,0.522464,9.840285
39.795000,-0.054894,-0.029684,-0.026691,-1.106140,0.458239,9.823426
39.800000,-0.059614,-0.027062,-0.034454,-1.114994,0.456360,9.807588
39.805000,-0.064601,-0.031559,-0.033124,-1.069559,0.494908,9.792951
39.810000,-0.066178,-0.030798,-0.031757,-1.114016,0.430754,9.800038
39.815000,-0.064347,-0.030196,-0.041172,-1.051058,0.428571,9.805843
39.820000,-0.069509,-0.031139,-0.040509,-1.097949,0.440300,9.811904
39.825000,-0.062922,-0.034397,-0.034905,-1.113370,0.443821,9.846979
39.830000,-0.061337,-0.033050,-0.029962,-1.103478,0.461338,9.768855
39.835000,-0.059697,-0.029938,-0.033423,-1.067527,0.446434,9.810024
39.840000,-0.070218,-0.027964,-0.034439,-1.128765,0.425105,9.815420
39.845000,-0.062791,-0.039958,-0.037698,-1.111117,0.435272,9.820310
39.850000,-0.069446,-0.033069,-0.034990,-1.093055,0.421581,9.866611
39.855000,-0.061433,-0.034869,-0.035257,-1.078257,0.396162,9.810346
39.860000,-0.063831,-0.037431,-0.027061,-1.072295,0.450882,9.758799
39.865000,-0.066052,-0.036633,-0.033655,-1.109923,0.419538,9.837500
39.870000,-0.059769,-0.034271,-0.033729,-1.112430,0.410762,9.854122
39.875000,-0.065358,-0.037534,-0.034205,-1.095695,0.387516,9.759252
39.880000,-0.067443,-0.039639,-0.029031,-1.054189,0.406220,9.748421
39.885000,-0.063946,-0.034596,-0.032835,-1.079846,0.473995,9.835035
39.890000,-0.067513,-0.036209,-0.031456,-1.078698,0.433676,9.807251
39.895000,-0.068036,-0.036871,-0.031061,-1.045824,0.426210,9.818174
39.900000,-0.062831,-0.033175,-0.036892,-1.053725,0.464055,9.818463
39.905000,-0.069669,-0.034854,-0.036963,-1.087076,0.352235,9.816067
39.910000,-0.066540,-0.035706,-0.033400,-1.080643,0.408359,9.873312
39.915000,-0.068489,-0.035681,-0.032676,-1.075624,0.358518,9.794214
39.920000,-0.061887,-0.035888,-0.032232,-1.072983,0.418326,9.849101
39.925000,-0.069902,-0.034358,-0.035132,-1.034180,0.417978,9.840610
39.930000,-0.063459,-0.039523,-0.031924,-1.131072,0.436731,9.819709
39.935000,-0.063961,-0.031920,-0.034808,-1.067688,0.349082,9.817594
39.940000,-0.069469,-0.035363,-0.030037,-1.079295,0.349965,9.791845
39.945000,-0.071425,-0.034235,-0.034504,-1.089883,0.371821,9.805653
39.950000,-0.067683,-0.034305,-0.038302,-1.002783,0.359995,9.767593
39.955000,-0.064909,-0.029967,-0.033366,-1.083263,0.347673,9.829061
39.960000,-0.061360,-0.032848,-0.034018,-1.072011,0.405218,9.787062
39.965000,-0.067528,-0.038057,-0.033773,-1.076729,0.362391,9.807474
39.970000,-0.070826,-0.041016,-0.029252,-1.064816,0.362429,9.871088
39.975000,-0.066650,-0.031094,-0.030039,-1.001428,0.322696,9.892940
39.980000,-0.067408,-0.039117,-0.029057,-1.021542,0.354154,9.848099
39.985000,-0.069737,-0.038953,-0.034384,-1.057083,0.287815,9.872968
39.990000,-0.068995,-0.035846,-0.031611,-1.045757,0.328331,9.841060
39.995000,-0.067066,-0.036331,-0.033886,-1.024949,0.351352,9.851941
40.000000,-0.066194,-0.037651,-0.041823,-1.104399,0.378142,9.810605
40.005000,-0.060386,-0.038634,-0.032269,-1.065773,0.378465,9.826885
40.010000,-0.068254,-0.040622,-0.029204,-1.084591,0.360999,9.879530
40.015000,-0.067299,-0.039451,-0.033943,-1.094007,0.309464,9.840936
40.020000,-0.060853,-0.035334,-0.036459,-1.037819,0.326880,9.816065
40.025000,-0.068362,-0.039608,-0.030774,-1.061678,0.290102,9.894179
40.030000,-0.068291,-0.036757,-0.027142,-1.060538,0.318510,9.848851
40.035000,-0.068579,-0.035229,-0.035785,-1.088988,0.276853,9.815325
40.040000,-0.070011,-0.035188,-0.033093,-1.061333,0.296441,9.835234
40.045000,-0.069609,-0.043954,-0.030021,-1.108578,0.368199,9.824499
40.050000,-0.064303,-0.033861,-0.032671,-1.098239,0.266062,9.842575
40.055000,-0.072383,-0.035365,-0.035803,-1.054720,0.329252,9.812916
40.060000,-0.066381,-0.032320,-0.036320,-1.049533,0.283607,9.783263
40.065000,-0.063762,-0.042049,-0.029363,-1.073195,0.273194,9.808767
40.070000,-0.066066,-0.038535,-0.034004,-1.052777,0.228325,9.879386
40.075000,-0.070559,-0.034459,-0.038877,-1.089143,0.299077,9.844950
40.080000,-0.067037,-0.036629,-0.032495,-1.031292,0.340216,9.858719
40.085000,-0.072265,-0.036081,-0.032594,-1.003530,0.255919,9.831282
40.090000,-0.068777,-0.033212,-0.033056,-1.067930,0.243584,9.809827
40.095000,-0.075454,-0.033998,-0.030505,-1.059032,0.266098,9.866429
40.100000,-0.071765,-0.036637,-0.035303,-1.040031,0.241623,9.860318
40.105000,-0.072820,-0.035124,-0.030638,-1.005784,0.226333,9.839826
40.110000,-0.070103,-0.036525,-0.031293,-1.058875,0.305040,9.813530
40.115000,-0.068113,-0.038211,-0.034316,-1.068035,0.277993,9.840460
40.120000,-0.069817,-0.041742,-0.033561,-1.063508,0.244127,9.878206
40.125000,-0.072051,-0.044730,-0.032876,-1.063155,0.282223,9.823275
40.130000,-0.070936,-0.035765,-0.039406,-1.037438,0.238387,9.807959
40.135000,-0.071613,-0.038705,-0.036675,-1.046485,0.226228,9.834808
40.140000,-0.068446,-0.038143,-0.028264,-1.014446,0.270562,9.811740
40.145000,-0.070586,-0.043729,-0.035778,-1.105904,0.310275,9.809322
40.150000,-0.073050,-0.033937,-0.029445,-1.050724,0.244873,9.879463
40.155000,-0.066994,-0.043213,-0.034923,-1.015396,0.234361,9.857880
40.160000,-0.069775,-0.041813,-0.031358,-1.041470,0.196057,9.813695
40.165000,-0.064451,-0.040771,-0.033570,-1.089764,0.245947,9.858497
40.170000,-0.069296,-0.034956,-0.031741,-0.991862,0.193060,9.834138
40.175000,-0.066757,-0.041633,-0.032132,-1.026257,0.250498,9.850321
40.180000,-0.073979,-0.041231,-0.039491,-1.071919,0.230230,9.873704
40.185000,-0.073388,-0.037014,-0.031484,-1.024332,0.205926,9.806663
40.190000,-0.072808,-0.034804,-0.037609,-1.019685,0.212292,9.822610
40.195000,-0.072303,-0.038481,-0.034522,-1.048139,0.277514,9.840403
40.200000,-0.068727,-0.036314,-0.029992,-1.065845,0.185112,9.840713
40.205000,-0.069718,-0.043706,-0.036564,-1.048779,0.249717,9.849564
40.210000,-0.063999,-0.043590,-0.031449,-1.021950,0.181336,9.790311
40.215000,-0.065797,-0.043076,-0.036147,-1.033036,0.213963,9.810644
40.220000,-0.068654,-0.047324,-0.033131,-1.069461,0.256855,9.816641
40.225000,-0.066876,-0.041101,-0.033140,-1.002733,0.177823,9.841980
40.230000,-0.075187,-0.037165,-0.033644,-1.069153,0.192727,9.828325
40.235000,-0.070997,-0.035320,-0.035105,-0.955989,0.172985,9.877819
40.240000,-0.065004,-0.041198,-0.030147,-0.995440,0.186069,9.859855
40.245000,-0.067871,-0.041565,-0.034141,-1.016138,0.164817,9.826750
40.250000,-0.070681,-0.038446,-0.029226,-1.034807,0.196735,9.815179
40.255000,-0.067894,-0.040936,-0.029433,-0.994795,0.166075,9.857825
40.260000,-0.066525,-0.040544,-0.027985,-0.964753,0.208446,9.897393
40.265000,-0.067237,-0.038828,-0.035975,-0.996608,0.177828,9.859468
40.270000,-0.068234,-0.040164,-0.027290,-1.008918,0.169080,9.866663
40.275000,-0.069323,-0.040425,-0.031082,-1.001781,0.121849,9.932124
40.280000,-0.067507,-0.044683,-0.038276,-0.969058,0.224758,9.835811
40.285000,-0.066196,-0.040270,-0.035711,-1.031080,0.189813,9.853321
40.290000,-0.067354,-0.047022,-0.027675,-0.992703,0.086832,9.782991
40.295000,-0.075388,-0.045127,-0.033784,-1.031481,0.152951,9.847405
40.300000,-0.068662,-0.031435,-0.025754,-0.986691,0.132309,9.825958
40.305000,-0.068284,-0.043427,-0.030976,-0.984648,0.215411,9.918214
40.310000,-0.069084,-0.042101,-0.034335,-1.024141,0.154035,9.831260
40.315000,-0.071560,-0.040965,-0.030926,-1.032571,0.141210,9.872510
40.320000,-0.070754,-0.041420,-0.030573,-0.976794,0.104842,9.873626
40.325000,-0.067607,-0.042307,-0.029551,-0.947936,0.113001,9.854257
40.330000,-0.076236,-0.038251,-0.030833,-0.960898,0.163888,9.830614
40.335000,-0.073972,-0.040987,-0.036262,-0.990139,0.154715,9.848224
40.340000,-0.068204,-0.043368,-0.035602,-0.956417,0.107580,9.841657
40.345000,-0.073958,-0.044593,-0.034767,-0.963484,0.213501,9.857449
40.350000,-0.068210,-0.041992,-0.032851,-0.970800,0.131667,9.797792
40.355000,-0.066688,-0.042230,-0.032887,-1.029398,0.130833,9.837210
40.360000,-0.071134,-0.042737,-0.035871,-0.934099,0.150663,9.833172
40.365000,-0.073080,-0.043240,-0.023193,-1.024387,0.166526,9.814673
40.370000,-0.068612,-0.037721,-0.026520,-1.000950,0.149857,9.845731
40.375000,-0.068767,-0.037884,-0.031049,-1.014525,0.076921,9.851079
40.380000,-0.073567,-0.042222,-0.038308,-0.974213,0.119361,9.909421
40.385000,-0.069903,-0.038327,-0.033752,-1.001996,0.148530,9.841709
40.390000,-0.072040,-0.040636,-0.033762,-0.993439,0.151726,9.782282
40.395000,-0.069831,-0.046603,-0.027546,-1.003415,0.122457,9.832595
40.400000,-0.068174,-0.044360,-0.030170,-0.960343,0.046746,9.803513
40.405000,-0.062897,-0.046894,-0.034225,-0.999933,0.100365,9.869884
40.410000,-0.069446,-0.042292,-0.028261,-0.994798,0.079897,9.834473
40.415000,-0.073763,-0.045032,-0.032986,-0.961606,0.080294,9.856062
40.420000,-0.074047,-0.046313,-0.034370,-0.970961,0.052199,9.847072
40.425000,-0.071612,-0.046331,-0.028738,-0.969410,0.112348,9.879926
40.430000,-0.074277,-0.042386,-0.032592,-0.998622,0.053490,9.804944
40.435000,-0.070165,-0.043170,-0.032678,-0.987444,0.073034,9.840253
40.440000,-0.067142,-0.045783,-0.035641,-0.974937,0.104112,9.789787
40.445000,-0.074727,-0.041819,-0.034525,-0.952160,0.050677,9.788653
40.450000,-0.075577,-0.049229,-0.037665,-0.997772,0.098907,9.834766
40.455000,-0.071876,-0.047726,-0.031523,-0.964984,0.065616,9.808005
40.460000,-0.071006,-0.038664,-0.035825,-0.917527,0.058971,9.870148
40.465000,-0.067329,-0.044876,-0.029692,-0.962895,0.072523,9.892796
40.470000,-0.069072,-0.046105,-0.031128,-0.986388,0.055209,9.839717
40.475000,-0.069819,-0.044842,-0.026406,-0.988335,0.009938,9.863300
40.480000,-0.072275,-0.040525,-0.041966,-0.941719,0.041492,9.800326
40.485000,-0.067852,-0.044669,-0.030584,-0.933933,0.040572,9.789767
40.490000,-0.070406,-0.045661,-0.031734,-0.997049,-0.004881,9.888552
40.495000,-0.069478,-0.045955,-0.029051,-0.966576,0.007996,9.814418
40.500000,-0.068260,-0.046816,-0.031212,-0.949745,0.066569,9.805868
40.505000,-0.070125,-0.044010,-0.030454,-0.900902,0.007312,9.858415
40.510000,-0.071629,-0.040175,-0.029594,-0.951113,0.009542,9.886493
40.515000,-0.072101,-0.044467,-0.036750,-0.939101,0.001750,9.866520
40.520000,-0.069862,-0.039833,-0.028221,-0.960963,-0.001641,9.816119
40.525000,-0.067815,-0.048521,-0.032616,-0.975819,0.019680,9.852376
40.530000,-0.070553,-0.049455,-0.034848,-0.933862,0.039360,9.883945
40.535000,-0.077433,-0.043397,-0.032968,-0.941610,-0.006081,9.870844
40.540000,-0.070639,-0.042000,-0.036462,-0.878152,-0.038727,9.863283
40.545000,-0.073433,-0.045190,-0.037095,-0.925401,0.041284,9.788604
40.550000,-0.073015,-0.046449,-0.032846,-0.931900,-0.013600,9.840538
40.555000,-0.070878,-0.047566,-0.036289,-0.942993,0.042606,9.910068
40.560000,-0.069409,-0.046677,-0.030169,-0.934027,-0.005544,9.859531
40.565000,-0.071329,-0.047252,-0.027355,-1.025334,-0.021294,9.839568
40.570000,-0.064777,-0.046653,-0.025351,-0.914352,-0.003828,9.850996
40.575000,-0.069664,-0.044196,-0.032003,-0.971963,0.006412,9.783721
40.580000,-0.078451,-0.048529,-0.034348,-0.887920,-0.034811,9.947166
40.585000,-0.070200,-0.047823,-0.035796,-0.956649,0.005707,9.874274
40.590000,-0.067949,-0.047510,-0.037677,-0.962327,-0.035002,9.826978
40.595000,-0.070132,-0.049501,-0.031287,-0.936179,-0.068029,9.829126
40.600000,-0.073267,-0.040331,-0.028333,-0.905988,-0.027601,9.868880
40.605000,-0.068914,-0.049317,-0.034788,-0.904210,-0.100990,9.841875
40.610000,-0.068889,-0.041538,-0.028224,-0.886016,-0.093810,9.841731
40.615000,-0.077301,-0.044035,-0.035481,-0.937042,-0.017331,9.893675
40.620000,-0.071444,-0.044212,-0.028319,-0.897307,-0.036556,9.820873
40.625000,-0.068297,-0.042121,-0.029056,-0.911228,-0.058672,9.832446
40.630000,-0.071092,-0.045241,-0.026452,-0.930366,-0.065034,9.834045
40.635000,-0.071028,-0.046524,-0.042282,-0.932960,-0.015285,9.864836
40.640000,-0.072274,-0.044116,-0.035901,-0.893491,-0.062863,9.837889
40.645000,-0.068599,-0.053546,-0.030470,-0.918935,-0.077730,9.905447
40.650000,-0.074482,-0.040312,-0.030657,-0.883254,-0.058424,9.853938
40.655000,-0.067371,-0.046893,-0.037954,-0.902535,-0.062560,9.858240
40.660000,-0.067523,-0.046672,-0.035521,-0.921106,-0.067058,9.869463
40.665000,-0.075551,-0.050565,-0.029232,-0.944790,-0.076239,9.818090
40.670000,-0.073494,-0.047864,-0.032630,-0.888608,-0.056048,9.857041
40.675000,-0.074075,-0.044201,-0.029286,-0.881323,-0.081523,9.849003
40.680000,-0.067521,-0.043510,-0.030269,-0.887731,-0.033799,9.841393
40.685000,-0.072776,-0.047418,-0.033381,-0.882621,-0.063268,9.903385
40.690000,-0.069279,-0.049979,-0.033803,-0.923050,-0.121234,9.826964
40.695000,-0.072283,-0.050298,-0.035341,-0.933274,-0.152931,9.868943
40.700000,-0.065815,-0.045436,-0.033566,-0.929074,-0.092385,9.803976
40.705000,-0.065691,-0.046915,-0.037887,-0.858154,-0.139578,9.855014
40.710000,-0.066296,-0.044817,-0.031725,-0.947349,-0.074392,9.888062
40.715000,-0.070497,-0.044871,-0.029602,-0.891129,-0.024756,9.866892
40.720000,-0.072565,-0.044735,-0.031493,-0.887965,-0.089695,9.878291
40.725000,-0.070310,-0.046620,-0.036531,-0.867960,-0.092752,9.896375
40.730000,-0.067411,-0.046244,-0.034734,-0.916822,-0.135818,9.885034
40.735000,-0.069081,-0.050870,-0.038418,-0.894315,-0.152579,9.842565
40.740000,-0.073899,-0.047687,-0.030240,-0.906080,-0.085574,9.869855
40.745000,-0.069950,-0.053443,-0.032178,-0.892216,-0.087182,9.853299
40.750000,-0.067008,-0.048004,-0.029349,-0.917640,-0.079802,9.930345
40.755000,-0.068030,-0.049226,-0.035205,-0.919037,-0.055854,9.813788
40.760000,-0.068022,-0.049049,-0.034669,-0.911498,-0.089552,9.831177
40.765000,-0.071076,-0.051331,-0.029230,-0.826505,-0.109259,9.840314
40.770000,-0.073737,-0.044366,-0.030222,-0.807684,-0.148377,9.881207
40.775000,-0.071453,-0.050703,-0.032500,-0.866811,-0.163192,9.863746
40.780000,-0.069235,-0.048386,-0.027431,-0.825515,-0.120578,9.835099
40.785000,-0.067923,-0.046436,-0.030706,-0.883685,-0.128647,9.827993
40.790000,-0.067147,-0.049002,-0.033275,-0.852886,-0.168734,9.877962
40.795000,-0.066911,-0.050675,-0.032751,-0.906543,-0.179925,9.843343
40.800000,-0.069110,-0.045293,-0.029739,-0.878642,-0.153670,9.858810
40.805000,-0.064291,-0.048102,-0.030457,-0.864223,-0.144977,9.858709
40.810000,-0.063342,-0.047835,-0.029104,-0.845539,-0.146837,9.912138
40.815000,-0.064948,-0.045264,-0.027914,-0.900962,-0.149576,9.855412
40.820000,-0.071137,-0.049442,-0.033484,-0.832319,-0.144934,9.836133
40.825000,-0.068956,-0.047432,-0.027610,-0.806970,-0.167406,9.904202
40.830000,-0.073681,-0.049330,-0.029884,-0.801937,-0.173715,9.834062
40.835000,-0.065999,-0.047475,-0.030603,-0.952413,-0.168872,9.857759
40.840000,-0.065406,-0.048647,-0.028846,-0.855467,-0.188780,9.822912
40.845000,-0.072421,-0.052403,-0.033255,-0.875838,-0.161895,9.867526
40.850000,-0.072254,-0.047651,-0.029329,-0.830877,-0.168899,9.910187
40.855000,-0.062944,-0.054700,-0.037616,-0.818023,-0.173555,9.898536
40.860000,-0.071720,-0.049699,-0.031108,-0.867898,-0.184204,9.858866
40.865000,-0.065082,-0.050496,-0.031178,-0.830298,-0.164092,9.799126
40.870000,-0.068105,-0.048256,-0.035074,-0.848573,-0.191752,9.886383
40.875000,-0.068870,-0.050534,-0.030429,-0.895297,-0.183899,9.841867
40.880000,-0.069182,-0.045354,-0.028362,-0.837534,-0.165423,9.887233
40.885000,-0.063092,-0.048060,-0.033217,-0.830615,-0.153715,9.834521
40.890000,-0.066627,-0.050011,-0.031432,-0.820443,-0.192885,9.871017
40.895000,-0.063467,-0.048354,-0.031080,-0.845995,-0.187114,9.874740
40.900000,-0.065815,-0.051085,-0.032994,-0.818884,-0.222879,9.917052
40.905000,-0.068622,-0.049499,-0.029218,-0.816913,-0.226118,9.841138
40.910000,-0.070349,-0.046206,-0.033313,-0.841525,-0.254040,9.835269
40.915000,-0.063628,-0.044733,-0.028530,-0.815059,-0.172435,9.810046
40.920000,-0.066771,-0.044997,-0.028123,-0.800505,-0.208544,9.836719
40.925000,-0.065851,-0.052276,-0.025171,-0.817558,-0.198788,9.811444
40.930000,-0.062164,-0.051310,-0.030642,-0.836695,-0.251564,9.811258
40.935000,-0.063661,-0.049750,-0.031968,-0.864721,-0.267123,9.900052
40.940000,-0.066028,-0.050697,-0.034273,-0.768386,-0.250994,9.858403
40.945000,-0.059510,-0.049713,-0.030683,-0.882525,-0.233226,9.807870
40.950000,-0.067534,-0.052412,-0.030011,-0.865708,-0.264451,9.882064
40.955000,-0.066798,-0.054518,-0.029186,-0.799373,-0.269255,9.879289
40.960000,-0.061975,-0.046246,-0.030100,-0.809705,-0.193318,9.841477
40.965000,-0.061342,-0.055530,-0.032456,-0.799634,-0.186682,9.847393
40.970000,-0.065608,-0.048560,-0.035436,-0.860318,-0.252978,9.838964
40.975000,-0.064067,-0.049102,-0.038208,-0.825236,-0.280234,9.879982
40.980000,-0.064067,-0.050609,-0.034236,-0.834726,-0.285216,9.855547
40.985000,-0.062890,-0.051077,-0.027698,-0.851598,-0.268047,9.878689
40.990000,-0.064910,-0.049559,-0.030413,-0.855775,-0.318215,9.912121
40.995000,-0.061686,-0.047882,-0.030943,-0.785193,-0.306899,9.868715
41.000000,-0.059063,-0.048172,-0.038855,-0.790829,-0.283688,9.860175
41.005000,-0.065324,-0.050666,-0.029520,-0.809873,-0.249135,9.861797
41.010000,-0.059418,-0.053819,-0.029636,-0.850012,-0.274509,9.861274
41.015000,-0.063576,-0.046860,-0.030508,-0.787893,-0.288439,9.850217
41.020000,-0.065365,-0.044956,-0.032625,-0.867276,-0.257973,9.835974
41.025000,-0.069090,-0.050570,-0.029793,-0.816540,-0.249414,9.867945
41.030000,-0.065570,-0.056356,-0.036170,-0.784564,-0.244844,9.879253
41.035000,-0.067410,-0.050476,-0.030210,-0.791434,-0.256924,9.912763
41.040000,-0.063750,-0.053444,-0.036765,-0.752818,-0.260132,9.908652
41.045000,-0.065825,-0.050269,-0.037379,-0.850647,-0.301976,9.865594
41.050000,-0.064370,-0.049493,-0.037728,-0.825058,-0.324474,9.841119
41.055000,-0.064337,-0.048523,-0.027075,-0.843650,-0.306160,9.904375
41.060000,-0.064337,-0.047759,-0.035341,-0.808826,-0.300246,9.888303
41.065000,-0.062394,-0.048858,-0.028222,-0.754854,-0.338665,9.828059
41.070000,-0.062646,-0.051095,-0.030051,-0.753737,-0.312557,9.860637
41.075000,-0.067208,-0.048774,-0.032866,-0.764316,-0.323164,9.837203
41.080000,-0.063690,-0.051568,-0.028992,-0.754036,-0.294846,9.848253
41.085000,-0.065479,-0.056192,-0.033747,-0.770476,-0.351365,9.860494
41.090000,-0.064369,-0.050653,-0.033928,-0.792565,-0.268588,9.877159
41.095000,-0.058959,-0.051201,-0.032740,-0.805948,-0.317915,9.871804
41.100000,-0.064027,-0.053066,-0.028179,-0.750778,-0.370040,9.856024
41.105000,-0.060828,-0.052389,-0.034418,-0.800913,-0.319140,9.879594
41.110000,-0.063534,-0.050673,-0.032735,-0.785385,-0.367122,9.898291
41.115000,-0.063425,-0.052497,-0.034809,-0.775280,-0.331115,9.900694
41.120000,-0.065364,-0.051176,-0.032837,-0.728706,-0.299386,9.902964
41.125000,-0.057970,-0.050254,-0.027787,-0.783463,-0.319153,9.854487
41.130000,-0.061962,-0.053794,-0.031806,-0.716278,-0.379989,9.795101
41.135000,-0.066259,-0.050662,-0.037055,-0.792094,-0.331839,9.881124
41.140000,-0.064359,-0.057049,-0.033847,-0.747750,-0.337422,9.909867
41.145000,-0.062042,-0.053829,-0.034392,-0.791695,-0.381820,9.858135
41.150000,-0.062465,-0.046765,-0.027470,-0.779950,-0.365294,9.877679
41.155000,-0.058088,-0.049181,-0.028496,-0.694358,-0.356264,9.849321
41.160000,-0.059789,-0.057292,-0.034192,-0.743953,-0.303715,9.861157
41.165000,-0.060907,-0.054162,-0.030314,-0.697236,-0.346252,9.868826
41.170000,-0.066984,-0.056970,-0.031395,-0.745036,-0.380995,9.886695
41.175000,-0.057835,-0.053897,-0.026752,-0.771307,-0.353308,9.909446
41.180000,-0.059584,-0.047698,-0.036440,-0.746085,-0.391960,9.880779
41.185000,-0.058980,-0.045835,-0.030426,-0.761156,-0.376178,9.888316
41.190000,-0.060125,-0.049551,-0.029143,-0.688031,-0.411414,9.846637
41.195000,-0.053519,-0.050905,-0.033928,-0.702566,-0.346350,9.874506
41.200000,-0.057405,-0.051760,-0.029924,-0.722954,-0.414256,9.914943
41.205000,-0.062570,-0.049972,-0.026472,-0.754555,-0.392244,9.900866
41.210000,-0.059042,-0.053829,-0.032175,-0.681536,-0.369463,9.891892
41.215000,-0.057021,-0.049330,-0.032691,-0.731504,-0.421169,9.870936
41.220000,-0.055159,-0.049191,-0.032729,-0.756229,-0.371828,9.898102
41.225000,-0.060019,-0.050523,-0.027742,-0.752252,-0.410698,9.902040
41.230000,-0.056146,-0.050913,-0.029891,-0.667258,-0.456850,9.931671
41.235000,-0.055976,-0.050854,-0.035365,-0.710963,-0.424237,9.897978
41.240000,-0.064673,-0.055363,-0.030476,-0.784267,-0.395600,9.876929
41.245000,-0.056263,-0.051590,-0.031758,-0.762579,-0.393353,9.890289
41.250000,-0.058637,-0.049355,-0.031067,-0.660649,-0.344299,9.901009
41.255000,-0.058001,-0.052090,-0.033441,-0.692338,-0.427371,9.878259
41.260000,-0.060119,-0.052829,-0.034717,-0.679244,-0.445458,9.900298
41.265000,-0.059684,-0.052867,-0.031946,-0.797670,-0.411636,9.816290
41.270000,-0.057315,-0.053318,-0.027523,-0.693681,-0.420810,9.838640
41.275000,-0.057259,-0.051731,-0.034333,-0.698142,-0.450869,9.823227
41.280000,-0.051927,-0.058278,-0.033733,-0.645651,-0.471826,9.866493
41.285000,-0.054829,-0.054143,-0.032383,-0.720947,-0.429197,9.906976
41.290000,-0.057860,-0.055941,-0.030189,-0.675014,-0.362193,9.913590
41.295000,-0.056053,-0.054981,-0.032313,-0.638957,-0.406248,9.845528
41.300000,-0.056461,-0.055809,-0.031165,-0.651175,-0.446801,9.907611
41.305000,-0.053858,-0.054834,-0.031651,-0.690915,-0.447716,9.843862
41.310000,-0.053717,-0.053011,-0.028319,-0.709071,-0.460052,9.857311
41.315000,-0.050627,-0.056963,-0.024741,-0.673363,-0.336672,9.876324
41.320000,-0.053825,-0.050271,-0.030998,-0.628338,-0.481885,9.866877
41.325000,-0.053694,-0.049415,-0.033567,-0.702967,-0.460318,9.842711
41.330000,-0.058240,-0.053713,-0.027479,-0.697717,-0.446806,9.856667
41.335000,-0.053775,-0.050423,-0.027287,-0.708357,-0.480130,9.861860
41.340000,-0.049801,-0.055415,-0.029931,-0.688036,-0.467401,9.829635
41.345000,-0.053993,-0.055010,-0.032486,-0.682921,-0.526507,9.869299
41.350000,-0.057022,-0.057479,-0.031430,-0.694012,-0.486782,9.844696
41.355000,-0.053972,-0.051493,-0.029949,-0.661848,-0.479154,9.865946
41.360000,-0.055171,-0.053290,-0.028268,-0.633225,-0.480136,9.872988
41.365000,-0.056577,-0.051419,-0.027383,-0.685287,-0.451068,9.907195
41.370000,-0.051930,-0.051011,-0.028416,-0.695369,-0.462504,9.837421
41.375000,-0.052887,-0.053120,-0.030338,-0.681376,-0.503530,9.827185
41.380000,-0.054066,-0.053326,-0.028671,-0.650385,-0.511179,9.858472
41.385000,-0.054095,-0.052885,-0.036255,-0.646689,-0.440087,9.900526
41.390000,-0.045954,-0.055879,-0.031172,-0.605028,-0.437362,9.850464
41.395000,-0.052045,-0.051469,-0.032953,-0.599080,-0.467180,9.859471
41.400000,-0.056623,-0.048862,-0.030526,-0.682349,-0.494696,9.847778
41.405000,-0.048574,-0.054963,-0.028558,-0.662205,-0.460064,9.876825
41.410000,-0.056797,-0.052605,-0.028336,-0.660334,-0.475440,9.870583
41.415000,-0.055734,-0.049574,-0.033115,-0.641700,-0.531759,9.916904
41.420000,-0.054705,-0.057834,-0.024554,-0.627044,-0.498253,9.902302
41.425000,-0.053513,-0.051101,-0.031641,-0.656531,-0.476895,9.903702
41.430000,-0.048325,-0.051335,-0.029397,-0.637152,-0.524744,9.860424
41.435000,-0.053778,-0.054166,-0.029055,-0.666384,-0.532296,9.869046
41.440000,-0.048973,-0.054805,-0.032078,-0.653549,-0.519251,9.870358
41.445000,-0.049607,-0.055516,-0.028523,-0.615698,-0.527002,9.847080
41.450000,-0.049963,-0.049103,-0.033625,-0.640754,-0.580435,9.849655
41.455000,-0.046157,-0.054434,-0.029672,-0.665434,-0.517333,9.837983
41.460000,-0.050977,-0.053693,-0.033866,-0.650890,-0.527757,9.849859
41.465000,-0.050131,-0.058206,-0.025651,-0.614110,-0.535401,9.893730
41.470000,-0.046774,-0.057433,-0.024268,-0.657621,-0.534820,9.891162
41.475000,-0.051918,-0.050747,-0.033824,-0.628733,-0.527008,9.919427
41.480000,-0.046442,-0.060766,-0.028096,-0.653534,-0.508708,9.825657
41.485000,-0.054163,-0.056433,-0.029543,-0.676129,-0.481205,9.888281
41.490000,-0.053315,-0.051704,-0.024312,-0.623542,-0.499948,9.870049
41.495000,-0.047454,-0.052660,-0.023075,-0.641066,-0.542086,9.938157
41.500000,-0.057506,-0.053601,-0.035025,-0.599552,-0.518306,9.869676
41.505000,-0.044709,-0.053032,-0.035591,-0.610872,-0.569112,9.898380
41.510000,-0.046178,-0.052910,-0.026069,-0.639022,-0.548094,9.923071
41.515000,-0.051695,-0.058685,-0.030323,-0.618415,-0.515299,9.851173
41.520000,-0.042766,-0.056919,-0.033429,-0.586535,-0.540541,9.873632
41.525000,-0.044460,-0.052982,-0.029943,-0.589179,-0.539557,9.851052
41.530000,-0.046909,-0.054128,-0.029554,-0.537273,-0.523637,9.797247
41.535000,-0.047158,-0.052610,-0.025148,-0.592672,-0.493561,9.849255
41.540000,-0.044072,-0.056573,-0.030298,-0.595319,-0.516410,9.865991
41.545000,-0.042457,-0.052708,-0.031219,-0.613587,-0.519611,9.929462
41.550000,-0.048661,-0.049616,-0.033035,-0.586909,-0.579952,9.893142
41.555000,-0.047596,-0.057975,-0.028610,-0.600258,-0.546418,9.835270
41.560000,-0.044570,-0.052883,-0.029008,-0.572696,-0.586431,9.946081
41.565000,-0.045945,-0.055990,-0.029364,-0.591465,-0.576585,9.899994
41.570000,-0.047136,-0.056592,-0.032259,-0.609651,-0.585057,9.849778
41.575000,-0.045126,-0.057534,-0.027153,-0.630346,-0.549588,9.844591
41.580000,-0.045250,-0.057507,-0.026591,-0.541154,-0.514158,9.881357
41.585000,-0.044407,-0.046782,-0.034506,-0.603788,-0.575211,9.869198
41.590000,-0.037469,-0.058004,-0.030503,-0.578086,-0.641353,9.864525
41.595000,-0.047671,-0.054074,-0.032080,-0.625553,-0.568227,9.825605
41.600000,-0.049065,-0.052557,-0.034454,-0.590526,-0.559951,9.926001
41.605000,-0.041953,-0.056687,-0.033585,-0.605031,-0.587829,9.838619
41.610000,-0.041716,-0.055641,-0.028674,-0.543513,-0.601773,9.879237
41.615000,-0.048195,-0.054870,-0.032760,-0.547883,-0.547691,9.957799
41.620000,-0.039404,-0.056280,-0.027362,-0.519087,-0.575009,9.844181
41.625000,-0.047926,-0.051760,-0.030315,-0.562251,-0.623662,9.889538
41.630000,-0.041144,-0.049090,-0.029722,-0.539635,-0.555528,9.872421
41.635000,-0.044963,-0.052375,-0.031405,-0.558307,-0.648444,9.841153
41.640000,-0.049120,-0.054660,-0.031085,-0.582305,-0.522419,9.826496
41.645000,-0.040202,-0.057601,-0.032439,-0.571882,-0.597325,9.822254
41.650000,-0.047598,-0.048700,-0.033376,-0.569274,-0.592771,9.846454
41.655000,-0.042295,-0.052994,-0.028394,-0.538701,-0.626332,9.906222
41.660000,-0.041464,-0.050960,-0.028341,-0.581720,-0.586529,9.899926
41.665000,-0.040411,-0.056814,-0.031471,-0.526369,-0.614006,9.823359
41.670000,-0.039523,-0.052673,-0.030325,-0.562448,-0.616246,9.888147
41.675000,-0.040280,-0.054684,-0.028367,-0.584435,-0.591821,9.905061
41.680000,-0.041814,-0.050599,-0.032490,-0.552014,-0.670942,9.818065
41.685000,-0.040619,-0.052271,-0.027729,-0.564330,-0.583812,9.860715
41.690000,-0.043705,-0.055383,-0.028265,-0.500514,-0.640357,9.827436
41.695000,-0.038741,-0.051193,-0.028550,-0.529748,-0.633322,9.868910
41.700000,-0.038306,-0.053023,-0.032707,-0.549413,-0.619115,9.858247
41.705000,-0.042155,-0.054031,-0.039299,-0.543093,-0.599336,9.827779
41.710000,-0.042887,-0.047739,-0.029906,-0.515297,-0.642534,9.910215
41.715000,-0.039398,-0.050337,-0.027053,-0.497240,-0.588452,9.884430
41.720000,-0.045656,-0.055185,-0.024532,-0.546515,-0.624985,9.895686
41.725000,-0.037857,-0.062563,-0.023646,-0.478932,-0.694131,9.913423
41.730000,-0.037036,-0.052378,-0.034027,-0.522984,-0.656449,9.834897
41.735000,-0.045014,-0.061201,-0.031318,-0.515224,-0.641115,9.820420
41.740000,-0.039567,-0.056084,-0.033360,-0.504829,-0.651549,9.868109
41.745000,-0.038176,-0.055208,-0.024261,-0.537937,-0.628125,9.847976
41.750000,-0.043345,-0.049649,-0.032835,-0.520954,-0.628970,9.897465
41.755000,-0.036487,-0.054806,-0.028124,-0.534480,-0.582404,9.864741
41.760000,-0.038768,-0.058401,-0.036405,-0.472836,-0.570116,9.892997
41.765000,-0.043300,-0.056131,-0.030063,-0.513560,-0.646872,9.881004
41.770000,-0.040443,-0.057621,-0.026805,-0.491100,-0.687468,9.857026
41.775000,-0.035806,-0.056994,-0.026612,-0.434670,-0.663922,9.837202
41.780000,-0.037403,-0.050609,-0.025488,-0.484337,-0.621801,9.896478
41.785000,-0.040890,-0.053763,-0.030835,-0.482984,-0.661915,9.920344
41.790000,-0.036333,-0.052518,-0.033276,-0.486302,-0.667518,9.884108
41.795000,-0.036784,-0.052896,-0.035552,-0.500186,-0.637307,9.883337
41.800000,-0.030249,-0.058347,-0.026172,-0.495328,-0.693975,9.853731
41.805000,-0.032556,-0.057275,-0.033980,-0.509947,-0.626489,9.811495
41.810000,-0.037799,-0.055475,-0.027479,-0.392177,-0.592090,9.811808
41.815000,-0.035356,-0.054401,-0.024701,-0.474099,-0.661514,9.873382
41.820000,-0.035969,-0.055499,-0.029320,-0.450777,-0.618443,9.863400
41.825000,-0.037074,-0.056191,-0.026923,-0.509010,-0.637646,9.811255
41.830000,-0.032634,-0.052819,-0.028812,-0.456193,-0.625561,9.802369
41.835000,-0.039119,-0.050677,-0.028632,-0.494605,-0.685331,9.848671
41.840000,-0.031563,-0.053337,-0.030177,-0.514837,-0.660779,9.847241
41.845000,-0.032288,-0.052141,-0.028579,-0.483510,-0.702074,9.889785
41.850000,-0.033485,-0.057162,-0.028501,-0.469356,-0.682166,9.883168
41.855000,-0.035756,-0.055578,-0.029726,-0.468416,-0.645382,9.870291
41.860000,-0.034291,-0.051744,-0.029255,-0.410471,-0.700975,9.894095
41.865000,-0.031939,-0.062348,-0.024623,-0.433477,-0.676527,9.853049
41.870000,-0.027831,-0.053177,-0.033773,-0.502009,-0.689115,9.862711
41.875000,-0.030598,-0.052465,-0.033961,-0.396877,-0.605420,9.873003
41.880000,-0.028398,-0.057687,-0.034521,-0.407898,-0.705884,9.856784
41.885000,-0.035857,-0.051913,-0.031956,-0.437771,-0.639751,9.897242
41.890000,-0.033333,-0.049779,-0.029410,-0.456589,-0.694289,9.880435
41.895000,-0.032852,-0.051722,-0.032582,-0.487693,-0.698704,9.885224
41.900000,-0.034673,-0.057682,-0.031779,-0.471776,-0.670160,9.890900
41.905000,-0.027743,-0.056451,-0.029445,-0.415114,-0.704148,9.887410
41.910000,-0.031662,-0.051197,-0.032320,-0.412505,-0.707147,9.895030
41.915000,-0.030628,-0.052194,-0.027589,-0.446802,-0.677294,9.905778
41.920000,-0.027544,-0.053414,-0.030972,-0.467976,-0.716803,9.888324
41.925000,-0.029184,-0.051066,-0.028061,-0.486715,-0.676282,9.846659
41.930000,-0.023454,-0.051562,-0.029346,-0.462893,-0.732700,9.881984
41.935000,-0.030772,-0.056627,-0.031020,-0.415021,-0.767970,9.849012
41.940000,-0.027120,-0.053432,-0.033851,-0.449477,-0.678270,9.893335
41.945000,-0.033917,-0.054432,-0.037089,-0.427517,-0.731838,9.846416
41.950000,-0.031009,-0.053574,-0.032151,-0.463470,-0.717110,9.884521
41.955000,-0.029261,-0.059416,-0.022140,-0.432298,-0.690599,9.888911
41.960000,-0.027440,-0.050780,-0.030762,-0.405598,-0.731640,9.862849
41.965000,-0.027041,-0.055401,-0.033127,-0.453586,-0.698048,9.861797
41.970000,-0.030599,-0.062042,-0.032864,-0.437151,-0.743704,9.924566
41.975000,-0.027363,-0.051060,-0.031365,-0.423237,-0.684987,9.841851
41.980000,-0.028161,-0.055528,-0.023484,-0.428895,-0.764118,9.862586
41.985000,-0.026589,-0.059563,-0.033798,-0.433987,-0.664395,9.863812
41.990000,-0.022181,-0.052460,-0.032705,-0.378499,-0.715789,9.824566
41.995000,-0.033425,-0.053577,-0.035282,-0.363610,-0.729617,9.915093
42.000000,-0.029489,-0.051436,-0.034383,-0.390064,-0.688178,9.873022
42.005000,-0.025013,-0.058746,-0.027764,-0.422324,-0.738114,9.893260
42.010000,-0.022167,-0.053558,-0.025140,-0.403815,-0.756404,9.862280
42.015000,-0.023762,-0.053664,-0.031678,-0.338972,-0.765002,9.891149
42.020000,-0.025043,-0.051835,-0.028822,-0.385067,-0.753942,9.861501
42.025000,-0.022976,-0.053269,-0.033372,-0.349374,-0.708801,9.854547
42.030000,-0.027574,-0.055444,-0.030021,-0.403032,-0.728712,9.858004
42.035000,-0.024768,-0.050039,-0.027624,-0.384486,-0.727292,9.855243
42.040000,-0.022534,-0.057178,-0.029556,-0.384774,-0.777687,9.890180
42.045000,-0.020852,-0.052179,-0.032354,-0.276761,-0.815168,9.867902
42.050000,-0.027074,-0.053659,-0.033595,-0.329194,-0.742344,9.874694
42.055000,-0.022345,-0.057129,-0.027275,-0.426572,-0.715253,9.871437
42.060000,-0.025100,-0.057239,-0.029747,-0.361683,-0.705898,9.858294
42.065000,-0.025045,-0.051000,-0.027988,-0.370793,-0.761662,9.899253
42.070000,-0.022322,-0.055047,-0.028044,-0.405144,-0.696925,9.898093
42.075000,-0.018424,-0.055016,-0.027739,-0.315704,-0.698416,9.897798
42.080000,-0.023188,-0.053896,-0.027288,-0.392041,-0.746699,9.903854
42.085000,-0.020809,-0.054374,-0.035648,-0.345675,-0.724954,9.917512
42.090000,-0.025897,-0.052555,-0.029485,-0.362677,-0.724822,9.859968
42.095000,-0.021388,-0.054665,-0.024969,-0.394620,-0.681557,9.850188
42.100000,-0.022186,-0.056321,-0.029861,-0.364793,-0.730094,9.831132
42.105000,-0.015527,-0.054362,-0.031467,-0.356447,-0.749296,9.833171
42.110000,-0.019962,-0.056510,-0.026846,-0.418193,-0.693116,9.873799
42.115000,-0.022588,-0.056662,-0.029118,-0.371745,-0.717218,9.841853
42.120000,-0.014689,-0.055470,-0.027593,-0.364900,-0.693928,9.923299
42.125000,-0.023352,-0.054633,-0.029417,-0.339708,-0.771205,9.887530
42.130000,-0.019015,-0.052458,-0.030662,-0.367513,-0.744268,9.868868
42.135000,-0.013788,-0.050978,-0.026094,-0.340714,-0.732345,9.896236
42.140000,-0.021253,-0.055010,-0.030175,-0.321083,-0.723169,9.822066
42.145000,-0.019899,-0.062566,-0.023725,-0.319784,-0.746059,9.903562
42.150000,-0.015992,-0.048721,-0.029668,-0.302501,-0.751255,9.856755
42.155000,-0.019845,-0.054882,-0.028451,-0.363898,-0.698158,9.862534
42.160000,-0.017639,-0.058039,-0.025591,-0.330791,-0.717691,9.879936
42.165000,-0.015683,-0.052872,-0.033882,-0.311967,-0.731926,9.897874
42.170000,-0.015277,-0.052707,-0.028312,-0.373237,-0.706488,9.855923
42.175000,-0.019908,-0.056291,-0.026198,-0.262988,-0.736348,9.826933
42.180000,-0.017265,-0.057982,-0.025085,-0.290907,-0.730153,9.854229
42.185000,-0.018408,-0.052318,-0.027183,-0.329650,-0.779472,9.879918
42.190000,-0.016749,-0.054756,-0.025108,-0.327943,-0.781889,9.913656
42.195000,-0.022807,-0.056606,-0.026549,-0.300843,-0.733416,9.868180
42.200000,-0.017039,-0.056924,-0.025656,-0.324824,-0.709593,9.850259
42.205000,-0.019227,-0.056931,-0.032601,-0.345488,-0.773566,9.901213
42.210000,-0.013513,-0.057020,-0.024408,-0.302612,-0.750816,9.850648
42.215000,-0.020741,-0.056557,-0.030530,-0.287436,-0.780808,9.852981
42.220000,-0.011271,-0.050176,-0.026192,-0.290947,-0.771248,9.878897
42.225000,-0.014616,-0.057794,-0.031584,-0.285815,-0.711438,9.856355
42.230000,-0.015477,-0.057551,-0.031164,-0.303356,-0.779176,9.878683
42.235000,-0.011130,-0.053422,-0.028708,-0.290739,-0.735970,9.871104
42.240000,-0.008874,-0.054369,-0.027811,-0.266050,-0.754735,9.900972
42.245000,-0.016056,-0.058010,-0.031183,-0.264178,-0.790210,9.868039
42.250000,-0.013613,-0.050013,-0.026358,-0.292512,-0.725883,9.901404
42.255000,-0.011945,-0.050929,-0.031021,-0.241386,-0.788195,9.874183
42.260000,-0.015869,-0.055710,-0.027726,-0.273647,-0.760602,9.851251
42.265000,-0.010010,-0.054381,-0.026495,-0.296211,-0.777576,9.892542
42.270000,-0.011989,-0.053954,-0.025606,-0.253899,-0.790167,9.893687
42.275000,-0.012423,-0.054614,-0.027814,-0.261950,-0.717720,9.870610
42.280000,-0.013337,-0.058022,-0.023734,-0.262793,-0.752364,9.877786
42.285000,-0.011590,-0.053136,-0.032010,-0.277576,-0.758947,9.801970
42.290000,-0.009124,-0.052477,-0.027434,-0.294386,-0.848719,9.880387
42.295000,-0.010839,-0.056439,-0.031683,-0.274416,-0.728065,9.836780
42.300000,-0.007932,-0.055328,-0.032315,-0.290979,-0.719288,9.881050
42.305000,-0.012881,-0.049762,-0.027458,-0.282573,-0.773256,9.861643
42.310000,-0.004435,-0.055977,-0.029974,-0.247815,-0.735813,9.848216
42.315000,-0.014050,-0.057436,-0.032697,-0.265307,-0.770855,9.880760
42.320000,-0.008061,-0.053337,-0.025397,-0.277832,-0.795243,9.901482
42.325000,-0.010922,-0.054314,-0.026968,-0.260106,-0.727333,9.874392
42.330000,-0.003273,-0.056887,-0.027430,-0.292970,-0.778631,9.869766
42.335000,-0.007161,-0.057823,-0.028332,-0.238791,-0.764649,9.867268
42.340000,-0.006144,-0.052906,-0.029508,-0.225090,-0.769335,9.884704
42.345000,-0.008857,-0.061258,-0.027733,-0.223500,-0.820847,9.844304
42.350000,-0.002529,-0.054428,-0.025566,-0.240223,-0.777884,9.906308
42.355000,-0.008843,-0.054329,-0.030509,-0.238742,-0.774587,9.856866
42.360000,-0.005563,-0.054429,-0.027102,-0.241501,-0.783491,9.862029
42.365000,-0.008134,-0.055235,-0.027212,-0.272117,-0.793110,9.778923
42.370000,-0.008057,-0.054655,-0.026980,-0.212915,-0.840594,9.885061
42.375000,-0.004790,-0.055144,-0.026120,-0.219830,-0.789755,9.888302
42.380000,-0.002822,-0.058823,-0.031025,-0.274784,-0.817557,9.834458
42.385000,-0.007989,-0.054900,-0.023247,-0.204528,-0.844641,9.837545
42.390000,-0.000214,-0.050613,-0.027359,-0.308663,-0.791151,9.836955
42.395000,-0.007275,-0.054255,-0.029423,-0.255591,-0.837641,9.892181
42.400000,-0.006045,-0.049351,-0.031685,-0.227835,-0.765154,9.947653
42.405000,-0.008169,-0.055336,-0.025391,-0.275143,-0.812756,9.869568
42.410000,-0.004214,-0.050609,-0.031107,-0.228051,-0.735884,9.837734
42.415000,-0.008246,-0.050825,-0.030970,-0.212476,-0.787632,9.940930
42.420000,-0.003060,-0.044964,-0.022240,-0.184399,-0.828449,9.886674
42.425000,-0.007850,-0.056255,-0.024952,-0.238570,-0.770724,9.919741
42.430000,-0.000969,-0.055758,-0.023188,-0.245951,-0.762084,9.897173
42.435000,-0.001287,-0.050988,-0.031637,-0.205595,-0.775223,9.782823
42.440000,0.000155,-0.053176,-0.020175,-0.220120,-0.805080,9.911391
42.445000,-0.000675,-0.056464,-0.022709,-0.199578,-0.783616,9.867852
42.450000,0.002713,-0.047440,-0.027687,-0.190326,-0.790931,9.898259
42.455000,0.003650,-0.054926,-0.027710,-0.201604,-0.781463,9.878268
42.460000,-0.002983,-0.054118,-0.028826,-0.171152,-0.795106,9.836041
42.465000,-0.002095,-0.048519,-0.023513,-0.202260,-0.835021,9.914795
42.470000,-0.006364,-0.051831,-0.030779,-0.219954,-0.791808,9.850614
42.475000,-0.004746,-0.056953,-0.028593,-0.209820,-0.789637,9.868280
42.480000,-0.000461,-0.051400,-0.030325,-0.202565,-0.766165,9.900684
42.485000,0.005059,-0.054438,-0.031554,-0.213808,-0.807024,9.955828
42.490000,0.003667,-0.053062,-0.025837,-0.197973,-0.760157,9.819014
42.495000,-0.001988,-0.056499,-0.026343,-0.162799,-0.751315,9.854261
42.500000,0.007782,-0.050282,-0.027494,-0.155601,-0.801067,9.899116
42.505000,0.002633,-0.052131,-0.027308,-0.163594,-0.761562,9.907740
42.510000,0.005014,-0.055525,-0.027039,-0.100021,-0.797589,9.843285
42.515000,0.001456,-0.050175,-0.024899,-0.220014,-0.776855,9.890293
42.520000,0.001082,-0.050084,-0.023440,-0.146595,-0.766772,9.908449
42.525000,0.000492,-0.056738,-0.021598,-0.201311,-0.728918,9.853956
42.530000,-0.001580,-0.058111,-0.026655,-0.133194,-0.797846,9.860415
42.535000,0.007370,-0.050716,-0.025368,-0.144270,-0.771608,9.868530
42.540000,0.008219,-0.053152,-0.025929,-0.135481,-0.778104,9.908149
42.545000,0.004408,-0.054590,-0.027011,-0.158381,-0.734232,9.879044
42.550000,0.006574,-0.052815,-0.028809,-0.192940,-0.756432,9.873919
42.555000,0.001714,-0.057911,-0.026132,-0.221411,-0.778484,9.898052
42.560000,-0.001071,-0.048517,-0.031337,-0.143508,-0.736668,9.903801
42.565000,0.005950,-0.057365,-0.024808,-0.126404,-0.731607,9.920685
42.570000,0.000295,-0.053366,-0.023845,-0.107551,-0.790883,9.890379
42.575000,0.008748,-0.051061,-0.026489,-0.180428,-0.823679,9.860950
42.580000,0.008098,-0.053741,-0.027851,-0.145410,-0.772656,9.886277
42.585000,0.005195,-0.049034,-0.030890,-0.204368,-0.814304,9.913141
42.590000,0.007053,-0.053163,-0.025425,-0.148256,-0.732402,9.873205
42.595000,0.005229,-0.055819,-0.034409,-0.157884,-0.769094,9.881983
42.600000,0.008556,-0.049372,-0.028070,-0.114554,-0.775801,9.881651
42.605000,0.006267,-0.052978,-0.027274,-0.087340,-0.805601,9.843411
42.610000,0.007661,-0.055885,-0.031914,-0.138564,-0.790225,9.898754
42.615000,0.008657,-0.051527,-0.029464,-0.126440,-0.765568,9.911581
42.620000,0.014032,-0.048262,-0.030035,-0.085817,-0.779931,9.878473
42.625000,0.015329,-0.051995,-0.029068,-0.104148,-0.810567,9.893956
42.630000,0.006881,-0.052354,-0.024931,-0.107405,-0.801711,9.890091
42.635000,0.008643,-0.055633,-0.028579,-0.157488,-0.806793,9.913770
42.640000,0.012395,-0.055870,-0.025750,-0.043342,-0.735833,9.862895
42.645000,0.007883,-0.050914,-0.026182,-0.124731,-0.776702,9.931114
42.650000,0.006812,-0.050334,-0.033930,-0.107314,-0.820545,9.916808
42.655000,0.010899,-0.050252,-0.027389,-0.140986,-0.811093,9.814554
42.660000,0.011258,-0.051187,-0.029362,-0.098858,-0.792421,9.918123
42.665000,0.009595,-0.052191,-0.024745,-0.089606,-0.796677,9.863260
42.670000,0.015937,-0.046777,-0.025711,-0.082506,-0.855783,9.890166
42.675000,0.002856,-0.053840,-0.025046,-0.080197,-0.783727,9.875011
42.680000,0.008719,-0.051235,-0.028328,-0.090526,-0.838463,9.847024
42.685000,0.010236,-0.056570,-0.025633,-0.119355,-0.785715,9.925441
42.690000,0.010057,-0.050830,-0.022734,-0.094614,-0.796249,9.883823
42.695000,0.018769,-0.052693,-0.019754,-0.051870,-0.810319,9.827401
42.700000,0.014160,-0.049014,-0.026917,-0.087220,-0.740296,9.832073
42.705000,0.013123,-0.047403,-0.024913,-0.096640,-0.725055,9.879318
42.710000,0.015809,-0.049763,-0.024682,-0.110986,-0.737391,9.884869
42.715000,0.018695,-0.051426,-0.028542,-0.080058,-0.753303,9.901300
42.720000,0.014931,-0.048518,-0.029270,-0.067043,-0.815796,9.876025
42.725000,0.017193,-0.053919,-0.026199,-0.114645,-0.789652,9.863690
42.730000,0.016279,-0.047063,-0.025045,-0.107831,-0.799128,9.823784
42.735000,0.016450,-0.048271,-0.023732,-0.082153,-0.780538,9.885791
42.740000,0.018356,-0.053611,-0.022611,-0.110652,-0.759963,9.861810
42.745000,0.021088,-0.053066,-0.024477,-0.077907,-0.766423,9.921869
42.750000,0.015978,-0.054438,-0.024738,-0.080339,-0.729262,9.830012
42.755000,0.014822,-0.051576,-0.026927,-0.081247,-0.820647,9.911239
42.760000,0.012446,-0.049361,-0.020692,-0.107871,-0.794400,9.819908
42.765000,0.018681,-0.054943,-0.029676,-0.076626,-0.698841,9.915271
42.770000,0.019762,-0.052077,-0.027715,0.000475,-0.781247,9.857463
42.775000,0.015133,-0.048898,-0.027060,-0.041029,-0.780630,9.888716
42.780000,0.019051,-0.046346,-0.025934,-0.075639,-0.781452,9.866510
42.785000,0.016544,-0.048770,-0.023235,-0.014647,-0.761841,9.875431
42.790000,0.026067,-0.046852,-0.024456,-0.018045,-0.758872,9.870058
42.795000,0.018754,-0.051923,-0.030531,-0.023073,-0.791810,9.867331
42.800000,0.017831,-0.058307,-0.027462,-0.030428,-0.708088,9.885578
42.805000,0.016316,-0.059127,-0.027827,-0.058474,-0.784214,9.858409
42.810000,0.019355,-0.047797,-0.025489,-0.041009,-0.731244,9.897264
42.815000,0.022877,-0.053637,-0.021857,-0.031470,-0.758093,9.890029
42.820000,0.017656,-0.051763,-0.035148,-0.013674,-0.781733,9.859263
42.825000,0.016533,-0.047771,-0.024244,-0.005065,-0.743353,9.915069
42.830000,0.022197,-0.047790,-0.023524,-0.039648,-0.775432,9.894984
42.835000,0.024555,-0.051215,-0.024728,-0.010820,-0.696051,9.903526
42.840000,0.019093,-0.050940,-0.025334,-0.025173,-0.811406,9.894605
42.845000,0.019775,-0.047763,-0.026093,0.001828,-0.749316,9.877227
42.850000,0.019812,-0.050870,-0.028703,-0.024935,-0.812542,9.892864
42.855000,0.020633,-0.054454,-0.022729,-0.006539,-0.758180,9.918274
42.860000,0.023938,-0.053400,-0.024942,-0.037625,-0.726080,9.872667
42.865000,0.017076,-0.047908,-0.024406,-0.073970,-0.769205,9.866115
42.870000,0.021959,-0.051233,-0.023102,0.031035,-0.804422,9.852702
42.875000,0.024455,-0.051419,-0.027724,0.000513,-0.736525,9.877070
42.880000,0.025113,-0.057282,-0.025758,-0.032901,-0.771090,9.884480
42.885000,0.018200,-0.051213,-0.023648,0.028470,-0.789490,9.919192
42.890000,0.025095,-0.050818,-0.022616,-0.040644,-0.702265,9.875182
42.895000,0.023458,-0.048704,-0.027040,-0.032292,-0.750494,9.913280
42.900000,0.028574,-0.045456,-0.023910,0.012030,-0.762583,9.909603
42.905000,0.026425,-0.053747,-0.029158,0.029610,-0.721976,9.852334
42.910000,0.018137,-0.047253,-0.026239,0.018333,-0.794260,9.872798
42.915000,0.017935,-0.047749,-0.023712,0.022563,-0.796764,9.905139
42.920000,0.026197,-0.048953,-0.024927,-0.058228,-0.780440,9.868867
42.925000,0.028113,-0.046181,-0.021635,-0.003745,-0.787274,9.902129
42.930000,0.028211,-0.045807,-0.025755,0.045113,-0.778497,9.891943
42.935000,0.023851,-0.052901,-0.029703,0.008688,-0.700976,9.883376
42.940000,0.027041,-0.050269,-0.020200,0.029821,-0.679779,9.846536
42.945000,0.024688,-0.043884,-0.027306,0.028698,-0.771488,9.840826
42.950000,0.029494,-0.049293,-0.023296,0.014339,-0.741046,9.917233
42.955000,0.027391,-0.054496,-0.027307,0.030769,-0.755340,9.898341
42.960000,0.029829,-0.052705,-0.024036,0.063722,-0.762727,9.871052
42.965000,0.025368,-0.049978,-0.032462,-0.006400,-0.702865,9.884033
42.970000,0.027449,-0.052838,-0.025642,0.039001,-0.761078,9.860066
42.975000,0.030122,-0.050953,-0.026110,0.056881,-0.696959,9.938086
42.980000,0.033286,-0.058198,-0.022130,0.036445,-0.722654,9.870415
42.985000,0.029557,-0.046799,-0.026764,0.030639,-0.759192,9.817152
42.990000,0.027002,-0.042085,-0.022154,0.030737,-0.722742,9.879504
42.995000,0.028801,-0.049621,-0.028273,0.037441,-0.711325,9.882926
43.000000,0.028594,-0.044504,-0.020946,-0.011499,-0.715000,9.908993
43.005000,0.030615,-0.045891,-0.019185,0.087532,-0.737151,9.920525
43.010000,0.029546,-0.048456,-0.018316,0.038554,-0.766871,9.918722
43.015000,0.027142,-0.049048,-0.021313,0.048532,-0.694096,9.862950
43.020000,0.026323,-0.045090,-0.021119,0.035560,-0.694367,9.891562
43.025000,0.028988,-0.053988,-0.034862,0.037332,-0.633807,9.911536
43.030000,0.036851,-0.046212,-0.023615,0.075416,-0.751169,9.865230
43.035000,0.034238,-0.049962,-0.023823,0.033005,-0.723929,9.884711
43.040000,0.032720,-0.047954,-0.019049,0.133748,-0.771308,9.881658
43.045000,0.035003,-0.050395,-0.018575,0.034947,-0.694259,9.840221
43.050000,0.036951,-0.050867,-0.022564,0.122288,-0.711650,9.867042
43.055000,0.032192,-0.049174,-0.019541,0.094514,-0.667929,9.887928
43.060000,0.037765,-0.049012,-0.023106,0.043085,-0.678523,9.849953
43.065000,0.029915,-0.049896,-0.027870,0.049724,-0.708701,9.948983
43.070000,0.027588,-0.050139,-0.020030,0.041303,-0.735773,9.822855
43.075000,0.038675,-0.043233,-0.020856,0.107300,-0.719265,9.874498
43.080000,0.031662,-0.048561,-0.023334,0.105994,-0.679162,9.944785
43.085000,0.032330,-0.046507,-0.025054,0.063182,-0.717209,9.835399
43.090000,0.033534,-0.049790,-0.024522,0.088023,-0.682388,9.878050
43.095000,0.037963,-0.052858,-0.026513,0.059648,-0.745725,9.900292
43.100000,0.032501,-0.047080,-0.017771,0.091613,-0.644532,9.868900
43.105000,0.032723,-0.044608,-0.023819,0.120838,-0.677643,9.913222
43.110000,0.035274,-0.047618,-0.023080,0.098656,-0.723308,9.832955
43.115000,0.041696,-0.045605,-0.026397,0.063264,-0.675188,9.882284
43.120000,0.032138,-0.046718,-0.021427,0.085238,-0.698003,9.883435
43.125000,0.034476,-0.046200,-0.026168,0.077703,-0.740252,9.834555
43.130000,0.039871,-0.043872,-0.021860,0.124044,-0.708839,9.886993
43.135000,0.040921,-0.048474,-0.024105,0.115148,-0.655081,9.904655
43.140000,0.035564,-0.051109,-0.022514,0.101088,-0.688024,9.884391
43.145000,0.035990,-0.045085,-0.019192,0.060855,-0.665171,9.851303
43.150000,0.037252,-0.042891,-0.025138,0.140376,-0.676502,9.855242
43.155000,0.038578,-0.043959,-0.017684,0.099056,-0.703505,9.876750
43.160000,0.038740,-0.054856,-0.019794,0.128561,-0.690932,9.856404
43.165000,0.033157,-0.048688,-0.023377,0.181010,-0.650452,9.907292
43.170000,0.039119,-0.046615,-0.016045,0.084073,-0.678157,9.886916
43.175000,0.039222,-0.046180,-0.023703,0.086194,-0.645837,9.864688
43.180000,0.036190,-0.044180,-0.017974,0.104275,-0.647601,9.873943
43.185000,0.039455,-0.049116,-0.020819,0.142547,-0.699020,9.916754
43.190000,0.032506,-0.050326,-0.023232,0.111812,-0.751843,9.889301
43.195000,0.039009,-0.046733,-0.024986,0.071958,-0.692245,9.898583
43.200000,0.041907,-0.048136,-0.021055,0.154074,-0.657067,9.900567
43.205000,0.048233,-0.041493,-0.017194,0.132935,-0.661176,9.896305
43.210000,0.039103,-0.054031,-0.020138,0.165534,-0.651990,9.891979
43.215000,0.041464,-0.052012,-0.021669,0.128170,-0.648783,9.891099
43.220000,0.040758,-0.052022,-0.024731,0.178532,-0.666982,9.898255
43.225000,0.043768,-0.046625,-0.017339,0.131577,-0.659106,9.899830
43.230000,0.039115,-0.046142,-0.023513,0.050565,-0.616252,9.913852
43.235000,0.045864,-0.045306,-0.021228,0.157585,-0.656056,9.921880
43.240000,0.044813,-0.042555,-0.023413,0.140087,-0.688456,9.893895
43.245000,0.042458,-0.047035,-0.023161,0.126156,-0.645120,9.898849
43.250000,0.044838,-0.045743,-0.023353,0.154036,-0.685235,9.881590
43.255000,0.046827,-0.043347,-0.020325,0.149017,-0.643472,9.846674
43.260000,0.039011,-0.049394,-0.019865,0.159595,-0.628288,9.886560
43.265000,0.043880,-0.047399,-0.020168,0.157530,-0.687436,9.876657
43.270000,0.044443,-0.046364,-0.023051,0.161592,-0.639180,9.872860
43.275000,0.046064,-0.040592,-0.023691,0.172017,-0.664852,9.859493
43.280000,0.046090,-0.042596,-0.018221,0.111261,-0.646617,9.882867
43.285000,0.045202,-0.045956,-0.022827,0.155434,-0.620829,9.899450
43.290000,0.044017,-0.050837,-0.018080,0.183005,-0.661095,9.922590
43.295000,0.051070,-0.048089,-0.020000,0.166806,-0.587232,9.919463
43.300000,0.053979,-0.043658,-0.017388,0.169256,-0.668319,9.856384
43.305000,0.043184,-0.040943,-0.015257,0.217271,-0.594146,9.892727
43.310000,0.047658,-0.045392,-0.024292,0.162171,-0.588814,9.908005
43.315000,0.045152,-0.046697,-0.020093,0.187923,-0.690182,9.868705
43.320000,0.043839,-0.044813,-0.022929,0.236308,-0.643500,9.881979
43.325000,0.049600,-0.042851,-0.018211,0.166610,-0.638539,9.852780
43.330000,0.047313,-0.043260,-0.020432,0.156713,-0.631918,9.887180
43.335000,0.046891,-0.047771,-0.024128,0.141802,-0.594850,9.887857
43.340000,0.048859,-0.046190,-0.018686,0.237288,-0.642907,9.874142
43.345000,0.049775,-0.044702,-0.013558,0.155429,-0.627718,9.913342
43.350000,0.046056,-0.041594,-0.022827,0.197173,-0.628300,9.860184
43.355000,0.052431,-0.047936,-0.020816,0.239742,-0.605026,9.922718
43.360000,0.053459,-0.040311,-0.016598,0.213603,-0.600475,9.910882
43.365000,0.050297,-0.045469,-0.023638,0.223248,-0.663377,9.911792
43.370000,0.050835,-0.041483,-0.017530,0.211096,-0.641024,9.870181
43.375000,0.048362,-0.043673,-0.023379,0.187624,-0.652740,9.900560
43.380000,0.054245,-0.043343,-0.017628,0.175206,-0.548781,9.937377
43.385000,0.049167,-0.044245,-0.019832,0.232943,-0.614413,9.927274
43.390000,0.052564,-0.046670,-0.017784,0.243580,-0.605144,9.909167
43.395000,0.050135,-0.043042,-0.020169,0.252292,-0.569868,9.845642
43.400000,0.049630,-0.047380,-0.017811,0.216515,-0.618750,9.903945
43.405000,0.053793,-0.040350,-0.020470,0.216592,-0.610468,9.860143
43.410000,0.054130,-0.041641,-0.020079,0.225376,-0.621744,9.920524
43.415000,0.051456,-0.044638,-0.023462,0.245821,-0.606040,9.902739
43.420000,0.054093,-0.042069,-0.021957,0.218875,-0.613643,9.902756
43.425000,0.052891,-0.044337,-0.022844,0.234298,-0.564517,9.864712
43.430000,0.054898,-0.037517,-0.018690,0.253332,-0.603647,9.849397
43.435000,0.050690,-0.041803,-0.019334,0.240084,-0.595691,9.924602
43.440000,0.048967,-0.042329,-0.021065,0.191124,-0.586225,9.902419
43.445000,0.052484,-0.042298,-0.021537,0.176975,-0.599271,9.959859
43.450000,0.054639,-0.045405,-0.023496,0.244983,-0.590390,9.904449
43.455000,0.049937,-0.037214,-0.021035,0.208884,-0.599694,9.887922
43.460000,0.051249,-0.046150,-0.022116,0.234475,-0.622253,9.915596
43.465000,0.055344,-0.045109,-0.019983,0.262820,-0.530764,9.929015
43.470000,0.051784,-0.036235,-0.020182,0.313821,-0.592828,9.891760
43.475000,0.050353,-0.040427,-0.017391,0.252493,-0.512292,9.910173
43.480000,0.054161,-0.042691,-0.015242,0.281173,-0.599605,9.852170
43.485000,0.054199,-0.044025,-0.020212,0.228377,-0.553260,9.900282
43.490000,0.059576,-0.038807,-0.022117,0.244800,-0.586347,9.920029
43.495000,0.055004,-0.038347,-0.018846,0.271432,-0.517678,9.905654
43.500000,0.054694,-0.042656,-0.025843,0.190934,-0.552410,9.855936
43.505000,0.054314,-0.039021,-0.020809,0.250316,-0.496411,9.876399
43.510000,0.056669,-0.042339,-0.016846,0.266476,-0.588627,9.915341
43.515000,0.058268,-0.045768,-0.017297,0.257207,-0.550520,9.906399
43.520000,0.056931,-0.046250,-0.021467,0.254505,-0.511321,9.850466
43.525000,0.055595,-0.043593,-0.016736,0.251990,-0.522809,9.893477
43.530000,0.056607,-0.035805,-0.016350,0.308182,-0.526394,9.938297
43.535000,0.057336,-0.039703,-0.022450,0.291515,-0.477384,9.924072
43.540000,0.054140,-0.036559,-0.023345,0.262270,-0.518978,9.874198
43.545000,0.056752,-0.040203,-0.017887,0.280919,-0.590007,9.860010
43.550000,0.059310,-0.041502,-0.019163,0.259925,-0.530258,9.901368
43.555000,0.062555,-0.045095,-0.019596,0.239283,-0.474529,9.838011
43.560000,0.060100,-0.036652,-0.021187,0.209222,-0.532948,9.926177
43.565000,0.055517,-0.037402,-0.016781,0.285231,-0.518998,9.896570
43.570000,0.061266,-0.039697,-0.014371,0.291583,-0.511567,9.909497
43.575000,0.060121,-0.034910,-0.018023,0.223050,-0.599500,9.893604
43.580000,0.053843,-0.040527,-0.017424,0.321718,-0.474610,9.850681
43.585000,0.061145,-0.043626,-0.021129,0.311727,-0.481679,9.905071
43.590000,0.056936,-0.040902,-0.016850,0.308385,-0.535078,9.868896
43.595000,0.055440,-0.042422,-0.018553,0.292630,-0.569294,9.875425
43.600000,0.062105,-0.040658,-0.019447,0.261565,-0.508181,9.906515
43.605000,0.067220,-0.038683,-0.018167,0.239962,-0.496398,9.914443
43.610000,0.060152,-0.040623,-0.020472,0.313539,-0.456591,9.924700
43.615000,0.064352,-0.042688,-0.013448,0.317242,-0.456930,9.842813
43.620000,0.063381,-0.037046,-0.022997,0.318736,-0.479569,9.885924
43.625000,0.060911,-0.039836,-0.016919,0.343358,-0.536085,9.905813
43.630000,0.061987,-0.038411,-0.023001,0.233473,-0.511952,9.886097
43.635000,0.060771,-0.041382,-0.020632,0.267106,-0.426685,9.842859
43.640000,0.064807,-0.043085,-0.017291,0.326916,-0.551559,9.896550
43.645000,0.064031,-0.031363,-0.017485,0.298761,-0.458666,9.856003
43.650000,0.065300,-0.037889,-0.019515,0.321425,-0.490551,9.920837
43.655000,0.061382,-0.038649,-0.014161,0.327923,-0.482942,9.906031
43.660000,0.063542,-0.040581,-0.013589,0.300277,-0.482343,9.851489
43.665000,0.065011,-0.048107,-0.016201,0.384350,-0.493686,9.885072
43.670000,0.062478,-0.045365,-0.018858,0.352451,-0.480066,9.891325
43.675000,0.061543,-0.035777,-0.021996,0.361230,-0.471437,9.969103
43.680000,0.066088,-0.035068,-0.011706,0.318758,-0.447360,9.852423
43.685000,0.065162,-0.040363,-0.017112,0.328753,-0.477061,9.909155
43.690000,0.061795,-0.038331,-0.019143,0.326754,-0.450937,9.890434
43.695000,0.063683,-0.037202,-0.023888,0.324769,-0.431655,9.887239
43.700000,0.063374,-0.036542,-0.023361,0.320834,-0.456251,9.890361
43.705000,0.068612,-0.042131,-0.022346,0.344919,-0.460528,9.926320
43.710000,0.067235,-0.042886,-0.023062,0.322838,-0.417649,9.850870
43.715000,0.065643,-0.034250,-0.019911,0.383127,-0.516326,9.898594
43.720000,0.064515,-0.034044,-0.013863,0.340325,-0.463599,9.873867
43.725000,0.068516,-0.039055,-0.018570,0.336846,-0.393574,9.916622
43.730000,0.063541,-0.042811,-0.016188,0.332784,-0.418861,9.880542
43.735000,0.063782,-0.040677,-0.014929,0.369250,-0.475254,9.866812
43.740000,0.067622,-0.042637,-0.011543,0.321858,-0.460814,9.916687
43.745000,0.067289,-0.038283,-0.016965,0.387418,-0.417392,9.910669
43.750000,0.067858,-0.036369,-0.016109,0.362436,-0.444913,9.898298
43.755000,0.075586,-0.038152,-0.015907,0.351358,-0.456377,9.833948
43.760000,0.068053,-0.036672,-0.019881,0.354739,-0.462113,9.931051
43.765000,0.073185,-0.038378,-0.018080,0.393716,-0.401979,9.908356
43.770000,0.068093,-0.034577,-0.017167,0.356563,-0.388135,9.938396
43.775000,0.070146,-0.040032,-0.013766,0.341880,-0.425791,9.872754
43.780000,0.073163,-0.036846,-0.020722,0.370784,-0.402517,9.904637
43.785000,0.073896,-0.032194,-0.019750,0.348191,-0.409987,9.864789
43.790000,0.066755,-0.034676,-0.019282,0.373771,-0.387664,9.898472
43.795000,0.068962,-0.041417,-0.011415,0.379702,-0.443906,9.866990
43.800000,0.071096,-0.038241,-0.014931,0.326271,-0.398566,9.919824
43.805000,0.064887,-0.035756,-0.012397,0.341959,-0.423064,9.922662
43.810000,0.068054,-0.032734,-0.016506,0.297870,-0.399751,9.896103
43.815000,0.070975,-0.037441,-0.015394,0.359882,-0.374308,9.846156
43.820000,0.067520,-0.036930,-0.011457,0.397361,-0.385291,9.909047
43.825000,0.068354,-0.035100,-0.016402,0.371666,-0.372705,9.906801
43.830000,0.065014,-0.036292,-0.015959,0.381482,-0.426276,9.892939
43.835000,0.071076,-0.040219,-0.014342,0.363826,-0.398223,9.910561
43.840000,0.075745,-0.032068,-0.019214,0.387534,-0.422015,9.907644
43.845000,0.075739,-0.038059,-0.015510,0.373699,-0.405234,9.873738
43.850000,0.074432,-0.039300,-0.015756,0.329116,-0.321441,9.886517
43.855000,0.072010,-0.036901,-0.018916,0.396079,-0.379595,9.850660
43.860000,0.074719,-0.031687,-0.020667,0.396429,-0.381675,9.907775
43.865000,0.073852,-0.037978,-0.016612,0.381517,-0.322987,9.871780
43.870000,0.072396,-0.038336,-0.014098,0.414474,-0.365410,9.908214
43.875000,0.076888,-0.031895,-0.018859,0.440794,-0.338648,9.878497
43.880000,0.075522,-0.030614,-0.017725,0.354429,-0.335788,9.836730
43.885000,0.073938,-0.042075,-0.015177,0.392369,-0.256255,9.861719
43.890000,0.071799,-0.037140,-0.018806,0.437408,-0.392797,9.909328
43.895000,0.072945,-0.039355,-0.016625,0.398511,-0.341252,9.872260
43.900000,0.074325,-0.036532,-0.015880,0.389415,-0.335550,9.860188
43.905000,0.074539,-0.031631,-0.014921,0.407567,-0.346644,9.923454
43.910000,0.080829,-0.036391,-0.018328,0.357383,-0.333704,9.877498
43.915000,0.073986,-0.030277,-0.015825,0.377384,-0.344289,9.846361
43.920000,0.071269,-0.028149,-0.017488,0.427855,-0.347051,9.877129
43.925000,0.073712,-0.038628,-0.020137,0.412967,-0.309399,9.894333
43.930000,0.074259,-0.033320,-0.015541,0.485518,-0.349937,9.859384
43.935000,0.072766,-0.033004,-0.019755,0.409158,-0.279793,9.861465
43.940000,0.077868,-0.030512,-0.015860,0.419571,-0.358305,9.909748
43.945000,0.076725,-0.037398,-0.015839,0.374940,-0.260467,9.946504
43.950000,0.076341,-0.031457,-0.014267,0.449235,-0.277272,9.915862
43.955000,0.077062,-0.034848,-0.016213,0.430276,-0.301273,9.910599
43.960000,0.073774,-0.029836,-0.016548,0.405791,-0.317756,9.871709
43.965000,0.074602,-0.033305,-0.018981,0.357101,-0.284354,9.893379
43.970000,0.078719,-0.031824,-0.021169,0.413314,-0.367189,9.923345
43.975000,0.071690,-0.032200,-0.013402,0.436422,-0.295647,9.899506
43.980000,0.080950,-0.033559,-0.019618,0.456838,-0.369063,9.929381
43.985000,0.078070,-0.034649,-0.018062,0.445197,-0.302147,9.854179
43.990000,0.075967,-0.033363,-0.018162,0.435658,-0.266565,9.876860
43.995000,0.077171,-0.033469,-0.014926,0.432328,-0.273551,9.888876
44.000000,0.077657,-0.032401,-0.015344,0.424495,-0.314122,9.938239
44.005000,0.077144,-0.040301,-0.018939,0.450912,-0.287517,9.857465
44.010000,0.077301,-0.031123,-0.022442,0.475032,-0.284331,9.875296
44.015000,0.082580,-0.033074,-0.011365,0.450318,-0.271445,9.872174
44.020000,0.079920,-0.030343,-0.015424,0.436864,-0.247917,9.873689
44.025000,0.076626,-0.032188,-0.012389,0.468016,-0.273431,9.894901
44.030000,0.075836,-0.035990,-0.017230,0.453825,-0.288173,9.895054
44.035000,0.080023,-0.035118,-0.011020,0.451825,-0.282297,9.887030
44.040000,0.079220,-0.027077,-0.014620,0.477193,-0.293602,9.934246
44.045000,0.075425,-0.037373,-0.013214,0.519683,-0.277074,9.921472
44.050000,0.075318,-0.033404,-0.010104,0.440781,-0.234748,9.872435
44.055000,0.082944,-0.033491,-0.017818,0.428543,-0.259524,9.871809
44.060000,0.083524,-0.035507,-0.009376,0.428859,-0.275538,9.949837
44.065000,0.080110,-0.029982,-0.009133,0.423589,-0.271016,9.948895
44.070000,0.081208,-0.035075,-0.010722,0.461444,-0.233787,9.910023
44.075000,0.082353,-0.028019,-0.015200,0.455372,-0.254421,9.916028
44.080000,0.079427,-0.032231,-0.015074,0.492803,-0.211752,9.832230
44.085000,0.076289,-0.035400,-0.009566,0.446062,-0.220589,9.908537
44.090000,0.078966,-0.030084,-0.013784,0.455342,-0.241377,9.925851
44.095000,0.077310,-0.035001,-0.015509,0.424032,-0.237172,9.907404
44.100000,0.080877,-0.028269,-0.014718,0.475277,-0.202743,9.955176
44.105000,0.079839,-0.032803,-0.012407,0.428339,-0.233857,9.858845
44.110000,0.078294,-0.029372,-0.010714,0.442947,-0.246976,9.897052
44.115000,0.081641,-0.027848,-0.011185,0.478138,-0.234264,9.893711
44.120000,0.082615,-0.021856,-0.017839,0.449299,-0.175127,9.944455
44.125000,0.082713,-0.024769,-0.012276,0.495197,-0.209759,9.841077
44.130000,0.084612,-0.028249,-0.014134,0.500202,-0.121680,9.921839
44.135000,0.086688,-0.029369,-0.014338,0.480645,-0.171620,9.885090
44.140000,0.080077,-0.032020,-0.008760,0.477947,-0.192049,9.926821
44.145000,0.080744,-0.030285,-0.011298,0.506991,-0.118927,9.858984
44.150000,0.082837,-0.028497,-0.017275,0.491632,-0.220001,9.866217
44.155000,0.085038,-0.020750,-0.021948,0.464572,-0.127442,9.871251
44.160000,0.083452,-0.027527,-0.012646,0.515805,-0.144673,9.885416
44.165000,0.081243,-0.028252,-0.014919,0.500733,-0.164250,9.875188
44.170000,0.078422,-0.030807,-0.015461,0.523422,-0.170379,9.874488
44.175000,0.085117,-0.032466,-0.012359,0.487991,-0.116127,9.847027
44.180000,0.075898,-0.031537,-0.013755,0.575285,-0.144614,9.891343
44.185000,0.084606,-0.031582,-0.014329,0.467208,-0.112494,9.891728
44.190000,0.083657,-0.030937,-0.014011,0.461475,-0.157238,9.899957
44.195000,0.087563,-0.030590,-0.017248,0.536722,-0.149094,9.867196
44.200000,0.083986,-0.032945,-0.010312,0.505579,-0.150866,9.953421
44.205000,0.085910,-0.032952,-0.007645,0.420556,-0.162310,9.833070
44.210000,0.082227,-0.024981,-0.016606,0.486829,-0.165059,9.902568
44.215000,0.085756,-0.035515,-0.010455,0.531896,-0.175583,9.927765
44.220000,0.079265,-0.027974,-0.010173,0.504524,-0.096818,9.900189
44.225000,0.083811,-0.028257,-0.014221,0.517680,-0.089655,9.936526
44.230000,0.082622,-0.024763,-0.009831,0.563164,-0.200779,9.921958
44.235000,0.083481,-0.032101,-0.011444,0.520646,-0.155451,9.917762
44.240000,0.085424,-0.025483,-0.016662,0.469017,-0.159137,9.904201
44.245000,0.082077,-0.028872,-0.011199,0.549932,-0.114551,9.802301
44.250000,0.085840,-0.033940,-0.015438,0.508893,-0.155040,9.892206
44.255000,0.082235,-0.026975,-0.014753,0.502629,-0.103747,9.859594
44.260000,0.083747,-0.023979,-0.013553,0.527949,-0.139031,9.862037
44.265000,0.083892,-0.029041,-0.014446,0.488998,-0.159284,9.891248
44.270000,0.084394,-0.030039,-0.015730,0.549933,-0.044584,9.908421
44.275000,0.088469,-0.028560,-0.013407,0.520147,-0.131284,9.873789
44.280000,0.083793,-0.026800,-0.014522,0.498966,-0.104158,9.904623
44.285000,0.088967,-0.032271,-0.015737,0.506228,-0.084048,9.829456
44.290000,0.084265,-0.022443,-0.015140,0.507751,-0.096795,9.894545
44.295000,0.093276,-0.026536,-0.011233,0.539376,-0.038793,9.878676
44.300000,0.090012,-0.030717,-0.016431,0.539634,-0.102831,9.895846
44.305000,0.085698,-0.021570,-0.012963,0.475204,-0.160671,9.860784
44.310000,0.084557,-0.028408,-0.010799,0.500370,-0.044887,9.885154
44.315000,0.085839,-0.028061,-0.009081,0.572367,-0.066065,9.846643
44.320000,0.085678,-0.026140,-0.012056,0.556434,-0.168881,9.879420
44.325000,0.087923,-0.023013,-0.019085,0.516978,-0.109649,9.864684
44.330000,0.082757,-0.024753,-0.006263,0.527513,-0.074791,9.886716
44.335000,0.085710,-0.024633,-0.007360,0.557217,-0.084810,9.918063
44.340000,0.087490,-0.028706,-0.016505,0.538426,-0.051604,9.876194
44.345000,0.088605,-0.024561,-0.009585,0.514032,-0.089332,9.861693
44.350000,0.090344,-0.030224,-0.012829,0.534446,-0.049473,9.826993
44.355000,0.086000,-0.024235,-0.008617,0.540583,0.006846,9.853272
44.360000,0.084188,-0.024303,-0.010476,0.515284,-0.021269,9.842105
44.365000,0.084634,-0.028759,-0.010956,0.516991,-0.081009,9.867494
44.370000,0.085672,-0.029734,-0.014886,0.591589,-0.060229,9.913936
44.375000,0.086996,-0.025003,-0.012678,0.562646,-0.045924,9.860910
44.380000,0.080348,-0.025921,-0.007202,0.511561,-0.078515,9.832402
44.385000,0.084738,-0.026095,-0.010660,0.528259,-0.028951,9.878694
44.390000,0.082848,-0.027046,-0.006506,0.564808,-0.097392,9.902210
44.395000,0.088442,-0.024436,-0.010836,0.549160,0.005997,9.865380
44.400000,0.087832,-0.021131,-0.016148,0.574514,-0.046417,9.872801
44.405000,0.089579,-0.030175,-0.011648,0.560091,-0.013311,9.895466
44.410000,0.092800,-0.026332,-0.013162,0.555954,-0.003031,9.892418
44.415000,0.086244,-0.024677,-0.013074,0.608124,0.015389,9.863587
44.420000,0.088206,-0.027602,-0.007613,0.572377,0.007162,9.892299
44.425000,0.096145,-0.025953,-0.012776,0.589637,-0.002628,9.887952
44.430000,0.087744,-0.019307,-0.010318,0.540171,0.061902,9.850551
44.435000,0.086727,-0.025159,-0.012430,0.563022,-0.066962,9.895135
44.440000,0.090430,-0.026025,-0.012215,0.623752,-0.013352,9.877518
44.445000,0.091493,-0.025515,-0.010705,0.531956,0.056502,9.899909
44.450000,0.088960,-0.023485,-0.011008,0.593223,-0.063701,9.888715
44.455000,0.091011,-0.023611,-0.008882,0.603183,0.059182,9.851704
44.460000,0.091578,-0.021322,-0.012225,0.501539,0.070158,9.840468
44.465000,0.088418,-0.021519,-0.007864,0.567955,0.031067,9.902489
44.470000,0.092524,-0.022492,-0.004807,0.522386,0.025944,9.897247
44.475000,0.087111,-0.020031,-0.017152,0.609399,0.017477,9.853242
44.480000,0.087463,-0.024069,-0.013171,0.576907,-0.008151,9.840784
44.485000,0.088442,-0.020809,-0.012061,0.537534,0.064348,9.933163
44.490000,0.086595,-0.020955,-0.012912,0.542431,0.046269,9.824577
44.495000,0.087746,-0.021780,-0.007005,0.557103,0.095700,9.844496
44.500000,0.095435,-0.022285,-0.013132,0.523776,0.089625,9.920208
44.505000,0.089217,-0.024737,-0.009693,0.550473,0.053832,9.862718
44.510000,0.090928,-0.021756,-0.003529,0.555619,0.052786,9.881354
44.515000,0.090777,-0.017952,-0.014310,0.581320,0.052707,9.876053
44.520000,0.090410,-0.022241,-0.007878,0.604785,0.029051,9.910228
44.525000,0.089730,-0.021501,-0.015072,0.608224,0.096865,9.914521
44.530000,0.087835,-0.023421,-0.014611,0.641929,0.105350,9.829877
44.535000,0.088739,-0.020699,-0.008000,0.585900,0.144490,9.888377
44.540000,0.086582,-0.023708,-0.014215,0.591688,0.034821,9.854951
44.545000,0.093386,-0.019586,-0.008601,0.565380,0.080930,9.864042
44.550000,0.086455,-0.023392,-0.012527,0.576883,0.110019,9.863133
44.555000,0.088850,-0.021744,-0.009104,0.661809,0.102994,9.902207
44.560000,0.087693,-0.021338,-0.008478,0.640138,0.055662,9.834964
44.565000,0.091389,-0.021231,-0.014313,0.567056,0.081790,9.892861
44.570000,0.088018,-0.020373,-0.006028,0.580878,0.091509,9.849361
44.575000,0.090068,-0.017899,-0.005496,0.615594,0.072772,9.875801
44.580000,0.082789,-0.024555,-0.008092,0.553251,0.062679,9.878248
44.585000,0.083339,-0.025251,-0.009901,0.603958,0.092364,9.872255
44.590000,0.089428,-0.021013,-0.009675,0.617579,0.110993,9.879203
44.595000,0.091260,-0.018158,-0.010194,0.576575,0.129942,9.836661
44.600000,0.087914,-0.023817,-0.009512,0.608459,0.068665,9.871326
44.605000,0.091624,-0.025079,-0.011493,0.626092,0.087612,9.893095
44.610000,0.095976,-0.017512,-0.013337,0.575118,0.118711,9.883910
44.615000,0.090649,-0.022072,-0.008758,0.524620,0.135708,9.843369
44.620000,0.095561,-0.015688,-0.011483,0.628627,0.107935,9.911042
44.625000,0.090849,-0.019610,-0.013654,0.631094,0.117560,9.813722
44.630000,0.098876,-0.020238,-0.007179,0.608468,0.154912,9.883606
44.635000,0.089240,-0.019031,-0.003602,0.549287,0.174517,9.903491
44.640000,0.088563,-0.022079,-0.008482,0.603684,0.168739,9.813768
44.645000,0.087454,-0.019628,-0.013491,0.610501,0.175065,9.846274
44.650000,0.090712,-0.018328,-0.011388,0.591881,0.137204,9.836241
44.655000,0.094461,-0.017961,-0.010734,0.621677,0.208757,9.890009
44.660000,0.092217,-0.021386,-0.014765,0.635316,0.142000,9.857877
44.665000,0.098703,-0.021669,-0.014768,0.592949,0.117387,9.901450
44.670000,0.089516,-0.023224,-0.004666,0.625176,0.181481,9.887582
44.675000,0.098548,-0.014739,-0.012524,0.652718,0.149647,9.938622
44.680000,0.090715,-0.018454,-0.010026,0.569685,0.160640,9.894450
44.685000,0.090402,-0.020612,-0.012125,0.609840,0.186332,9.944163
44.690000,0.092513,-0.018610,-0.011626,0.610571,0.185805,9.885731
44.695000,0.088833,-0.015052,-0.008021,0.575175,0.246713,9.849049
44.700000,0.091431,-0.018903,-0.012360,0.625194,0.158987,9.868819
44.705000,0.090265,-0.016493,-0.015563,0.605893,0.243356,9.874532
44.710000,0.095813,-0.018428,-0.005267,0.607482,0.190556,9.886437
44.715000,0.088829,-0.017359,-0.009338,0.661776,0.236486,9.902350
44.720000,0.092454,-0.022093,-0.011791,0.636910,0.224579,9.889000
44.725000,0.090607,-0.017060,-0.010639,0.663738,0.214440,9.852888
44.730000,0.090468,-0.021183,-0.012185,0.591807,0.262210,9.892780
44.735000,0.089455,-0.017931,-0.004863,0.620102,0.235901,9.877839
44.740000,0.090769,-0.014146,-0.006061,0.608685,0.188909,9.870220
44.745000,0.088493,-0.015634,-0.012266,0.650332,0.224227,9.866317
44.750000,0.094338,-0.011249,-0.009374,0.595546,0.221940,9.886754
44.755000,0.088198,-0.019875,-0.008201,0.629660,0.288139,9.855500
44.760000,0.091790,-0.019063,-0.010422,0.621222,0.239439,9.878563
44.765000,0.100183,-0.015616,-0.011867,0.685914,0.283911,9.832652
44.770000,0.086923,-0.015823,-0.012210,0.622430,0.279300,9.861770
44.775000,0.093326,-0.014185,-0.008462,0.687178,0.251469,9.826315
44.780000,0.093830,-0.018192,-0.011757,0.575561,0.227586,9.890213
44.785000,0.092564,-0.016282,-0.004843,0.658850,0.284135,9.873278
44.790000,0.096633,-0.016169,-0.006543,0.671086,0.245050,9.884966
44.795000,0.088699,-0.016208,-0.009785,0.628026,0.224535,9.867537
44.800000,0.090639,-0.017483,-0.006420,0.695872,0.295704,9.899418
44.805000,0.096039,-0.007706,-0.010937,0.701934,0.259848,9.867876
44.810000,0.090656,-0.018216,-0.012745,0.653109,0.289102,9.868135
44.815000,0.092411,-0.014735,-0.014675,0.677731,0.289937,9.843272
44.820000,0.092011,-0.015661,-0.010626,0.594345,0.283224,9.859628
44.825000,0.091478,-0.015728,-0.008483,0.727068,0.262612,9.909495
44.830000,0.090566,-0.017797,-0.006997,0.676966,0.325055,9.905127
44.835000,0.092507,-0.015876,-0.007485,0.678447,0.270737,9.836248
44.840000,0.093655,-0.018419,-0.008392,0.708637,0.245738,9.885666
44.845000,0.092787,-0.010618,-0.005351,0.654299,0.277921,9.845301
44.850000,0.092400,-0.015050,-0.008996,0.630509,0.301114,9.869895
44.855000,0.093047,-0.017646,-0.004044,0.682300,0.342341,9.849341
44.860000,0.095822,-0.011907,-0.005184,0.679937,0.304588,9.857152
44.865000,0.088937,-0.019800,-0.009488,0.677286,0.309604,9.870011
44.870000,0.094625,-0.013420,-0.008496,0.649752,0.270557,9.864022
44.875000,0.091057,-0.012920,-0.007437,0.640860,0.361477,9.858733
44.880000,0.094582,-0.015221,-0.012661,0.619587,0.306106,9.836383
44.885000,0.098472,-0.011474,-0.009114,0.652884,0.254717,9.860559
44.890000,0.088972,-0.015325,-0.005720,0.697570,0.366211,9.844585
44.895000,0.090132,-0.011849,-0.008568,0.675515,0.312174,9.859049
44.900000,0.094328,-0.017412,-0.010147,0.650431,0.348558,9.885650
44.905000,0.093392,-0.011875,-0.005697,0.681581,0.345241,9.876104
44.910000,0.100649,-0.016456,-0.004864,0.661895,0.385042,9.886181
44.915000,0.091953,-0.015100,-0.007085,0.737319,0.318048,9.836926
44.920000,0.092320,-0.014786,-0.003132,0.644633,0.373511,9.881948
44.925000,0.088358,-0.015070,-0.005253,0.662704,0.356920,9.840991
44.930000,0.093147,-0.010769,-0.005616,0.682759,0.308166,9.840326
44.935000,0.090015,-0.015762,-0.004739,0.646183,0.361764,9.866515
44.940000,0.089762,-0.011244,-0.009590,0.646012,0.338869,9.899521
44.945000,0.089000,-0.012638,-0.005945,0.628692,0.299565,9.879462
44.950000,0.093389,-0.011496,-0.005387,0.705536,0.347893,9.842703
44.955000,0.095735,-0.013052,-0.006975,0.696657,0.340365,9.910295
44.960000,0.094896,-0.007729,-0.011465,0.699339,0.416890,9.882301
44.965000,0.097622,-0.009577,-0.010321,0.662519,0.409577,9.821846
44.970000,0.091242,-0.007250,-0.005895,0.638299,0.395482,9.849778
44.975000,0.093379,-0.014561,-0.005498,0.646687,0.389183,9.895667
44.980000,0.091458,-0.009559,-0.010517,0.664680,0.406525,9.823941
44.985000,0.089172,-0.017190,-0.008295,0.649290,0.337220,9.858322
44.990000,0.099221,-0.011025,-0.001879,0.667300,0.366872,9.885906
44.995000,0.093060,-0.009726,-0.012760,0.629713,0.433697,9.870485
45.000000,0.091651,-0.012074,-0.005159,0.724872,0.410922,9.861762
45.005000,0.095893,-0.019523,-0.004573,0.634828,0.434325,9.865217
45.010000,0.095988,-0.008732,-0.003145,0.729978,0.461878,9.871649
45.015000,0.093024,-0.010967,-0.007756,0.691650,0.389998,9.841011
45.020000,0.094058,-0.009286,-0.007761,0.689980,0.366364,9.878170
45.025000,0.086625,-0.011618,-0.006082,0.665274,0.446317,9.848976
45.030000,0.089919,-0.009312,-0.006126,0.668054,0.441950,9.877192
45.035000,0.089974,-0.012655,-0.011417,0.698471,0.481737,9.864986
45.040000,0.091718,-0.006746,-0.010010,0.672185,0.427298,9.826955
45.045000,0.093411,-0.010793,-0.008180,0.713100,0.419528,9.865155
45.050000,0.091314,-0.010532,-0.005619,0.700107,0.427738,9.912872
45.055000,0.090576,-0.014910,-0.006530,0.703377,0.442816,9.818169
45.060000,0.090206,-0.004062,-0.004130,0.665512,0.384203,9.836214
45.065000,0.095316,-0.012008,-0.008125,0.667889,0.382381,9.918189
45.070000,0.090443,-0.011922,-0.000827,0.699216,0.509682,9.821828
45.075000,0.094146,-0.016715,-0.006616,0.703782,0.398582,9.865016
45.080000,0.093522,-0.012753,-0.007920,0.719221,0.419749,9.877894
45.085000,0.092525,-0.010261,-0.004759,0.682986,0.475132,9.852525
45.090000,0.089539,-0.011367,-0.002809,0.703561,0.538271,9.841583
45.095000,0.091884,-0.008422,-0.000742,0.746849,0.489983,9.869393
45.100000,0.092608,-0.009692,-0.007898,0.701581,0.452542,9.854659
45.105000,0.090562,-0.007854,-0.008584,0.669834,0.417133,9.819877
45.110000,0.093310,-0.011344,-0.008506,0.708705,0.456672,9.858979
45.115000,0.086553,-0.005270,-0.010302,0.693575,0.442081,9.808148
45.120000,0.093099,-0.008100,-0.005984,0.708288,0.474256,9.827191
45.125000,0.089384,-0.006371,-0.005346,0.719213,0.492891,9.886689
45.130000,0.093045,-0.010523,-0.011048,0.691530,0.491860,9.800655
45.135000,0.087117,-0.008510,-0.007367,0.659891,0.452430,9.873213
45.140000,0.090405,-0.007597,-0.012279,0.778515,0.474298,9.884889
45.145000,0.092178,-0.011507,-0.007087,0.652225,0.465845,9.917508
45.150000,0.094199,-0.007727,-0.005641,0.652118,0.529695,9.877997
45.155000,0.086701,-0.009973,-0.006262,0.712112,0.509920,9.872997
45.160000,0.092646,-0.005148,-0.006318,0.685654,0.513167,9.873564
45.165000,0.087883,-0.004904,-0.010686,0.765081,0.526925,9.830967
45.170000,0.095647,-0.012321,-0.003787,0.705503,0.516324,9.870808
45.175000,0.092589,-0.003996,-0.005256,0.704213,0.513963,9.864137
45.180000,0.088927,-0.010037,-0.002820,0.735129,0.477344,9.856839
45.185000,0.095542,-0.008991,-0.008877,0.673812,0.516008,9.887047
45.190000,0.089984,-0.001030,-0.001739,0.728475,0.491859,9.848755
45.195000,0.092607,-0.004931,-0.006072,0.666305,0.568171,9.853136
45.200000,0.090569,-0.004291,-0.004659,0.707309,0.536641,9.866073
45.205000,0.093945,-0.003830,-0.006730,0.747635,0.535002,9.837184
45.210000,0.091131,-0.010189,-0.009048,0.707529,0.545861,9.862090
45.215000,0.097680,-0.003979,-0.004992,0.715772,0.587833,9.820051
45.220000,0.092240,-0.002873,-0.005272,0.671942,0.525513,9.871273
45.225000,0.095432,-0.002892,-0.006512,0.713562,0.529454,9.865191
45.230000,0.084592,-0.007013,-0.009651,0.667032,0.485886,9.865826
45.235000,0.084953,-0.004267,-0.004542,0.703640,0.559299,9.821936
45.240000,0.098521,-0.001408,0.001527,0.704296,0.538753,9.820045
45.245000,0.089322,-0.005491,-0.005077,0.733403,0.564736,9.831044
45.250000,0.091144,-0.007056,-0.007111,0.737816,0.635516,9.856467
45.255000,0.092301,-0.006150,-0.011189,0.661481,0.536680,9.823282
45.260000,0.093274,-0.007732,-0.002726,0.712705,0.543815,9.859841
45.265000,0.091393,-0.001751,-0.011528,0.729596,0.581064,9.888246
45.270000,0.084970,-0.003430,-0.007179,0.796437,0.625074,9.858338
45.275000,0.085640,-0.003146,-0.007793,0.756193,0.595191,9.894967
45.280000,0.091552,-0.004238,-0.002553,0.667495,0.559426,9.872697
45.285000,0.095849,0.001519,-0.008887,0.723872,0.591914,9.868683
45.290000,0.090423,-0.001665,-0.007116,0.704686,0.592248,9.826675
45.295000,0.088788,-0.006738,-0.007911,0.729135,0.555392,9.839577
45.300000,0.087305,-0.006550,-0.009753,0.731033,0.610140,9.836238
45.305000,0.091758,-0.009439,-0.002291,0.711291,0.611703,9.837714
45.310000,0.086680,-0.014369,-0.007432,0.717528,0.626373,9.898960
45.315000,0.090128,-0.002430,-0.006128,0.670832,0.626555,9.830888
45.320000,0.088145,-0.001528,-0.003701,0.719863,0.662811,9.795324
45.325000,0.086157,-0.003318,-0.006558,0.723469,0.593999,9.817636
45.330000,0.086181,-0.001039,-0.007835,0.681364,0.647935,9.834001
45.335000,0.082142,-0.002352,-0.003059,0.687763,0.643285,9.902997
45.340000,0.088444,-0.005319,-0.004527,0.744108,0.657954,9.818297
45.345000,0.087421,-0.000831,-0.008491,0.793462,0.607526,9.829542
45.350000,0.088491,-0.004357,-0.010199,0.686326,0.660145,9.866962
45.355000,0.085323,-0.005661,-0.009980,0.693594,0.609910,9.867306
45.360000,0.090191,0.000363,-0.003037,0.712102,0.713073,9.814481
45.365000,0.093295,-0.000845,-0.004898,0.794408,0.633841,9.857443
45.370000,0.088695,-0.006385,-0.008765,0.736596,0.639230,9.900858
45.375000,0.090049,-0.003839,-0.007253,0.722851,0.711748,9.833032
45.380000,0.087300,-0.001775,-0.005250,0.719495,0.679085,9.845088
45.385000,0.085487,-0.002651,-0.011037,0.717983,0.649633,9.816428
45.390000,0.090838,-0.006423,-0.005792,0.771662,0.676625,9.853555
45.395000,0.087060,0.000286,-0.005398,0.752673,0.664841,9.859952
45.400000,0.085059,-0.003386,-0.005624,0.733448,0.694084,9.848612
45.405000,0.094940,-0.000099,-0.005537,0.663828,0.668684,9.793608
45.410000,0.089133,-0.000779,0.000938,0.770783,0.688828,9.859184
45.415000,0.085487,-0.002828,-0.008230,0.803845,0.665573,9.825530
45.420000,0.087877,-0.000790,-0.004921,0.796481,0.643104,9.867189
45.425000,0.086673,0.002183,-0.006947,0.733650,0.694702,9.827333
45.430000,0.089360,-0.000746,-0.006635,0.742290,0.722038,9.859355
45.435000,0.089385,-0.000048,-0.008887,0.787080,0.656539,9.856464
45.440000,0.084688,0.003217,-0.005643,0.764844,0.693619,9.842905
45.445000,0.090043,0.004643,-0.001351,0.718171,0.695604,9.855816
45.450000,0.080962,0.002874,-0.005625,0.693144,0.722060,9.817978
45.455000,0.087695,0.000985,-0.004810,0.705822,0.704504,9.840088
45.460000,0.087875,-0.001639,-0.005854,0.722678,0.711364,9.854752
45.465000,0.081694,-0.000265,-0.003020,0.732454,0.676751,9.820551
45.470000,0.087933,0.002692,-0.002232,0.725415,0.753258,9.817985
45.475000,0.089911,-0.000044,-0.007266,0.716421,0.680802,9.831306
45.480000,0.085711,0.004337,-0.005408,0.727395,0.696146,9.780991
45.485000,0.089276,0.002055,-0.009330,0.755598,0.725885,9.841636
45.490000,0.082815,0.000963,-0.000294,0.751675,0.727448,9.818020
45.495000,0.084840,0.005320,-0.007647,0.743312,0.699101,9.817730
45.500000,0.089309,-0.000231,-0.004276,0.803698,0.744768,9.867330
45.505000,0.087420,0.002557,-0.005188,0.729644,0.724488,9.808339
45.510000,0.083541,0.001524,-0.006679,0.748516,0.755909,9.822627
45.515000,0.083512,0.000160,-0.007537,0.750902,0.755446,9.862178
45.520000,0.085021,0.006587,-0.009514,0.699115,0.710051,9.855723
45.525000,0.082405,0.001385,0.004579,0.713428,0.762287,9.930904
45.530000,0.082525,-0.000428,-0.006160,0.751555,0.778857,9.833631
45.535000,0.079671,-0.000574,-0.005510,0.729929,0.766738,9.839556
45.540000,0.081939,0.003798,-0.004696,0.762885,0.754652,9.788021
45.545000,0.086047,0.002202,-0.006052,0.732057,0.736111,9.835719
45.550000,0.081833,0.001464,-0.006605,0.723062,0.776411,9.875428
45.555000,0.083321,0.006043,-0.003932,0.705158,0.759085,9.810536
45.560000,0.085756,0.000992,-0.008319,0.705948,0.738791,9.828578
45.565000,0.084720,0.001528,-0.001207,0.720960,0.771310,9.850709
45.570000,0.081403,-0.000461,-0.002652,0.707040,0.794927,9.772902
45.575000,0.086328,0.003170,-0.003760,0.710258,0.756027,9.876419
45.580000,0.078798,0.001902,-0.002185,0.791319,0.797493,9.817267
45.585000,0.081257,0.003472,-0.008579,0.715364,0.839443,9.864271
45.590000,0.081677,0.006871,-0.002417,0.722145,0.809670,9.807802
45.595000,0.085222,0.003100,-0.005645,0.758483,0.740475,9.856332
45.600000,0.082430,-0.000519,-0.000929,0.741335,0.819113,9.825677
45.605000,0.087769,0.003100,-0.004828,0.762026,0.793872,9.810822
45.610000,0.084549,0.003446,-0.002047,0.709256,0.797698,9.834888
45.615000,0.082320,0.003683,-0.006457,0.751286,0.797331,9.829286
45.620000,0.081787,0.004085,-0.002709,0.739775,0.851460,9.845981
45.625000,0.079374,0.005972,-0.004058,0.766419,0.837004,9.859237
45.630000,0.080803,0.003047,-0.003810,0.760349,0.801873,9.830172
45.635000,0.075775,0.005476,-0.002003,0.743411,0.806223,9.816657
45.640000,0.080832,0.004967,-0.008687,0.762192,0.816586,9.766774
45.645000,0.076692,0.001532,-0.003226,0.743665,0.807096,9.822512
45.650000,0.082522,-0.001374,-0.008016,0.748903,0.833101,9.833550
45.655000,0.083829,0.007709,-0.004032,0.702085,0.796577,9.829992
45.660000,0.082571,0.010493,-0.005204,0.731568,0.823354,9.876669
45.665000,0.081230,0.008382,-0.005532,0.756067,0.863417,9.836476
45.670000,0.079379,0.008837,-0.008188,0.745297,0.813009,9.750022
45.675000,0.083930,0.004520,-0.010225,0.733494,0.879544,9.841889
45.680000,0.079630,0.006025,-0.004688,0.744561,0.873468,9.805272
45.685000,0.081389,0.008373,-0.002827,0.764061,0.863809,9.836441
45.690000,0.083371,0.009393,-0.000368,0.733798,0.845678,9.833902
45.695000,0.086783,0.006047,-0.006564,0.741808,0.870730,9.809937
45.700000,0.070123,0.003450,-0.008019,0.761592,0.830915,9.804237
45.705000,0.082322,0.009289,-0.003884,0.757420,0.874091,9.734821
45.710000,0.082502,0.003780,-0.001133,0.730385,0.837982,9.853140
45.715000,0.077924,0.008058,-0.008583,0.769109,0.873244,9.839671
45.720000,0.075551,0.001931,-0.001454,0.788453,0.873630,9.849968
45.725000,0.080374,0.005804,-0.011981,0.724502,0.884003,9.815174
45.730000,0.078161,0.003837,0.002051,0.729209,0.846075,9.752992
45.735000,0.072346,0.004452,-0.002195,0.755101,0.847375,9.791487
45.740000,0.077665,0.009472,-0.004758,0.735250,0.894125,9.771046
45.745000,0.070819,0.009225,0.000352,0.703357,0.836636,9.826313
45.750000,0.074872,0.006638,-0.004328,0.721556,0.871978,9.802298
45.755000,0.080398,0.010270,-0.006896,0.786072,0.926363,9.836733
45.760000,0.084407,0.009973,-0.001999,0.777940,0.842355,9.869483
45.765000,0.069299,0.005158,-0.007963,0.758399,0.891167,9.797653
45.770000,0.075677,0.007332,-0.010743,0.724101,0.866196,9.837375
45.775000,0.078125,0.008958,-0.004895,0.771630,0.897588,9.806644
45.780000,0.074998,0.012160,-0.004725,0.758060,0.855757,9.828579
45.785000,0.074298,0.008605,-0.003893,0.718252,0.846791,9.786007
45.790000,0.076357,0.005872,-0.007954,0.708211,0.898825,9.814132
45.795000,0.077864,0.008176,-0.004837,0.710791,0.844119,9.786283
45.800000,0.076611,0.007172,-0.006080,0.731508,0.864491,9.827744
45.805000,0.070623,0.006330,-0.004402,0.785522,0.899311,9.790199
45.810000,0.070603,0.007717,-0.008985,0.739407,0.827993,9.843772
45.815000,0.075595,0.003170,-0.002508,0.756337,0.912084,9.767456
45.820000,0.075487,0.007475,-0.007163,0.729727,0.868660,9.808986
45.825000,0.073146,0.011253,-0.010409,0.734782,0.950111,9.831147
45.830000,0.074971,0.010811,-0.005422,0.748470,0.908828,9.800516
45.835000,0.078510,0.011049,-0.006716,0.711225,0.887220,9.807162
45.840000,0.077831,0.007750,-0.003937,0.725974,0.900784,9.841366
45.845000,0.074646,0.013625,-0.005919,0.775670,0.894620,9.823491
45.850000,0.075502,0.007976,-0.002980,0.720844,0.986001,9.845741
45.855000,0.070361,0.006536,-0.006423,0.751269,0.932170,9.775076
45.860000,0.077519,0.008351,-0.000982,0.687415,0.916908,9.802047
45.865000,0.074431,0.009353,-0.007708,0.731136,0.974275,9.833013
45.870000,0.077327,0.010345,-0.006723,0.768481,0.908093,9.831775
45.875000,0.071687,0.007967,-0.000627,0.767453,0.971501,9.812993
45.880000,0.067093,0.011195,-0.001428,0.765710,0.923060,9.838344
45.885000,0.071713,0.011347,-0.005802,0.731945,0.955043,9.778431
45.890000,0.070298,0.011411,-0.001821,0.775474,0.938844,9.797452
45.895000,0.074256,0.010151,0.001637,0.780795,0.956226,9.755102
45.900000,0.071211,0.013491,-0.007164,0.816201,0.957336,9.832732
45.905000,0.071349,0.011758,-0.001248,0.724742,0.962012,9.817113
45.910000,0.069819,0.011771,-0.005040,0.734589,0.967365,9.795311
45.915000,0.074431,0.013233,-0.002546,0.709945,0.905450,9.819060
45.920000,0.070049,0.011212,-0.005776,0.719119,0.962019,9.831065
45.925000,0.074023,0.010128,-0.001284,0.791684,0.952058,9.839851
45.930000,0.074752,0.004103,-0.003273,0.710754,0.969680,9.875929
45.935000,0.069893,0.008823,-0.000334,0.716268,1.006871,9.798423
45.940000,0.075112,0.009419,-0.006246,0.739083,0.980182,9.772987
45.945000,0.076720,0.013369,-0.000031,0.748576,0.950861,9.749895
45.950000,0.075678,0.012596,-0.005147,0.753162,0.959423,9.839366
45.955000,0.073782,0.009208,-0.005218,0.742117,0.953858,9.835210
45.960000,0.068122,0.008737,0.000550,0.724425,0.977330,9.798760
45.965000,0.068624,0.009310,-0.006597,0.709236,0.989870,9.817157
45.970000,0.068981,0.010439,-0.003155,0.703015,1.005316,9.790617
45.975000,0.069785,0.014660,-0.000258,0.745611,0.984069,9.817615
45.980000,0.075319,0.013419,-0.002914,0.810125,1.013752,9.879767
45.985000,0.069166,0.011073,-0.003237,0.757005,0.983448,9.827653
45.990000,0.067121,0.013214,-0.002686,0.728930,0.969586,9.815817
45.995000,0.066654,0.010951,-0.005494,0.778488,1.023350,9.803869
46.000000,0.073090,0.015605,-0.002274,0.748677,1.039110,9.818090
46.005000,0.068853,0.012390,-0.002915,0.747467,0.998076,9.772589
46.010000,0.067702,0.007907,-0.004230,0.721125,0.953704,9.797664
46.015000,0.069166,0.010906,-0.006081,0.758726,0.989291,9.821364
46.020000,0.062532,0.015778,-0.003056,0.729992,1.023514,9.804172
46.025000,0.066654,0.013456,0.002399,0.712184,1.011618,9.785754
46.030000,0.064686,0.017607,-0.010546,0.720859,0.974811,9.806114
46.035000,0.069983,0.013142,-0.007134,0.729676,0.990522,9.798120
46.040000,0.066458,0.010868,-0.001470,0.743221,1.002280,9.804845
46.045000,0.069092,0.017311,-0.003870,0.725333,0.940798,9.820788
46.050000,0.066627,0.017935,0.000944,0.814955,1.028502,9.832827
46.055000,0.070428,0.015853,-0.006915,0.764909,0.969150,9.806912
46.060000,0.061392,0.012813,-0.003685,0.725563,0.978345,9.725593
46.065000,0.065799,0.013540,-0.000342,0.796906,0.928480,9.835640
46.070000,0.059840,0.014135,-0.006652,0.720108,0.983228,9.798021
46.075000,0.068334,0.016435,-0.005560,0.688435,0.991876,9.832002
46.080000,0.063843,0.010107,-0.001060,0.697782,1.025929,9.858950
46.085000,0.065591,0.014567,-0.003081,0.665411,0.965178,9.803040
46.090000,0.066059,0.017271,0.001185,0.720576,1.026485,9.774851
46.095000,0.063560,0.020601,0.005237,0.751939,1.025704,9.813756
46.100000,0.062879,0.013031,-0.002033,0.712471,1.033949,9.850728
46.105000,0.065162,0.015726,-0.004704,0.748537,1.006553,9.840873
46.110000,0.065257,0.015925,0.001289,0.712036,0.960758,9.772490
46.115000,0.059993,0.010614,-0.003177,0.713371,1.034190,9.843126
46.120000,0.060812,0.012414,-0.005390,0.703769,1.003144,9.811571
46.125000,0.066296,0.011116,-0.002312,0.705010,1.042442,9.813610
46.130000,0.065216,0.018191,-0.003992,0.735510,1.057880,9.751572
46.135000,0.062543,0.018073,-0.006208,0.725285,1.028892,9.857410
46.140000,0.070138,0.015186,-0.001401,0.750941,1.060029,9.782301
46.145000,0.061669,0.016702,-0.001966,0.743279,1.074942,9.761550
46.150000,0.062947,0.012332,-0.002951,0.700954,1.031404,9.800449
46.155000,0.059357,0.015184,-0.006169,0.765863,1.095271,9.739545
46.160000,0.061005,0.017571,-0.007915,0.722152,1.079496,9.803714
46.165000,0.063182,0.015136,-0.003198,0.767393,1.059260,9.827807
46.170000,0.057838,0.018096,-0.002069,0.758700,1.064930,9.835319
46.175000,0.060048,0.014241,-0.004757,0.801258,1.064722,9.802569
46.180000,0.061586,0.015274,-0.006568,0.709895,1.018689,9.806104
46.185000,0.061119,0.016694,0.001374,0.714061,1.078250,9.808317
46.190000,0.058582,0.017238,-0.000445,0.770373,1.068025,9.790012
46.195000,0.062955,0.015547,-0.002016,0.692399,1.014871,9.824752
46.200000,0.061105,0.016576,0.001139,0.695739,1.096368,9.835863
46.205000,0.062423,0.016848,-0.007258,0.731740,1.019440,9.820568
46.210000,0.062142,0.017709,-0.003663,0.731090,1.011121,9.820144
46.215000,0.061110,0.017304,-0.000767,0.747843,1.092376,9.835873
46.220000,0.062180,0.013911,0.001506,0.711948,1.034360,9.737719
46.225000,0.055652,0.025062,-0.003878,0.753497,1.092338,9.817531
46.230000,0.058491,0.016968,-0.005629,0.694858,1.070876,9.779809
46.235000,0.057864,0.014233,-0.001387,0.730700,1.116852,9.832830
46.240000,0.058228,0.020332,0.000971,0.725085,1.046866,9.761286
46.245000,0.060327,0.017321,0.000651,0.750321,1.078141,9.774019
46.250000,0.060326,0.018864,-0.003335,0.680807,1.082839,9.814828
46.255000,0.053873,0.021120,-0.002564,0.688919,1.118934,9.808660
46.260000,0.052266,0.016665,-0.002466,0.745102,1.088445,9.844699
46.265000,0.061126,0.016829,-0.002720,0.710483,1.070747,9.780724
46.270000,0.055424,0.018544,0.003884,0.693119,1.038043,9.762648
46.275000,0.063168,0.021575,-0.003354,0.726312,1.062496,9.826438
46.280000,0.048050,0.022007,-0.004976,0.725798,1.091695,9.804176
46.285000,0.056478,0.020056,-0.005851,0.725154,1.101015,9.777267
46.290000,0.052595,0.017585,-0.000547,0.771961,1.090648,9.769033
46.295000,0.057744,0.020038,-0.003877,0.679093,1.104515,9.830194
46.300000,0.054797,0.017562,-0.005020,0.691951,1.135381,9.816216
46.305000,0.052860,0.014821,-0.003913,0.673804,1.049178,9.781299
46.310000,0.056804,0.015400,-0.005711,0.701912,1.055126,9.786663
46.315000,0.058656,0.019782,-0.000439,0.721024,1.054022,9.838553
46.320000,0.054424,0.017591,0.001384,0.659554,1.139749,9.784282
46.325000,0.060236,0.017419,-0.006600,0.715532,1.112565,9.821769
46.330000,0.054542,0.016122,0.000435,0.704486,1.089899,9.834035
46.335000,0.055605,0.022005,-0.007841,0.665154,1.132786,9.795797
46.340000,0.052733,0.017498,-0.006481,0.702979,1.157652,9.789104
46.345000,0.050760,0.022119,-0.001827,0.751474,1.168636,9.776433
46.350000,0.049345,0.014657,0.001986,0.696258,1.134104,9.793230
46.355000,0.050379,0.012304,0.000093,0.734641,1.088562,9.791318
46.360000,0.046126,0.024579,-0.006440,0.697323,1.085225,9.796405
46.365000,0.056450,0.021159,0.000405,0.715304,1.153765,9.781897
46.370000,0.051331,0.018872,-0.005044,0.696105,1.141806,9.787948
46.375000,0.054138,0.017302,-0.002772,0.700219,1.079875,9.778883
46.380000,0.052456,0.019180,-0.004782,0.619246,1.068694,9.813407
46.385000,0.054599,0.020108,0.001110,0.709291,1.126131,9.824849
46.390000,0.049438,0.016894,-0.002630,0.715900,1.083589,9.758016
46.395000,0.048884,0.018662,-0.003725,0.715526,1.096369,9.824509
46.400000,0.045210,0.024011,-0.001113,0.722961,1.142732,9.797036
46.405000,0.044808,0.022411,-0.006871,0.691307,1.146000,9.766507
46.410000,0.053440,0.018246,0.000087,0.722760,1.124331,9.810008
46.415000,0.046904,0.020396,-0.000829,0.732112,1.138878,9.748712
46.420000,0.048306,0.021070,-0.003399,0.707409,1.135044,9.812224
46.425000,0.050529,0.018540,-0.002936,0.724579,1.087738,9.792742
46.430000,0.055471,0.020634,0.001082,0.613453,1.101879,9.791161
46.435000,0.048174,0.020151,-0.004041,0.681384,1.150886,9.806292
46.440000,0.047444,0.020394,-0.001382,0.725938,1.082911,9.806887
46.445000,0.050635,0.020529,0.001606,0.665663,1.096490,9.813458
46.450000,0.045048,0.023599,0.003007,0.630112,1.110302,9.796483
46.455000,0.048469,0.023270,-0.002333,0.731427,1.127766,9.774230
46.460000,0.046747,0.015491,-0.003685,0.678686,1.105542,9.779184
46.465000,0.049739,0.025272,-0.002951,0.651116,1.115648,9.778845
46.470000,0.045410,0.019127,-0.003930,0.766064,1.105334,9.785390
46.475000,0.044664,0.026292,-0.004234,0.702495,1.107741,9.771663
46.480000,0.047013,0.030066,-0.000132,0.694142,1.135757,9.807129
46.485000,0.044757,0.021910,-0.000197,0.676555,1.144857,9.793817
46.490000,0.046274,0.025894,-0.003195,0.667790,1.108831,9.848685
46.495000,0.042418,0.024842,-0.000005,0.676649,1.154189,9.750550
46.500000,0.044354,0.022429,-0.003318,0.700525,1.195451,9.788414
46.505000,0.043146,0.024651,-0.003398,0.645665,1.089295,9.808044
46.510000,0.042960,0.025224,-0.002014,0.681616,1.109574,9.800429
46.515000,0.050378,0.022411,-0.001932,0.676113,1.089443,9.761635
46.520000,0.043343,0.021385,-0.004036,0.685074,1.120873,9.805376
46.525000,0.040673,0.016736,-0.000713,0.694798,1.179883,9.857639
46.530000,0.040065,0.029607,-0.004987,0.688318,1.109524,9.796437
46.535000,0.038951,0.023911,-0.008282,0.728216,1.173092,9.762186
46.540000,0.044079,0.023929,-0.006912,0.719086,1.127516,9.803819
46.545000,0.041782,0.028270,-0.004710,0.676165,1.125174,9.735468
46.550000,0.041087,0.021936,-0.003650,0.658832,1.102928,9.806957
46.555000,0.043107,0.022254,-0.003898,0.645092,1.155257,9.715319
46.560000,0.043364,0.028468,-0.007978,0.681142,1.079679,9.757055
46.565000,0.036060,0.021131,-0.003200,0.693309,1.152239,9.750945
46.570000,0.038209,0.023406,0.000015,0.726795,1.137269,9.743312
46.575000,0.045957,0.022657,-0.006105,0.639850,1.162761,9.775780
46.580000,0.044187,0.026321,-0.001503,0.596546,1.155761,9.778128
46.585000,0.044475,0.028345,0.004557,0.675685,1.115978,9.798295
46.590000,0.041671,0.028870,-0.006207,0.678050,1.124791,9.805065
46.595000,0.038027,0.022821,-0.002361,0.657233,1.119984,9.755598
46.600000,0.038939,0.031134,0.000421,0.654850,1.135671,9.734323
46.605000,0.039085,0.027003,-0.006904,0.649476,1.190310,9.799401
46.610000,0.044242,0.022139,-0.000515,0.657373,1.116617,9.818047
46.615000,0.041108,0.022994,-0.002657,0.698927,1.203499,9.769806
46.620000,0.037094,0.027667,-0.005301,0.684459,1.182717,9.845911
46.625000,0.037246,0.026022,-0.004865,0.657081,1.179015,9.801191
46.630000,0.033202,0.025139,-0.007660,0.677788,1.135616,9.820318
46.635000,0.032566,0.025804,0.004492,0.661528,1.152840,9.778241
46.640000,0.041137,0.028883,0.000369,0.668403,1.100825,9.804997
46.645000,0.038213,0.027205,-0.005017,0.733776,1.108030,9.779786
46.650000,0.036038,0.027447,-0.000662,0.666489,1.146258,9.754811
46.655000,0.039198,0.027726,-0.000522,0.665409,1.132778,9.814566
46.660000,0.038461,0.025262,0.002194,0.625404,1.135984,9.780717
46.665000,0.039254,0.024432,-0.002409,0.678114,1.139685,9.856620
46.670000,0.040719,0.028645,0.002363,0.680959,1.175761,9.862203
46.675000,0.036319,0.028542,-0.003946,0.700808,1.182164,9.789426
46.680000,0.034233,0.027489,-0.002118,0.636031,1.172433,9.780026
46.685000,0.038036,0.026135,0.001224,0.704028,1.188026,9.790614
46.690000,0.037799,0.025603,-0.002365,0.648977,1.173039,9.747113
46.695000,0.030136,0.025831,-0.007589,0.638560,1.161333,9.751215
46.700000,0.038333,0.026318,-0.002141,0.678097,1.213127,9.795682
46.705000,0.034451,0.025710,-0.000724,0.698901,1.152695,9.781408
46.710000,0.032253,0.022893,0.003020,0.641881,1.196173,9.743351
46.715000,0.038055,0.023580,-0.006118,0.651067,1.091778,9.812657
46.720000,0.033430,0.029989,0.000642,0.678395,1.132898,9.823071
46.725000,0.036352,0.028390,-0.004024,0.696913,1.146366,9.794259
46.730000,0.031661,0.026047,-0.004293,0.689559,1.101782,9.803274
46.735000,0.032912,0.027429,-0.004241,0.643214,1.105307,9.738628
46.740000,0.034871,0.030745,-0.004288,0.650676,1.160201,9.821944
46.745000,0.033190,0.018811,0.001906,0.681266,1.165282,9.787709
46.750000,0.032709,0.024463,-0.001031,0.645055,1.117345,9.802822
46.755000,0.031668,0.024382,-0.003854,0.663990,1.159543,9.754206
46.760000,0.033182,0.029071,-0.002062,0.686252,1.149152,9.837890
46.765000,0.029656,0.025228,0.000364,0.616319,1.146037,9.807326
46.770000,0.032066,0.023575,-0.002230,0.565234,1.142453,9.741766
46.775000,0.036053,0.031388,-0.003690,0.666910,1.116301,9.795416
46.780000,0.025601,0.031974,0.002856,0.691195,1.195078,9.783806
46.785000,0.031485,0.030199,-0.005828,0.643919,1.144247,9.817972
46.790000,0.034251,0.030762,-0.003520,0.671807,1.151382,9.756196
46.795000,0.028658,0.026334,-0.000822,0.604607,1.173018,9.793853
46.800000,0.024940,0.027338,-0.000782,0.600319,1.177516,9.795298
46.805000,0.029245,0.028940,-0.004597,0.613200,1.161985,9.778253
46.810000,0.028886,0.027723,-0.001254,0.641788,1.152786,9.768628
46.815000,0.028989,0.027302,-0.000976,0.647196,1.174681,9.769908
46.820000,0.030079,0.031511,-0.002715,0.643887,1.179287,9.844196
46.825000,0.028902,0.027895,-0.000622,0.595753,1.149624,9.825072
46.830000,0.028740,0.030323,-0.000091,0.597944,1.168430,9.795882
46.835000,0.027182,0.025202,0.006824,0.652376,1.179612,9.830842
46.840000,0.029741,0.028695,-0.002569,0.658889,1.136001,9.830325
46.845000,0.025031,0.030017,0.000180,0.625842,1.202708,9.785620
46.850000,0.024834,0.032597,-0.002432,0.553376,1.173702,9.789503
46.855000,0.024552,0.032420,-0.001254,0.630152,1.178913,9.751651
46.860000,0.028714,0.029295,0.002748,0.613906,1.151634,9.816540
46.865000,0.029282,0.031261,0.001741,0.645406,1.123320,9.808527
46.870000,0.023192,0.027874,-0.001334,0.659640,1.140466,9.769673
46.875000,0.021609,0.028645,0.000946,0.673382,1.220567,9.828038
46.880000,0.023752,0.030153,-0.004841,0.618504,1.148789,9.785663
46.885000,0.020757,0.032271,0.007357,0.630277,1.132936,9.783916
46.890000,0.023935,0.034818,-0.002000,0.697188,1.138689,9.788656
46.895000,0.023664,0.026495,0.001520,0.638956,1.143839,9.764196
46.900000,0.024670,0.030021,-0.001710,0.642137,1.170348,9.788518
46.905000,0.020757,0.034432,-0.000319,0.622405,1.126256,9.809164
46.910000,0.025450,0.030863,-0.004330,0.619491,1.195694,9.823572
46.915000,0.017618,0.031706,-0.006209,0.613380,1.163955,9.796177
46.920000,0.021914,0.026947,-0.001374,0.641346,1.165556,9.804501
46.925000,0.017180,0.028735,-0.002140,0.621929,1.166722,9.785023
46.930000,0.021635,0.033758,-0.000758,0.621726,1.187795,9.771300
46.935000,0.019580,0.033065,-0.000065,0.647307,1.155270,9.767741
46.940000,0.019752,0.028202,0.002621,0.608916,1.155190,9.820721
46.945000,0.016550,0.032203,0.002363,0.643676,1.101909,9.803158
46.950000,0.016551,0.029248,0.000101,0.634955,1.109270,9.754429
46.955000,0.016440,0.025955,0.001398,0.559530,1.155767,9.795148
46.960000,0.019032,0.033555,-0.000020,0.614575,1.167664,9.787392
46.965000,0.020352,0.032438,-0.003649,0.665357,1.212222,9.781803
46.970000,0.011953,0.031513,0.001106,0.599195,1.108300,9.795526
46.975000,0.018703,0.030499,0.000541,0.558616,1.179690,9.716690
46.980000,0.018078,0.030274,0.003661,0.585676,1.183694,9.765666
46.985000,0.015209,0.031031,-0.005243,0.618338,1.112247,9.826297
46.990000,0.014220,0.032422,0.000591,0.603408,1.162197,9.799388
46.995000,0.015005,0.031454,0.000288,0.608331,1.194485,9.778417
47.000000,0.016332,0.032136,-0.001823,0.614025,1.170128,9.745430
47.005000,0.016416,0.033295,-0.000921,0.645431,1.144308,9.765744
47.010000,0.024116,0.034669,-0.001928,0.616496,1.148821,9.797970
47.015000,0.023719,0.033701,-0.002400,0.579710,1.171418,9.784352
47.020000,0.018590,0.029031,0.000176,0.547232,1.110000,9.753008
47.025000,0.011796,0.032900,-0.004693,0.542537,1.145753,9.837141
47.030000,0.011704,0.029526,0.000281,0.566959,1.142853,9.779538
47.035000,0.018119,0.028560,-0.002816,0.598539,1.206073,9.763890
47.040000,0.020256,0.026293,0.001803,0.590481,1.161653,9.771518
47.045000,0.013460,0.037845,-0.004266,0.592970,1.139798,9.829025
47.050000,0.016171,0.031616,-0.004694,0.598784,1.132196,9.814502
47.055000,0.015272,0.036670,-0.001624,0.607123,1.082457,9.794754
47.060000,0.016618,0.039507,-0.005908,0.639617,1.146615,9.801821
47.065000,0.009671,0.032989,0.005684,0.590951,1.118955,9.790834
47.070000,0.013599,0.029443,-0.001497,0.625777,1.210316,9.812976
47.075000,0.011475,0.037175,0.001353,0.626084,1.168006,9.821974
47.080000,0.015207,0.032795,-0.002643,0.612814,1.129292,9.812772
47.085000,0.010941,0.034693,-0.001172,0.586649,1.147631,9.781668
47.090000,0.010107,0.035020,-0.001155,0.566029,1.159560,9.787297
47.095000,0.008400,0.030863,0.000794,0.586854,1.094897,9.755701
47.100000,0.012741,0.032941,0.000219,0.604877,1.174167,9.833070
47.105000,0.010605,0.030390,-0.000907,0.572782,1.127731,9.772982
47.110000,0.011768,0.032768,-0.000591,0.579768,1.084788,9.790196
47.115000,0.009828,0.031599,0.006729,0.582262,1.177662,9.765405
47.120000,0.011079,0.034643,-0.000149,0.568697,1.146871,9.791514
47.125000,0.010483,0.035836,0.004240,0.553678,1.105692,9.793454
47.130000,0.013593,0.032951,0.002312,0.580557,1.150563,9.819301
47.135000,0.008549,0.034878,-0.003186,0.544221,1.100438,9.779270
47.140000,0.006767,0.036920,0.001211,0.589091,1.146984,9.794837
47.145000,0.008407,0.027598,-0.000634,0.630365,1.108403,9.789586
47.150000,0.010655,0.035488,-0.000738,0.598594,1.148416,9.769065
47.155000,0.006983,0.032988,0.000788,0.524307,1.111385,9.874607
47.160000,0.014594,0.036160,-0.005219,0.622156,1.125714,9.835899
47.165000,0.010132,0.033688,0.003038,0.544688,1.143366,9.816937
47.170000,0.008910,0.033839,-0.003400,0.594904,1.140227,9.790104
47.175000,0.003529,0.035590,0.004666,0.593517,1.093166,9.806727
47.180000,0.006815,0.028797,-0.000068,0.570594,1.137976,9.795764
47.185000,0.010376,0.043321,-0.001158,0.534634,1.134244,9.786221
47.190000,0.008087,0.036060,-0.001514,0.590208,1.156555,9.824733
47.195000,0.007287,0.033226,0.001515,0.562339,1.164930,9.756655
47.200000,0.009402,0.032276,0.002438,0.615031,1.170199,9.769808
47.205000,0.006328,0.032611,0.000765,0.568220,1.101949,9.804202
47.210000,0.006496,0.034854,-0.004171,0.586567,1.119127,9.844502
47.215000,0.001633,0.032994,-0.001357,0.488784,1.113421,9.794454
47.220000,0.008553,0.040518,0.004037,0.550167,1.088483,9.836539
47.225000,-0.001388,0.033601,-0.002567,0.561748,1.145703,9.769665
47.230000,0.003095,0.032051,0.003048,0.509383,1.083326,9.793848
47.235000,0.004387,0.041948,-0.001226,0.563551,1.104826,9.759343
47.240000,0.004017,0.038411,-0.004136,0.530971,1.083560,9.778313
47.245000,0.003087,0.041512,-0.000561,0.586680,1.138663,9.742470
47.250000,-0.002771,0.038210,0.000210,0.514241,1.081250,9.834793
47.255000,0.006509,0.039409,0.004047,0.559503,1.128866,9.790119
47.260000,0.003713,0.037848,-0.001492,0.523234,1.164023,9.790268
47.265000,-0.005333,0.040241,0.001422,0.550269,1.164665,9.831617
47.270000,0.007556,0.037564,0.007058,0.537877,1.124419,9.843940
47.275000,0.001113,0.041079,0.004188,0.502808,1.076910,9.803053
47.280000,0.005469,0.035379,-0.002907,0.536497,1.069978,9.775466
47.285000,0.000160,0.039857,0.002719,0.501003,1.084882,9.801703
47.290000,-0.002142,0.030616,-0.000016,0.547999,1.089354,9.793475
47.295000,-0.000339,0.029366,-0.001492,0.555340,1.124772,9.765574
47.300000,0.002207,0.039248,-0.000383,0.581041,1.084844,9.802514
47.305000,0.001365,0.035839,0.000079,0.550173,1.072328,9.767602
47.310000,-0.000086,0.035891,-0.002282,0.528387,1.081033,9.813253
47.315000,-0.001146,0.037115,0.003911,0.487097,1.044672,9.807390
47.320000,-0.003467,0.035015,0.001218,0.533528,1.116805,9.793146
47.325000,-0.005593,0.039335,0.001075,0.443666,1.097855,9.813342
47.330000,-0.005009,0.035649,-0.001849,0.513808,1.050439,9.846899
47.335000,0.000791,0.040994,0.003135,0.552449,1.078168,9.772905
47.340000,-0.008563,0.035293,-0.003009,0.541966,1.001102,9.828778
47.345000,0.005846,0.039490,0.000093,0.526468,1.094161,9.817737
47.350000,0.000317,0.039784,0.002097,0.519628,1.109415,9.802933
47.355000,-0.004656,0.035814,0.006900,0.527514,1.111391,9.778177
47.360000,-0.001571,0.039946,0.009323,0.494864,1.062682,9.746551
47.365000,-0.003150,0.035063,0.000529,0.593729,1.086742,9.825540
47.370000,-0.006103,0.038851,0.003902,0.512948,1.030239,9.770068
47.375000,-0.008632,0.036856,-0.000043,0.494554,1.092914,9.720002
47.380000,0.001248,0.039039,0.006148,0.524183,1.080765,9.835004
47.385000,-0.005991,0.037210,0.002443,0.570721,1.107775,9.777744
47.390000,-0.009458,0.036029,0.006702,0.474441,1.067479,9.798573
47.395000,-0.004467,0.037503,0.006121,0.516868,1.093208,9.853166
47.400000,-0.006098,0.032920,-0.004079,0.551230,1.037729,9.839659
47.405000,-0.009099,0.037031,0.000107,0.534265,1.037472,9.824806
47.410000,-0.009821,0.039593,-0.002827,0.483848,1.020004,9.781962
47.415000,-0.003653,0.037181,0.000577,0.488667,1.049083,9.793702
47.420000,-0.001919,0.038163,0.001065,0.521956,1.021072,9.831086
47.425000,-0.008679,0.037614,0.005564,0.438061,1.036165,9.768441
47.430000,-0.002604,0.037632,0.001501,0.440373,1.101085,9.764753
47.435000,-0.011459,0.031910,0.001819,0.468938,0.977313,9.815345
47.440000,-0.011293,0.038908,0.000238,0.528073,1.074227,9.774898
47.445000,-0.009551,0.035704,-0.000810,0.511672,1.003851,9.859918
47.450000,-0.015559,0.038406,0.005650,0.495789,1.028962,9.784025
47.455000,-0.004998,0.040043,-0.000641,0.501487,0.987370,9.841505
47.460000,-0.005273,0.039822,0.006559,0.475837,1.098136,9.881292
47.465000,-0.011642,0.037525,0.003892,0.460511,1.001470,9.812093
47.470000,-0.009948,0.036910,0.001292,0.554820,1.060040,9.766493
47.475000,-0.012767,0.040363,-0.000228,0.500440,1.034492,9.804265
47.480000,-0.008827,0.037040,0.003909,0.523017,1.025338,9.807459
47.485000,-0.007405,0.036350,0.000653,0.505494,1.036566,9.774888
47.490000,-0.009164,0.033062,0.005139,0.559139,0.991485,9.796320
47.495000,-0.010805,0.043353,0.006034,0.497965,1.042838,9.824207
47.500000,-0.005600,0.042475,0.006109,0.487803,1.015122,9.793447
47.505000,-0.014113,0.040232,-0.005120,0.485055,1.003506,9.773949
47.510000,-0.020016,0.033689,0.002098,0.526724,1.081002,9.786950
47.515000,-0.017274,0.042793,-0.000958,0.478313,1.005468,9.778059
47.520000,-0.011881,0.039010,0.001146,0.477968,1.069044,9.765455
47.525000,-0.009706,0.035835,0.005572,0.465099,0.948970,9.836036
47.530000,-0.015292,0.036922,0.001874,0.487471,1.039237,9.786850
47.535000,-0.017071,0.040576,-0.000539,0.480474,1.004672,9.836291
47.540000,-0.011644,0.044987,0.003283,0.447646,0.989351,9.728312
47.545000,-0.013724,0.038780,0.005447,0.472728,1.027816,9.811068
47.550000,-0.014160,0.043285,-0.004071,0.461115,0.944259,9.842656
47.555000,-0.013017,0.035448,-0.000378,0.441207,1.037579,9.814654
47.560000,-0.008518,0.036221,0.002852,0.444935,1.009323,9.816541
47.565000,-0.013045,0.042091,0.001573,0.431952,1.001623,9.824443
47.570000,-0.014862,0.039149,-0.001045,0.472870,0.973850,9.832660
47.575000,-0.016023,0.040381,0.000794,0.536987,0.990221,9.796927
47.580000,-0.017001,0.035178,-0.000421,0.465236,0.954414,9.797875
47.585000,-0.012950,0.042845,0.003155,0.425040,0.982268,9.780823
47.590000,-0.020876,0.040564,0.001633,0.439135,0.991198,9.828531
47.595000,-0.015115,0.050331,0.005051,0.470486,1.032280,9.800633
47.600000,-0.016280,0.038406,0.003327,0.425026,0.992710,9.798960
47.605000,-0.013016,0.031873,-0.002124,0.482131,0.980936,9.861856
47.610000,-0.016638,0.035393,0.000776,0.408574,0.974952,9.814477
47.615000,-0.018821,0.041604,-0.000449,0.442429,0.970117,9.802995
47.620000,-0.021479,0.039202,0.003550,0.438064,1.003457,9.810171
47.625000,-0.019833,0.039934,0.001643,0.466409,1.019117,9.857575
47.630000,-0.018521,0.035092,0.005690,0.388451,1.019490,9.748502
47.635000,-0.020735,0.033980,0.004274,0.535044,0.972487,9.854784
47.640000,-0.015566,0.038529,0.002456,0.451214,0.967235,9.847492
47.645000,-0.018108,0.043939,0.006198,0.454007,0.962985,9.836825
47.650000,-0.022658,0.039365,0.006362,0.447428,0.987383,9.872525
47.655000,-0.019719,0.042305,0.000392,0.474004,0.992272,9.773769
47.660000,-0.014782,0.035870,-0.000408,0.409450,0.953861,9.802290
47.665000,-0.025866,0.040757,0.000700,0.470980,0.924375,9.831305
47.670000,-0.017424,0.034454,0.005177,0.402717,0.940500,9.887605
47.675000,-0.021265,0.032432,0.001893,0.430135,0.945196,9.855420
47.680000,-0.023157,0.038145,0.005308,0.401486,0.965287,9.780572
47.685000,-0.021806,0.043999,-0.000833,0.456234,0.933448,9.778448
47.690000,-0.025012,0.038249,0.001530,0.447898,0.934251,9.864267
47.695000,-0.024075,0.038702,-0.001634,0.435915,0.975758,9.787897
47.700000,-0.021494,0.041878,0.000910,0.362144,0.925818,9.829161
47.705000,-0.024124,0.037457,-0.000182,0.385504,0.971941,9.821534
47.710000,-0.027985,0.042651,0.001916,0.411313,0.935869,9.819710
47.715000,-0.024189,0.042149,0.006559,0.380625,0.914070,9.845120
47.720000,-0.021894,0.038337,0.001658,0.372232,0.886296,9.821754
47.725000,-0.023187,0.041691,0.006859,0.390668,0.902305,9.819840
47.730000,-0.025666,0.040069,0.001460,0.410780,0.902824,9.803340
47.735000,-0.023603,0.040923,0.007451,0.439001,0.930874,9.810301
47.740000,-0.024869,0.040854,0.000860,0.464488,0.893484,9.875133
47.745000,-0.029550,0.040799,0.000271,0.434881,0.958162,9.777715
47.750000,-0.019901,0.044157,0.003016,0.390649,0.874890,9.806732
47.755000,-0.022102,0.037276,0.001023,0.440740,0.942841,9.792123
47.760000,-0.031963,0.043034,-0.001934,0.411762,0.864642,9.838187
47.765000,-0.023691,0.043735,0.003234,0.426787,0.900666,9.847207
47.770000,-0.032309,0.040251,-0.001251,0.411092,0.872860,9.856856
47.775000,-0.024082,0.040991,0.006412,0.384137,0.891949,9.858832
47.780000,-0.025201,0.037871,0.006861,0.431541,0.831469,9.840441
47.785000,-0.030968,0.039624,0.001875,0.377974,0.917580,9.798561
47.790000,-0.027948,0.043300,0.001856,0.384261,0.876068,9.783055
47.795000,-0.024585,0.043748,-0.000191,0.357462,0.833867,9.858309
47.800000,-0.028778,0.040802,0.005322,0.383744,0.858223,9.834918
47.805000,-0.028822,0.039112,0.001312,0.366818,0.902444,9.867743
47.810000,-0.028856,0.045933,0.007386,0.383781,0.832533,9.785834
47.815000,-0.030360,0.039368,0.005511,0.436063,0.846684,9.819881
47.820000,-0.032711,0.038750,0.009495,0.404277,0.885989,9.806519
47.825000,-0.028846,0.037462,0.004531,0.390631,0.830393,9.813643
47.830000,-0.030803,0.046929,0.004480,0.426908,0.895950,9.825291
47.835000,-0.032973,0.038905,0.000314,0.362167,0.904502,9.841336
47.840000,-0.030168,0.044119,0.001425,0.362279,0.854357,9.837264
47.845000,-0.027647,0.040726,0.000903,0.366825,0.868801,9.854339
47.850000,-0.030140,0.040294,0.000794,0.381431,0.849804,9.824007
47.855000,-0.029771,0.037210,0.007734,0.361141,0.874405,9.841086
47.860000,-0.028157,0.038323,-0.000486,0.384814,0.818457,9.906560
47.865000,-0.036892,0.038107,0.001871,0.389461,0.835530,9.836548
47.870000,-0.036978,0.039873,0.006916,0.389914,0.893529,9.832337
47.875000,-0.035827,0.040613,0.003163,0.390301,0.837624,9.792255
47.880000,-0.037068,0.041286,0.003055,0.360392,0.836276,9.821874
47.885000,-0.035192,0.040683,0.006106,0.408471,0.837500,9.819639
47.890000,-0.031572,0.043805,-0.001422,0.375763,0.854884,9.815940
47.895000,-0.034518,0.040772,0.002529,0.377779,0.872310,9.818071
47.900000,-0.034578,0.041781,0.003793,0.428632,0.825310,9.824355
47.905000,-0.035810,0.044845,0.009611,0.343269,0.796038,9.833965
47.910000,-0.030967,0.042291,0.001847,0.367279,0.807265,9.798508
47.915000,-0.029699,0.043250,0.007784,0.347709,0.863761,9.851008
47.920000,-0.033302,0.039760,0.004425,0.411050,0.786538,9.859834
47.925000,-0.029020,0.036759,0.003382,0.322382,0.813246,9.796961
47.930000,-0.035431,0.039925,0.001006,0.358995,0.818382,9.829526
47.935000,-0.033693,0.042569,0.004311,0.334705,0.869035,9.828474
47.940000,-0.030889,0.046295,0.006950,0.306134,0.800047,9.860856
47.945000,-0.036139,0.045159,0.000159,0.339726,0.814322,9.782969
47.950000,-0.035170,0.042932,0.008625,0.418713,0.786009,9.822244
47.955000,-0.039826,0.042531,0.004021,0.341574,0.750839,9.827720
47.960000,-0.036317,0.040478,-0.000682,0.366603,0.745131,9.851810
47.965000,-0.036069,0.040793,-0.000539,0.398438,0.804658,9.824662
47.970000,-0.036899,0.039105,0.004163,0.272279,0.756111,9.807098
47.975000,-0.035333,0.042849,0.006160,0.377453,0.780304,9.810449
47.980000,-0.043321,0.037305,0.010824,0.360645,0.818433,9.832490
47.985000,-0.034924,0.042851,0.006067,0.379599,0.777004,9.834350
47.990000,-0.033787,0.043410,0.007843,0.312590,0.786467,9.821149
47.995000,-0.038127,0.041382,0.004986,0.339270,0.762009,9.805322
48.000000,-0.038946,0.042755,0.003267,0.333065,0.704459,9.831320
48.005000,-0.030859,0.046509,0.007043,0.347993,0.787235,9.858668
48.010000,-0.040447,0.045160,0.002759,0.309855,0.759038,9.831470
48.015000,-0.038771,0.037723,0.007202,0.322894,0.765600,9.853889
48.020000,-0.038486,0.040099,0.004236,0.358799,0.740261,9.873747
48.025000,-0.040083,0.041882,0.005220,0.349068,0.739133,9.817009
48.030000,-0.042682,0.042359,0.004848,0.345010,0.780329,9.860363
48.035000,-0.036137,0.042975,0.007466,0.331665,0.713989,9.868165
48.040000,-0.038906,0.037738,0.000892,0.337655,0.786569,9.787272
48.045000,-0.039990,0.036911,0.005297,0.304126,0.719557,9.835621
48.050000,-0.037659,0.041647,0.003397,0.314525,0.703822,9.877921
48.055000,-0.041130,0.040744,0.007014,0.341119,0.735026,9.879820
48.060000,-0.042233,0.045890,0.007140,0.314118,0.782389,9.869078
48.065000,-0.041377,0.042644,0.009542,0.266710,0.753860,9.864507
48.070000,-0.042232,0.040421,0.005958,0.397418,0.693560,9.898261
48.075000,-0.038357,0.043936,0.002673,0.313921,0.644731,9.894033
48.080000,-0.041707,0.038876,0.005179,0.255185,0.719467,9.826540
48.085000,-0.043847,0.044133,0.006489,0.320587,0.683987,9.870592
48.090000,-0.046298,0.043151,0.005904,0.311799,0.675509,9.845529
48.095000,-0.041007,0.044288,0.006689,0.280025,0.694749,9.889347
48.100000,-0.039958,0.043806,0.002992,0.324328,0.711978,9.865877
48.105000,-0.043287,0.040988,0.005862,0.257642,0.692680,9.903558
48.110000,-0.044785,0.042728,0.006246,0.344953,0.730923,9.883279
48.115000,-0.040204,0.036279,0.005078,0.287104,0.666342,9.854384
48.120000,-0.036308,0.044099,0.000767,0.298155,0.637432,9.832938
48.125000,-0.039240,0.040367,0.009614,0.308558,0.682724,9.870705
48.130000,-0.043642,0.041314,0.009738,0.341637,0.700950,9.833485
48.135000,-0.047889,0.040807,0.007429,0.284152,0.659694,9.843464
48.140000,-0.046486,0.041249,0.001231,0.285981,0.724797,9.827790
48.145000,-0.045206,0.043567,0.005140,0.325081,0.676931,9.862509
48.150000,-0.050344,0.044781,0.004930,0.283297,0.661584,9.856497
48.155000,-0.047322,0.044524,0.008387,0.284252,0.628250,9.810956
48.160000,-0.040376,0.044016,0.008939,0.327912,0.658882,9.901174
48.165000,-0.047493,0.045005,0.005703,0.321565,0.652656,9.803825
48.170000,-0.043221,0.046025,0.002713,0.287295,0.681629,9.860181
48.175000,-0.048156,0.041630,0.007195,0.266453,0.652870,9.864076
48.180000,-0.045039,0.042599,0.008898,0.289494,0.637237,9.860491
48.185000,-0.045582,0.042063,0.004616,0.298023,0.581777,9.856594
48.190000,-0.046166,0.044369,0.008009,0.276315,0.630253,9.843746
48.195000,-0.047332,0.042735,0.005965,0.302906,0.657846,9.906691
48.200000,-0.036459,0.043169,0.008405,0.254286,0.689312,9.826661
48.205000,-0.045419,0.042395,0.010677,0.241551,0.662261,9.875325
48.210000,-0.050628,0.049911,0.008804,0.238767,0.668693,9.858090
48.215000,-0.047970,0.041920,0.007312,0.323065,0.620173,9.859067
48.220000,-0.049176,0.042144,0.011898,0.313415,0.596553,9.865747
48.225000,-0.048314,0.041392,0.005803,0.263282,0.609743,9.823079
48.230000,-0.046139,0.041731,0.009910,0.317678,0.530888,9.875058
48.235000,-0.046325,0.045568,0.007450,0.205410,0.629102,9.862686
48.240000,-0.050153,0.044233,0.003254,0.251654,0.552037,9.856784
48.245000,-0.049648,0.040138,0.003716,0.306824,0.592616,9.860817
48.250000,-0.045034,0.041032,0.008252,0.299719,0.630717,9.940435
48.255000,-0.046812,0.039467,0.007984,0.267606,0.514088,9.854249
48.260000,-0.053053,0.047162,0.011870,0.234560,0.551721,9.855910
48.265000,-0.050302,0.040855,0.009919,0.280926,0.574083,9.852465
48.270000,-0.052045,0.039582,0.010006,0.199115,0.642413,9.866737
48.275000,-0.050532,0.040942,0.001471,0.295168,0.643444,9.840813
48.280000,-0.048638,0.041455,0.008075,0.239915,0.554848,9.867850
48.285000,-0.050775,0.044066,0.009648,0.244546,0.574525,9.823280
48.290000,-0.050238,0.040173,0.010711,0.252402,0.568339,9.861958
48.295000,-0.052461,0.042926,0.006975,0.209316,0.562675,9.837030
48.300000,-0.055557,0.039882,0.008782,0.206838,0.547160,9.850376
48.305000,-0.055296,0.046722,0.006198,0.245930,0.559786,9.854297
48.310000,-0.052286,0.044568,0.009117,0.271837,0.562465,9.833016
48.315000,-0.056122,0.040986,0.008505,0.277721,0.487972,9.862352
48.320000,-0.051210,0.043144,0.008249,0.291059,0.546624,9.828956
48.325000,-0.050329,0.043845,0.007881,0.241056,0.535658,9.852209
48.330000,-0.047877,0.045787,0.007802,0.212768,0.526343,9.832584
48.335000,-0.049521,0.043314,0.007001,0.268649,0.518632,9.882255
48.340000,-0.054808,0.045458,0.007902,0.244630,0.464381,9.855157
48.345000,-0.052850,0.044459,0.001301,0.268324,0.529566,9.944757
48.350000,-0.050740,0.044215,0.009412,0.195135,0.499257,9.874986
48.355000,-0.052125,0.047822,0.008246,0.172293,0.508128,9.839735
48.360000,-0.050955,0.042509,-0.000769,0.261456,0.448226,9.886002
48.365000,-0.058459,0.040214,0.017112,0.219666,0.585272,9.820330
48.370000,-0.056656,0.041860,0.008970,0.193509,0.488048,9.845698
48.375000,-0.053649,0.040050,0.007918,0.199185,0.490572,9.847978
48.380000,-0.055561,0.045404,0.008418,0.226639,0.492514,9.851750
48.385000,-0.049276,0.041793,0.006726,0.180538,0.491590,9.878157
48.390000,-0.060786,0.041543,0.007655,0.170854,0.520188,9.903146
48.395000,-0.053706,0.043241,0.006585,0.203001,0.448175,9.897085
48.400000,-0.056637,0.042760,0.008490,0.195862,0.451026,9.833108
48.405000,-0.057250,0.042146,0.007042,0.245422,0.466276,9.886493
48.410000,-0.059033,0.042713,0.009408,0.162362,0.464640,9.831188
48.415000,-0.061133,0.035802,0.014456,0.233093,0.478888,9.849597
48.420000,-0.056387,0.042339,0.010880,0.158330,0.487241,9.841952
48.425000,-0.054783,0.040773,0.012497,0.171095,0.463909,9.884742
48.430000,-0.057018,0.040145,0.012452,0.231629,0.478875,9.774996
48.435000,-0.054906,0.044504,0.009000,0.226107,0.450515,9.882013
48.440000,-0.062145,0.038680,0.004996,0.202951,0.447350,9.896812
48.445000,-0.061050,0.043303,0.007477,0.207110,0.456253,9.849373
48.450000,-0.056876,0.040543,0.007914,0.177396,0.421038,9.851388
48.455000,-0.062951,0.039310,0.013263,0.152940,0.398609,9.875858
48.460000,-0.059770,0.037159,0.005579,0.188169,0.456595,9.918410
48.465000,-0.062559,0.042111,0.018287,0.258624,0.421877,9.841938
48.470000,-0.056671,0.040421,0.005271,0.178334,0.459865,9.865481
48.475000,-0.057885,0.039471,0.013895,0.185573,0.455592,9.857950
48.480000,-0.063757,0.043379,0.012718,0.202273,0.404475,9.857111
48.485000,-0.063032,0.040067,0.004789,0.175378,0.434145,9.862568
48.490000,-0.058771,0.038784,0.011155,0.161274,0.435610,9.869194
48.495000,-0.056806,0.037922,0.008370,0.167037,0.423748,9.872044
48.500000,-0.056233,0.041623,0.011314,0.161521,0.396093,9.946934
48.505000,-0.057679,0.046609,0.005561,0.138833,0.398741,9.874933
48.510000,-0.060342,0.044781,0.005098,0.125610,0.336779,9.898639
48.515000,-0.064493,0.040675,0.007410,0.126074,0.356156,9.857434
48.520000,-0.058066,0.050140,0.010827,0.191281,0.394358,9.844473
48.525000,-0.060344,0.036888,0.014419,0.169469,0.377744,9.915826
48.530000,-0.057664,0.046514,0.013092,0.153372,0.359377,9.918757
48.535000,-0.060259,0.045294,0.014957,0.128319,0.349893,9.888534
48.540000,-0.065314,0.036662,0.017144,0.170827,0.361484,9.841435
48.545000,-0.057722,0.045860,0.008071,0.114754,0.327707,9.874435
48.550000,-0.060556,0.041816,0.014471,0.216898,0.326379,9.864603
48.555000,-0.057672,0.047960,0.011458,0.152673,0.321106,9.809395
48.560000,-0.057100,0.043430,0.009372,0.149825,0.380946,9.854928
48.565000,-0.064743,0.040507,0.011685,0.174060,0.277163,9.884078
48.570000,-0.060505,0.039990,0.015793,0.140822,0.348363,9.832078
48.575000,-0.056534,0.038816,0.012821,0.210588,0.257318,9.919705
48.580000,-0.068589,0.039240,0.012387,0.123941,0.303214,9.880572
48.585000,-0.059411,0.040093,0.012300,0.070725,0.291060,9.837564
48.590000,-0.065457,0.042754,0.010793,0.146981,0.260394,9.848169
48.595000,-0.062085,0.040977,0.013477,0.126801,0.316251,9.868987
48.600000,-0.059914,0.043913,0.011348,0.151673,0.290390,9.916657
48.605000,-0.065566,0.048635,0.008744,0.075093,0.291935,9.863456
48.610000,-0.059928,0.041115,0.006304,0.130143,0.312317,9.873130
48.615000,-0.060399,0.041302,0.012082,0.118463,0.327570,9.925236
48.620000,-0.061816,0.044843,0.007712,0.151288,0.356773,9.821820
48.625000,-0.066048,0.040730,0.013785,0.147079,0.223651,9.890125
48.630000,-0.057587,0.041753,0.010544,0.129950,0.250149,9.862957
48.635000,-0.064736,0.036508,0.012689,0.084896,0.331380,9.889921
48.640000,-0.063464,0.043864,0.009060,0.114621,0.246328,9.879099
48.645000,-0.063481,0.043529,0.012762,0.154365,0.226554,9.887275
48.650000,-0.067124,0.037896,0.012173,0.163810,0.319533,9.869662
48.655000,-0.067284,0.044004,0.010701,0.108597,0.237890,9.893645
48.660000,-0.060458,0.035120,0.009655,0.092963,0.216501,9.882457
48.665000,-0.063261,0.043121,0.014522,0.146568,0.242713,9.869285
48.670000,-0.067540,0.038596,0.013438,0.073956,0.245414,9.887465
48.675000,-0.063434,0.040755,0.006466,0.097672,0.284134,9.932529
48.680000,-0.065362,0.041784,0.013584,0.116908,0.241328,9.867546
48.685000,-0.068046,0.041321,0.010021,0.149403,0.206385,9.862981
48.690000,-0.064477,0.039510,0.013126,0.093703,0.211560,9.899888
48.695000,-0.061528,0.043653,0.019232,0.114744,0.227047,9.899164
48.700000,-0.060402,0.038541,0.013137,0.074060,0.227694,9.837213
48.705000,-0.058528,0.043044,0.012117,0.088477,0.202293,9.870433
48.710000,-0.063799,0.047235,0.013172,0.165526,0.249585,9.890124
48.715000,-0.062493,0.040923,0.011118,0.192979,0.177324,9.836121
48.720000,-0.063532,0.042442,0.016015,0.117753,0.189580,9.873091
48.725000,-0.066954,0.041545,0.008446,0.131445,0.186959,9.873043
48.730000,-0.064472,0.043951,0.013963,0.074725,0.203469,9.869328
48.735000,-0.071917,0.044052,0.014690,0.134814,0.194572,9.841302
48.740000,-0.063274,0.038518,0.011562,0.110102,0.164500,9.838859
48.745000,-0.065204,0.041495,0.015984,0.077909,0.157201,9.918947
48.750000,-0.069452,0.044882,0.005636,0.055997,0.195119,9.837478
48.755000,-0.066218,0.040989,0.010853,0.048259,0.197723,9.829555
48.760000,-0.070092,0.042275,0.014503,0.131302,0.217124,9.897244
48.765000,-0.068641,0.039477,0.013616,0.146070,0.146950,9.838133
48.770000,-0.070988,0.041945,0.015102,0.100081,0.175045,9.863574
48.775000,-0.068493,0.045171,0.009953,0.102297,0.149750,9.900532
48.780000,-0.068407,0.042934,0.014561,0.059905,0.159761,9.887147
48.785000,-0.064698,0.042281,0.012269,0.048988,0.182817,9.803693
48.790000,-0.065316,0.039979,0.015061,0.092845,0.132292,9.910094
48.795000,-0.061665,0.034646,0.010631,0.104306,0.168505,9.864645
48.800000,-0.068877,0.039164,0.009708,0.182879,0.154212,9.935916
48.805000,-0.069367,0.036638,0.012578,0.111755,0.139336,9.886294
48.810000,-0.062085,0.038164,0.014066,0.063290,0.143803,9.893427
48.815000,-0.062963,0.040632,0.014140,0.066142,0.129200,9.886977
48.820000,-0.066076,0.035557,0.018649,0.055373,0.121673,9.894177
48.825000,-0.067168,0.044379,0.016974,0.089573,0.035749,9.880243
48.830000,-0.071250,0.041406,0.014328,0.028205,0.105383,9.842368
48.835000,-0.069930,0.040503,0.012276,0.081372,0.110668,9.884714
48.840000,-0.070816,0.043936,0.015502,0.103426,0.113930,9.881284
48.845000,-0.070651,0.040415,0.013276,0.042702,0.067516,9.872711
48.850000,-0.069342,0.041237,0.012792,0.083232,0.119408,9.889623
48.855000,-0.066391,0.035517,0.017763,0.006327,0.082635,9.910183
48.860000,-0.068840,0.041257,0.010897,0.099533,0.111994,9.932273
48.865000,-0.068057,0.042090,0.012058,0.067760,0.077045,9.930845
48.870000,-0.069764,0.037734,0.008326,0.048024,0.083536,9.913998
48.875000,-0.072500,0.040282,0.012442,0.047642,0.071162,9.899490
48.880000,-0.067344,0.043717,0.012712,0.038860,0.051982,9.865644
48.885000,-0.067647,0.044216,0.017096,0.046339,0.103504,9.851465
48.890000,-0.073263,0.042775,0.016639,0.061539,0.062814,9.925851
48.895000,-0.075354,0.040444,0.012514,0.040558,0.051941,9.874760
48.900000,-0.071163,0.042140,0.015313,0.039537,0.030765,9.880418
48.905000,-0.067236,0.039818,0.012081,-0.007404,-0.026909,9.919824
48.910000,-0.069052,0.045358,0.014814,0.056014,0.020766,9.908492
48.915000,-0.065610,0.041794,0.013107,0.010986,0.077582,9.858578
48.920000,-0.068374,0.039303,0.012239,0.004031,-0.027856,9.913447
48.925000,-0.067249,0.040653,0.014018,0.041744,-0.004752,9.930366
48.930000,-0.074055,0.038718,0.015154,0.033169,-0.003521,9.865329
48.935000,-0.073433,0.037018,0.015788,0.039114,0.071259,9.855143
48.940000,-0.072271,0.040591,0.010886,0.015396,0.019289,9.954847
48.945000,-0.076241,0.038267,0.016620,0.068320,-0.026818,9.945573
48.950000,-0.072480,0.043096,0.015212,0.030273,0.019868,9.912050
48.955000,-0.072295,0.036625,0.014202,0.049927,-0.009816,9.831051
48.960000,-0.071458,0.037499,0.017169,0.000134,-0.013461,9.764479
48.965000,-0.068906,0.040937,0.013462,0.061256,-0.055795,9.851562
48.970000,-0.067315,0.038199,0.011868,0.077128,-0.075633,9.882379
48.975000,-0.075469,0.037532,0.008635,0.006467,-0.007205,9.891359
48.980000,-0.068682,0.040945,0.011435,0.015372,-0.017325,9.858487
48.985000,-0.071137,0.034203,0.010169,-0.010997,-0.044127,9.894627
48.990000,-0.072283,0.040968,0.013016,0.001226,-0.099123,9.807973
48.995000,-0.071935,0.039582,0.015096,0.033129,-0.019961,9.874868
49.000000,-0.068726,0.038781,0.011396,0.009237,-0.081668,9.880122
49.005000,-0.072533,0.044026,0.013696,0.066174,-0.080220,9.831567
49.010000,-0.071946,0.040080,0.014971,0.036226,-0.037877,9.859948
49.015000,-0.070108,0.039214,0.009698,-0.006872,-0.059516,9.885859
49.020000,-0.074296,0.032272,0.018033,0.033705,-0.101709,9.906954
49.025000,-0.071637,0.039833,0.015575,0.022863,-0.060695,9.937710
49.030000,-0.068190,0.036765,0.013831,0.010112,-0.077921,9.850650
49.035000,-0.074856,0.033576,0.017104,0.042360,-0.078512,9.909587
49.040000,-0.073862,0.037903,0.018112,-0.031332,-0.099644,9.857436
49.045000,-0.073628,0.041581,0.017599,-0.044395,-0.099809,9.925388
49.050000,-0.071323,0.036937,0.014217,0.023417,-0.123837,9.925859
49.055000,-0.072030,0.038434,0.016451,-0.081867,-0.139356,9.887104
49.060000,-0.070159,0.043790,0.014757,-0.092511,-0.129148,9.792306
49.065000,-0.071416,0.034228,0.017694,-0.037731,-0.176748,9.860601
49.070000,-0.076077,0.035893,0.013092,-0.065708,-0.117272,9.842924
49.075000,-0.072652,0.045500,0.015884,-0.014504,-0.113875,9.879845
49.080000,-0.069932,0.040134,0.010684,-0.010236,-0.128683,9.871958
49.085000,-0.073009,0.043269,0.019550,-0.005424,-0.174235,9.846940
49.090000,-0.076588,0.042133,0.017070,-0.028386,-0.123912,9.866312
49.095000,-0.075537,0.041667,0.017017,-0.012817,-0.103966,9.892872
49.100000,-0.079296,0.040513,0.014947,-0.006032,-0.158162,9.896030
49.105000,-0.073971,0.035312,0.011949,0.037547,-0.175635,9.851223
49.110000,-0.074432,0.033869,0.018382,-0.060677,-0.125360,9.896759
49.115000,-0.071378,0.038333,0.015005,-0.005592,-0.179248,9.913213
49.120000,-0.077601,0.040236,0.016700,-0.001589,-0.172082,9.883428
49.125000,-0.072966,0.037343,0.018706,0.003271,-0.141434,9.901792
49.130000,-0.072404,0.038492,0.017884,0.011005,-0.226621,9.877284
49.135000,-0.077141,0.036059,0.017260,-0.038977,-0.192633,9.880920
49.140000,-0.070761,0.032438,0.020674,-0.030125,-0.218651,9.852390
49.145000,-0.076545,0.036794,0.017145,-0.026016,-0.177415,9.930534
49.150000,-0.072838,0.044768,0.020486,-0.059224,-0.239612,9.807067
49.155000,-0.074778,0.039409,0.017766,-0.042907,-0.165809,9.863973
49.160000,-0.078199,0.033719,0.016612,-0.047211,-0.186852,9.875134
49.165000,-0.072882,0.034707,0.018467,-0.026295,-0.210533,9.886293
49.170000,-0.077724,0.036864,0.015209,-0.046057,-0.199481,9.927680
49.175000,-0.073678,0.040844,0.017672,-0.032139,-0.173690,9.885424
49.180000,-0.071309,0.038182,0.011865,-0.099049,-0.178955,9.878314
49.185000,-0.075280,0.034982,0.018024,-0.098859,-0.229308,9.923849
49.190000,-0.070624,0.033091,0.017682,-0.050007,-0.275291,9.950712
49.195000,-0.076285,0.040136,0.018487,-0.075304,-0.239258,9.874043
49.200000,-0.075926,0.034289,0.018153,-0.031268,-0.264850,9.918643
49.205000,-0.070961,0.034016,0.010735,-0.068195,-0.212927,9.870118
49.210000,-0.080864,0.037663,0.016468,-0.102980,-0.250403,9.828548
49.215000,-0.071391,0.037755,0.011895,-0.017269,-0.296424,9.825986
49.220000,-0.071973,0.043607,0.013744,-0.049155,-0.293712,9.919656
49.225000,-0.074233,0.037963,0.016291,-0.038304,-0.292946,9.889323
49.230000,-0.074863,0.034745,0.021511,-0.051427,-0.264767,9.903156
49.235000,-0.072260,0.035494,0.015930,-0.046900,-0.286123,9.825221
49.240000,-0.072219,0.042821,0.009260,-0.104519,-0.283645,9.923335
49.245000,-0.070071,0.041511,0.017658,-0.051984,-0.325008,9.921821
49.250000,-0.071643,0.035811,0.019310,-0.045905,-0.316907,9.906597
49.255000,-0.077622,0.032938,0.015838,-0.126910,-0.289524,9.893925
49.260000,-0.070100,0.029812,0.017270,-0.098391,-0.285332,9.925068
49.265000,-0.071918,0.034476,0.015955,-0.071262,-0.353858,9.860962
49.270000,-0.074111,0.036643,0.018032,-0.105849,-0.306809,9.871164
49.275000,-0.071799,0.038946,0.015794,-0.114429,-0.364175,9.834611
49.280000,-0.078426,0.035353,0.019364,-0.057574,-0.311702,9.905801
49.285000,-0.073223,0.038704,0.020428,-0.048781,-0.310733,9.905911
49.290000,-0.071220,0.037472,0.016121,-0.067181,-0.345476,9.879820
49.295000,-0.074517,0.035233,0.016131,-0.145340,-0.349399,9.948954
49.300000,-0.070001,0.037354,0.012676,-0.118938,-0.338993,9.877888
49.305000,-0.073140,0.028895,0.020959,-0.099474,-0.381946,9.908212
49.310000,-0.072821,0.032916,0.017713,-0.111575,-0.350955,9.870390
49.315000,-0.073425,0.034061,0.014512,-0.068166,-0.319461,9.861625
49.320000,-0.071997,0.033470,0.015455,-0.068819,-0.343183,9.898776
49.325000,-0.076881,0.034942,0.015411,-0.054177,-0.387417,9.869621
49.330000,-0.077637,0.035885,0.019042,-0.020434,-0.411342,9.872557
49.335000,-0.069436,0.036482,0.019609,-0.072468,-0.331556,9.842917
49.340000,-0.076434,0.033737,0.021278,-0.078727,-0.402442,9.858467
49.345000,-0.073645,0.036658,0.014189,-0.087766,-0.388868,9.890033
49.350000,-0.068121,0.028792,0.017249,-0.138023,-0.407244,9.922669
49.355000,-0.074492,0.031371,0.015826,-0.060899,-0.359661,9.898993
49.360000,-0.077706,0.031976,0.018607,-0.081890,-0.408566,9.861664
49.365000,-0.077563,0.033303,0.013767,-0.113717,-0.390535,9.878038
49.370000,-0.078503,0.029231,0.019739,-0.118393,-0.402246,9.891091
49.375000,-0.069802,0.032863,0.013827,-0.098503,-0.437347,9.897747
49.380000,-0.074545,0.035982,0.016566,-0.058194,-0.382404,9.915084
49.385000,-0.074901,0.036070,0.021519,-0.102032,-0.411535,9.888466
49.390000,-0.074923,0.038278,0.018252,-0.091108,-0.405396,9.855016
49.395000,-0.073973,0.038793,0.016654,-0.102038,-0.415347,9.886191
49.400000,-0.080142,0.032135,0.012673,-0.124968,-0.400979,9.871370
49.405000,-0.073751,0.037164,0.017357,-0.051279,-0.445607,9.904327
49.410000,-0.076447,0.039424,0.020460,-0.077794,-0.456005,9.879312
49.415000,-0.074801,0.033742,0.022281,-0.079003,-0.435683,9.910351
49.420000,-0.073079,0.031602,0.012071,-0.034563,-0.452738,9.857136
49.425000,-0.075113,0.030126,0.017822,-0.160755,-0.423118,9.851014
49.430000,-0.077993,0.033216,0.018734,-0.106026,-0.450732,9.853440
49.435000,-0.072627,0.034013,0.012567,-0.092206,-0.441701,9.891617
49.440000,-0.071968,0.033804,0.017460,-0.138710,-0.483171,9.892725
49.445000,-0.074905,0.034569,0.015774,-0.110623,-0.466550,9.877944
49.450000,-0.074646,0.034990,0.018271,-0.049507,-0.523617,9.842085
49.455000,-0.072853,0.032329,0.019639,-0.153827,-0.509548,9.932157
49.460000,-0.073742,0.034765,0.019354,-0.177096,-0.470135,9.823990
49.465000,-0.081916,0.033543,0.014951,-0.177984,-0.526392,9.902702
49.470000,-0.075479,0.029587,0.023443,-0.163170,-0.494607,9.878811
49.475000,-0.071365,0.030900,0.016021,-0.098391,-0.463751,9.849195
49.480000,-0.074298,0.025858,0.014790,-0.113520,-0.489772,9.932842
49.485000,-0.075653,0.024411,0.019275,-0.142092,-0.494303,9.903696
49.490000,-0.076532,0.028545,0.018040,-0.083729,-0.516530,9.931970
49.495000,-0.075789,0.031425,0.017342,-0.181204,-0.507195,9.879445
49.500000,-0.070381,0.035849,0.019652,-0.149068,-0.485201,9.818037
49.505000,-0.072969,0.036988,0.013452,-0.161828,-0.547277,9.869407
49.510000,-0.073710,0.034419,0.018046,-0.155637,-0.579148,9.872665
49.515000,-0.071856,0.031141,0.015720,-0.138013,-0.510282,9.894595
49.520000,-0.073605,0.030500,0.017697,-0.150289,-0.521531,9.839218
49.525000,-0.071968,0.035245,0.024731,-0.153365,-0.573947,9.881202
49.530000,-0.072010,0.029775,0.012035,-0.164951,-0.557521,9.868413
49.535000,-0.073782,0.034740,0.018243,-0.143216,-0.542098,9.816120
49.540000,-0.075139,0.029201,0.018416,-0.186336,-0.565197,9.882127
49.545000,-0.076796,0.033205,0.018378,-0.185712,-0.619607,9.900478
49.550000,-0.072809,0.036922,0.016751,-0.113626,-0.579502,9.868878
49.555000,-0.077734,0.026956,0.019382,-0.136119,-0.632240,9.907654
49.560000,-0.072606,0.033559,0.019342,-0.108661,-0.572709,9.873294
49.565000,-0.074251,0.032949,0.025176,-0.187084,-0.605002,9.904532
49.570000,-0.074693,0.035807,0.021472,-0.104043,-0.604797,9.851924
49.575000,-0.073315,0.031626,0.021594,-0.187229,-0.587342,9.862378
49.580000,-0.073378,0.033732,0.017669,-0.223857,-0.609128,9.871459
49.585000,-0.069961,0.028448,0.025912,-0.170459,-0.552348,9.872692
49.590000,-0.075889,0.031143,0.020830,-0.186588,-0.625587,9.919338
49.595000,-0.077999,0.025500,0.024795,-0.146525,-0.635935,9.887955
49.600000,-0.080350,0.026788,0.018576,-0.119104,-0.622676,9.868091
49.605000,-0.072247,0.026921,0.019165,-0.183544,-0.569912,9.858463
49.610000,-0.067882,0.034590,0.020642,-0.196300,-0.656201,9.863521
49.615000,-0.072618,0.033761,0.019230,-0.157972,-0.602085,9.893023
49.620000,-0.080741,0.029275,0.023065,-0.181360,-0.598246,9.860774
49.625000,-0.073168,0.034544,0.019280,-0.196697,-0.561025,9.896536
49.630000,-0.072717,0.032132,0.019332,-0.099479,-0.662009,9.879582
49.635000,-0.073000,0.030250,0.024704,-0.209358,-0.650228,9.817031
49.640000,-0.072532,0.029460,0.024409,-0.195108,-0.635569,9.916145
49.645000,-0.073529,0.029485,0.024164,-0.143739,-0.676665,9.858381
49.650000,-0.068898,0.034703,0.023267,-0.141258,-0.695879,9.837671
49.655000,-0.077171,0.034391,0.022429,-0.190659,-0.631582,9.836718
49.660000,-0.073923,0.031974,0.018632,-0.181071,-0.720540,9.925642
49.665000,-0.070766,0.028973,0.023706,-0.216770,-0.650415,9.845340
49.670000,-0.074212,0.033803,0.019894,-0.190357,-0.620915,9.885581
49.675000,-0.070646,0.024016,0.019474,-0.189145,-0.696266,9.866329
49.680000,-0.067428,0.024766,0.024770,-0.160634,-0.665880,9.835115
49.685000,-0.066747,0.031452,0.017434,-0.188394,-0.669119,9.880954
49.690000,-0.075879,0.027467,0.018514,-0.222693,-0.717044,9.874094
49.695000,-0.069421,0.028404,0.019800,-0.232576,-0.729772,9.889729
49.700000,-0.075466,0.031498,0.023178,-0.223833,-0.681107,9.813074
49.705000,-0.076929,0.031172,0.021930,-0.161444,-0.710426,9.875807
49.710000,-0.070299,0.030025,0.018516,-0.188714,-0.671345,9.883709
49.715000,-0.065332,0.022565,0.025534,-0.215960,-0.760951,9.794358
49.720000,-0.071420,0.029783,0.017840,-0.219103,-0.714915,9.852623
49.725000,-0.077848,0.026301,0.022624,-0.208769,-0.719438,9.819474
49.730000,-0.073743,0.025110,0.020425,-0.221724,-0.745055,9.900259
49.735000,-0.075562,0.030056,0.020955,-0.240056,-0.783911,9.854514
49.740000,-0.075747,0.020730,0.022788,-0.245064,-0.736609,9.805206
49.745000,-0.078244,0.031126,0.020820,-0.211450,-0.744683,9.837772
49.750000,-0.071366,0.023352,0.019607,-0.212101,-0.716134,9.835199
49.755000,-0.073075,0.030618,0.023742,-0.170918,-0.746720,9.850434
49.760000,-0.072642,0.028838,0.017426,-0.194310,-0.747575,9.866794
49.765000,-0.074554,0.027942,0.019554,-0.207214,-0.775304,9.882155
49.770000,-0.073525,0.027436,0.018894,-0.246703,-0.755963,9.878209
49.775000,-0.073365,0.025290,0.021843,-0.194653,-0.798554,9.868895
49.780000,-0.074258,0.026585,0.021106,-0.210618,-0.762825,9.877380
49.785000,-0.077229,0.027078,0.025091,-0.194135,-0.743940,9.848626
49.790000,-0.073544,0.027691,0.018727,-0.247455,-0.816404,9.858404
49.795000,-0.067173,0.029968,0.022600,-0.205367,-0.800425,9.848554
49.800000,-0.072262,0.027459,0.026079,-0.200309,-0.736959,9.847131
49.805000,-0.072953,0.028757,0.023507,-0.202510,-0.771785,9.842408
49.810000,-0.073801,0.028109,0.021522,-0.180321,-0.813681,9.839176
49.815000,-0.076081,0.027904,0.024294,-0.205123,-0.832546,9.844495
49.820000,-0.068545,0.026413,0.020355,-0.176613,-0.835198,9.856655
49.825000,-0.067977,0.028176,0.024373,-0.204536,-0.822337,9.859118
49.830000,-0.069329,0.025774,0.023532,-0.287018,-0.830063,9.846831
49.835000,-0.071397,0.021787,0.019390,-0.211045,-0.822003,9.874902
49.840000,-0.067754,0.022392,0.024230,-0.236828,-0.786337,9.805997
49.845000,-0.071100,0.032642,0.021258,-0.232114,-0.917353,9.898262
49.850000,-0.070854,0.027637,0.022006,-0.223508,-0.846677,9.888197
49.855000,-0.069592,0.030517,0.027668,-0.182674,-0.807773,9.824415
49.860000,-0.072840,0.024947,0.027451,-0.223735,-0.841192,9.940490
49.865000,-0.070622,0.027213,0.020215,-0.293503,-0.875317,9.825251
49.870000,-0.072970,0.029185,0.028035,-0.189375,-0.878193,9.891218
49.875000,-0.067582,0.028014,0.018962,-0.242469,-0.848804,9.792822
49.880000,-0.071874,0.021597,0.027358,-0.213660,-0.778831,9.826044
49.885000,-0.066896,0.027633,0.023703,-0.281934,-0.857841,9.887737
49.890000,-0.068353,0.025042,0.023865,-0.259684,-0.835686,9.857942
49.895000,-0.069329,0.024474,0.021275,-0.197142,-0.868789,9.808622
49.900000,-0.069957,0.031242,0.020243,-0.292247,-0.878647,9.809825
49.905000,-0.065084,0.028622,0.028869,-0.221234,-0.916532,9.838235
49.910000,-0.066295,0.027441,0.023750,-0.237767,-0.857584,9.890257
49.915000,-0.070223,0.023617,0.024561,-0.258443,-0.878599,9.824226
49.920000,-0.072926,0.025441,0.021087,-0.196694,-0.855148,9.854749
49.925000,-0.066748,0.027006,0.021726,-0.230925,-0.868064,9.804839
49.930000,-0.068853,0.019481,0.022936,-0.258556,-0.890573,9.835292
49.935000,-0.069711,0.027992,0.026598,-0.257585,-0.905422,9.844592
49.940000,-0.070786,0.024401,0.022558,-0.245814,-0.896644,9.879613
49.945000,-0.070809,0.024034,0.023522,-0.274353,-0.906302,9.866724
49.950000,-0.070352,0.022257,0.015926,-0.256666,-0.889390,9.777839
49.955000,-0.062395,0.022991,0.023503,-0.248464,-0.925673,9.828896
49.960000,-0.066671,0.023433,0.023051,-0.260641,-0.966234,9.853227
49.965000,-0.068457,0.024417,0.025261,-0.241761,-0.936552,9.846563
49.970000,-0.071956,0.024768,0.022259,-0.307534,-0.894582,9.798921
49.975000,-0.063384,0.019087,0.028905,-0.296105,-0.909040,9.870127
49.980000,-0.067922,0.028900,0.019004,-0.233925,-0.898290,9.845886
49.985000,-0.066230,0.021024,0.027318,-0.268129,-0.947354,9.846175
49.990000,-0.068863,0.023058,0.030762,-0.301075,-0.930469,9.847202
49.995000,-0.072000,0.028595,0.021667,-0.206828,-0.958198,9.789094
50.000000,-0.069497,0.023278,0.022187,-0.272034,-0.913226,9.882912
50.005000,-0.065162,0.027890,0.026134,-0.284247,-0.976169,9.859165
50.010000,-0.065943,0.025207,0.020841,-0.276139,-0.924486,9.880736
50.015000,-0.069737,0.021216,0.019105,-0.271538,-0.992555,9.822343
50.020000,-0.064915,0.016909,0.016718,-0.308568,-0.986314,9.854878
50.025000,-0.064950,0.021431,0.025709,-0.263889,-0.997458,9.832871
50.030000,-0.063827,0.028187,0.021384,-0.300773,-0.974929,9.781464
50.035000,-0.064009,0.019150,0.026952,-0.252681,-0.994653,9.862633
50.040000,-0.063979,0.021718,0.021944,-0.205944,-0.971628,9.867656
50.045000,-0.065298,0.018364,0.023800,-0.269696,-0.992575,9.852903
50.050000,-0.063502,0.021341,0.019324,-0.317397,-0.975319,9.815255
50.055000,-0.063257,0.020835,0.027594,-0.286967,-1.025796,9.779065
50.060000,-0.064791,0.023679,0.026393,-0.288603,-0.966866,9.813049
50.065000,-0.063564,0.023327,0.025201,-0.250721,-1.048952,9.795916
50.070000,-0.065839,0.016950,0.026003,-0.277411,-0.999529,9.838146
50.075000,-0.066273,0.020865,0.026208,-0.295220,-0.967813,9.865753
50.080000,-0.064509,0.022352,0.024531,-0.300801,-0.962373,9.815324
50.085000,-0.070680,0.018788,0.030750,-0.288755,-1.051296,9.827000
50.090000,-0.067531,0.021362,0.025778,-0.329389,-1.025520,9.833756
50.095000,-0.064342,0.026320,0.027956,-0.302735,-1.109172,9.824919
50.100000,-0.066484,0.019012,0.022577,-0.308033,-1.072446,9.806280
50.105000,-0.068657,0.020432,0.029561,-0.277312,-0.988842,9.822685
50.110000,-0.066174,0.023178,0.027057,-0.288806,-1.024976,9.786874
50.115000,-0.060682,0.021982,0.028877,-0.286581,-1.055954,9.852517
50.120000,-0.062758,0.019904,0.023904,-0.292628,-1.054109,9.826064
50.125000,-0.060752,0.022353,0.023406,-0.356466,-1.054897,9.876780
50.130000,-0.063192,0.026192,0.026352,-0.353252,-1.062214,9.855686
50.135000,-0.058962,0.018570,0.023631,-0.305883,-1.088879,9.826462
50.140000,-0.062950,0.019424,0.024335,-0.326760,-1.032446,9.806293
50.145000,-0.068435,0.020332,0.024163,-0.228365,-1.121760,9.833979
50.150000,-0.058611,0.022110,0.027551,-0.317020,-1.080100,9.850000
50.155000,-0.061045,0.021356,0.026602,-0.303679,-1.095138,9.823115
50.160000,-0.067143,0.022649,0.026756,-0.272318,-1.070003,9.839165
50.165000,-0.061551,0.021491,0.023334,-0.283594,-1.136452,9.872606
50.170000,-0.061029,0.015124,0.023039,-0.296709,-1.116097,9.873169
50.175000,-0.061061,0.023091,0.021291,-0.317791,-1.119329,9.822071
50.180000,-0.067605,0.014183,0.025721,-0.311297,-1.108081,9.843663
50.185000,-0.059665,0.022031,0.024769,-0.339501,-1.108971,9.854919
50.190000,-0.061886,0.022317,0.023773,-0.310993,-1.175399,9.861865
50.195000,-0.062029,0.021816,0.020682,-0.319182,-1.144396,9.819349
50.200000,-0.060890,0.015064,0.023800,-0.267980,-1.094419,9.857944
50.205000,-0.066764,0.019777,0.026424,-0.348490,-1.137440,9.810321
50.210000,-0.062901,0.018979,0.021045,-0.315728,-1.110797,9.835039
50.215000,-0.059960,0.021596,0.025297,-0.258006,-1.068096,9.802910
50.220000,-0.062700,0.016415,0.024620,-0.367673,-1.114793,9.866117
50.225000,-0.060184,0.024092,0.026482,-0.367268,-1.135084,9.855258
50.230000,-0.058730,0.019812,0.030970,-0.294114,-1.101675,9.796217
50.235000,-0.058225,0.015651,0.025778,-0.294102,-1.117312,9.804264
50.240000,-0.060554,0.017973,0.020904,-0.381564,-1.182150,9.874826
50.245000,-0.059893,0.018031,0.030097,-0.349002,-1.131785,9.817785
50.250000,-0.061416,0.016906,0.027016,-0.317148,-1.166325,9.805925
50.255000,-0.061457,0.023359,0.025111,-0.354683,-1.163150,9.813201
50.260000,-0.057780,0.019603,0.026804,-0.349354,-1.152579,9.793646
50.265000,-0.060644,0.018356,0.032354,-0.315609,-1.172973,9.822934
50.270000,-0.060452,0.019948,0.025130,-0.359275,-1.155492,9.768362
50.275000,-0.056844,0.017244,0.030736,-0.331057,-1.165596,9.792750
50.280000,-0.064179,0.018077,0.031823,-0.372110,-1.213377,9.730453
50.285000,-0.055475,0.017908,0.024604,-0.296830,-1.181351,9.793531
50.290000,-0.062909,0.016223,0.024235,-0.375552,-1.164843,9.796080
50.295000,-0.056180,0.014184,0.027412,-0.311007,-1.208282,9.759143
50.300000,-0.060989,0.019121,0.022921,-0.352230,-1.195827,9.795977
50.305000,-0.054574,0.016597,0.021887,-0.301405,-1.247412,9.809439
50.310000,-0.054661,0.014754,0.024717,-0.384944,-1.174190,9.821986
50.315000,-0.056640,0.019928,0.024608,-0.372361,-1.213717,9.879799
50.320000,-0.054308,0.011425,0.023586,-0.316073,-1.169803,9.880439
50.325000,-0.058180,0.016574,0.026141,-0.330790,-1.178579,9.769576
50.330000,-0.056218,0.015706,0.029810,-0.369210,-1.223629,9.798307
50.335000,-0.064985,0.020522,0.025174,-0.293256,-1.192954,9.817815
50.340000,-0.061505,0.020479,0.026424,-0.379497,-1.216415,9.808116
50.345000,-0.054407,0.010896,0.025914,-0.346781,-1.241940,9.791841
50.350000,-0.053176,0.015616,0.028669,-0.363394,-1.222665,9.836354
50.355000,-0.055933,0.019743,0.026830,-0.317447,-1.214616,9.832572
50.360000,-0.061199,0.016555,0.021934,-0.296419,-1.206261,9.834664
50.365000,-0.054941,0.012471,0.026236,-0.358981,-1.231109,9.800227
50.370000,-0.061445,0.015739,0.025351,-0.342480,-1.230184,9.814777
50.375000,-0.057455,0.012529,0.028416,-0.384155,-1.170443,9.831162
50.380000,-0.058018,0.017656,0.026465,-0.331940,-1.251749,9.869765
50.385000,-0.060851,0.014256,0.021538,-0.338935,-1.313072,9.802105
50.390000,-0.056547,0.009686,0.024757,-0.375638,-1.237595,9.791380
50.395000,-0.057964,0.014747,0.029481,-0.361216,-1.272930,9.852327
50.400000,-0.059376,0.011579,0.027121,-0.325723,-1.196665,9.793847
50.405000,-0.056289,0.011367,0.027112,-0.353740,-1.247754,9.815609
50.410000,-0.055131,0.012822,0.027252,-0.305116,-1.272795,9.755640
50.415000,-0.047106,0.015400,0.025283,-0.332122,-1.288869,9.813245
50.420000,-0.056809,0.016101,0.026519,-0.388530,-1.244648,9.792119
50.425000,-0.057463,0.012876,0.028195,-0.335097,-1.234894,9.824571
50.430000,-0.051037,0.013595,0.022329,-0.343907,-1.279475,9.803551
50.435000,-0.048524,0.017853,0.024178,-0.305920,-1.317778,9.808416
50.440000,-0.052074,0.013553,0.034544,-0.327578,-1.255152,9.828801
50.445000,-0.049775,0.018230,0.026979,-0.380683,-1.304675,9.807671
50.450000,-0.055019,0.013327,0.026422,-0.359503,-1.288393,9.810340
50.455000,-0.052780,0.010539,0.024711,-0.328416,-1.262725,9.772123
50.460000,-0.051177,0.014277,0.029988,-0.322439,-1.264878,9.805106
50.465000,-0.052483,0.014161,0.028722,-0.362993,-1.301657,9.771159
50.470000,-0.053458,0.010334,0.029964,-0.379205,-1.319976,9.793287
50.475000,-0.055288,0.018075,0.025886,-0.369547,-1.309815,9.838087
50.480000,-0.049514,0.010726,0.022538,-0.409405,-1.353074,9.820300
50.485000,-0.050127,0.017053,0.024642,-0.418879,-1.327760,9.815106
50.490000,-0.050577,0.013381,0.027833,-0.328593,-1.290731,9.794301
50.495000,-0.050609,0.014002,0.021746,-0.372881,-1.294003,9.827751
50.500000,-0.051785,0.014566,0.023761,-0.302510,-1.335176,9.772385
50.505000,-0.051049,0.010360,0.029892,-0.377848,-1.353888,9.827825
50.510000,-0.050443,0.011648,0.032164,-0.407507,-1.273306,9.769142
50.515000,-0.054988,0.015361,0.028076,-0.343455,-1.268477,9.757057
50.520000,-0.050747,0.004458,0.028023,-0.407359,-1.353938,9.798898
50.525000,-0.050553,0.012259,0.030364,-0.359265,-1.304473,9.811314
50.530000,-0.053235,0.009265,0.026623,-0.359785,-1.337953,9.819337
50.535000,-0.053509,0.007492,0.024562,-0.352750,-1.343971,9.769388
50.540000,-0.049399,0.011537,0.023282,-0.327157,-1.388906,9.815709
50.545000,-0.046491,0.006695,0.028373,-0.398092,-1.302684,9.750781
50.550000,-0.047400,0.014493,0.024290,-0.364667,-1.357759,9.817332
50.555000,-0.050821,0.011414,0.029802,-0.360255,-1.343453,9.818667
50.560000,-0.048948,0.012957,0.025793,-0.375579,-1.367194,9.808782
50.565000,-0.043905,0.004637,0.026437,-0.467225,-1.382130,9.801499
50.570000,-0.049234,0.010942,0.029391,-0.327037,-1.383684,9.800276
50.575000,-0.047604,0.012512,0.025836,-0.377358,-1.393102,9.801514
50.580000,-0.046873,0.010482,0.026994,-0.405993,-1.394246,9.817786
50.585000,-0.046270,0.015091,0.025638,-0.341294,-1.366445,9.775610
50.590000,-0.046329,0.012299,0.022492,-0.326824,-1.378109,9.794237
50.595000,-0.045422,0.008703,0.026827,-0.351936,-1.413572,9.747878
50.600000,-0.043496,0.009925,0.027251,-0.375423,-1.341318,9.841480
50.605000,-0.042401,0.012687,0.029662,-0.375795,-1.414628,9.802218
50.610000,-0.047245,0.006925,0.027031,-0.384843,-1.349479,9.854235
50.615000,-0.043027,0.009470,0.025855,-0.368225,-1.337397,9.772412
50.620000,-0.043440,0.009328,0.024211,-0.379597,-1.384081,9.767447
50.625000,-0.049959,0.007579,0.028152,-0.353148,-1.376841,9.814683
50.630000,-0.045437,0.007045,0.032463,-0.367840,-1.372311,9.820061
50.635000,-0.040327,0.008170,0.024074,-0.409587,-1.425621,9.736688
50.640000,-0.040084,0.007786,0.029643,-0.395100,-1.405040,9.776861
50.645000,-0.048841,0.007295,0.021625,-0.321248,-1.418918,9.794162
50.650000,-0.043200,0.006996,0.031738,-0.399384,-1.374542,9.793345
50.655000,-0.041169,0.005934,0.028231,-0.407398,-1.378688,9.790577
50.660000,-0.041914,0.004077,0.027485,-0.420932,-1.420306,9.772921
50.665000,-0.042304,0.008478,0.028794,-0.438591,-1.439534,9.731495
50.670000,-0.040736,0.006192,0.025678,-0.391790,-1.357950,9.786353
50.675000,-0.044387,0.004784,0.030978,-0.363296,-1.449373,9.842110
50.680000,-0.042497,0.009330,0.020312,-0.435823,-1.443799,9.799596
50.685000,-0.037184,0.005218,0.025842,-0.346273,-1.387154,9.809089
50.690000,-0.040962,0.003622,0.027854,-0.425413,-1.431405,9.784243
50.695000,-0.043399,0.006266,0.024892,-0.355867,-1.395281,9.756296
50.700000,-0.042830,0.006311,0.025260,-0.390751,-1.475667,9.801882
50.705000,-0.041957,0.009599,0.026522,-0.427916,-1.420585,9.763342
50.710000,-0.044406,0.004344,0.026006,-0.409301,-1.415798,9.822092
50.715000,-0.045229,0.006460,0.023404,-0.359767,-1.463733,9.860352
50.720000,-0.042101,0.007620,0.027302,-0.417931,-1.456552,9.735578
50.725000,-0.039597,0.003595,0.029222,-0.393286,-1.478223,9.757387
50.730000,-0.037123,0.002067,0.028005,-0.444672,-1.427949,9.768843
50.735000,-0.044640,0.004036,0.025808,-0.375715,-1.491509,9.779471
50.740000,-0.041391,0.009318,0.029762,-0.447994,-1.420272,9.804543
50.745000,-0.040876,-0.001604,0.029418,-0.387407,-1.473311,9.817045
50.750000,-0.041139,0.001574,0.031921,-0.419438,-1.467949,9.805358
50.755000,-0.039188,0.002878,0.027277,-0.420273,-1.447461,9.767857
50.760000,-0.038859,0.006875,0.022439,-0.359912,-1.449667,9.759132
50.765000,-0.039102,0.001580,0.028985,-0.432964,-1.450944,9.773973
50.770000,-0.035511,0.008710,0.026729,-0.348376,-1.463116,9.793389
50.775000,-0.040136,0.008563,0.021605,-0.383028,-1.466324,9.762431
50.780000,-0.038574,0.000639,0.020841,-0.393331,-1.424699,9.780900
50.785000,-0.040883,0.006632,0.021756,-0.380910,-1.487336,9.747921
50.790000,-0.037059,0.000332,0.031361,-0.410185,-1.438492,9.789522
50.795000,-0.041744,0.007902,0.023302,-0.455609,-1.442228,9.778387
50.800000,-0.034610,0.005109,0.033492,-0.414779,-1.492365,9.751133
50.805000,-0.038611,0.004993,0.027621,-0.420453,-1.456658,9.774265
50.810000,-0.035707,0.002808,0.026333,-0.406386,-1.436680,9.744026
50.815000,-0.034723,-0.002386,0.030206,-0.375170,-1.478348,9.801093
50.820000,-0.033447,0.000869,0.027510,-0.415572,-1.472410,9.779481
50.825000,-0.035441,-0.000979,0.028509,-0.425236,-1.461232,9.742510
50.830000,-0.030019,0.007072,0.029297,-0.436588,-1.462540,9.795007
50.835000,-0.033146,0.006673,0.023290,-0.418097,-1.515099,9.779264
50.840000,-0.040489,0.007938,0.022884,-0.419908,-1.499637,9.798065
50.845000,-0.034072,0.008357,0.032426,-0.401352,-1.455039,9.717104
50.850000,-0.033029,0.003890,0.031074,-0.411650,-1.506478,9.766404
50.855000,-0.032658,0.003128,0.028953,-0.476340,-1.523080,9.796218
50.860000,-0.041386,-0.000857,0.026066,-0.430731,-1.535898,9.726876
50.865000,-0.025307,0.005933,0.029888,-0.348435,-1.474302,9.814857
50.870000,-0.030289,0.005749,0.031298,-0.458680,-1.484622,9.781253
50.875000,-0.036635,0.010330,0.025226,-0.416562,-1.516660,9.770539
50.880000,-0.033905,0.007733,0.029943,-0.418116,-1.497703,9.778676
50.885000,-0.033414,0.001855,0.028525,-0.452853,-1.508842,9.710245
50.890000,-0.029785,0.002226,0.026981,-0.416384,-1.542606,9.739179
50.895000,-0.032507,0.006134,0.029980,-0.379433,-1.535751,9.803947
50.900000,-0.033794,0.004756,0.020708,-0.383500,-1.518071,9.807362
50.905000,-0.032257,0.002782,0.030834,-0.365345,-1.514866,9.802609
50.910000,-0.023495,0.000924,0.029682,-0.386299,-1.513595,9.817234
50.915000,-0.033740,0.005955,0.031969,-0.458989,-1.533652,9.794967
50.920000,-0.033226,-0.001286,0.031297,-0.436125,-1.545496,9.779758
50.925000,-0.035300,0.003267,0.034108,-0.463505,-1.532622,9.716500
50.930000,-0.029164,0.002408,0.027042,-0.437110,-1.526200,9.798198
50.935000,-0.026419,0.002671,0.026893,-0.409708,-1.495432,9.779922
50.940000,-0.029609,0.000797,0.031594,-0.438578,-1.517659,9.754481
50.945000,-0.027934,0.001030,0.031396,-0.402478,-1.548181,9.760765
50.950000,-0.033202,-0.002005,0.027879,-0.425519,-1.535231,9.769710
50.955000,-0.028249,0.001334,0.027684,-0.422432,-1.552705,9.728770
50.960000,-0.026817,-0.003278,0.026545,-0.430860,-1.514898,9.756070
50.965000,-0.027279,0.000910,0.028072,-0.409405,-1.527830,9.710906
50.970000,-0.029933,0.000124,0.027819,-0.404403,-1.603983,9.752567
50.975000,-0.024288,0.006373,0.029209,-0.487292,-1.540372,9.701660
50.980000,-0.024898,-0.000387,0.032089,-0.454349,-1.544933,9.771816
50.985000,-0.023914,-0.001390,0.029135,-0.462218,-1.556546,9.813108
50.990000,-0.028563,-0.002637,0.027810,-0.439313,-1.612076,9.820974
50.995000,-0.026175,0.000747,0.026387,-0.364208,-1.574083,9.747532
51.000000,-0.027218,0.002591,0.025890,-0.399630,-1.590094,9.778560
51.005000,-0.029241,-0.003643,0.031534,-0.476901,-1.591469,9.763806
51.010000,-0.023378,-0.003020,0.028057,-0.467957,-1.588015,9.721313
51.015000,-0.020643,-0.001189,0.024212,-0.446435,-1.583648,9.749788
51.020000,-0.030066,0.000485,0.029172,-0.409244,-1.583008,9.799663
51.025000,-0.027444,0.001813,0.027655,-0.401974,-1.589594,9.689383
51.030000,-0.026933,-0.001921,0.028927,-0.420664,-1.558333,9.777421
51.035000,-0.023561,0.001859,0.030903,-0.427795,-1.496890,9.771059
51.040000,-0.027038,-0.004480,0.029714,-0.500997,-1.550443,9.774474
51.045000,-0.024888,-0.004797,0.026533,-0.400250,-1.549635,9.779464
51.050000,-0.023977,-0.000230,0.033518,-0.419524,-1.543343,9.800580
51.055000,-0.024492,-0.006466,0.022863,-0.436712,-1.643628,9.755256
51.060000,-0.032400,0.001489,0.024693,-0.524850,-1.572011,9.730053
51.065000,-0.024903,-0.000562,0.032406,-0.431264,-1.598210,9.769390
51.070000,-0.023205,-0.001626,0.031362,-0.448609,-1.633853,9.735509
51.075000,-0.027356,0.001992,0.030489,-0.436252,-1.555558,9.725502
51.080000,-0.019792,-0.003889,0.026733,-0.454956,-1.533431,9.685771
51.085000,-0.019174,-0.007049,0.026650,-0.427549,-1.569921,9.768077
51.090000,-0.022349,-0.002221,0.030537,-0.407638,-1.586478,9.740648
51.095000,-0.024635,0.003349,0.027395,-0.440734,-1.616619,9.802343
51.100000,-0.021563,-0.004071,0.031031,-0.454225,-1.602854,9.797227
51.105000,-0.022228,-0.002724,0.030337,-0.434281,-1.634130,9.758407
51.110000,-0.020741,-0.001888,0.029656,-0.412822,-1.568021,9.760923
51.115000,-0.018444,0.002888,0.028626,-0.417505,-1.578464,9.776367
51.120000,-0.026543,-0.001854,0.024753,-0.450492,-1.619903,9.774925
51.125000,-0.021733,-0.005029,0.029274,-0.429596,-1.557960,9.779544
51.130000,-0.020770,-0.004532,0.026912,-0.433347,-1.602420,9.755645
51.135000,-0.018740,-0.005859,0.028686,-0.378082,-1.618833,9.700498
51.140000,-0.017382,-0.002056,0.023775,-0.449284,-1.573105,9.797575
51.145000,-0.015845,-0.007359,0.028416,-0.505012,-1.589394,9.758695
51.150000,-0.013245,-0.008083,0.029853,-0.421628,-1.606986,9.802128
51.155000,-0.018431,-0.005408,0.028861,-0.396082,-1.657803,9.754836
51.160000,-0.013850,-0.002026,0.026054,-0.468023,-1.621401,9.763767
51.165000,-0.015277,-0.007162,0.030430,-0.427112,-1.592479,9.758329
51.170000,-0.019394,-0.003136,0.026224,-0.461204,-1.582404,9.715139
51.175000,-0.020252,-0.009384,0.029787,-0.450514,-1.598138,9.778195
51.180000,-0.022302,-0.005337,0.031833,-0.471487,-1.611448,9.789024
51.185000,-0.018418,-0.006772,0.029899,-0.438948,-1.601419,9.758320
51.190000,-0.017616,-0.004386,0.026143,-0.419329,-1.638692,9.736113
51.195000,-0.011657,-0.005965,0.032473,-0.447381,-1.608330,9.743059
51.200000,-0.022200,-0.001666,0.028923,-0.460017,-1.614909,9.767223
51.205000,-0.017928,-0.003982,0.022720,-0.459840,-1.630289,9.787449
51.210000,-0.016119,-0.004702,0.030990,-0.456993,-1.646328,9.820749
51.215000,-0.015703,-0.008214,0.029565,-0.479973,-1.598426,9.817724
51.220000,-0.021042,-0.011299,0.031076,-0.471852,-1.607274,9.724886
51.225000,-0.015819,-0.004880,0.031466,-0.480974,-1.600609,9.745189
51.230000,-0.018219,-0.008650,0.030733,-0.441029,-1.608312,9.690048
51.235000,-0.016490,-0.004739,0.033616,-0.406661,-1.631171,9.760384
51.240000,-0.014819,-0.005765,0.030590,-0.422675,-1.636114,9.778422
51.245000,-0.012702,-0.003399,0.023497,-0.453097,-1.694689,9.713457
51.250000,-0.013813,-0.012601,0.025771,-0.460920,-1.586687,9.754975
51.255000,-0.016701,-0.013287,0.029098,-0.450922,-1.596003,9.757733
51.260000,-0.012333,-0.011652,0.034109,-0.466269,-1.589562,9.813749
51.265000,-0.011015,-0.005493,0.028377,-0.402662,-1.554607,9.740584
51.270000,-0.013250,-0.007008,0.030649,-0.457391,-1.634899,9.801167
51.275000,-0.013463,-0.002821,0.030170,-0.422379,-1.620369,9.740656
51.280000,-0.016111,-0.007791,0.028929,-0.449567,-1.666528,9.771634
51.285000,-0.011852,-0.006303,0.030798,-0.468561,-1.671522,9.774726
51.290000,-0.005685,-0.013078,0.027294,-0.486030,-1.636441,9.756375
51.295000,-0.011944,-0.007454,0.024783,-0.470071,-1.609378,9.736986
51.300000,-0.007737,-0.006644,0.032876,-0.407173,-1.598891,9.737808
51.305000,-0.012977,-0.008533,0.028980,-0.464253,-1.618917,9.738329
51.310000,-0.009383,-0.009395,0.029202,-0.374781,-1.732783,9.805979
51.315000,-0.006643,-0.009679,0.028705,-0.447750,-1.701599,9.716077
51.320000,-0.006720,-0.010384,0.030769,-0.417172,-1.654531,9.744096
51.325000,-0.011064,-0.005278,0.029366,-0.415019,-1.611389,9.724511
51.330000,-0.009656,-0.009502,0.028310,-0.414372,-1.662373,9.752097
51.335000,-0.004082,-0.017810,0.029158,-0.418986,-1.648678,9.694376
51.340000,-0.007387,-0.011742,0.029123,-0.464073,-1.671161,9.765004
51.345000,-0.013090,-0.013695,0.031310,-0.436080,-1.608704,9.755646
51.350000,-0.008598,-0.008786,0.026533,-0.476499,-1.620842,9.745702
51.355000,-0.001620,-0.005759,0.030301,-0.515335,-1.678607,9.762417
51.360000,-0.008726,-0.008239,0.029305,-0.425794,-1.675741,9.714616
51.365000,-0.008778,-0.009725,0.029394,-0.461588,-1.661004,9.731005
51.370000,-0.008586,-0.003910,0.029054,-0.427569,-1.679363,9.772111
51.375000,-0.007192,-0.010496,0.026518,-0.431511,-1.643087,9.722206
51.380000,-0.004034,-0.012922,0.029814,-0.478322,-1.607478,9.724152
51.385000,-0.004502,-0.007455,0.031377,-0.437078,-1.663455,9.760027
51.390000,-0.008342,-0.007859,0.030076,-0.437153,-1.646701,9.740841
51.395000,-0.004013,-0.013838,0.028526,-0.444511,-1.610763,9.717123
51.400000,-0.009473,-0.010607,0.032651,-0.391624,-1.686686,9.746391
51.405000,-0.000513,-0.008993,0.031146,-0.439780,-1.673765,9.741051
51.410000,-0.007166,-0.013334,0.030268,-0.478240,-1.625300,9.784210
51.415000,-0.008914,-0.013863,0.025500,-0.455830,-1.627044,9.764718
51.420000,-0.007097,-0.012002,0.033698,-0.454852,-1.590007,9.770357
51.425000,-0.006206,-0.010803,0.028988,-0.450916,-1.655920,9.753684
51.430000,-0.005757,-0.012610,0.030870,-0.488495,-1.682859,9.732460
51.435000,-0.005643,-0.014089,0.029685,-0.452251,-1.605374,9.728600
51.440000,-0.002704,-0.018527,0.029971,-0.446700,-1.625427,9.772369
51.445000,-0.002797,-0.006759,0.033040,-0.449518,-1.653986,9.699368
51.450000,-0.004503,-0.007012,0.031902,-0.434042,-1.650414,9.736305
51.455000,-0.000119,-0.007947,0.029468,-0.470490,-1.642357,9.724640
51.460000,0.000091,-0.013849,0.032376,-0.432287,-1.658297,9.775962
51.465000,-0.005980,-0.013357,0.025876,-0.501063,-1.651168,9.766930
51.470000,-0.001301,-0.014765,0.029355,-0.475206,-1.607742,9.693833
51.475000,0.000920,-0.005673,0.027468,-0.442363,-1.622962,9.789375
51.480000,-0.007775,-0.014539,0.029510,-0.404397,-1.639554,9.762469
51.485000,0.001362,-0.010867,0.025687,-0.412615,-1.652909,9.754307
51.490000,0.000573,-0.014271,0.037525,-0.458226,-1.618051,9.773385
51.495000,-0.005148,-0.015690,0.032864,-0.414834,-1.567407,9.723438
51.500000,-0.001582,-0.012675,0.029532,-0.457724,-1.696913,9.776948
51.505000,-0.000675,-0.011696,0.027519,-0.467182,-1.628749,9.748449
51.510000,0.000131,-0.010938,0.026574,-0.454317,-1.644186,9.721457
51.515000,-0.000086,-0.013262,0.029073,-0.432693,-1.632594,9.749796
51.520000,0.002424,-0.014485,0.031372,-0.478570,-1.654891,9.743291
51.525000,0.001450,-0.013668,0.023457,-0.453129,-1.592745,9.721913
51.530000,-0.000466,-0.017207,0.033368,-0.458920,-1.575327,9.793683
51.535000,0.000626,-0.014157,0.030535,-0.474508,-1.627507,9.820147
51.540000,0.003824,-0.017074,0.030620,-0.448016,-1.635863,9.760521
51.545000,0.003868,-0.016711,0.028966,-0.435542,-1.609265,9.792069
51.550000,0.004309,-0.016946,0.029419,-0.448567,-1.684231,9.748650
51.555000,0.005300,-0.010216,0.030036,-0.452911,-1.663986,9.752257
51.560000,0.002612,-0.014476,0.032199,-0.374281,-1.657019,9.778206
51.565000,0.011603,-0.015780,0.027149,-0.482211,-1.668886,9.776216
51.570000,0.004326,-0.013974,0.030172,-0.464266,-1.689894,9.722544
51.575000,0.005054,-0.011958,0.026414,-0.449827,-1.629162,9.746444
51.580000,0.000344,-0.019432,0.035403,-0.427372,-1.617576,9.760714
51.585000,0.008163,-0.018687,0.028641,-0.435736,-1.703811,9.768161
51.590000,0.007976,-0.014834,0.032083,-0.377622,-1.694931,9.753602
51.595000,0.005259,-0.014021,0.032914,-0.429999,-1.687134,9.732314
51.600000,0.007636,-0.013167,0.028152,-0.471672,-1.630028,9.771614
51.605000,0.008198,-0.017212,0.030880,-0.456741,-1.629045,9.709508
51.610000,0.012349,-0.016117,0.035243,-0.442149,-1.636377,9.741857
51.615000,0.007375,-0.016240,0.031770,-0.381088,-1.653500,9.762192
51.620000,0.005459,-0.015384,0.030628,-0.423978,-1.615560,9.710920
51.625000,0.004496,-0.017743,0.029899,-0.398319,-1.605284,9.767173
51.630000,0.015599,-0.025533,0.027752,-0.462164,-1.603271,9.709065
51.635000,0.012024,-0.017813,0.030909,-0.419968,-1.664879,9.774231
51.640000,0.002022,-0.018440,0.032260,-0.472535,-1.608691,9.795993
51.645000,0.003801,-0.017276,0.035565,-0.453743,-1.615048,9.757474
51.650000,0.002762,-0.015001,0.029657,-0.439812,-1.663293,9.757325
51.655000,0.015584,-0.011891,0.029202,-0.417665,-1.642961,9.738497
51.660000,0.008208,-0.014049,0.029869,-0.458607,-1.646221,9.707084
51.665000,0.015090,-0.015989,0.031899,-0.428156,-1.601814,9.746044
51.670000,0.011714,-0.018601,0.029826,-0.439047,-1.647901,9.732184
51.675000,0.014316,-0.019692,0.025308,-0.457829,-1.655530,9.735312
51.680000,0.013817,-0.016068,0.033645,-0.404725,-1.631617,9.720421
51.685000,0.010851,-0.022992,0.026660,-0.461860,-1.677820,9.762335
51.690000,0.019577,-0.017930,0.030158,-0.455322,-1.606768,9.762741
51.695000,0.012187,-0.011266,0.026709,-0.482638,-1.623513,9.745738
51.700000,0.010350,-0.015965,0.025035,-0.429325,-1.667061,9.732023
51.705000,0.011748,-0.020984,0.029628,-0.439240,-1.608008,9.711689
51.710000,0.013197,-0.018744,0.034044,-0.410794,-1.660054,9.748533
51.715000,0.016745,-0.018278,0.034537,-0.404758,-1.672485,9.778304
51.720000,0.010463,-0.021184,0.031193,-0.446290,-1.628445,9.764114
51.725000,0.017760,-0.018645,0.029745,-0.457994,-1.655137,9.762571
51.730000,0.016552,-0.020271,0.030194,-0.438704,-1.641060,9.693808
51.735000,0.019313,-0.021840,0.032381,-0.479788,-1.650815,9.732929
51.740000,0.009242,-0.012952,0.026074,-0.444935,-1.575248,9.729956
51.745000,0.013693,-0.015892,0.029530,-0.452712,-1.666805,9.750910
51.750000,0.015257,-0.025109,0.031193,-0.454916,-1.642739,9.756208
51.755000,0.012032,-0.022079,0.030546,-0.380471,-1.656397,9.736297
51.760000,0.014565,-0.019736,0.028632,-0.460300,-1.724800,9.739744
51.765000,0.014201,-0.019452,0.034598,-0.406457,-1.610518,9.739317
51.770000,0.016752,-0.018023,0.027639,-0.400318,-1.606921,9.782111
51.775000,0.016292,-0.021177,0.029691,-0.432863,-1.601808,9.767521
51.780000,0.016741,-0.013321,0.034343,-0.389714,-1.652742,9.727353
51.785000,0.018218,-0.016018,0.032356,-0.442220,-1.533211,9.715767
51.790000,0.016281,-0.024511,0.025296,-0.403000,-1.637534,9.752386
51.795000,0.017337,-0.017233,0.034122,-0.404430,-1.567862,9.750839
51.800000,0.012195,-0.023994,0.028674,-0.437636,-1.556407,9.754107
51.805000,0.019399,-0.023023,0.034370,-0.408907,-1.559764,9.763983
51.810000,0.018338,-0.022668,0.031969,-0.459804,-1.652884,9.757834
51.815000,0.021015,-0.029900,0.025108,-0.451008,-1.607588,9.727867
51.820000,0.023429,-0.018049,0.034859,-0.391578,-1.635476,9.746934
51.825000,0.022250,-0.020459,0.031072,-0.402159,-1.604434,9.753556
51.830000,0.018572,-0.020022,0.035708,-0.444014,-1.673154,9.774751
51.835000,0.022104,-0.021906,0.024196,-0.443471,-1.618284,9.700393
51.840000,0.021967,-0.024938,0.031013,-0.440506,-1.621373,9.778152
51.845000,0.025836,-0.023996,0.031388,-0.431748,-1.574423,9.718843
51.850000,0.027181,-0.021491,0.029822,-0.453923,-1.640716,9.737920
51.855000,0.018852,-0.030109,0.033920,-0.451162,-1.609809,9.730360
51.860000,0.022132,-0.024852,0.030180,-0.473402,-1.577302,9.695915
51.865000,0.028692,-0.020277,0.031968,-0.382224,-1.594320,9.781400
51.870000,0.020740,-0.028799,0.033599,-0.456668,-1.585044,9.712127
51.875000,0.022688,-0.021794,0.028792,-0.420104,-1.609211,9.765429
51.880000,0.019493,-0.024289,0.023274,-0.462469,-1.589805,9.739338
51.885000,0.020073,-0.020901,0.029322,-0.387016,-1.584598,9.744614
51.890000,0.025719,-0.025309,0.031527,-0.383726,-1.650106,9.785703
51.895000,0.024553,-0.021376,0.032186,-0.424260,-1.616638,9.733073
51.900000,0.030699,-0.023729,0.029339,-0.361565,-1.645682,9.796879
51.905000,0.026283,-0.024665,0.025682,-0.438592,-1.532052,9.755748
51.910000,0.024346,-0.019873,0.029713,-0.453849,-1.616174,9.780874
51.915000,0.023607,-0.023359,0.035998,-0.394209,-1.605168,9.739818
51.920000,0.020512,-0.021650,0.024441,-0.414268,-1.558780,9.744840
51.925000,0.023336,-0.024084,0.034907,-0.418971,-1.609044,9.741728
51.930000,0.026120,-0.024557,0.025990,-0.480400,-1.542255,9.738447
51.935000,0.023467,-0.022120,0.030446,-0.402027,-1.594286,9.748527
51.940000,0.021390,-0.025719,0.033462,-0.418027,-1.569263,9.734069
51.945000,0.027935,-0.026699,0.030836,-0.434551,-1.601216,9.756826
51.950000,0.021367,-0.023220,0.029609,-0.410663,-1.633583,9.731439
51.955000,0.027993,-0.029893,0.033947,-0.408397,-1.611436,9.754220
51.960000,0.025594,-0.033862,0.031957,-0.379194,-1.584855,9.737598
51.965000,0.030319,-0.024942,0.031748,-0.423561,-1.607250,9.771125
51.970000,0.032089,-0.029391,0.035176,-0.434606,-1.564268,9.763357
51.975000,0.030023,-0.022615,0.031652,-0.390451,-1.594274,9.783221
51.980000,0.029240,-0.026742,0.031113,-0.412811,-1.519840,9.810852
51.985000,0.027529,-0.024041,0.032791,-0.344537,-1.549646,9.772840
51.990000,0.026521,-0.024584,0.035707,-0.467811,-1.580255,9.740461
51.995000,0.026304,-0.023943,0.030693,-0.409473,-1.585881,9.742022
52.000000,0.034489,-0.020845,0.033768,-0.449570,-1.615019,9.767292
52.005000,0.031849,-0.028206,0.028717,-0.396988,-1.601794,9.731259
52.010000,0.030357,-0.024853,0.034083,-0.389554,-1.559301,9.780228
52.015000,0.027512,-0.027158,0.023940,-0.479515,-1.528200,9.729920
52.020000,0.027848,-0.026742,0.031288,-0.473160,-1.563845,9.789183
52.025000,0.030608,-0.030128,0.026770,-0.399959,-1.631105,9.775177
52.030000,0.037796,-0.027315,0.036503,-0.371528,-1.526112,9.762834
52.035000,0.030120,-0.024030,0.028926,-0.452319,-1.493248,9.759477
52.040000,0.032795,-0.030037,0.029101,-0.433776,-1.563184,9.753285
52.045000,0.034103,-0.026761,0.028690,-0.441261,-1.538712,9.797262
52.050000,0.034017,-0.029611,0.028947,-0.412055,-1.560101,9.726834
52.055000,0.029751,-0.023486,0.033009,-0.401094,-1.516993,9.810232
52.060000,0.031289,-0.025890,0.027231,-0.436937,-1.572283,9.806153
52.065000,0.029556,-0.024797,0.032356,-0.425491,-1.551801,9.762839
52.070000,0.037882,-0.032090,0.031031,-0.394466,-1.614302,9.735487
52.075000,0.033382,-0.027934,0.031370,-0.447699,-1.570967,9.743261
52.080000,0.038349,-0.023734,0.032365,-0.384528,-1.527559,9.809709
52.085000,0.036261,-0.032037,0.031520,-0.452925,-1.550125,9.764438
52.090000,0.034279,-0.025088,0.037840,-0.410487,-1.525647,9.752436
52.095000,0.040871,-0.023855,0.029861,-0.418760,-1.558195,9.766903
52.100000,0.035501,-0.033054,0.031267,-0.388889,-1.563392,9.802743
52.105000,0.035084,-0.023229,0.030219,-0.371017,-1.508984,9.801700
52.110000,0.038589,-0.035278,0.029662,-0.371132,-1.560026,9.744920
52.115000,0.037974,-0.029606,0.029824,-0.385563,-1.569171,9.798958
52.120000,0.038423,-0.024104,0.029376,-0.355190,-1.568626,9.752755
52.125000,0.028737,-0.025975,0.034854,-0.374184,-1.540315,9.784946
52.130000,0.029969,-0.029436,0.032110,-0.464139,-1.549310,9.720434
52.135000,0.035360,-0.028972,0.028760,-0.428749,-1.548686,9.767754
52.140000,0.040469,-0.032131,0.033070,-0.356332,-1.571847,9.755062
52.145000,0.035845,-0.031025,0.029862,-0.445953,-1.503137,9.802254
52.150000,0.039894,-0.028616,0.030984,-0.431731,-1.531615,9.716472
52.155000,0.036918,-0.029585,0.036346,-0.353071,-1.524901,9.789416
52.160000,0.038702,-0.025093,0.031080,-0.429259,-1.517860,9.810278
52.165000,0.038438,-0.032301,0.027971,-0.372722,-1.492973,9.803068
52.170000,0.040270,-0.032836,0.026960,-0.430355,-1.490953,9.786207
52.175000,0.036528,-0.028303,0.033047,-0.334829,-1.473612,9.736308
52.180000,0.043962,-0.030621,0.031729,-0.410326,-1.471946,9.731149
52.185000,0.041714,-0.029158,0.034448,-0.420917,-1.519441,9.796432
52.190000,0.040506,-0.031816,0.029721,-0.358500,-1.542410,9.789387
52.195000,0.043779,-0.026422,0.037504,-0.404242,-1.558779,9.793106
52.200000,0.034738,-0.027789,0.032479,-0.357758,-1.510847,9.738737
52.205000,0.044605,-0.033000,0.031948,-0.426479,-1.518889,9.772258
52.210000,0.041794,-0.029101,0.031999,-0.334759,-1.487875,9.763042
52.215000,0.042813,-0.027588,0.032765,-0.375786,-1.515275,9.779218
52.220000,0.045492,-0.030431,0.033260,-0.437080,-1.535977,9.772797
52.225000,0.036693,-0.025804,0.031669,-0.371189,-1.476787,9.733099
52.230000,0.040615,-0.032654,0.031998,-0.389690,-1.528997,9.730732
52.235000,0.041240,-0.035349,0.033297,-0.370603,-1.536620,9.711012
52.240000,0.044473,-0.029757,0.031231,-0.396293,-1.502625,9.731668
52.245000,0.042308,-0.032770,0.036316,-0.372581,-1.476716,9.782830
52.250000,0.043224,-0.029406,0.033624,-0.382394,-1.489739,9.789832
52.255000,0.039833,-0.033591,0.041253,-0.387555,-1.446454,9.781671
52.260000,0.045981,-0.034528,0.032524,-0.349460,-1.455690,9.740584
52.265000,0.049912,-0.028442,0.031475,-0.430390,-1.456212,9.784565
52.270000,0.043603,-0.030023,0.027231,-0.387111,-1.487653,9.812524
52.275000,0.043398,-0.027464,0.031779,-0.398803,-1.481382,9.829040
52.280000,0.050698,-0.030650,0.032477,-0.366379,-1.476285,9.706753
52.285000,0.042571,-0.032830,0.029477,-0.404304,-1.499688,9.830011
52.290000,0.042381,-0.032499,0.031762,-0.415156,-1.465312,9.826692
52.295000,0.047052,-0.037304,0.026299,-0.371811,-1.427746,9.795586
52.300000,0.042829,-0.030537,0.030207,-0.422610,-1.416414,9.774579
52.305000,0.043948,-0.032728,0.028322,-0.357846,-1.461513,9.759688
52.310000,0.047207,-0.030476,0.034181,-0.331169,-1.473828,9.746228
52.315000,0.047313,-0.033473,0.029799,-0.395062,-1.509400,9.805034
52.320000,0.044936,-0.033676,0.031274,-0.365385,-1.484326,9.801555
52.325000,0.047203,-0.036426,0.033676,-0.433716,-1.461187,9.724380
52.330000,0.047225,-0.033630,0.026131,-0.375471,-1.467552,9.729590
52.335000,0.045609,-0.035762,0.028599,-0.346123,-1.518758,9.766741
52.340000,0.049902,-0.028795,0.037793,-0.423079,-1.446607,9.788404
52.345000,0.053637,-0.028376,0.033848,-0.333431,-1.487130,9.752961
52.350000,0.046966,-0.032394,0.037447,-0.376883,-1.408132,9.738908
52.355000,0.047269,-0.036582,0.028751,-0.385433,-1.427876,9.728912
52.360000,0.047028,-0.031016,0.034565,-0.361031,-1.417032,9.741948
52.365000,0.054869,-0.035875,0.031183,-0.373120,-1.383573,9.848423
52.370000,0.047255,-0.032722,0.030160,-0.392250,-1.417853,9.810425
52.375000,0.045660,-0.040926,0.034467,-0.391229,-1.432584,9.755868
52.380000,0.052430,-0.029536,0.029247,-0.376429,-1.423416,9.798471
52.385000,0.050196,-0.035818,0.028988,-0.312310,-1.430472,9.770189
52.390000,0.054934,-0.035658,0.031977,-0.330309,-1.399134,9.806448
52.395000,0.052674,-0.037694,0.029754,-0.329740,-1.381380,9.745913
52.400000,0.050370,-0.033911,0.037785,-0.347954,-1.378440,9.809504
52.405000,0.050885,-0.038543,0.036797,-0.379363,-1.364086,9.797633
52.410000,0.050491,-0.039078,0.034498,-0.376766,-1.365502,9.746200
52.415000,0.053783,-0.030946,0.033005,-0.378898,-1.412156,9.796751
52.420000,0.051220,-0.037712,0.034373,-0.360794,-1.369273,9.762076
52.425000,0.047981,-0.032666,0.035933,-0.376645,-1.364787,9.755219
52.430000,0.052275,-0.037092,0.030998,-0.358641,-1.435977,9.811733
52.435000,0.048256,-0.034892,0.034836,-0.412019,-1.415808,9.759665
52.440000,0.053607,-0.036480,0.034528,-0.400690,-1.410544,9.755860
52.445000,0.056291,-0.039373,0.033980,-0.325837,-1.390224,9.752227
52.450000,0.056404,-0.033317,0.032393,-0.374415,-1.359005,9.775325
52.455000,0.056992,-0.036091,0.029577,-0.302327,-1.394495,9.780746
52.460000,0.049313,-0.035832,0.036988,-0.414294,-1.349289,9.793130
52.465000,0.053717,-0.033400,0.033667,-0.384668,-1.364321,9.771830
52.470000,0.057793,-0.039556,0.032347,-0.316839,-1.301087,9.786950
52.475000,0.060618,-0.034408,0.034949,-0.324387,-1.397212,9.777768
52.480000,0.057513,-0.034627,0.036284,-0.349594,-1.365758,9.783060
52.485000,0.056258,-0.036533,0.031271,-0.351684,-1.341813,9.765987
52.490000,0.054961,-0.033091,0.033174,-0.324793,-1.348404,9.853547
52.495000,0.052481,-0.039558,0.030100,-0.354689,-1.398344,9.852795
52.500000,0.057367,-0.039217,0.033358,-0.339590,-1.311374,9.786573
52.505000,0.056779,-0.038216,0.036120,-0.307188,-1.374075,9.760275
52.510000,0.058541,-0.035308,0.034188,-0.315188,-1.320705,9.794284
52.515000,0.058775,-0.031690,0.031534,-0.281921,-1.322714,9.802236
52.520000,0.058086,-0.037105,0.029646,-0.347438,-1.344463,9.837150
52.525000,0.058734,-0.031706,0.032208,-0.382194,-1.325607,9.737839
52.530000,0.058885,-0.034527,0.029065,-0.339275,-1.316230,9.849858
52.535000,0.052551,-0.038460,0.032925,-0.364464,-1.312443,9.803369
52.540000,0.057426,-0.032328,0.030298,-0.318889,-1.345090,9.792150
52.545000,0.061527,-0.037626,0.036104,-0.335780,-1.299594,9.787611
52.550000,0.056230,-0.033823,0.030938,-0.312781,-1.352418,9.825020
52.555000,0.058694,-0.041255,0.033280,-0.345226,-1.351087,9.815435
52.560000,0.059519,-0.037395,0.036418,-0.333945,-1.332617,9.723396
52.565000,0.058962,-0.039822,0.038794,-0.339631,-1.373824,9.847488
52.570000,0.062402,-0.036362,0.032250,-0.339633,-1.346364,9.739337
52.575000,0.058869,-0.033252,0.034508,-0.335635,-1.342575,9.779539
52.580000,0.057656,-0.036117,0.029055,-0.320488,-1.338835,9.827113
52.585000,0.062240,-0.042903,0.028223,-0.323169,-1.282654,9.774446
52.590000,0.060167,-0.034664,0.032397,-0.312218,-1.295372,9.790597
52.595000,0.062633,-0.035671,0.032746,-0.393633,-1.322715,9.784560
52.600000,0.061753,-0.034949,0.029517,-0.351903,-1.266608,9.826670
52.605000,0.059066,-0.034398,0.034303,-0.258165,-1.339828,9.758951
52.610000,0.062259,-0.035706,0.030968,-0.308673,-1.298142,9.800226
52.615000,0.061567,-0.039595,0.034845,-0.283893,-1.303422,9.783482
52.620000,0.059050,-0.037361,0.034701,-0.341972,-1.311851,9.849869
52.625000,0.065712,-0.041671,0.033604,-0.268435,-1.328231,9.819474
52.630000,0.060788,-0.041123,0.036068,-0.306744,-1.244425,9.762836
52.635000,0.062459,-0.039260,0.034078,-0.291626,-1.288887,9.785680
52.640000,0.063217,-0.038366,0.032671,-0.318248,-1.311516,9.804232
52.645000,0.065083,-0.038758,0.029436,-0.270446,-1.217577,9.757251
52.650000,0.067453,-0.036413,0.039584,-0.280479,-1.255160,9.796079
52.655000,0.057517,-0.034495,0.034594,-0.353425,-1.274977,9.801450
52.660000,0.064621,-0.043322,0.039652,-0.344587,-1.261869,9.812687
52.665000,0.064229,-0.038166,0.037905,-0.310901,-1.250412,9.794258
52.670000,0.061830,-0.038804,0.038670,-0.286651,-1.200210,9.845464
52.675000,0.062124,-0.039325,0.033526,-0.355058,-1.248355,9.813863
52.680000,0.063606,-0.037689,0.029745,-0.275223,-1.242505,9.891224
52.685000,0.064204,-0.040274,0.033322,-0.273152,-1.201248,9.815014
52.690000,0.061599,-0.042147,0.030564,-0.323493,-1.208704,9.834512
52.695000,0.067574,-0.043451,0.033815,-0.281231,-1.204976,9.786650
52.700000,0.062875,-0.044860,0.031364,-0.338953,-1.238563,9.751633
52.705000,0.065239,-0.042813,0.035408,-0.301093,-1.179069,9.829412
52.710000,0.064328,-0.038063,0.040517,-0.269223,-1.234815,9.763751
52.715000,0.068362,-0.040920,0.033790,-0.257931,-1.206526,9.777851
52.720000,0.065187,-0.042252,0.037923,-0.293082,-1.252304,9.809100
52.725000,0.066367,-0.045972,0.035003,-0.272795,-1.166430,9.815276
52.730000,0.070243,-0.035132,0.036760,-0.287638,-1.196093,9.859918
52.735000,0.067792,-0.038833,0.030870,-0.315354,-1.170904,9.800653
52.740000,0.066671,-0.038700,0.037257,-0.248756,-1.199435,9.839207
52.745000,0.065215,-0.036831,0.033299,-0.342134,-1.167743,9.824922
52.750000,0.067230,-0.045951,0.032069,-0.327606,-1.143465,9.844751
52.755000,0.063187,-0.040602,0.040399,-0.258569,-1.259855,9.865439
52.760000,0.067352,-0.035585,0.037975,-0.280673,-1.180715,9.784328
52.765000,0.070650,-0.042554,0.035217,-0.262570,-1.181340,9.817818
52.770000,0.067555,-0.043026,0.040948,-0.294420,-1.182746,9.785800
52.775000,0.067131,-0.042841,0.035418,-0.233965,-1.178823,9.800997
52.780000,0.069310,-0.042893,0.033107,-0.247711,-1.229177,9.781054
52.785000,0.071817,-0.044437,0.039021,-0.312055,-1.092522,9.783178
52.790000,0.070766,-0.044852,0.032891,-0.251710,-1.122387,9.780047
52.795000,0.068104,-0.042151,0.035954,-0.262963,-1.154039,9.803548
52.800000,0.069704,-0.039753,0.036085,-0.251460,-1.155551,9.865778
52.805000,0.068294,-0.037736,0.035141,-0.247815,-1.185041,9.790165
52.810000,0.064611,-0.042552,0.036958,-0.318643,-1.153536,9.803426
52.815000,0.071280,-0.040524,0.033951,-0.278724,-1.149667,9.812827
52.820000,0.072505,-0.042611,0.031807,-0.298162,-1.131535,9.827046
52.825000,0.070375,-0.041004,0.034680,-0.301398,-1.125608,9.838036
52.830000,0.069272,-0.043815,0.034854,-0.213134,-1.128515,9.829478
52.835000,0.070409,-0.047543,0.030146,-0.320615,-1.192348,9.880417
52.840000,0.077743,-0.040310,0.037116,-0.219273,-1.068536,9.815604
52.845000,0.070976,-0.041422,0.035760,-0.274213,-1.096751,9.825613
52.850000,0.073004,-0.036967,0.033789,-0.240424,-1.100196,9.838824
52.855000,0.075580,-0.041400,0.032499,-0.293959,-1.088613,9.821653
52.860000,0.069943,-0.041276,0.034719,-0.281870,-1.079687,9.845823
52.865000,0.079346,-0.045472,0.040420,-0.226983,-1.130068,9.847319
52.870000,0.072953,-0.040979,0.037400,-0.258647,-1.090892,9.780973
52.875000,0.072380,-0.049140,0.037127,-0.266741,-1.099907,9.846553
52.880000,0.072378,-0.047554,0.036310,-0.233001,-1.093023,9.869083
52.885000,0.077727,-0.035646,0.035228,-0.244045,-1.121654,9.817060
52.890000,0.076300,-0.044655,0.037271,-0.221263,-1.018483,9.813101
52.895000,0.073268,-0.044553,0.039669,-0.274564,-1.066211,9.853434
52.900000,0.075998,-0.040164,0.035629,-0.221098,-1.143350,9.826758
52.905000,0.071879,-0.037422,0.031174,-0.236966,-1.096975,9.863286
52.910000,0.077528,-0.046305,0.033771,-0.264497,-1.034767,9.859000
52.915000,0.078700,-0.045967,0.040597,-0.272655,-1.045022,9.800243
52.920000,0.072908,-0.044481,0.030166,-0.234299,-1.075128,9.858728
52.925000,0.075237,-0.040760,0.032837,-0.241646,-1.058324,9.795545
52.930000,0.072259,-0.044987,0.032776,-0.213727,-1.010740,9.868330
52.935000,0.077891,-0.040275,0.035482,-0.226078,-1.000464,9.868100
52.940000,0.070467,-0.041769,0.039676,-0.198956,-1.026158,9.810316
52.945000,0.079868,-0.042980,0.037539,-0.261929,-1.073726,9.848688
52.950000,0.073779,-0.043933,0.036905,-0.258638,-1.058204,9.810006
52.955000,0.081214,-0.046194,0.036598,-0.244185,-1.008685,9.800214
52.960000,0.074699,-0.043267,0.039019,-0.261693,-1.028969,9.800894
52.965000,0.077403,-0.049584,0.034227,-0.235829,-1.035264,9.828065
52.970000,0.074392,-0.054092,0.038476,-0.243623,-1.025230,9.855293
52.975000,0.070852,-0.042174,0.032755,-0.236003,-1.057143,9.864668
52.980000,0.076244,-0.044833,0.034232,-0.238563,-1.010631,9.866744
52.985000,0.079255,-0.039587,0.035692,-0.208262,-0.996588,9.801651
52.990000,0.076476,-0.050424,0.037105,-0.216308,-0.962867,9.833798
52.995000,0.079750,-0.045514,0.036590,-0.211223,-0.967087,9.871630
53.000000,0.076516,-0.047625,0.036919,-0.179884,-1.014794,9.829270
53.005000,0.079787,-0.045623,0.035755,-0.211335,-1.003368,9.821584
53.010000,0.081419,-0.042276,0.034411,-0.160347,-1.032768,9.901500
53.015000,0.076417,-0.044768,0.032803,-0.235151,-1.022472,9.812083
53.020000,0.080234,-0.046152,0.039680,-0.180675,-1.003394,9.808908
53.025000,0.079197,-0.048561,0.034807,-0.272213,-1.044763,9.887363
53.030000,0.078333,-0.048200,0.033360,-0.221730,-0.974842,9.868798
53.035000,0.079876,-0.048008,0.038928,-0.232580,-0.915754,9.852861
53.040000,0.080388,-0.047932,0.035633,-0.210523,-0.999660,9.870433
53.045000,0.080565,-0.050929,0.032605,-0.157664,-0.954822,9.860104
53.050000,0.082897,-0.050267,0.035932,-0.207311,-0.956448,9.868842
53.055000,0.082532,-0.053439,0.040078,-0.189514,-0.975161,9.879308
53.060000,0.075244,-0.045473,0.034094,-0.221413,-0.965906,9.847774
53.065000,0.080220,-0.043181,0.034922,-0.189135,-0.954623,9.839787
53.070000,0.081548,-0.047141,0.030340,-0.260265,-0.918561,9.831284
53.075000,0.078932,-0.042353,0.035781,-0.200028,-0.910627,9.908841
53.080000,0.074026,-0.054583,0.037669,-0.206635,-0.871464,9.799375
53.085000,0.083352,-0.049535,0.034308,-0.157166,-0.970986,9.837222
53.090000,0.075779,-0.045583,0.033264,-0.230789,-0.945227,9.841430
53.095000,0.079764,-0.048962,0.029913,-0.179706,-0.904210,9.863945
53.100000,0.074841,-0.046684,0.036911,-0.234952,-0.937489,9.827203
53.105000,0.081014,-0.041890,0.036574,-0.153801,-0.940401,9.863256
53.110000,0.081389,-0.047582,0.034274,-0.196629,-0.948026,9.947804
53.115000,0.078686,-0.049065,0.038433,-0.174013,-0.913042,9.817861
53.120000,0.085176,-0.047412,0.038762,-0.199136,-0.865507,9.806034
53.125000,0.081852,-0.045221,0.034307,-0.221912,-0.858795,9.867369
53.130000,0.086361,-0.047488,0.040032,-0.177475,-0.869798,9.782164
53.135000,0.080826,-0.045608,0.037807,-0.168137,-0.873762,9.835898
53.140000,0.077030,-0.053584,0.035746,-0.214939,-0.846666,9.871705
53.145000,0.085331,-0.050948,0.038514,-0.202416,-0.918736,9.864317
53.150000,0.087369,-0.044104,0.040586,-0.227170,-0.907948,9.809909
53.155000,0.078233,-0.042950,0.038089,-0.174977,-0.854581,9.849102
53.160000,0.082300,-0.053071,0.041051,-0.163894,-0.867723,9.871276
53.165000,0.082364,-0.045876,0.037310,-0.254865,-0.836643,9.918467
53.170000,0.086612,-0.046278,0.037905,-0.210515,-0.864518,9.855626
53.175000,0.080508,-0.051427,0.035314,-0.142998,-0.855157,9.870913
53.180000,0.085170,-0.052976,0.039471,-0.164301,-0.766737,9.880337
53.185000,0.083135,-0.051068,0.033566,-0.131379,-0.831090,9.843842
53.190000,0.085113,-0.044742,0.037142,-0.118129,-0.848185,9.802030
53.195000,0.085275,-0.046517,0.038470,-0.112654,-0.795534,9.873481
53.200000,0.085200,-0.048466,0.036572,-0.143756,-0.794547,9.858459
53.205000,0.087872,-0.046062,0.046262,-0.183625,-0.817215,9.876222
53.210000,0.084735,-0.057905,0.034933,-0.156925,-0.816766,9.901288
53.215000,0.083303,-0.046663,0.033231,-0.130297,-0.844720,9.870214
53.220000,0.081760,-0.051687,0.034747,-0.113417,-0.772329,9.907092
53.225000,0.083684,-0.048841,0.038665,-0.191866,-0.794399,9.844933
53.230000,0.082387,-0.052056,0.036134,-0.171386,-0.828793,9.852718
53.235000,0.085804,-0.049345,0.035319,-0.153693,-0.808735,9.857167
53.240000,0.077825,-0.052615,0.031952,-0.121980,-0.846612,9.817646
53.245000,0.087441,-0.051901,0.038851,-0.166516,-0.720539,9.868571
53.250000,0.084959,-0.046656,0.035881,-0.198936,-0.778898,9.835914
53.255000,0.078429,-0.050330,0.034258,-0.130100,-0.787112,9.873510
53.260000,0.083245,-0.045370,0.037815,-0.133912,-0.740370,9.867632
53.265000,0.084777,-0.047760,0.034554,-0.134725,-0.790423,9.864478
53.270000,0.087000,-0.050868,0.034260,-0.185651,-0.809843,9.882470
53.275000,0.085881,-0.051436,0.041752,-0.128188,-0.731176,9.892256
53.280000,0.077297,-0.045626,0.032909,-0.123155,-0.729254,9.847147
53.285000,0.086568,-0.050939,0.037374,-0.133278,-0.750529,9.906338
53.290000,0.086610,-0.052241,0.041224,-0.123995,-0.697710,9.860069
53.295000,0.087460,-0.051768,0.036918,-0.102959,-0.707033,9.866128
53.300000,0.088506,-0.051504,0.042192,-0.124770,-0.736306,9.862952
53.305000,0.087239,-0.051549,0.038244,-0.129546,-0.784223,9.843327
53.310000,0.085950,-0.047825,0.036097,-0.132576,-0.685462,9.868607
53.315000,0.086041,-0.051718,0.038873,-0.069213,-0.701962,9.878798
53.320000,0.088751,-0.051058,0.038548,-0.117875,-0.702012,9.926639
53.325000,0.088151,-0.048030,0.037272,-0.166020,-0.712400,9.854598
53.330000,0.088832,-0.048942,0.043785,-0.127812,-0.702717,9.917516
53.335000,0.081959,-0.049841,0.040985,-0.106200,-0.687130,9.837860
53.340000,0.085786,-0.048471,0.034573,-0.104090,-0.718705,9.876603
53.345000,0.091589,-0.051896,0.040036,-0.131374,-0.663088,9.821151
53.350000,0.086497,-0.054184,0.043147,-0.057908,-0.725738,9.863986
53.355000,0.083642,-0.051281,0.039530,-0.134380,-0.671906,9.878755
53.360000,0.089266,-0.052570,0.038503,-0.114348,-0.652016,9.822220
53.365000,0.089956,-0.048928,0.034979,-0.108607,-0.665285,9.903733
53.370000,0.087195,-0.056116,0.039349,-0.125959,-0.643985,9.835073
53.375000,0.086362,-0.050292,0.036449,-0.062560,-0.633077,9.886718
53.380000,0.085222,-0.049584,0.036963,-0.057839,-0.677261,9.805690
53.385000,0.085987,-0.055179,0.036524,-0.090574,-0.615090,9.893627
53.390000,0.085194,-0.055970,0.036458,-0.104811,-0.703559,9.843875
53.395000,0.089989,-0.053437,0.037597,-0.113078,-0.669402,9.846905
53.400000,0.086151,-0.053568,0.040606,-0.123153,-0.624597,9.839071
53.405000,0.086036,-0.049713,0.038735,-0.103639,-0.658812,9.865339
53.410000,0.092506,-0.050735,0.035761,-0.089141,-0.633031,9.893069
53.415000,0.085465,-0.049058,0.041153,-0.064481,-0.616011,9.862918
53.420000,0.087540,-0.047836,0.039378,-0.156586,-0.628029,9.907979
53.425000,0.088296,-0.054464,0.041383,-0.086167,-0.618493,9.904012
53.430000,0.090407,-0.051058,0.034318,-0.106922,-0.608344,9.928437
53.435000,0.084928,-0.050071,0.037335,-0.058021,-0.623175,9.865928
53.440000,0.089990,-0.051930,0.035324,-0.057991,-0.618045,9.882456
53.445000,0.084240,-0.050404,0.041422,-0.069078,-0.554041,9.831690
53.450000,0.091586,-0.055178,0.035834,-0.104892,-0.577077,9.883594
53.455000,0.087272,-0.048870,0.041042,-0.101748,-0.568700,9.886297
53.460000,0.085457,-0.051607,0.043707,-0.063783,-0.566412,9.903148
53.465000,0.091029,-0.055589,0.039230,-0.102252,-0.582791,9.860675
53.470000,0.086653,-0.050734,0.036611,-0.080538,-0.614637,9.883465
53.475000,0.085141,-0.047208,0.043847,-0.091844,-0.560642,9.878744
53.480000,0.091121,-0.056186,0.035428,-0.111830,-0.539181,9.904894
53.485000,0.092282,-0.049995,0.039934,-0.060123,-0.523901,9.931558
53.490000,0.091796,-0.054501,0.041541,-0.118256,-0.549341,9.853993
53.495000,0.093318,-0.048578,0.036340,-0.068841,-0.579591,9.859532
53.500000,0.091858,-0.054748,0.038653,-0.088057,-0.553577,9.846098
53.505000,0.086241,-0.051695,0.039630,-0.072047,-0.555957,9.865992
53.510000,0.090315,-0.054526,0.038039,-0.085970,-0.516669,9.863549
53.515000,0.091826,-0.052826,0.040709,-0.061188,-0.548881,9.858235
53.520000,0.091186,-0.052900,0.045613,-0.112178,-0.530254,9.874661
53.525000,0.088387,-0.054815,0.036509,-0.109461,-0.489418,9.919256
53.530000,0.088837,-0.054601,0.039963,-0.060799,-0.578101,9.918503
53.535000,0.090258,-0.055562,0.040183,-0.005684,-0.555632,9.851338
53.540000,0.093960,-0.055619,0.041483,-0.071147,-0.533933,9.799643
53.545000,0.090365,-0.049651,0.034799,-0.024406,-0.514401,9.903957
53.550000,0.092345,-0.052178,0.037611,0.004918,-0.477685,9.897968
53.555000,0.091552,-0.059528,0.041643,-0.084061,-0.478726,9.886201
53.560000,0.086008,-0.051631,0.039353,-0.094472,-0.482628,9.946337
53.565000,0.092705,-0.052632,0.039996,-0.009629,-0.449991,9.843811
53.570000,0.087317,-0.049602,0.044910,-0.082640,-0.536606,9.840944
53.575000,0.087913,-0.055506,0.039110,-0.043298,-0.472029,9.826398
53.580000,0.089506,-0.055394,0.039855,-0.021385,-0.488416,9.827586
53.585000,0.095606,-0.052568,0.041514,-0.048747,-0.488624,9.863516
53.590000,0.093969,-0.053728,0.035937,-0.071341,-0.447210,9.912619
53.595000,0.084317,-0.045048,0.043975,-0.043068,-0.405511,9.906350
53.600000,0.091974,-0.056966,0.040972,-0.003210,-0.416926,9.901057
53.605000,0.093469,-0.058218,0.037909,0.009580,-0.466967,9.895976
53.610000,0.092566,-0.048626,0.043026,-0.036948,-0.472852,9.902196
53.615000,0.088684,-0.053225,0.038097,-0.012902,-0.428456,9.872164
53.620000,0.090333,-0.052422,0.040033,-0.043298,-0.418669,9.950307
53.625000,0.085530,-0.053283,0.043858,-0.060671,-0.431740,9.822174
53.630000,0.092753,-0.056216,0.039821,-0.035950,-0.386917,9.917078
53.635000,0.091436,-0.053244,0.042553,-0.008871,-0.389645,9.854769
53.640000,0.089159,-0.055772,0.042584,-0.022258,-0.377867,9.835268
53.645000,0.090503,-0.052169,0.037478,-0.102907,-0.412688,9.892502
53.650000,0.093287,-0.053288,0.044184,0.001633,-0.359330,9.802645
53.655000,0.091234,-0.060538,0.038759,-0.003597,-0.370661,9.802613
53.660000,0.093740,-0.053624,0.038578,-0.061481,-0.355669,9.863162
53.665000,0.088882,-0.052855,0.033829,-0.084883,-0.399568,9.919422
53.670000,0.088886,-0.056009,0.043367,-0.009210,-0.369060,9.849389
53.675000,0.095261,-0.053693,0.042366,-0.011003,-0.344334,9.859117
53.680000,0.095237,-0.057837,0.038331,-0.028837,-0.349171,9.851779
53.685000,0.093224,-0.056576,0.041314,-0.027295,-0.385546,9.917876
53.690000,0.093075,-0.059157,0.035721,-0.036356,-0.387635,9.817631
53.695000,0.093939,-0.059266,0.035669,-0.012524,-0.274660,9.872765
53.700000,0.091059,-0.054578,0.037194,0.001466,-0.362284,9.874026
53.705000,0.087451,-0.046228,0.046920,0.061329,-0.328014,9.873233
53.710000,0.091958,-0.051836,0.039517,-0.019215,-0.353341,9.855333
53.715000,0.090332,-0.053590,0.044867,-0.025364,-0.321341,9.875696
53.720000,0.089924,-0.057449,0.043575,-0.013929,-0.351302,9.878308
53.725000,0.094331,-0.051852,0.040005,0.036747,-0.290122,9.883707
53.730000,0.092586,-0.051748,0.040372,0.042980,-0.313437,9.843417
53.735000,0.087991,-0.057131,0.042925,0.020794,-0.361868,9.924139
53.740000,0.092266,-0.055405,0.041014,0.005703,-0.273672,9.869914
53.745000,0.091698,-0.048629,0.042494,0.009567,-0.298115,9.883440
53.750000,0.094611,-0.053186,0.041551,-0.034980,-0.303416,9.804908
53.755000,0.089120,-0.052121,0.042925,0.024483,-0.338059,9.912698
53.760000,0.095252,-0.054905,0.040775,-0.009956,-0.254819,9.823160
53.765000,0.097745,-0.055311,0.039058,0.010228,-0.240876,9.870769
53.770000,0.093419,-0.049884,0.040345,0.004529,-0.291746,9.886839
53.775000,0.088779,-0.054224,0.039696,0.062222,-0.245427,9.844100
53.780000,0.090688,-0.054924,0.041605,0.024008,-0.241784,9.913149
53.785000,0.092934,-0.058167,0.044364,0.020047,-0.273525,9.852947
53.790000,0.091542,-0.055523,0.044749,-0.010294,-0.226243,9.860623
53.795000,0.089189,-0.058934,0.040119,0.063069,-0.254491,9.928173
53.800000,0.096321,-0.056309,0.039740,0.019294,-0.187801,9.854344
53.805000,0.097488,-0.053964,0.045516,0.054632,-0.232115,9.899660
53.810000,0.093192,-0.056555,0.046083,0.035388,-0.189468,9.925458
53.815000,0.092231,-0.056448,0.040249,0.008323,-0.310074,9.860430
53.820000,0.086993,-0.055849,0.038441,0.060557,-0.188179,9.861129
53.825000,0.092973,-0.057160,0.039068,0.023848,-0.213357,9.854195
53.830000,0.092588,-0.053392,0.043839,0.023133,-0.181533,9.891492
53.835000,0.092985,-0.057050,0.038477,0.043874,-0.173293,9.859541
53.840000,0.092890,-0.062791,0.039139,0.062152,-0.143727,9.849721
53.845000,0.094900,-0.050309,0.043150,0.073371,-0.170789,9.893852
53.850000,0.088609,-0.058115,0.044631,0.029303,-0.195335,9.845741
53.855000,0.093018,-0.052082,0.040799,0.038314,-0.174598,9.849214
53.860000,0.093410,-0.055422,0.042365,0.076749,-0.106711,9.850492
53.865000,0.095171,-0.059157,0.040397,0.065460,-0.168784,9.898402
53.870000,0.091720,-0.057633,0.040417,0.062056,-0.176715,9.889202
53.875000,0.092738,-0.057081,0.045976,0.031882,-0.210757,9.913319
53.880000,0.095288,-0.053360,0.043892,0.052449,-0.128240,9.896521
53.885000,0.090923,-0.055817,0.041004,0.081033,-0.125386,9.894520
53.890000,0.093945,-0.058706,0.043703,0.082610,-0.174627,9.882186
53.895000,0.091459,-0.051155,0.046343,0.093729,-0.169607,9.877706
53.900000,0.092581,-0.053405,0.044717,0.061208,-0.114251,9.883851
53.905000,0.094836,-0.054999,0.042973,0.092017,-0.165851,9.822047
53.910000,0.096810,-0.054454,0.050260,0.105966,-0.185830,9.929530
53.915000,0.093131,-0.051501,0.044462,0.054568,-0.119657,9.842701
53.920000,0.095984,-0.058102,0.047137,0.082625,-0.095849,9.874325
53.925000,0.097195,-0.053592,0.038456,0.090625,-0.085487,9.942278
53.930000,0.096654,-0.052948,0.045007,0.080631,-0.043475,9.901340
53.935000,0.089012,-0.054165,0.041176,0.039601,-0.053388,9.903083
53.940000,0.092347,-0.053497,0.042148,0.077687,-0.101146,9.860494
53.945000,0.092373,-0.054564,0.043471,0.083530,-0.070512,9.883196
53.950000,0.092558,-0.059899,0.042635,0.025061,-0.043107,9.927339
53.955000,0.093620,-0.052696,0.047455,0.097380,-0.075670,9.834144
53.960000,0.094116,-0.055303,0.038965,0.105727,-0.072118,9.868648
53.965000,0.092961,-0.057865,0.047252,0.121382,-0.036876,9.862401
53.970000,0.088835,-0.057225,0.036404,0.087026,-0.042422,9.801411
53.975000,0.089379,-0.052211,0.045951,0.165735,-0.061929,9.879989
53.980000,0.095094,-0.054048,0.042766,0.124859,-0.033276,9.886357
53.985000,0.091084,-0.056119,0.042362,0.069787,-0.084750,9.961074
53.990000,0.096601,-0.060571,0.046097,0.077467,0.004658,9.891477
53.995000,0.087583,-0.057209,0.043265,0.105763,-0.056351,9.857235
54.000000,0.097031,-0.056865,0.040102,0.103736,0.014846,9.873531
54.005000,0.090289,-0.053654,0.044707,0.088492,-0.024399,9.875913
54.010000,0.091764,-0.054024,0.042295,0.116436,0.010059,9.880948
54.015000,0.095646,-0.059345,0.039762,0.118544,-0.023375,9.857039
54.020000,0.094181,-0.054635,0.042321,0.133086,-0.052570,9.861803
54.025000,0.089686,-0.054243,0.046390,0.155558,-0.027035,9.920171
54.030000,0.093181,-0.058356,0.041797,0.109672,-0.020960,9.902021
54.035000,0.092285,-0.059117,0.040822,0.117602,0.070740,9.889402
54.040000,0.090348,-0.050341,0.045893,0.065584,0.061043,9.916077
54.045000,0.090875,-0.058394,0.042516,0.163393,0.012471,9.900055
54.050000,0.092512,-0.060610,0.047068,0.102348,0.001568,9.870579
54.055000,0.095074,-0.054604,0.043689,0.075712,0.043087,9.883323
54.060000,0.088450,-0.060064,0.044179,0.130191,-0.008650,9.900787
54.065000,0.093376,-0.053988,0.041876,0.110843,0.044559,9.919166
54.070000,0.093093,-0.062764,0.044406,0.139412,0.060679,9.942526
54.075000,0.096751,-0.056227,0.046922,0.091930,0.063676,9.866937
54.080000,0.089516,-0.056334,0.041111,0.165501,0.041276,9.895559
54.085000,0.096643,-0.055169,0.040723,0.140446,0.038818,9.885014
54.090000,0.091130,-0.056043,0.039617,0.132917,0.066074,9.896250
54.095000,0.090358,-0.054124,0.038982,0.134433,0.100929,9.918692
54.100000,0.103054,-0.059436,0.047997,0.171940,0.057592,9.823844
54.105000,0.092909,-0.054341,0.042723,0.186970,0.143242,9.874401
54.110000,0.089697,-0.058463,0.043049,0.137449,0.097632,9.864608
54.115000,0.094078,-0.057959,0.046290,0.159712,0.124112,9.932963
54.120000,0.094246,-0.052271,0.048368,0.135985,0.103442,9.859947
54.125000,0.091009,-0.052892,0.045264,0.215295,0.145094,9.909915
54.130000,0.089564,-0.060150,0.046649,0.106259,0.071783,9.912691
54.135000,0.092868,-0.057553,0.044974,0.136726,0.072041,9.897260
54.140000,0.087751,-0.055093,0.043228,0.133699,0.131829,9.862906
54.145000,0.093107,-0.056609,0.045512,0.149028,0.107228,9.803024
54.150000,0.089578,-0.057827,0.043300,0.180013,0.143390,9.846514
54.155000,0.090294,-0.052773,0.047104,0.131878,0.170812,9.918561
54.160000,0.085384,-0.051739,0.046100,0.205866,0.111212,9.892555
54.165000,0.087588,-0.055755,0.042881,0.197337,0.121596,9.898058
54.170000,0.091282,-0.051702,0.046084,0.204035,0.112318,9.852918
54.175000,0.089641,-0.056699,0.045323,0.109578,0.155363,9.857181
54.180000,0.091960,-0.056497,0.043778,0.241568,0.170168,9.893709
54.185000,0.094374,-0.053902,0.046525,0.197796,0.157384,9.881999
54.190000,0.093250,-0.057990,0.045359,0.109023,0.175870,9.871999
54.195000,0.091873,-0.050815,0.043772,0.160627,0.228556,9.887773
54.200000,0.093199,-0.055359,0.045771,0.214968,0.176570,9.945159
54.205000,0.087540,-0.050338,0.044891,0.174598,0.186722,9.861461
54.210000,0.092144,-0.054085,0.048938,0.154717,0.179204,9.875898
54.215000,0.090043,-0.056569,0.041198,0.209332,0.181170,9.816999
54.220000,0.100038,-0.057693,0.047669,0.226736,0.131075,9.874234
54.225000,0.088107,-0.056753,0.047444,0.158009,0.190386,9.888781
54.230000,0.084968,-0.053801,0.043532,0.181451,0.189089,9.867771
54.235000,0.090760,-0.056798,0.046429,0.172920,0.195429,9.888443
54.240000,0.090196,-0.056630,0.040713,0.238481,0.180874,9.881977
54.245000,0.088896,-0.059512,0.044259,0.174814,0.236658,9.930733
54.250000,0.094733,-0.059028,0.047012,0.253145,0.236027,9.874570
54.255000,0.088158,-0.055150,0.041699,0.239198,0.233929,9.848919
54.260000,0.093233,-0.049399,0.050154,0.203248,0.195811,9.854562
54.265000,0.090566,-0.051721,0.041017,0.180656,0.189123,9.840110
54.270000,0.094271,-0.054042,0.049235,0.172748,0.223265,9.876283
54.275000,0.084088,-0.059087,0.046329,0.199855,0.235506,9.814659
54.280000,0.091148,-0.057956,0.042920,0.216137,0.257675,9.859138
54.285000,0.093607,-0.056545,0.050835,0.248667,0.284831,9.887961
54.290000,0.092479,-0.053716,0.046906,0.266817,0.243748,9.828989
54.295000,0.092899,-0.056795,0.050925,0.220804,0.297613,9.863488
54.300000,0.091014,-0.053131,0.047731,0.194408,0.218553,9.910153
54.305000,0.093511,-0.057020,0.049059,0.230559,0.256277,9.860968
54.310000,0.088652,-0.054714,0.042097,0.171361,0.292745,9.838120
54.315000,0.091922,-0.059054,0.046773,0.242820,0.227763,9.848020
54.320000,0.090174,-0.048558,0.049011,0.196138,0.313338,9.856367
54.325000,0.091411,-0.052593,0.046657,0.238154,0.300957,9.868387
54.330000,0.090870,-0.055871,0.051085,0.260357,0.298398,9.889721
54.335000,0.090948,-0.056859,0.049607,0.227798,0.314294,9.875933
54.340000,0.090132,-0.049268,0.046338,0.208990,0.240627,9.930134
54.345000,0.086334,-0.054986,0.047525,0.199465,0.258212,9.852434
54.350000,0.093839,-0.057471,0.050786,0.263287,0.271717,9.918956
54.355000,0.086352,-0.050357,0.049911,0.237319,0.365138,9.834824
54.360000,0.086889,-0.056918,0.050196,0.266471,0.338656,9.898243
54.365000,0.088756,-0.054547,0.042943,0.289321,0.321668,9.910729
54.370000,0.087430,-0.054714,0.048427,0.240224,0.327694,9.821799
54.375000,0.091630,-0.052250,0.046544,0.252935,0.339582,9.865613
54.380000,0.088613,-0.054753,0.045026,0.241432,0.396018,9.897355
54.385000,0.087207,-0.057394,0.047097,0.288468,0.348399,9.866693
54.390000,0.089852,-0.056247,0.049553,0.315395,0.350972,9.890789
54.395000,0.087874,-0.055345,0.047028,0.287232,0.387012,9.846787
54.400000,0.089325,-0.051777,0.048409,0.244765,0.356483,9.856502
54.405000,0.084894,-0.062468,0.043759,0.245966,0.366834,9.812025
54.410000,0.092652,-0.053209,0.048368,0.240611,0.379693,9.901368
54.415000,0.087649,-0.053345,0.045585,0.249931,0.420238,9.876559
54.420000,0.083342,-0.048704,0.051262,0.250920,0.386008,9.840539
54.425000,0.085998,-0.053361,0.045574,0.256024,0.416649,9.861916
54.430000,0.083285,-0.055097,0.045008,0.311071,0.400183,9.852666
54.435000,0.087147,-0.055474,0.041955,0.288110,0.380283,9.842355
54.440000,0.085551,-0.059506,0.051800,0.253427,0.409232,9.821370
54.445000,0.091640,-0.057119,0.048272,0.268957,0.452229,9.865996
54.450000,0.085900,-0.055064,0.044807,0.243449,0.380925,9.953591
54.455000,0.089508,-0.052906,0.046399,0.247420,0.430595,9.814855
54.460000,0.083684,-0.053318,0.051895,0.267257,0.428597,9.865618
54.465000,0.087894,-0.059973,0.045378,0.261195,0.398699,9.906538
54.470000,0.083306,-0.053535,0.053421,0.293639,0.398663,9.850338
54.475000,0.086055,-0.057289,0.042734,0.257561,0.444058,9.828968
54.480000,0.085979,-0.056187,0.049292,0.243028,0.458051,9.861282
54.485000,0.082797,-0.061165,0.047506,0.340889,0.415919,9.888149
54.490000,0.085702,-0.053584,0.043178,0.284133,0.473935,9.857120
54.495000,0.089237,-0.051249,0.048539,0.276610,0.447569,9.810152
54.500000,0.088898,-0.057235,0.046590,0.296352,0.495952,9.848651
54.505000,0.088770,-0.051449,0.043427,0.345054,0.510388,9.885983
54.510000,0.081655,-0.052067,0.054656,0.331050,0.476631,9.894217
54.515000,0.082728,-0.054732,0.047163,0.317069,0.469917,9.857618
54.520000,0.080727,-0.055880,0.048772,0.319906,0.483184,9.868748
54.525000,0.087604,-0.055419,0.044889,0.320998,0.438976,9.853229
54.530000,0.083059,-0.057581,0.048800,0.285523,0.520211,9.899415
54.535000,0.093881,-0.057662,0.049860,0.293171,0.493778,9.834172
54.540000,0.086832,-0.054703,0.047324,0.248107,0.534425,9.864790
54.545000,0.078758,-0.054982,0.048009,0.328526,0.469104,9.863787
54.550000,0.081957,-0.055571,0.045868,0.348500,0.467438,9.878405
54.555000,0.083758,-0.055100,0.045488,0.271104,0.499149,9.867893
54.560000,0.078462,-0.053147,0.046619,0.330225,0.531610,9.831306
54.565000,0.088624,-0.054583,0.050340,0.325781,0.549153,9.873414
54.570000,0.084947,-0.060420,0.051320,0.319449,0.600418,9.859655
54.575000,0.081045,-0.047318,0.054456,0.295738,0.544038,9.760055
54.580000,0.084821,-0.057729,0.052012,0.326376,0.533033,9.857354
54.585000,0.080335,-0.052097,0.045402,0.324591,0.541978,9.832375
54.590000,0.085075,-0.056461,0.046840,0.299760,0.566910,9.794915
54.595000,0.079758,-0.057173,0.051055,0.291029,0.552359,9.832376
54.600000,0.085974,-0.053902,0.042052,0.343489,0.586771,9.893411
54.605000,0.081660,-0.057730,0.048143,0.332671,0.599265,9.816805
54.610000,0.081240,-0.057598,0.049700,0.333529,0.564381,9.831252
54.615000,0.087893,-0.057356,0.043596,0.379572,0.570971,9.792960
54.620000,0.082702,-0.059016,0.052154,0.300552,0.615493,9.850855
54.625000,0.080510,-0.056657,0.044738,0.348085,0.526423,9.810178
54.630000,0.085157,-0.056293,0.046810,0.298739,0.527123,9.902059
54.635000,0.079160,-0.057710,0.051037,0.353678,0.605213,9.887676
54.640000,0.080352,-0.058023,0.045715,0.325270,0.567379,9.877380
54.645000,0.076668,-0.060632,0.049365,0.336342,0.622267,9.872788
54.650000,0.079832,-0.057870,0.051586,0.334452,0.581422,9.908584
54.655000,0.082084,-0.049982,0.052967,0.284197,0.556307,9.827922
54.660000,0.084746,-0.053036,0.048447,0.329275,0.545543,9.869809
54.665000,0.082844,-0.054455,0.044691,0.323269,0.595056,9.883284
54.670000,0.078066,-0.054302,0.049794,0.361674,0.594292,9.826872
54.675000,0.082976,-0.054007,0.048414,0.375578,0.640781,9.850690
54.680000,0.078406,-0.059401,0.050461,0.335419,0.678464,9.800238
54.685000,0.085755,-0.051288,0.049570,0.315559,0.615745,9.847796
54.690000,0.082002,-0.064390,0.050798,0.395078,0.676900,9.865344
54.695000,0.078311,-0.059235,0.051689,0.411230,0.674146,9.844110
54.700000,0.081071,-0.059580,0.045989,0.324038,0.649960,9.869902
54.705000,0.076337,-0.056584,0.049616,0.369904,0.649941,9.875015
54.710000,0.076181,-0.056749,0.051115,0.335753,0.654692,9.830191
54.715000,0.076445,-0.050010,0.044397,0.371460,0.630528,9.794328
54.720000,0.081927,-0.051437,0.049757,0.344508,0.617016,9.809810
54.725000,0.072543,-0.059521,0.048623,0.439414,0.699469,9.832528
54.730000,0.081622,-0.054434,0.049640,0.400489,0.666333,9.897595
54.735000,0.083578,-0.052908,0.045944,0.393761,0.666721,9.806006
54.740000,0.080227,-0.052466,0.052928,0.383671,0.626134,9.814342
54.745000,0.077961,-0.052798,0.046710,0.366594,0.689437,9.859051
54.750000,0.076949,-0.052041,0.051773,0.415697,0.735908,9.882537
54.755000,0.076419,-0.049673,0.045067,0.362238,0.692606,9.792613
54.760000,0.074512,-0.058567,0.050275,0.375403,0.729919,9.852290
54.765000,0.078514,-0.053845,0.049148,0.406419,0.717306,9.868217
54.770000,0.073293,-0.052879,0.047797,0.395801,0.714009,9.864362
54.775000,0.079236,-0.056086,0.046117,0.362794,0.702624,9.894789
54.780000,0.074224,-0.052054,0.048883,0.429051,0.752505,9.838765
54.785000,0.075976,-0.052606,0.058240,0.428147,0.771212,9.865797
54.790000,0.080838,-0.052673,0.049403,0.419671,0.745204,9.831859
54.795000,0.077850,-0.056942,0.049131,0.380129,0.700033,9.857114
54.800000,0.081350,-0.058040,0.045481,0.404962,0.752588,9.867117
54.805000,0.079151,-0.052791,0.050703,0.418135,0.745040,9.802477
54.810000,0.083844,-0.051800,0.053851,0.412549,0.758451,9.849468
54.815000,0.076534,-0.052285,0.056260,0.397823,0.732500,9.844724
54.820000,0.073787,-0.051777,0.052139,0.391093,0.742159,9.817297
54.825000,0.076207,-0.051074,0.053404,0.450717,0.805861,9.847897
54.830000,0.080486,-0.055730,0.051778,0.422142,0.755391,9.853226
54.835000,0.072319,-0.056104,0.047935,0.436947,0.807739,9.737114
54.840000,0.072972,-0.052804,0.049687,0.405158,0.731600,9.832050
54.845000,0.072747,-0.051436,0.052679,0.421050,0.786447,9.846057
54.850000,0.076894,-0.053552,0.048149,0.493768,0.840269,9.842237
54.855000,0.070659,-0.051069,0.049321,0.445752,0.742331,9.799024
54.860000,0.071824,-0.051037,0.051026,0.411218,0.744190,9.834474
54.865000,0.074695,-0.051145,0.051377,0.471959,0.785985,9.876206
54.870000,0.074438,-0.056153,0.049271,0.408846,0.741238,9.850543
54.875000,0.076582,-0.057619,0.049170,0.462336,0.819971,9.795654
54.880000,0.073333,-0.057673,0.049767,0.451344,0.845570,9.849471
54.885000,0.078645,-0.058117,0.055566,0.453043,0.797979,9.824713
54.890000,0.075368,-0.059663,0.052579,0.475585,0.833832,9.774211
54.895000,0.072935,-0.050395,0.048727,0.449034,0.887506,9.805708
54.900000,0.076207,-0.050231,0.051433,0.431866,0.842721,9.842627
54.905000,0.070369,-0.054083,0.050455,0.455539,0.829746,9.773522
54.910000,0.075726,-0.056036,0.049824,0.426597,0.848895,9.847379
54.915000,0.068640,-0.052823,0.050579,0.390097,0.818563,9.833915
54.920000,0.069947,-0.054062,0.050094,0.446726,0.882832,9.798972
54.925000,0.069273,-0.055124,0.052395,0.490391,0.803150,9.880079
54.930000,0.072607,-0.052285,0.045046,0.429422,0.853796,9.832905
54.935000,0.069434,-0.053890,0.047157,0.432518,0.875422,9.810870
54.940000,0.069400,-0.054935,0.047341,0.481928,0.780359,9.847264
54.945000,0.073485,-0.053110,0.054151,0.500746,0.859147,9.811843
54.950000,0.068819,-0.056606,0.054145,0.470275,0.840609,9.792859
54.955000,0.070633,-0.048808,0.049795,0.498125,0.899381,9.848966
54.960000,0.067710,-0.053774,0.049984,0.470861,0.871221,9.871157
54.965000,0.069120,-0.052228,0.051664,0.513990,0.847616,9.867411
54.970000,0.071323,-0.053578,0.050750,0.490136,0.864866,9.834772
54.975000,0.067205,-0.053472,0.049627,0.463540,0.892256,9.860151
54.980000,0.073184,-0.050772,0.048150,0.466819,0.903811,9.803744
54.985000,0.068310,-0.050920,0.052279,0.486633,0.852216,9.783780
54.990000,0.069335,-0.055417,0.052209,0.475913,0.842313,9.785528
54.995000,0.072121,-0.056528,0.053505,0.523932,0.896476,9.841112
55.000000,0.072245,-0.053062,0.050763,0.510576,0.911552,9.840634
55.005000,0.072528,-0.053200,0.054896,0.469376,0.868059,9.848045
55.010000,0.068976,-0.052842,0.054295,0.494725,0.885844,9.836824
55.015000,0.071675,-0.047926,0.051283,0.465632,0.941090,9.841384
55.020000,0.064699,-0.054210,0.053152,0.469510,0.896303,9.814876
55.025000,0.070862,-0.049612,0.049304,0.458299,0.901671,9.809699
55.030000,0.070329,-0.056815,0.051435,0.477207,0.960613,9.818825
55.035000,0.066905,-0.053261,0.056246,0.535566,0.923413,9.796628
55.040000,0.062779,-0.052492,0.048247,0.495293,0.913880,9.826555
55.045000,0.066105,-0.050213,0.053142,0.473940,0.925290,9.789443
55.050000,0.061486,-0.052526,0.051873,0.471404,0.948913,9.839407
55.055000,0.067263,-0.049748,0.053645,0.530122,0.933941,9.855260
55.060000,0.067259,-0.050823,0.048332,0.568290,0.948592,9.779203
55.065000,0.070986,-0.047231,0.052278,0.527829,0.965026,9.848676
55.070000,0.069762,-0.055882,0.047444,0.478727,0.981906,9.793089
55.075000,0.066693,-0.050181,0.056212,0.526290,0.978063,9.807319
55.080000,0.062054,-0.047441,0.056533,0.485155,0.960548,9.845329
55.085000,0.071684,-0.049363,0.053808,0.554670,0.939941,9.821129
55.090000,0.058098,-0.050963,0.050497,0.551982,0.969616,9.859147
55.095000,0.063196,-0.050856,0.048445,0.541233,0.989270,9.821018
55.100000,0.064194,-0.052735,0.054411,0.495953,0.965914,9.823557
55.105000,0.068496,-0.053909,0.049573,0.559644,1.023440,9.839727
55.110000,0.068159,-0.053984,0.049053,0.470410,1.005709,9.774642
55.115000,0.065150,-0.052728,0.052956,0.499594,1.022061,9.802741
55.120000,0.063209,-0.052241,0.052354,0.526653,1.000013,9.791864
55.125000,0.068181,-0.046172,0.052796,0.505005,0.971800,9.814309
55.130000,0.060608,-0.054872,0.055173,0.556542,0.964844,9.819188
55.135000,0.065754,-0.054545,0.055305,0.559641,1.076326,9.802114
55.140000,0.064426,-0.052269,0.051911,0.535940,0.957621,9.866741
55.145000,0.066185,-0.046242,0.051970,0.560068,1.042050,9.846498
55.150000,0.063649,-0.045728,0.051058,0.532861,1.038826,9.810508
55.155000,0.058507,-0.050652,0.055098,0.533129,0.962327,9.819461
55.160000,0.068309,-0.051173,0.053522,0.575928,0.997855,9.823507
55.165000,0.062182,-0.050168,0.050320,0.516839,1.008628,9.856983
55.170000,0.061629,-0.053403,0.049607,0.513503,0.989886,9.780767
55.175000,0.065882,-0.045259,0.047817,0.555886,1.080674,9.826543
55.180000,0.058845,-0.049802,0.053307,0.512519,0.991641,9.837882
55.185000,0.055161,-0.051617,0.052284,0.520982,1.049040,9.816612
55.190000,0.062502,-0.049049,0.056805,0.537992,1.079435,9.814931
55.195000,0.061743,-0.054457,0.052053,0.552340,1.107876,9.825265
55.200000,0.060807,-0.052426,0.053167,0.578759,1.091325,9.853486
55.205000,0.061434,-0.049904,0.058724,0.577019,1.094429,9.778712
55.210000,0.057992,-0.052436,0.049754,0.543871,1.023166,9.845329
55.215000,0.057927,-0.049111,0.050772,0.559236,1.024370,9.816513
55.220000,0.055021,-0.048126,0.049611,0.571452,1.010612,9.762331
55.225000,0.062112,-0.052508,0.053233,0.588010,1.053230,9.792399
55.230000,0.054198,-0.052337,0.048661,0.559393,1.066619,9.775660
55.235000,0.059237,-0.049692,0.049738,0.566204,1.113696,9.780509
55.240000,0.060362,-0.053652,0.051945,0.572868,1.102306,9.773034
55.245000,0.054677,-0.052927,0.056218,0.627461,1.095048,9.813612
55.250000,0.060094,-0.051597,0.059078,0.570281,1.049184,9.802096
55.255000,0.056098,-0.051072,0.052631,0.574577,1.098782,9.791218
55.260000,0.057873,-0.048497,0.048227,0.544228,1.089183,9.826383
55.265000,0.060915,-0.053875,0.051347,0.541154,1.093767,9.786937
55.270000,0.060538,-0.049877,0.055080,0.562291,1.135823,9.797152
55.275000,0.056000,-0.052198,0.053061,0.577923,1.106357,9.767225
55.280000,0.061835,-0.049015,0.051596,0.607432,1.093384,9.772599
55.285000,0.058787,-0.054747,0.059920,0.628013,1.111151,9.783506
55.290000,0.054895,-0.048511,0.051994,0.598046,1.125231,9.792838
55.295000,0.057682,-0.050716,0.049636,0.564120,1.125875,9.808934
55.300000,0.057513,-0.047906,0.050728,0.603625,1.121860,9.834069
55.305000,0.057852,-0.050401,0.047049,0.592716,1.123438,9.799300
55.310000,0.060051,-0.044377,0.056335,0.612116,1.210250,9.860020
55.315000,0.057474,-0.044231,0.050213,0.661307,1.102235,9.756609
55.320000,0.055293,-0.052420,0.053782,0.602739,1.102679,9.769775
55.325000,0.055662,-0.053633,0.056756,0.597994,1.158133,9.773482
55.330000,0.054919,-0.050295,0.054905,0.576082,1.053556,9.805899
55.335000,0.055008,-0.048335,0.051504,0.533826,1.145606,9.809390
55.340000,0.049402,-0.046960,0.053274,0.602296,1.146594,9.806917
55.345000,0.051729,-0.050371,0.054385,0.648516,1.174220,9.792862
55.350000,0.052297,-0.047273,0.051144,0.628285,1.163299,9.802848
55.355000,0.054243,-0.049787,0.055607,0.603721,1.166758,9.811557
55.360000,0.049641,-0.050335,0.049513,0.580895,1.165857,9.790188
55.365000,0.053988,-0.053543,0.052798,0.613652,1.218404,9.801835
55.370000,0.047608,-0.056107,0.053794,0.650496,1.176089,9.769364
55.375000,0.052360,-0.043921,0.050845,0.651180,1.192984,9.780378
55.380000,0.053068,-0.046455,0.053830,0.617820,1.188070,9.802308
55.385000,0.054867,-0.050448,0.051590,0.648294,1.163683,9.731804
55.390000,0.052466,-0.045608,0.052997,0.649003,1.144915,9.781039
55.395000,0.049426,-0.048652,0.060844,0.660429,1.181666,9.797822
55.400000,0.049596,-0.047756,0.054606,0.712533,1.172474,9.713019
55.405000,0.054127,-0.051513,0.054332,0.602010,1.163824,9.742931
55.410000,0.054192,-0.054160,0.051078,0.673361,1.192008,9.781215
55.415000,0.048593,-0.050869,0.051605,0.604963,1.219568,9.786396
55.420000,0.043777,-0.051809,0.055646,0.609839,1.205274,9.721763
55.425000,0.048087,-0.044181,0.053552,0.617459,1.258004,9.800551
55.430000,0.047357,-0.046865,0.055204,0.677671,1.145791,9.751628
55.435000,0.054797,-0.049377,0.051238,0.673041,1.225033,9.776354
55.440000,0.046450,-0.047963,0.047701,0.633076,1.205007,9.743497
55.445000,0.048124,-0.049086,0.053015,0.649152,1.213708,9.785317
55.450000,0.043867,-0.044452,0.053318,0.633380,1.227816,9.759434
55.455000,0.044321,-0.046595,0.053888,0.648047,1.212753,9.791401
55.460000,0.052127,-0.052903,0.054746,0.610535,1.197622,9.836302
55.465000,0.041821,-0.044409,0.058805,0.620751,1.259561,9.800785
55.470000,0.052366,-0.043443,0.057439,0.660507,1.222720,9.753503
55.475000,0.046696,-0.046259,0.053025,0.720787,1.246067,9.773066
55.480000,0.050339,-0.050541,0.053911,0.669587,1.226494,9.740482
55.485000,0.044567,-0.052655,0.049880,0.665916,1.234732,9.762076
55.490000,0.051038,-0.047106,0.052363,0.654033,1.285352,9.786215
55.495000,0.047413,-0.045045,0.050839,0.596053,1.206678,9.828555
55.500000,0.048271,-0.048972,0.053439,0.660491,1.264631,9.839714
55.505000,0.047821,-0.051920,0.054462,0.655500,1.256092,9.738350
55.510000,0.044195,-0.043073,0.054580,0.743898,1.260151,9.782737
55.515000,0.044735,-0.043737,0.057204,0.687917,1.247757,9.827615
55.520000,0.047704,-0.044605,0.057149,0.668573,1.240891,9.775929
55.525000,0.041448,-0.048547,0.057695,0.697542,1.228815,9.801911
55.530000,0.048842,-0.051302,0.052023,0.739151,1.199967,9.714575
55.535000,0.044189,-0.047720,0.058189,0.685031,1.228769,9.731244
55.540000,0.043792,-0.043096,0.053239,0.713977,1.254119,9.764288
55.545000,0.045407,-0.049622,0.053824,0.676247,1.265707,9.776668
55.550000,0.039617,-0.047040,0.055628,0.714457,1.289292,9.775256
55.555000,0.047227,-0.047682,0.054621,0.658384,1.288015,9.749263
55.560000,0.042129,-0.053291,0.057484,0.727823,1.282851,9.770199
55.565000,0.040662,-0.048588,0.057622,0.712471,1.282772,9.744390
55.570000,0.037001,-0.049252,0.047219,0.714090,1.273657,9.684229
55.575000,0.040344,-0.048244,0.056775,0.636921,1.292633,9.827424
55.580000,0.044346,-0.045193,0.055075,0.716956,1.377679,9.762420
55.585000,0.040335,-0.042620,0.056708,0.709903,1.283045,9.838327
55.590000,0.041797,-0.047761,0.056719,0.638289,1.229387,9.752892
55.595000,0.044109,-0.038693,0.057721,0.751039,1.315016,9.718565
55.600000,0.041374,-0.043251,0.053104,0.644679,1.294178,9.741319
55.605000,0.039276,-0.046590,0.060098,0.788549,1.359824,9.775098
55.610000,0.035705,-0.042435,0.053589,0.698182,1.288423,9.758691
55.615000,0.036911,-0.046314,0.059389,0.723563,1.300663,9.785190
55.620000,0.040735,-0.048655,0.057766,0.709667,1.330544,9.796739
55.625000,0.036334,-0.050429,0.054552,0.663290,1.352279,9.752887
55.630000,0.042004,-0.045042,0.046956,0.698876,1.352817,9.733934
55.635000,0.035192,-0.046150,0.052254,0.690460,1.328753,9.809628
55.640000,0.038909,-0.044531,0.055883,0.743686,1.226446,9.739634
55.645000,0.038421,-0.045154,0.060265,0.686997,1.282160,9.774648
55.650000,0.036325,-0.045402,0.057107,0.684519,1.333685,9.794464
55.655000,0.036679,-0.038894,0.055999,0.706065,1.328041,9.793850
55.660000,0.034398,-0.045190,0.057142,0.712855,1.315528,9.804351
55.665000,0.029663,-0.041657,0.050792,0.762504,1.300147,9.752905
55.670000,0.036821,-0.046712,0.057083,0.720655,1.361579,9.748532
55.675000,0.039133,-0.038749,0.057315,0.714187,1.319903,9.728970
55.680000,0.028861,-0.052313,0.051027,0.747428,1.318040,9.755914
55.685000,0.034652,-0.049176,0.052656,0.743494,1.355831,9.783733
55.690000,0.034841,-0.046758,0.054245,0.719198,1.363293,9.712340
55.695000,0.035333,-0.045888,0.053088,0.727997,1.385472,9.754490
55.700000,0.035393,-0.043754,0.058702,0.692660,1.376463,9.737627
55.705000,0.032205,-0.047625,0.057155,0.772796,1.342865,9.802724
55.710000,0.038900,-0.043405,0.053384,0.745246,1.333801,9.807875
55.715000,0.037147,-0.048487,0.055991,0.756158,1.368930,9.720603
55.720000,0.040906,-0.052957,0.057064,0.731933,1.388374,9.726880
55.725000,0.032497,-0.049322,0.055039,0.788413,1.355426,9.734301
55.730000,0.031798,-0.046665,0.057184,0.745445,1.369293,9.762217
55.735000,0.031551,-0.044259,0.056153,0.716231,1.351894,9.726758
55.740000,0.036027,-0.046251,0.050040,0.772574,1.334131,9.732621
55.745000,0.034102,-0.044982,0.055492,0.695618,1.351544,9.793861
55.750000,0.033498,-0.041585,0.062926,0.770927,1.337845,9.742630
55.755000,0.034735,-0.041003,0.048388,0.790481,1.366744,9.733585
55.760000,0.032603,-0.045178,0.055076,0.742332,1.354531,9.801241
55.765000,0.033643,-0.040796,0.051743,0.796035,1.369015,9.806044
55.770000,0.030805,-0.045957,0.055837,0.765857,1.342058,9.771053
55.775000,0.030141,-0.042245,0.054264,0.790411,1.337984,9.710484
55.780000,0.042372,-0.046299,0.050817,0.741869,1.335593,9.730787
55.785000,0.028521,-0.040322,0.056966,0.742859,1.384701,9.765186
55.790000,0.029541,-0.044992,0.056053,0.756231,1.307104,9.763349
55.795000,0.033390,-0.041496,0.053054,0.747396,1.424477,9.727090
55.800000,0.035688,-0.046701,0.057570,0.754114,1.335228,9.734535
55.805000,0.032656,-0.041456,0.054229,0.760714,1.383210,9.723392
55.810000,0.026851,-0.040132,0.057753,0.794487,1.387192,9.720939
55.815000,0.033411,-0.039722,0.059683,0.792148,1.380667,9.771006
55.820000,0.030080,-0.043636,0.055020,0.794607,1.376769,9.707781
55.825000,0.026313,-0.042385,0.056744,0.763722,1.419571,9.761777
55.830000,0.023587,-0.041857,0.056167,0.758996,1.403045,9.732845
55.835000,0.035191,-0.045381,0.052560,0.775386,1.396089,9.774080
55.840000,0.030247,-0.043177,0.056150,0.772075,1.396915,9.781643
55.845000,0.023572,-0.041032,0.057502,0.729267,1.405595,9.753909
55.850000,0.031172,-0.043593,0.054725,0.742539,1.409665,9.750929
55.855000,0.029308,-0.033365,0.052120,0.808081,1.439530,9.740915
55.860000,0.023213,-0.042977,0.054763,0.769705,1.417195,9.749458
55.865000,0.028189,-0.045359,0.061781,0.753387,1.350377,9.771760
55.870000,0.023258,-0.040597,0.055785,0.821030,1.440374,9.733127
55.875000,0.028589,-0.049040,0.060267,0.802547,1.425227,9.695396
55.880000,0.023801,-0.037511,0.057975,0.790765,1.406541,9.771079
55.885000,0.029043,-0.041155,0.053797,0.796516,1.452693,9.698329
55.890000,0.023408,-0.041485,0.058324,0.765299,1.429681,9.766099
55.895000,0.021690,-0.040671,0.055259,0.811916,1.399496,9.694686
55.900000,0.024866,-0.037115,0.056605,0.795740,1.362756,9.824128
55.905000,0.026544,-0.042447,0.054527,0.784484,1.429327,9.695904
55.910000,0.027753,-0.038119,0.053583,0.757400,1.398381,9.724178
55.915000,0.022935,-0.042047,0.054230,0.780843,1.437948,9.780201
55.920000,0.022006,-0.037533,0.051487,0.823789,1.377382,9.771380
55.925000,0.023408,-0.041810,0.055250,0.812994,1.431668,9.772804
55.930000,0.023296,-0.045281,0.055235,0.807086,1.496972,9.733883
55.935000,0.024956,-0.042618,0.054542,0.797007,1.429307,9.728534
55.940000,0.021856,-0.040596,0.052769,0.808113,1.411800,9.784750
55.945000,0.024701,-0.046876,0.057361,0.850781,1.452555,9.723367
55.950000,0.020058,-0.042061,0.060617,0.804789,1.409095,9.695128
55.955000,0.020997,-0.038017,0.052418,0.794203,1.400634,9.729508
55.960000,0.022137,-0.041540,0.052969,0.799215,1.483120,9.711009
55.965000,0.025474,-0.040582,0.058262,0.809297,1.500822,9.765331
55.970000,0.020834,-0.036785,0.056915,0.827409,1.447129,9.744505
55.975000,0.017222,-0.037336,0.051792,0.804772,1.444461,9.704275
55.980000,0.026330,-0.039022,0.057810,0.803387,1.416204,9.792088
55.985000,0.021318,-0.036198,0.061797,0.797194,1.452173,9.784795
55.990000,0.020442,-0.042781,0.057073,0.810376,1.452778,9.720010
55.995000,0.023436,-0.036665,0.053721,0.864248,1.487264,9.762359
56.000000,0.016160,-0.040580,0.057747,0.817583,1.433571,9.700135
56.005000,0.013652,-0.044543,0.059608,0.796978,1.395651,9.764222
56.010000,0.015626,-0.042688,0.058491,0.802447,1.385161,9.687596
56.015000,0.014570,-0.043557,0.059204,0.827514,1.410330,9.780640
56.020000,0.019518,-0.039760,0.059737,0.840830,1.451597,9.724066
56.025000,0.022518,-0.040376,0.057310,0.848730,1.394262,9.671325
56.030000,0.010846,-0.041992,0.057216,0.831968,1.478737,9.732577
56.035000,0.020121,-0.039606,0.056768,0.832251,1.465354,9.710013
56.040000,0.017745,-0.037368,0.059950,0.852101,1.431082,9.683364
56.045000,0.017738,-0.040112,0.052093,0.844162,1.431303,9.719340
56.050000,0.017300,-0.038336,0.055110,0.754366,1.431808,9.747703
56.055000,0.018268,-0.033899,0.055017,0.767248,1.448648,9.734584
56.060000,0.010975,-0.035844,0.057160,0.851409,1.510470,9.695401
56.065000,0.015364,-0.037723,0.060172,0.897723,1.485875,9.763885
56.070000,0.011163,-0.035471,0.053257,0.861333,1.476953,9.681799
56.075000,0.010675,-0.035510,0.053859,0.797351,1.399069,9.726779
56.080000,0.018325,-0.042945,0.054446,0.878076,1.416661,9.689240
56.085000,0.012806,-0.038631,0.051418,0.892242,1.449491,9.732406
56.090000,0.015952,-0.037995,0.056932,0.849124,1.539533,9.755382
56.095000,0.012757,-0.036924,0.061096,0.843109,1.415334,9.792328
56.100000,0.013453,-0.035952,0.054651,0.788661,1.444174,9.727030
56.105000,0.013941,-0.037610,0.057293,0.846974,1.427538,9.736731
56.110000,0.020563,-0.037994,0.055895,0.833403,1.457256,9.739104
56.115000,0.008234,-0.038581,0.055072,0.853069,1.483622,9.733519
56.120000,0.008996,-0.039743,0.053286,0.894048,1.461808,9.687099
56.125000,0.008169,-0.037350,0.058134,0.838381,1.441626,9.718839
56.130000,0.007508,-0.040032,0.054275,0.788808,1.423553,9.715280
56.135000,0.009445,-0.033074,0.055260,0.804779,1.444090,9.737292
56.140000,0.010944,-0.036127,0.051737,0.837331,1.457243,9.764100
56.145000,0.017092,-0.035684,0.061392,0.903777,1.464358,9.751979
56.150000,0.011490,-0.031629,0.054615,0.851540,1.528987,9.731976
56.155000,0.011886,-0.033922,0.060786,0.824773,1.456595,9.685392
56.160000,0.010265,-0.043244,0.056864,0.887135,1.484048,9.696319
56.165000,0.007809,-0.033772,0.052065,0.837560,1.443244,9.759292
56.170000,0.007354,-0.037218,0.050522,0.863309,1.460582,9.787048
56.175000,0.006158,-0.032679,0.052872,0.873290,1.508282,9.722942
56.180000,0.006641,-0.036140,0.048008,0.911619,1.477515,9.756324
56.185000,0.004840,-0.038878,0.057020,0.878795,1.483898,9.631734
56.190000,0.008198,-0.031595,0.059746,0.886026,1.458783,9.739581
56.195000,0.010966,-0.034640,0.056235,0.911856,1.458096,9.737409
56.200000,0.005179,-0.036567,0.056357,0.788901,1.461104,9.725128
56.205000,0.010216,-0.038613,0.061578,0.876638,1.563848,9.683299
56.210000,0.004480,-0.033048,0.057799,0.857194,1.472215,9.700452
56.215000,0.008275,-0.032835,0.061328,0.890896,1.496099,9.734619
56.220000,0.003899,-0.040638,0.056012,0.891800,1.480583,9.784500
56.225000,0.006435,-0.043250,0.052650,0.900068,1.477469,9.724140
56.230000,0.007996,-0.037858,0.055041,0.851375,1.424166,9.714821
56.235000,0.004474,-0.034714,0.052974,0.884520,1.518738,9.686830
56.240000,0.011230,-0.033802,0.046298,0.900579,1.550768,9.656192
56.245000,0.004668,-0.039354,0.058626,0.903243,1.470454,9.737871
56.250000,-0.001224,-0.036959,0.056803,0.917318,1.493267,9.751379
56.255000,0.006538,-0.033360,0.049551,0.906761,1.480133,9.729185
56.260000,0.004122,-0.033845,0.062283,0.889759,1.509341,9.778738
56.265000,0.002074,-0.032164,0.060664,0.950100,1.520192,9.711959
56.270000,0.004221,-0.039765,0.058517,0.880560,1.492647,9.663493
56.275000,0.005451,-0.036742,0.054746,0.945982,1.462852,9.697015
56.280000,0.005762,-0.032171,0.056858,0.932814,1.488700,9.707860
56.285000,0.004357,-0.035385,0.052673,0.962875,1.483693,9.719968
56.290000,0.004624,-0.037746,0.061160,0.862805,1.477402,9.716471
56.295000,0.000946,-0.035916,0.059707,0.935916,1.505306,9.748538
56.300000,0.001352,-0.029314,0.059566,0.881382,1.495975,9.705138
56.305000,-0.001270,-0.032632,0.059555,0.925240,1.509588,9.715914
56.310000,0.003055,-0.028686,0.052595,0.904113,1.497145,9.740796
56.315000,0.002965,-0.035754,0.056438,0.930697,1.512899,9.714070
56.320000,0.000859,-0.040433,0.060370,0.961293,1.484105,9.746198
56.325000,0.005119,-0.030825,0.054553,0.913123,1.497398,9.655467
56.330000,-0.001978,-0.033288,0.051999,0.924045,1.463195,9.747213
56.335000,-0.002496,-0.036113,0.054619,0.897591,1.512399,9.694804
56.340000,0.001771,-0.032834,0.057908,0.904704,1.524093,9.741465
56.345000,-0.000299,-0.030672,0.053555,0.876042,1.523291,9.683402
56.350000,-0.004647,-0.035385,0.058310,0.941109,1.498627,9.692677
56.355000,-0.002678,-0.035612,0.064883,0.913323,1.555469,9.703191
56.360000,0.004434,-0.036536,0.057706,0.864412,1.454471,9.727973
56.365000,-0.001273,-0.029566,0.054063,0.873547,1.501686,9.710946
56.370000,-0.002006,-0.032976,0.060355,0.918889,1.529414,9.744786
56.375000,-0.006108,-0.034776,0.054590,0.921997,1.491738,9.779475
56.380000,-0.002282,-0.033081,0.057242,0.894440,1.465513,9.707178
56.385000,-0.005096,-0.035073,0.057297,0.911440,1.547139,9.732884
56.390000,-0.004220,-0.032331,0.052555,0.958671,1.489087,9.712283
56.395000,0.001045,-0.028944,0.057839,0.938898,1.512809,9.690310
56.400000,-0.004770,-0.025618,0.055530,0.899741,1.502921,9.699377
56.405000,-0.000879,-0.037664,0.052369,0.985416,1.523213,9.675498
56.410000,-0.007184,-0.030437,0.056175,0.912176,1.481131,9.728234
56.415000,-0.004592,-0.030703,0.061729,0.915798,1.532443,9.752258
56.420000,-0.006064,-0.035231,0.057574,0.883394,1.479359,9.739110
56.425000,-0.000260,-0.031040,0.056838,0.941243,1.523715,9.666429
56.430000,-0.000973,-0.029909,0.057647,0.919804,1.456982,9.684087
56.435000,-0.004388,-0.031525,0.059997,0.946467,1.543341,9.761741
56.440000,-0.014113,-0.030447,0.061917,0.935641,1.512666,9.715924
56.445000,-0.006074,-0.028457,0.061280,0.898749,1.509140,9.695410
56.450000,-0.013362,-0.027982,0.056472,0.918817,1.473572,9.739847
56.455000,-0.010418,-0.030917,0.063931,0.933159,1.490715,9.666205
56.460000,-0.002711,-0.027438,0.062178,0.922399,1.507420,9.692672
56.465000,-0.011126,-0.036971,0.052758,0.915309,1.507068,9.706504
56.470000,-0.006052,-0.033792,0.057732,0.959871,1.463691,9.678341
56.475000,-0.003264,-0.034511,0.056666,0.955290,1.496496,9.672339
56.480000,-0.012471,-0.028433,0.051439,0.890098,1.531604,9.707188
56.485000,-0.014026,-0.032135,0.062838,0.943062,1.500189,9.695213
56.490000,-0.009757,-0.028512,0.057028,0.936789,1.502320,9.716320
56.495000,-0.007215,-0.032813,0.058081,0.947175,1.518783,9.719363
56.500000,-0.011381,-0.027986,0.059369,0.943440,1.472309,9.697649
56.505000,-0.014462,-0.031014,0.056191,0.934876,1.471969,9.731259
56.510000,-0.004956,-0.031092,0.055345,0.940317,1.535414,9.704565
56.515000,-0.006942,-0.032233,0.053811,0.932193,1.408188,9.722418
56.520000,-0.007087,-0.030612,0.054099,0.930274,1.447288,9.734922
56.525000,-0.008453,-0.031158,0.046978,0.989941,1.478820,9.739562
56.530000,-0.013596,-0.034603,0.056744,0.946470,1.479273,9.726183
56.535000,-0.012686,-0.030208,0.054213,0.950617,1.463298,9.696398
56.540000,-0.011231,-0.024991,0.054231,0.946469,1.572845,9.708305
56.545000,-0.011998,-0.031826,0.058594,0.962379,1.451568,9.757622
56.550000,-0.012577,-0.033557,0.052740,0.948164,1.516950,9.695019
56.555000,-0.013393,-0.035252,0.059975,0.988944,1.506388,9.770877
56.560000,-0.010325,-0.030206,0.059754,0.969805,1.490730,9.631906
56.565000,-0.011325,-0.029187,0.056525,0.959807,1.483152,9.750268
56.570000,-0.016352,-0.026099,0.061116,0.960917,1.510728,9.703721
56.575000,-0.018508,-0.031807,0.062590,0.967828,1.472767,9.720865
56.580000,-0.013824,-0.027298,0.056647,0.945726,1.458482,9.754619
56.585000,-0.014150,-0.025318,0.057183,0.959281,1.492375,9.710452
56.590000,-0.015781,-0.026713,0.053929,0.995531,1.521246,9.730055
56.595000,-0.016736,-0.027212,0.056231,0.948435,1.498870,9.750887
56.600000,-0.015259,-0.024555,0.054589,0.998152,1.488213,9.730876
56.605000,-0.015812,-0.023929,0.059871,0.952365,1.517232,9.729396
56.610000,-0.013976,-0.027374,0.053169,0.995451,1.501042,9.677020
56.615000,-0.008810,-0.029501,0.057710,1.004729,1.506415,9.712756
56.620000,-0.014682,-0.029621,0.057623,0.979337,1.484891,9.665142
56.625000,-0.018317,-0.024731,0.056697,0.939222,1.532846,9.764926
56.630000,-0.014722,-0.025198,0.060393,0.950455,1.469506,9.715042
56.635000,-0.017913,-0.029378,0.053636,0.973629,1.427872,9.691880
56.640000,-0.017538,-0.024951,0.060547,0.960740,1.464747,9.719527
56.645000,-0.023383,-0.027130,0.054287,0.990737,1.528456,9.720814
56.650000,-0.018086,-0.026036,0.057435,0.990797,1.544039,9.681892
56.655000,-0.013855,-0.027656,0.057624,0.991504,1.449172,9.630290
56.660000,-0.020983,-0.028669,0.052369,0.990654,1.462751,9.661975
56.665000,-0.019715,-0.027105,0.057651,1.002847,1.480577,9.718664
56.670000,-0.016669,-0.023373,0.064932,1.007289,1.518834,9.691679
56.675000,-0.019307,-0.032991,0.054871,1.001682,1.469412,9.739000
56.680000,-0.020490,-0.028159,0.058177,0.971926,1.503927,9.718337
56.685000,-0.016534,-0.023507,0.052591,0.975453,1.501467,9.699963
56.690000,-0.014981,-0.026534,0.052234,0.961793,1.453797,9.680243
56.695000,-0.018064,-0.031111,0.054998,1.024348,1.490247,9.681623
56.700000,-0.018697,-0.028342,0.054798,0.960464,1.438478,9.746986
56.705000,-0.025016,-0.023151,0.054020,0.951442,1.450925,9.669009
56.710000,-0.016322,-0.028516,0.057402,1.022949,1.518979,9.711637
56.715000,-0.022927,-0.021767,0.056447,0.987011,1.478577,9.699167
56.720000,-0.025587,-0.029491,0.055471,0.929726,1.483239,9.715435
56.725000,-0.025685,-0.028519,0.051892,0.967179,1.454282,9.710172
56.730000,-0.025760,-0.027164,0.057572,0.964106,1.469033,9.752215
56.735000,-0.024301,-0.030358,0.054839,0.965990,1.472803,9.730201
56.740000,-0.024072,-0.028740,0.054108,0.971759,1.464631,9.730216
56.745000,-0.020303,-0.028066,0.053864,0.989517,1.490328,9.690555
56.750000,-0.019724,-0.018313,0.058756,0.980325,1.506566,9.710949
56.755000,-0.022230,-0.027236,0.060205,1.007489,1.531784,9.690731
56.760000,-0.028299,-0.023143,0.057738,0.993446,1.478995,9.706947
56.765000,-0.027699,-0.024016,0.056453,0.987256,1.414714,9.756433
56.770000,-0.022856,-0.020177,0.058585,1.005274,1.490943,9.767494
56.775000,-0.019954,-0.026884,0.059947,1.006705,1.428226,9.773981
56.780000,-0.023011,-0.025863,0.060168,0.924738,1.467253,9.723090
56.785000,-0.021830,-0.026334,0.057718,0.979808,1.440481,9.707418
56.790000,-0.024108,-0.025256,0.057606,0.974314,1.482212,9.678808
56.795000,-0.025551,-0.021742,0.056557,0.973544,1.473196,9.737097
56.800000,-0.025157,-0.016927,0.057356,1.015080,1.468539,9.700791
56.805000,-0.028775,-0.025012,0.055812,1.018296,1.490668,9.739859
56.810000,-0.026854,-0.026027,0.056919,0.993544,1.470382,9.734550
56.815000,-0.026311,-0.021875,0.054803,0.978023,1.468496,9.687539
56.820000,-0.024244,-0.025119,0.051296,1.016631,1.483773,9.745837
56.825000,-0.033693,-0.023929,0.052727,0.991618,1.448799,9.737058
56.830000,-0.029738,-0.021000,0.059124,1.014846,1.557138,9.747426
56.835000,-0.028111,-0.025846,0.052944,1.031827,1.486370,9.742540
56.840000,-0.024861,-0.019277,0.049610,1.028751,1.492656,9.748750
56.845000,-0.030906,-0.023690,0.057783,1.026349,1.466962,9.706764
56.850000,-0.029618,-0.022808,0.053076,1.005584,1.409477,9.699111
56.855000,-0.024904,-0.020212,0.057329,0.994843,1.477184,9.751007
56.860000,-0.023957,-0.026090,0.053156,1.000252,1.413068,9.759301
56.865000,-0.026676,-0.024179,0.058737,1.047824,1.425753,9.721305
56.870000,-0.028175,-0.023211,0.061142,1.010639,1.493821,9.698559
56.875000,-0.026647,-0.023419,0.055912,0.987169,1.447638,9.796214
56.880000,-0.026334,-0.028951,0.055597,1.004109,1.429396,9.718654
56.885000,-0.033126,-0.022641,0.050743,1.026512,1.467588,9.656093
56.890000,-0.033362,-0.016719,0.055895,0.965402,1.432636,9.723061
56.895000,-0.029786,-0.015793,0.056047,1.063653,1.399477,9.735295
56.900000,-0.027895,-0.020207,0.056807,0.965762,1.400972,9.658537
56.905000,-0.029133,-0.024685,0.057095,0.957066,1.421056,9.767797
56.910000,-0.027399,-0.022931,0.053439,1.066858,1.407077,9.712317
56.915000,-0.030300,-0.019848,0.052594,1.066022,1.466524,9.730512
56.920000,-0.026982,-0.013610,0.060120,1.064285,1.478664,9.696549
56.925000,-0.032278,-0.021335,0.057014,1.017331,1.463495,9.725856
56.930000,-0.036469,-0.025420,0.056851,0.987558,1.415625,9.740708
56.935000,-0.026302,-0.022245,0.056468,0.986708,1.400993,9.754203
56.940000,-0.030985,-0.015586,0.053743,1.022582,1.460590,9.720315
56.945000,-0.025809,-0.023637,0.053732,0.991180,1.409934,9.762047
56.950000,-0.035963,-0.023999,0.059336,0.994480,1.354369,9.769606
56.955000,-0.032006,-0.018667,0.050893,1.013166,1.422543,9.676240
56.960000,-0.037268,-0.018734,0.058555,1.062231,1.375972,9.830840
56.965000,-0.033898,-0.023705,0.055185,0.989516,1.410564,9.770942
56.970000,-0.030854,-0.020887,0.051231,1.003934,1.371758,9.790954
56.975000,-0.031453,-0.018305,0.055662,1.041582,1.423809,9.774881
56.980000,-0.028856,-0.017725,0.053866,1.028189,1.381643,9.710986
56.985000,-0.039436,-0.018760,0.057739,1.023213,1.374531,9.712980
56.990000,-0.033180,-0.016648,0.050117,1.034378,1.420642,9.736260
56.995000,-0.035630,-0.018622,0.056762,0.964029,1.414979,9.710323
57.000000,-0.035795,-0.015781,0.053496,1.051819,1.437663,9.763652
57.005000,-0.033946,-0.021710,0.057309,1.025568,1.498323,9.770387
57.010000,-0.034269,-0.023569,0.054951,1.011802,1.417349,9.736481
57.015000,-0.036794,-0.019076,0.056685,1.023935,1.456731,9.690614
57.020000,-0.033654,-0.016451,0.052938,1.016501,1.389376,9.740683
57.025000,-0.037381,-0.016140,0.057055,0.967709,1.448908,9.749778
57.030000,-0.032452,-0.016923,0.062636,1.040105,1.381301,9.754199
57.035000,-0.038384,-0.021881,0.057624,1.056477,1.395271,9.769917
57.040000,-0.039175,-0.016822,0.058280,1.058132,1.387085,9.726738
57.045000,-0.035836,-0.018403,0.057074,1.054036,1.439285,9.740133
57.050000,-0.036126,-0.022446,0.049693,0.997908,1.374572,9.743261
57.055000,-0.038548,-0.020591,0.053858,1.000114,1.381536,9.733670
57.060000,-0.037749,-0.017281,0.058839,1.095255,1.407458,9.774183
57.065000,-0.030242,-0.012091,0.051123,1.026561,1.435062,9.717866
57.070000,-0.038428,-0.024163,0.058072,1.037729,1.342546,9.752888
57.075000,-0.038225,-0.018401,0.054209,1.054816,1.369347,9.734540
57.080000,-0.045802,-0.024776,0.051379,1.043445,1.390515,9.732097
57.085000,-0.037273,-0.015302,0.055130,1.054367,1.449888,9.692244
57.090000,-0.042371,-0.014171,0.054335,0.985536,1.373430,9.710124
57.095000,-0.039218,-0.019888,0.059416,1.039523,1.435594,9.723515
57.100000,-0.040264,-0.019340,0.055749,1.038015,1.382241,9.682416
57.105000,-0.038705,-0.024773,0.056298,1.056180,1.362588,9.745033
57.110000,-0.037205,-0.022796,0.057282,0.993901,1.376793,9.752858
57.115000,-0.039282,-0.013299,0.054816,1.025558,1.408158,9.727261
57.120000,-0.038502,-0.020693,0.054221,1.031423,1.393540,9.745582
57.125000,-0.041011,-0.019928,0.053149,1.043245,1.343915,9.722923
57.130000,-0.044782,-0.019354,0.059259,1.044149,1.360730,9.759965
57.135000,-0.044244,-0.019054,0.053330,1.069837,1.397276,9.738515
57.140000,-0.039395,-0.018716,0.059235,1.068793,1.374271,9.728272
57.145000,-0.045132,-0.019209,0.047014,1.101712,1.354071,9.706702
57.150000,-0.041389,-0.014146,0.058536,0.979669,1.346223,9.776268
57.155000,-0.042060,-0.014147,0.059076,1.059757,1.332851,9.724617
57.160000,-0.044034,-0.015755,0.055425,1.046611,1.373355,9.800049
57.165000,-0.037273,-0.015492,0.055287,1.044422,1.352662,9.780556
57.170000,-0.041073,-0.011459,0.055925,1.064564,1.332310,9.671923
57.175000,-0.041288,-0.015827,0.052641,1.097215,1.311558,9.738915
57.180000,-0.036112,-0.015915,0.054140,0.994894,1.345784,9.753106
57.185000,-0.048808,-0.017629,0.058058,1.045993,1.360750,9.764978
57.190000,-0.042483,-0.014737,0.055826,1.085875,1.316215,9.702452
57.195000,-0.047862,-0.017159,0.051444,1.017893,1.353150,9.762164
57.200000,-0.049666,-0.014122,0.057909,1.092361,1.300532,9.785049
57.205000,-0.042565,-0.013416,0.056857,1.050495,1.307908,9.761163
57.210000,-0.046161,-0.015613,0.060504,1.056903,1.352744,9.729378
57.215000,-0.050350,-0.014485,0.057548,1.051576,1.295302,9.747775
57.220000,-0.044689,-0.015224,0.055114,1.102684,1.379606,9.776192
57.225000,-0.042327,-0.016337,0.049795,1.075346,1.323320,9.805833
57.230000,-0.039000,-0.013911,0.053079,1.054277,1.308850,9.785316
57.235000,-0.045213,-0.018355,0.056142,1.036694,1.255239,9.717459
57.240000,-0.047777,-0.016443,0.056037,1.073859,1.274779,9.716113
57.245000,-0.048539,-0.021197,0.057128,1.017518,1.356069,9.721289
57.250000,-0.044153,-0.015488,0.058791,1.070723,1.370866,9.766989
57.255000,-0.043081,-0.019106,0.058127,0.992122,1.330308,9.712657
57.260000,-0.051891,-0.015174,0.056067,1.010095,1.356869,9.728953
57.265000,-0.041191,-0.012273,0.052890,1.071121,1.311456,9.749438
57.270000,-0.047384,-0.015333,0.055051,1.045276,1.300874,9.702551
57.275000,-0.048229,-0.019099,0.064637,1.070379,1.295953,9.769605
57.280000,-0.049714,-0.013307,0.056077,1.040954,1.279041,9.721337
57.285000,-0.045786,-0.013376,0.058784,1.074007,1.319387,9.811064
57.290000,-0.053952,-0.015023,0.056145,1.078132,1.314797,9.720046
57.295000,-0.048981,-0.013680,0.054024,1.021364,1.309100,9.782411
57.300000,-0.046975,-0.015911,0.053415,1.023361,1.273603,9.702759
57.305000,-0.046050,-0.011990,0.057591,1.063367,1.217648,9.805959
57.310000,-0.047090,-0.012415,0.058220,1.043968,1.290410,9.749454
57.315000,-0.050820,-0.010777,0.059800,1.029041,1.272969,9.810585
57.320000,-0.044122,-0.013933,0.055598,1.060878,1.229296,9.727500
57.325000,-0.048364,-0.014772,0.053909,1.000829,1.298632,9.750537
57.330000,-0.048031,-0.014552,0.056539,1.040409,1.242687,9.711063
57.335000,-0.052803,-0.010831,0.055621,1.093501,1.245149,9.745269
57.340000,-0.043350,-0.012419,0.055174,1.004057,1.273304,9.709152
57.345000,-0.050689,-0.015992,0.058734,1.105181,1.230578,9.782636
57.350000,-0.045941,-0.009464,0.059395,1.070029,1.254619,9.728594
57.355000,-0.044646,-0.009685,0.053459,1.070293,1.292994,9.777192
57.360000,-0.045790,-0.011649,0.053546,1.071365,1.244484,9.715739
57.365000,-0.050824,-0.012997,0.055788,1.043521,1.248902,9.725470
57.370000,-0.048922,-0.010208,0.056046,1.022028,1.288457,9.717457
57.375000,-0.055285,-0.008217,0.056349,1.053797,1.256836,9.736379
57.380000,-0.051443,-0.012823,0.058029,1.014967,1.285886,9.764825
57.385000,-0.054206,-0.011818,0.050485,1.008127,1.266297,9.787498
57.390000,-0.047921,-0.014864,0.051858,1.090664,1.322330,9.750579
57.395000,-0.051389,-0.007324,0.060322,1.058182,1.285931,9.770696
57.400000,-0.055010,-0.009851,0.058974,0.997729,1.268585,9.755918
57.405000,-0.052599,-0.012650,0.057122,1.039307,1.220890,9.723868
57.410000,-0.046841,-0.008792,0.058834,1.041695,1.257274,9.764754
57.415000,-0.049651,-0.012269,0.060556,1.077585,1.247876,9.749040
57.420000,-0.050671,-0.013822,0.056732,1.024339,1.229291,9.716829
57.425000,-0.050798,-0.008155,0.057606,1.106563,1.227644,9.762699
57.430000,-0.051350,-0.013839,0.053893,1.119204,1.237916,9.733079
57.435000,-0.052920,-0.012388,0.061210,1.102613,1.270519,9.733762
57.440000,-0.050935,-0.007717,0.054719,1.022781,1.206016,9.741134
57.445000,-0.051179,-0.010566,0.054977,1.079553,1.237715,9.764439
57.450000,-0.053246,-0.009867,0.055092,1.024823,1.237837,9.819928
57.455000,-0.061646,-0.011459,0.054856,1.053468,1.179686,9.757360
57.460000,-0.053130,-0.011866,0.054295,1.077315,1.171867,9.759428
57.465000,-0.058668,-0.013361,0.054160,1.067092,1.192018,9.777957
57.470000,-0.054126,-0.005698,0.056228,1.079271,1.217218,9.715970
57.475000,-0.055181,-0.010214,0.063746,1.043993,1.187715,9.782971
57.480000,-0.053781,-0.013710,0.055715,1.078596,1.146358,9.739861
57.485000,-0.057544,-0.010209,0.051917,1.076349,1.205767,9.776772
57.490000,-0.052101,-0.011364,0.060544,1.044616,1.195184,9.748788
57.495000,-0.055899,-0.016528,0.059309,1.070344,1.213418,9.748080
57.500000,-0.051881,-0.008328,0.052953,1.063599,1.198133,9.803146
57.505000,-0.057879,-0.009244,0.057614,1.075969,1.210403,9.731406
57.510000,-0.050500,-0.010744,0.055143,1.042176,1.209526,9.800396
57.515000,-0.054964,-0.008901,0.059455,1.059673,1.175629,9.775215
57.520000,-0.052022,-0.012860,0.056732,1.055593,1.210709,9.785124
57.525000,-0.057928,-0.010635,0.057100,1.063955,1.189415,9.716777
57.530000,-0.061575,-0.011134,0.056789,1.030481,1.217891,9.757545
57.535000,-0.056290,-0.008738,0.057285,1.062589,1.140417,9.782656
57.540000,-0.054798,-0.006176,0.058617,1.060385,1.107577,9.740905
57.545000,-0.054604,-0.009320,0.054796,1.082749,1.153269,9.759792
57.550000,-0.055021,-0.010101,0.058228,1.100513,1.151760,9.764795
57.555000,-0.055555,-0.005683,0.057787,1.100555,1.179118,9.775393
57.560000,-0.052967,-0.007845,0.055430,1.059366,1.100667,9.761351
57.565000,-0.057502,-0.008693,0.060489,1.038386,1.136190,9.805542
57.570000,-0.059401,-0.009433,0.053130,1.056840,1.138914,9.760945
57.575000,-0.052922,-0.005912,0.058627,1.054755,1.173373,9.750076
57.580000,-0.057771,-0.005687,0.055060,1.063004,1.142961,9.759242
57.585000,-0.057744,-0.016546,0.051247,1.083254,1.102176,9.756539
57.590000,-0.057210,-0.009542,0.055416,1.082536,1.103639,9.804078
57.595000,-0.061512,-0.007142,0.057175,1.029972,1.142714,9.756928
57.600000,-0.056268,-0.010528,0.058828,1.067637,1.088917,9.788444
57.605000,-0.062039,-0.008299,0.055622,1.100997,1.071085,9.731654
57.610000,-0.060010,-0.010001,0.056456,1.043955,1.146140,9.758417
57.615000,-0.056769,-0.015057,0.059101,1.045981,1.126411,9.780194
57.620000,-0.056352,-0.002892,0.058108,1.081690,1.108962,9.784640
57.625000,-0.060360,-0.007318,0.055642,1.053812,1.099686,9.791580
57.630000,-0.055914,-0.003262,0.057835,1.067769,1.094801,9.755884
57.635000,-0.055290,-0.006978,0.051365,1.123678,1.096981,9.727450
57.640000,-0.056032,-0.008576,0.055575,1.079750,1.126064,9.820848
57.645000,-0.058335,-0.008561,0.058257,1.051464,1.116003,9.806400
57.650000,-0.057366,-0.006787,0.057599,1.083268,1.119391,9.781658
57.655000,-0.060633,-0.008318,0.061319,1.053285,1.069246,9.762650
57.660000,-0.060931,-0.008042,0.053071,1.015732,1.085855,9.791827
57.665000,-0.061320,-0.006917,0.058006,1.053443,1.091658,9.798728
57.670000,-0.057181,-0.003893,0.051761,1.057129,1.045591,9.763113
57.675000,-0.059688,-0.011213,0.054654,1.065568,1.120964,9.790737
57.680000,-0.061715,-0.000522,0.060991,1.047353,1.094636,9.775680
57.685000,-0.059403,-0.006186,0.052517,1.025658,1.067118,9.761805
57.690000,-0.057862,0.001476,0.057457,1.117042,1.100743,9.763510
57.695000,-0.056351,-0.006363,0.062515,1.048971,1.067453,9.801658
57.700000,-0.062647,-0.004392,0.063997,1.102965,1.080466,9.764845
57.705000,-0.054645,-0.007619,0.055153,1.091330,1.042462,9.770877
57.710000,-0.061462,-0.003723,0.060363,1.058829,1.077248,9.768075
57.715000,-0.063398,-0.009163,0.054077,1.095667,1.047688,9.789520
57.720000,-0.060273,-0.008499,0.050379,1.005871,1.066510,9.758746
57.725000,-0.058603,-0.002944,0.057898,1.092735,1.052958,9.740690
57.730000,-0.058385,-0.007855,0.056467,1.055337,1.046514,9.779748
57.735000,-0.059193,-0.008605,0.051315,1.063347,1.052221,9.794293
57.740000,-0.062559,-0.005692,0.062870,1.027173,1.070397,9.768418
57.745000,-0.060588,-0.006458,0.053113,1.111166,1.064785,9.775963
57.750000,-0.062246,-0.006755,0.053163,1.062824,1.050246,9.757024
57.755000,-0.062333,-0.005851,0.062210,1.070291,1.077823,9.806397
57.760000,-0.065546,-0.003110,0.056233,1.025535,1.054045,9.867151
57.765000,-0.061202,-0.007522,0.057527,1.002540,0.975283,9.775434
57.770000,-0.064087,-0.004766,0.056919,1.038170,0.973359,9.772568
57.775000,-0.062749,-0.006171,0.057351,1.025269,0.979255,9.802969
57.780000,-0.063022,-0.009238,0.055223,1.085103,0.978520,9.784892
57.785000,-0.062447,-0.004796,0.053110,1.120464,0.984011,9.784010
57.790000,-0.060218,-0.003507,0.056190,1.012787,1.010302,9.787609
57.795000,-0.062700,-0.005932,0.059179,1.046202,0.990198,9.764822
57.800000,-0.065435,-0.003983,0.061112,1.039403,1.036903,9.768605
57.805000,-0.066707,-0.001255,0.063685,1.074008,1.024366,9.787696
57.810000,-0.061890,-0.002330,0.060047,1.036815,1.046744,9.757255
57.815000,-0.060082,-0.006097,0.060591,1.104424,0.975288,9.764403
57.820000,-0.062506,-0.002414,0.054795,1.067134,0.951317,9.753934
57.825000,-0.063804,-0.004154,0.051819,1.033555,0.994433,9.795911
57.830000,-0.062979,-0.003778,0.054403,1.070924,0.976888,9.790186
57.835000,-0.064274,-0.002482,0.061622,1.061115,0.961608,9.760972
57.840000,-0.064120,-0.006040,0.058233,1.016996,0.998635,9.809165
57.845000,-0.064431,0.000431,0.054624,1.042061,0.949691,9.800270
57.850000,-0.071794,-0.000962,0.062866,1.068802,0.985078,9.805506
57.855000,-0.065012,-0.000028,0.058053,1.031142,0.901660,9.801641
57.860000,-0.064749,0.002035,0.059560,1.038114,1.026655,9.839959
57.865000,-0.066945,-0.005220,0.053281,1.111639,0.907474,9.793674
57.870000,-0.064763,-0.001181,0.054601,1.000880,0.980782,9.749298
57.875000,-0.064225,-0.000535,0.053732,1.050191,0.934257,9.798381
57.880000,-0.067824,-0.003114,0.059438,1.082544,0.949897,9.830282
57.885000,-0.066250,-0.001398,0.054634,0.999972,0.911583,9.788053
57.890000,-0.066358,-0.007960,0.052174,1.068128,0.953292,9.792663
57.895000,-0.067737,-0.000539,0.060424,1.125547,0.977876,9.806654
57.900000,-0.062049,0.005854,0.058509,1.032437,0.931296,9.748601
57.905000,-0.068869,-0.002415,0.052932,1.081683,0.918541,9.812143
57.910000,-0.061822,-0.000984,0.058415,0.976890,0.966199,9.794863
57.915000,-0.065831,0.000433,0.054659,0.993366,0.907571,9.766941
57.920000,-0.057405,0.001331,0.050019,1.047157,0.908722,9.794776
57.925000,-0.066108,-0.000034,0.057624,1.015121,0.919356,9.744020
57.930000,-0.063594,-0.001509,0.057595,1.039561,0.881108,9.798665
57.935000,-0.065762,-0.003486,0.050242,1.022969,0.876788,9.759533
57.940000,-0.066342,0.003269,0.056623,1.012451,0.899774,9.771628
57.945000,-0.060324,0.001661,0.056899,0.988240,0.884345,9.804956
57.950000,-0.063026,0.000676,0.055716,1.093999,0.929326,9.811880
57.955000,-0.066558,0.005643,0.052615,1.013177,0.923377,9.817096
57.960000,-0.069501,-0.002036,0.059261,1.030107,0.869297,9.815178
57.965000,-0.069151,0.005258,0.059514,1.025976,0.839749,9.812948
57.970000,-0.067867,-0.001052,0.056955,1.003307,0.897412,9.786750
57.975000,-0.064890,0.003435,0.050929,0.999253,0.872511,9.806715
57.980000,-0.061450,0.001597,0.058080,1.048493,0.926673,9.781542
57.985000,-0.057357,0.002537,0.059471,1.052172,0.879911,9.821080
57.990000,-0.067755,-0.001244,0.060038,1.079475,0.873540,9.830774
57.995000,-0.069052,0.003222,0.053144,1.062675,0.877558,9.774887
58.000000,-0.065980,0.000414,0.058618,1.018601,0.821185,9.828608
58.005000,-0.061778,0.006880,0.059824,1.033242,0.812500,9.779793
58.010000,-0.070227,0.003742,0.061452,1.013611,0.845115,9.821663
58.015000,-0.068028,-0.000895,0.059698,1.003535,0.882808,9.846473
58.020000,-0.069855,0.001403,0.056846,1.080821,0.849222,9.820075
58.025000,-0.066747,0.005165,0.062979,1.054893,0.834240,9.808766
58.030000,-0.067246,0.006139,0.058336,1.052336,0.876158,9.811041
58.035000,-0.063096,-0.003657,0.066071,1.045316,0.872482,9.817804
58.040000,-0.067118,0.004397,0.059298,1.007418,0.855018,9.837954
58.045000,-0.063871,-0.001327,0.061727,1.055752,0.825654,9.860948
58.050000,-0.068147,0.006495,0.056065,1.027899,0.856606,9.832310
58.055000,-0.066340,0.001200,0.058002,1.016060,0.809842,9.735239
58.060000,-0.065598,0.001549,0.059209,1.010676,0.846174,9.845474
58.065000,-0.068077,0.005235,0.058200,0.996728,0.797196,9.793375
58.070000,-0.071219,-0.001514,0.053301,1.037066,0.868511,9.810090
58.075000,-0.066275,0.007561,0.056995,1.025719,0.833149,9.843138
58.080000,-0.068579,-0.001174,0.058145,1.062163,0.773909,9.835311
58.085000,-0.066866,0.003312,0.054931,1.043597,0.775571,9.812967
58.090000,-0.067717,0.009882,0.058493,1.074508,0.784549,9.814722
58.095000,-0.066500,0.005275,0.060839,1.035840,0.777789,9.791124
58.100000,-0.072482,0.006341,0.053091,1.040248,0.818538,9.882518
58.105000,-0.066017,0.003508,0.060946,1.059460,0.789409,9.786517
58.110000,-0.066680,0.005259,0.059285,1.008156,0.754468,9.803565
58.115000,-0.067957,0.001963,0.056976,1.043982,0.781804,9.833347
58.120000,-0.066136,-0.001565,0.060593,1.063770,0.789223,9.815300
58.125000,-0.070512,0.000873,0.056511,1.047908,0.813032,9.816846
58.130000,-0.064249,0.005302,0.057509,1.001075,0.808711,9.794997
58.135000,-0.068970,0.006778,0.058216,1.067199,0.771483,9.758033
58.140000,-0.070950,0.005740,0.059022,1.034829,0.850973,9.825318
58.145000,-0.066461,0.004593,0.058464,1.003804,0.786382,9.825959
58.150000,-0.067548,0.002508,0.059313,1.009165,0.713367,9.867222
58.155000,-0.071339,0.005838,0.054759,0.991784,0.766930,9.816093
58.160000,-0.067974,0.004759,0.053236,0.969267,0.781662,9.841090
58.165000,-0.064546,0.000091,0.060460,0.998401,0.724346,9.785244
58.170000,-0.067179,0.005072,0.062775,0.991925,0.713259,9.819342
58.175000,-0.073869,0.002806,0.064262,1.028112,0.755060,9.813285
58.180000,-0.069394,0.007125,0.052902,0.980873,0.756549,9.850871
58.185000,-0.066533,0.006051,0.050625,0.964366,0.727276,9.816313
58.190000,-0.068480,0.004621,0.056310,1.012808,0.719905,9.758744
58.195000,-0.070672,0.006989,0.062313,1.030609,0.748418,9.864461
58.200000,-0.065473,0.004718,0.058525,1.015630,0.711109,9.841946
58.205000,-0.069720,0.005427,0.055973,1.005416,0.710405,9.783406
58.210000,-0.066102,0.001848,0.057013,0.994234,0.746564,9.801170
58.215000,-0.063340,0.007927,0.055956,1.073378,0.678405,9.822281
58.220000,-0.067085,0.007891,0.059169,1.002626,0.732009,9.774982
58.225000,-0.068985,0.008764,0.063062,1.067198,0.709809,9.817227
58.230000,-0.066852,0.005350,0.064892,0.991233,0.724856,9.800058
58.235000,-0.066550,-0.000993,0.056276,1.043531,0.710172,9.873394
58.240000,-0.068824,0.001830,0.054999,1.003742,0.698942,9.827363
58.245000,-0.069379,0.004770,0.059647,1.024907,0.637832,9.816928
58.250000,-0.061453,0.007545,0.060602,1.000140,0.684979,9.873126
58.255000,-0.071079,0.010499,0.059621,0.977681,0.648100,9.832086
58.260000,-0.066917,0.004792,0.065948,1.025804,0.724083,9.799834
58.265000,-0.067032,0.009417,0.059539,0.986745,0.617333,9.856739
58.270000,-0.070053,0.006242,0.061226,1.010047,0.688764,9.839127
58.275000,-0.070250,0.008629,0.059763,1.009109,0.664756,9.841598
58.280000,-0.063734,0.000948,0.056602,1.017527,0.656115,9.767723
58.285000,-0.069535,0.009539,0.056602,0.997066,0.601755,9.802588
58.290000,-0.071348,0.005589,0.056180,1.009108,0.637047,9.814923
58.295000,-0.067879,0.001828,0.058536,1.045196,0.643443,9.873295
58.300000,-0.069977,0.007562,0.065625,0.946444,0.612150,9.815323
58.305000,-0.070729,0.004914,0.060827,0.992474,0.614749,9.810432
58.310000,-0.069303,0.007674,0.061247,1.007517,0.577795,9.825449
58.315000,-0.067528,0.010704,0.057036,1.002819,0.641598,9.822147
58.320000,-0.065099,0.012949,0.058961,0.975425,0.644245,9.899622
58.325000,-0.066188,0.006814,0.066334,1.033315,0.608580,9.832821
58.330000,-0.068791,0.007280,0.060684,1.023467,0.588007,9.760278
58.335000,-0.067722,0.006597,0.059096,0.983195,0.688322,9.827158
58.340000,-0.075549,0.006403,0.058168,0.979984,0.602911,9.817007
58.345000,-0.069200,0.012215,0.060923,0.948353,0.591639,9.830325
58.350000,-0.070234,0.003332,0.056880,0.959227,0.587160,9.838845
58.355000,-0.066058,0.011591,0.057841,1.012397,0.627563,9.798373
58.360000,-0.065837,0.008830,0.056766,1.035397,0.581414,9.813947
58.365000,-0.072703,0.009150,0.057895,0.970910,0.667392,9.780274
58.370000,-0.068339,0.006777,0.056409,0.979011,0.600074,9.874206
58.375000,-0.070939,0.011471,0.057324,1.064584,0.553722,9.833612
58.380000,-0.070704,0.006729,0.054707,0.940156,0.520592,9.819251
58.385000,-0.077258,0.004334,0.057818,0.996500,0.596218,9.838561
58.390000,-0.069797,0.006302,0.061017,0.968275,0.588472,9.873909
58.395000,-0.069770,0.009539,0.057361,1.012150,0.584336,9.877573
58.400000,-0.069555,0.007622,0.056233,0.948331,0.557423,9.820769
58.405000,-0.066048,0.009374,0.055662,0.938118,0.519109,9.885270
58.410000,-0.065127,0.007702,0.060366,0.946274,0.530949,9.827121
58.415000,-0.067317,0.006169,0.060582,1.018208,0.608084,9.795255
58.420000,-0.060006,0.011580,0.059474,0.990388,0.541668,9.834572
58.425000,-0.073341,0.004448,0.061773,1.007502,0.512504,9.834608
58.430000,-0.074961,0.005717,0.055771,0.973963,0.547684,9.896165
58.435000,-0.069006,0.008730,0.057256,0.964945,0.512247,9.881540
58.440000,-0.069231,0.008509,0.060021,0.962901,0.556788,9.781223
58.445000,-0.069282,0.010567,0.058474,0.974415,0.527906,9.836983
58.450000,-0.073038,0.015613,0.054620,0.966897,0.525031,9.861256
58.455000,-0.065865,0.011180,0.058874,0.908729,0.475883,9.861985
58.460000,-0.074823,0.007303,0.056592,0.932628,0.534784,9.857410
58.465000,-0.072415,0.008357,0.061731,0.946438,0.567169,9.812148
58.470000,-0.068027,0.012294,0.055137,1.018204,0.479838,9.834081
58.475000,-0.066853,0.011547,0.062892,1.002902,0.522938,9.826671
58.480000,-0.069581,0.008985,0.057704,0.996278,0.506107,9.855014
58.485000,-0.070703,0.012067,0.065746,0.949004,0.484127,9.802784
58.490000,-0.073231,0.010382,0.059852,0.973939,0.465375,9.857669
58.495000,-0.064559,0.013276,0.055721,1.019094,0.491655,9.820498
58.500000,-0.063584,0.006240,0.058012,0.922650,0.502323,9.878699
58.505000,-0.062535,0.008641,0.057675,1.002038,0.462840,9.834960
58.510000,-0.067668,0.012580,0.061706,0.988452,0.467990,9.794068
58.515000,-0.067646,0.015530,0.065524,0.981737,0.467502,9.867683
58.520000,-0.062023,0.008733,0.064280,0.967969,0.411710,9.816920
58.525000,-0.063780,0.016876,0.056416,0.975316,0.482902,9.858812
58.530000,-0.068641,0.014280,0.052249,1.002733,0.548201,9.838775
58.535000,-0.069294,0.015738,0.061963,0.988678,0.489195,9.832035
58.540000,-0.064753,0.015808,0.053635,0.981580,0.503260,9.859896
58.545000,-0.068314,0.016848,0.062556,0.993457,0.513917,9.804571
58.550000,-0.072113,0.012831,0.059352,1.009315,0.461394,9.848430
58.555000,-0.068664,0.008499,0.059215,0.911676,0.445865,9.867012
58.560000,-0.070896,0.011144,0.058278,0.982389,0.435912,9.848935
58.565000,-0.067670,0.011026,0.062550,0.972077,0.464335,9.912910
58.570000,-0.071664,0.012245,0.064043,0.954356,0.466382,9.835588
58.575000,-0.068152,0.014198,0.059275,0.971952,0.465159,9.837813
58.580000,-0.063652,0.013289,0.062248,0.963208,0.442971,9.885325
58.585000,-0.066911,0.009778,0.061441,0.947164,0.421617,9.837796
58.590000,-0.070864,0.013956,0.056570,0.937323,0.406706,9.836958
58.595000,-0.064861,0.014411,0.057466,0.889313,0.420663,9.841298
58.600000,-0.069353,0.008580,0.057610,0.910116,0.434762,9.807991
58.605000,-0.071980,0.015590,0.064738,0.970582,0.453187,9.843352
58.610000,-0.070899,0.012984,0.057297,0.934622,0.352214,9.833954
58.615000,-0.067306,0.016644,0.064720,0.959272,0.373283,9.857962
58.620000,-0.063998,0.010620,0.059509,0.952878,0.411920,9.813769
58.625000,-0.073581,0.011636,0.062256,0.945929,0.387406,9.893522
58.630000,-0.069138,0.014455,0.061416,0.987158,0.377280,9.862040
58.635000,-0.073676,0.011969,0.062822,0.914503,0.381037,9.793952
58.640000,-0.069211,0.019187,0.061107,0.944273,0.383962,9.819892
58.645000,-0.071322,0.015027,0.056888,0.975515,0.362609,9.852885
58.650000,-0.071476,0.011761,0.067638,0.937571,0.413770,9.851513
58.655000,-0.066704,0.019658,0.060941,0.969489,0.347431,9.837310
58.660000,-0.065236,0.018093,0.060942,0.919995,0.370537,9.815078
58.665000,-0.068070,0.012455,0.063118,0.944691,0.360228,9.891683
58.670000,-0.065924,0.013075,0.058652,0.908592,0.371426,9.844116
58.675000,-0.067360,0.015109,0.061203,0.956339,0.337413,9.866140
58.680000,-0.070888,0.016040,0.066606,0.955061,0.382129,9.848591
58.685000,-0.068703,0.017262,0.058531,0.966873,0.369770,9.804660
58.690000,-0.067783,0.010815,0.063236,0.959437,0.382315,9.805088
58.695000,-0.066713,0.019811,0.064244,0.915028,0.308880,9.810658
58.700000,-0.067977,0.022009,0.061058,0.943694,0.363991,9.835109
58.705000,-0.063759,0.007985,0.062645,1.017475,0.349101,9.847757
58.710000,-0.064851,0.015508,0.055648,0.978250,0.281363,9.831269
58.715000,-0.073576,0.016694,0.062148,0.892779,0.287645,9.872575
58.720000,-0.068429,0.021662,0.056088,0.945010,0.338667,9.861880
58.725000,-0.067402,0.014695,0.064327,0.944123,0.320368,9.859155
58.730000,-0.062989,0.014160,0.059916,0.947936,0.301884,9.847116
58.735000,-0.069366,0.017247,0.064464,0.928353,0.305280,9.832845
58.740000,-0.067424,0.017551,0.062157,0.879377,0.326294,9.861333
58.745000,-0.066974,0.007642,0.061866,0.915070,0.276695,9.872459
58.750000,-0.058722,0.017164,0.061349,0.918034,0.247853,9.929694
58.755000,-0.063331,0.016289,0.059248,0.924061,0.302885,9.874953
58.760000,-0.068699,0.012372,0.058695,0.932405,0.267792,9.845053
58.765000,-0.065094,0.015717,0.065632,0.906367,0.308648,9.890168
58.770000,-0.064036,0.012969,0.062403,0.893333,0.279023,9.870098
58.775000,-0.069440,0.017502,0.060832,0.865039,0.296224,9.851330
58.780000,-0.064001,0.015884,0.063801,0.900574,0.226610,9.842129
58.785000,-0.063360,0.015164,0.061906,0.886199,0.240584,9.815023
58.790000,-0.062999,0.020176,0.058745,0.925644,0.250904,9.867389
58.795000,-0.058575,0.021985,0.063717,0.897093,0.241215,9.888020
58.800000,-0.064031,0.016592,0.065116,0.907479,0.265043,9.828625
58.805000,-0.064507,0.013383,0.062866,0.952986,0.267345,9.854941
58.810000,-0.065738,0.020802,0.062177,0.832389,0.263618,9.843838
58.815000,-0.066783,0.007714,0.060313,0.907534,0.252845,9.851549
58.820000,-0.066679,0.012017,0.061981,0.878047,0.293242,9.797364
58.825000,-0.066577,0.017094,0.061439,0.910277,0.184697,9.909623
58.830000,-0.067063,0.015144,0.062025,0.884966,0.241779,9.816734
58.835000,-0.069489,0.022335,0.062939,0.842934,0.239467,9.892395
58.840000,-0.063424,0.015395,0.062457,0.912956,0.164966,9.873205
58.845000,-0.063748,0.010201,0.060132,0.856062,0.241364,9.837622
58.850000,-0.062381,0.019146,0.060032,0.930471,0.212215,9.879197
58.855000,-0.061724,0.012010,0.060569,0.835604,0.157483,9.824355
58.860000,-0.068043,0.020172,0.060864,0.875316,0.219648,9.919507
58.865000,-0.059829,0.019377,0.069636,0.862329,0.227870,9.835969
58.870000,-0.064610,0.019529,0.061525,0.822251,0.198787,9.808373
58.875000,-0.063097,0.017490,0.059410,0.917526,0.182730,9.904523
58.880000,-0.064331,0.020090,0.057262,0.823375,0.149574,9.840969
58.885000,-0.064418,0.018386,0.061515,0.853329,0.143077,9.871016
58.890000,-0.062298,0.018520,0.062682,0.852474,0.162560,9.887188
58.895000,-0.068467,0.016797,0.064767,0.879833,0.159345,9.825066
58.900000,-0.064013,0.017254,0.059273,0.909783,0.185227,9.857139
58.905000,-0.065022,0.020130,0.062306,0.819339,0.181425,9.807592
58.910000,-0.064275,0.018736,0.067312,0.835135,0.146839,9.905145
58.915000,-0.060124,0.018626,0.062648,0.879150,0.206383,9.881649
58.920000,-0.063053,0.018289,0.064776,0.852070,0.171781,9.880048
58.925000,-0.067839,0.017697,0.062506,0.833183,0.122375,9.876493
58.930000,-0.066226,0.017802,0.063171,0.907764,0.162607,9.889510
58.935000,-0.060826,0.020234,0.060610,0.865943,0.203383,9.859252
58.940000,-0.060615,0.020057,0.058108,0.923379,0.121260,9.860146
58.945000,-0.061907,0.011654,0.064820,0.862725,0.189888,9.912582
58.950000,-0.067322,0.024921,0.060288,0.825838,0.171609,9.872551
58.955000,-0.062292,0.018583,0.063572,0.821261,0.121748,9.812878
58.960000,-0.061614,0.022903,0.062839,0.893478,0.131000,9.874586
58.965000,-0.066830,0.016096,0.061894,0.906078,0.172797,9.889065
58.970000,-0.058901,0.016738,0.061365,0.811220,0.133087,9.885420
58.975000,-0.064348,0.018660,0.057656,0.868917,0.143732,9.883457
58.980000,-0.067511,0.017185,0.061583,0.835349,0.107609,9.908762
58.985000,-0.064981,0.021808,0.063842,0.903211,0.125584,9.919179
58.990000,-0.062590,0.020026,0.061562,0.883237,0.088359,9.866053
58.995000,-0.061377,0.023411,0.063753,0.872344,0.050434,9.833096
59.000000,-0.062317,0.021762,0.058607,0.868772,0.085241,9.840452
59.005000,-0.064225,0.022023,0.062537,0.787839,0.047777,9.856024
59.010000,-0.055470,0.017193,0.066902,0.874742,0.077162,9.859357
59.015000,-0.061838,0.019285,0.063559,0.824567,0.066391,9.836264
59.020000,-0.062634,0.020050,0.062305,0.833224,0.063665,9.894052
59.025000,-0.058181,0.019225,0.064844,0.875486,0.082249,9.894982
59.030000,-0.057586,0.023049,0.062375,0.780329,0.078902,9.834387
59.035000,-0.064315,0.022354,0.063185,0.834521,0.110696,9.877989
59.040000,-0.058490,0.018105,0.063750,0.850740,0.030697,9.881512
59.045000,-0.058973,0.015780,0.059930,0.842347,0.017522,9.889112
59.050000,-0.061430,0.015989,0.064967,0.861190,0.073579,9.853424
59.055000,-0.059068,0.023024,0.058946,0.830643,0.087342,9.875876
59.060000,-0.058458,0.020879,0.061496,0.801694,0.072370,9.839427
59.065000,-0.063360,0.022251,0.061467,0.898920,0.051843,9.862334
59.070000,-0.056536,0.017801,0.060125,0.793867,0.034469,9.854220
59.075000,-0.058476,0.017620,0.056769,0.780517,0.071786,9.874127
59.080000,-0.058892,0.015526,0.061693,0.857671,0.038978,9.897386
59.085000,-0.057782,0.018116,0.061632,0.829104,0.025539,9.886917
59.090000,-0.054756,0.023159,0.063047,0.820829,0.048997,9.873746
59.095000,-0.064278,0.022415,0.055341,0.789951,0.000853,9.895353
59.100000,-0.059751,0.019583,0.066832,0.884973,0.036988,9.919340
59.105000,-0.054905,0.023298,0.063252,0.805684,0.061197,9.894403
59.110000,-0.060717,0.019010,0.059767,0.780459,-0.007629,9.959509
59.115000,-0.056756,0.017220,0.067526,0.784230,0.043523,9.899818
59.120000,-0.056104,0.020658,0.061176,0.825129,-0.022115,9.842725
59.125000,-0.058915,0.022876,0.060271,0.788773,-0.007496,9.831976
59.130000,-0.057419,0.016969,0.056075,0.884212,0.018456,9.845161
59.135000,-0.055011,0.026527,0.059087,0.859358,-0.028682,9.858312
59.140000,-0.059315,0.023560,0.065226,0.819576,-0.017468,9.850410
59.145000,-0.056777,0.021289,0.062475,0.795605,-0.007854,9.918011
59.150000,-0.058257,0.020931,0.057997,0.816606,-0.024339,9.811545
59.155000,-0.055433,0.017459,0.064041,0.831156,-0.019242,9.902342
59.160000,-0.052397,0.019345,0.064154,0.811188,0.006857,9.850488
59.165000,-0.058767,0.020952,0.061741,0.797941,0.007632,9.897387
59.170000,-0.057373,0.024458,0.063767,0.801153,0.032764,9.866587
59.175000,-0.056912,0.015754,0.061017,0.796329,-0.035918,9.859549
59.180000,-0.055660,0.021856,0.067508,0.791995,-0.068234,9.897677
59.185000,-0.053128,0.017179,0.067667,0.790581,-0.038963,9.902276
59.190000,-0.054695,0.020766,0.064519,0.762910,-0.047617,9.806090
59.195000,-0.058251,0.021011,0.064077,0.771821,-0.064042,9.873603
59.200000,-0.052800,0.025015,0.064587,0.772212,-0.049138,9.888132
59.205000,-0.056917,0.026028,0.064231,0.761942,-0.071336,9.816837
59.210000,-0.051005,0.023681,0.064894,0.863138,-0.090135,9.896273
59.215000,-0.055472,0.022210,0.064770,0.762226,-0.067955,9.892327
59.220000,-0.055682,0.024039,0.060255,0.793403,-0.082504,9.858314
59.225000,-0.052019,0.019852,0.062041,0.713826,-0.071523,9.846121
59.230000,-0.051918,0.023096,0.065185,0.830577,-0.097896,9.893362
59.235000,-0.056782,0.022326,0.060111,0.726867,-0.106239,9.838596
59.240000,-0.055865,0.025935,0.063639,0.768369,-0.081452,9.866127
59.245000,-0.055976,0.013508,0.067750,0.789771,-0.076026,9.907996
59.250000,-0.056441,0.023461,0.058792,0.730054,-0.038938,9.900740
59.255000,-0.053044,0.021627,0.064582,0.770271,-0.078171,9.905502
59.260000,-0.055882,0.016945,0.069690,0.730275,-0.110015,9.915431
59.265000,-0.049127,0.019325,0.065324,0.757227,-0.089097,9.867640
59.270000,-0.047588,0.020064,0.065718,0.816408,-0.092890,9.873640
59.275000,-0.055152,0.019829,0.064174,0.716821,-0.096982,9.852932
59.280000,-0.053751,0.023307,0.064885,0.739089,-0.107935,9.905499
59.285000,-0.051339,0.027352,0.065971,0.737320,-0.130235,9.928412
59.290000,-0.042454,0.025205,0.065180,0.711391,-0.097038,9.916332
59.295000,-0.050807,0.024595,0.062043,0.737495,-0.120923,9.825173
59.300000,-0.051651,0.029151,0.060230,0.699129,-0.075822,9.880842
59.305000,-0.053745,0.022922,0.059806,0.710414,-0.067602,9.861009
59.310000,-0.053455,0.024048,0.060108,0.778289,-0.126591,9.859763
59.315000,-0.054336,0.022805,0.066361,0.704410,-0.124328,9.893950
59.320000,-0.051563,0.018400,0.064685,0.705628,-0.146224,9.891344
59.325000,-0.051024,0.033269,0.062358,0.756093,-0.157301,9.897569
59.330000,-0.050187,0.023259,0.059818,0.692626,-0.196833,9.920317
59.335000,-0.049868,0.025102,0.065684,0.779730,-0.122490,9.906565
59.340000,-0.048158,0.024632,0.061393,0.782509,-0.139955,9.859436
59.345000,-0.047926,0.026539,0.061833,0.719053,-0.182047,9.905348
59.350000,-0.049918,0.021262,0.068464,0.737725,-0.170368,9.828672
59.355000,-0.050248,0.026583,0.061716,0.718886,-0.147129,9.893813
59.360000,-0.049528,0.028139,0.065264,0.765706,-0.188610,9.859492
59.365000,-0.048180,0.023015,0.061484,0.729072,-0.079589,9.856346
59.370000,-0.049897,0.022931,0.063978,0.666027,-0.156250,9.842545
59.375000,-0.049300,0.022413,0.068786,0.736534,-0.120378,9.841685
59.380000,-0.048745,0.024181,0.058655,0.753755,-0.192308,9.861156
59.385000,-0.054692,0.025024,0.064157,0.716566,-0.187223,9.890524
59.390000,-0.047217,0.021483,0.069378,0.724770,-0.187382,9.875595
59.395000,-0.044958,0.024527,0.062291,0.673208,-0.194177,9.915789
59.400000,-0.054588,0.023392,0.068307,0.716229,-0.196538,9.877877
59.405000,-0.046335,0.020583,0.061937,0.656824,-0.220842,9.856686
59.410000,-0.049004,0.024953,0.065525,0.741666,-0.178870,9.866490
59.415000,-0.046215,0.019521,0.066645,0.756576,-0.171192,9.871300
59.420000,-0.044787,0.026250,0.065448,0.710194,-0.125059,9.899283
59.425000,-0.050700,0.025421,0.061370,0.707742,-0.205649,9.918594
59.430000,-0.054251,0.023140,0.070352,0.761893,-0.207651,9.890666
59.435000,-0.045444,0.026854,0.067389,0.742585,-0.219292,9.836914
59.440000,-0.047438,0.026596,0.064250,0.717541,-0.245596,9.858241
59.445000,-0.046302,0.027746,0.063129,0.712926,-0.216285,9.885030
59.450000,-0.050303,0.025232,0.063261,0.724130,-0.254028,9.871166
59.455000,-0.049234,0.025845,0.065765,0.656962,-0.232182,9.870441
59.460000,-0.048260,0.022976,0.058533,0.715539,-0.221685,9.935849
59.465000,-0.050681,0.028133,0.066030,0.656236,-0.219307,9.910181
59.470000,-0.047690,0.027051,0.061861,0.702040,-0.253209,9.841814
59.475000,-0.044059,0.025198,0.067225,0.696539,-0.292637,9.870252
59.480000,-0.046779,0.022336,0.066861,0.674088,-0.239808,9.874420
59.485000,-0.044393,0.020247,0.058000,0.709875,-0.263279,9.892830
59.490000,-0.047094,0.025877,0.062990,0.680068,-0.186282,9.852637
59.495000,-0.046431,0.024480,0.067061,0.689659,-0.210883,9.849385
59.500000,-0.041035,0.023459,0.064310,0.675990,-0.235330,9.855481
59.505000,-0.041437,0.027435,0.063775,0.671866,-0.270274,9.848106
59.510000,-0.046856,0.026443,0.063885,0.654869,-0.257090,9.867825
59.515000,-0.044488,0.028305,0.069114,0.678737,-0.216867,9.881900
59.520000,-0.050621,0.028548,0.070409,0.678730,-0.304785,9.892373
59.525000,-0.043593,0.025021,0.064698,0.622442,-0.277128,9.851912
59.530000,-0.041487,0.025475,0.066218,0.679999,-0.288871,9.886137
59.535000,-0.040776,0.030181,0.064218,0.643401,-0.262392,9.898099
59.540000,-0.040315,0.028041,0.062626,0.738922,-0.238305,9.855203
59.545000,-0.045588,0.026213,0.058588,0.653963,-0.307520,9.841761
59.550000,-0.035456,0.027323,0.065821,0.656799,-0.251713,9.853882
59.555000,-0.040025,0.025480,0.068312,0.645470,-0.264398,9.889416
59.560000,-0.041825,0.028427,0.063812,0.652796,-0.300223,9.822042
59.565000,-0.041418,0.027408,0.061544,0.622480,-0.310332,9.876756
59.570000,-0.040674,0.027920,0.071112,0.714835,-0.327541,9.850809
59.575000,-0.039705,0.024584,0.069615,0.666079,-0.283335,9.865296
59.580000,-0.043039,0.027265,0.061554,0.661424,-0.276255,9.892180
59.585000,-0.039020,0.019216,0.073289,0.645135,-0.303993,9.885384
59.590000,-0.041490,0.026260,0.068855,0.639232,-0.289834,9.919412
59.595000,-0.043929,0.031071,0.063167,0.609597,-0.325398,9.859375
59.600000,-0.041426,0.027901,0.062954,0.574784,-0.282080,9.871459
59.605000,-0.043539,0.031312,0.066067,0.671958,-0.326708,9.839309
59.610000,-0.040927,0.027550,0.066057,0.624367,-0.332169,9.909901
59.615000,-0.037903,0.031030,0.061386,0.607291,-0.303801,9.887139
59.620000,-0.037693,0.025800,0.058609,0.629775,-0.358497,9.870822
59.625000,-0.034231,0.023213,0.067456,0.658944,-0.298211,9.849667
59.630000,-0.037213,0.026675,0.068614,0.629381,-0.299867,9.875965
59.635000,-0.038641,0.022580,0.067957,0.603553,-0.348143,9.882204
59.640000,-0.039288,0.025882,0.065053,0.556337,-0.386113,9.909429
59.645000,-0.041182,0.020265,0.067893,0.640039,-0.295294,9.851563
59.650000,-0.035761,0.033509,0.066622,0.618555,-0.331108,9.889813
59.655000,-0.037756,0.029625,0.065690,0.592587,-0.345657,9.889371
59.660000,-0.039518,0.026323,0.064738,0.600584,-0.381305,9.906001
59.665000,-0.037870,0.031005,0.067268,0.621262,-0.311954,9.864823
59.670000,-0.038606,0.030768,0.064851,0.610033,-0.359283,9.855702
59.675000,-0.032439,0.027528,0.060632,0.610386,-0.381401,9.888038
59.680000,-0.039808,0.027884,0.066369,0.638277,-0.322965,9.865248
59.685000,-0.035119,0.033743,0.065191,0.660998,-0.390467,9.825951
59.690000,-0.037583,0.025895,0.066084,0.635356,-0.434249,9.880075
59.695000,-0.035828,0.023948,0.066084,0.593243,-0.338081,9.838227
59.700000,-0.039217,0.025947,0.067494,0.562599,-0.381829,9.885172
59.705000,-0.039995,0.031444,0.068071,0.592094,-0.402163,9.832574
59.710000,-0.037205,0.031433,0.064688,0.566281,-0.407646,9.857422
59.715000,-0.029885,0.030260,0.064899,0.583780,-0.343183,9.866720
59.720000,-0.037739,0.025268,0.066398,0.602400,-0.316824,9.867663
59.725000,-0.034977,0.025134,0.062553,0.603039,-0.428899,9.879837
59.730000,-0.036090,0.028468,0.066504,0.593173,-0.393570,9.871735
59.735000,-0.036842,0.022076,0.068013,0.625975,-0.428532,9.918364
59.740000,-0.031334,0.030741,0.067426,0.592056,-0.374793,9.894278
59.745000,-0.036241,0.028639,0.068240,0.575883,-0.358040,9.920322
59.750000,-0.036291,0.025454,0.067454,0.602011,-0.416476,9.894891
59.755000,-0.037428,0.026536,0.063600,0.604257,-0.420755,9.882947
59.760000,-0.031830,0.031612,0.064115,0.575183,-0.408791,9.923698
59.765000,-0.036711,0.029974,0.062818,0.604428,-0.441086,9.934110
59.770000,-0.033202,0.029528,0.070098,0.577742,-0.421151,9.902087
59.775000,-0.031064,0.030985,0.062508,0.531295,-0.379204,9.854247
59.780000,-0.028862,0.025756,0.071492,0.594037,-0.384864,9.856398
59.785000,-0.032398,0.031694,0.066907,0.582447,-0.443593,9.845708
59.790000,-0.029732,0.028193,0.066049,0.569941,-0.446733,9.909519
59.795000,-0.030746,0.031235,0.068009,0.589841,-0.464455,9.882424
59.800000,-0.029639,0.034544,0.063526,0.547253,-0.477322,9.883195
59.805000,-0.027249,0.020759,0.062477,0.592009,-0.357919,9.924651
59.810000,-0.031673,0.021692,0.065433,0.533221,-0.405415,9.867936
59.815000,-0.035469,0.030231,0.068451,0.612557,-0.457282,9.881935
59.820000,-0.031321,0.030579,0.065565,0.538126,-0.478375,9.927606
59.825000,-0.031268,0.029357,0.066029,0.578628,-0.446115,9.898554
59.830000,-0.033016,0.025256,0.069965,0.550685,-0.472819,9.893921
59.835000,-0.030106,0.032069,0.069033,0.586418,-0.457625,9.878414
59.840000,-0.030899,0.029630,0.065552,0.552617,-0.364616,9.911305
59.845000,-0.028777,0.029311,0.067049,0.533486,-0.463135,9.941425
59.850000,-0.030991,0.030612,0.073651,0.624461,-0.440872,9.883199
59.855000,-0.025068,0.028657,0.062905,0.504696,-0.464658,9.859189
59.860000,-0.021769,0.031048,0.066877,0.558366,-0.484642,9.845584
59.865000,-0.027946,0.026195,0.062907,0.515105,-0.454921,9.869158
59.870000,-0.031601,0.029080,0.064357,0.496314,-0.523182,9.865394
59.875000,-0.025305,0.027732,0.069669,0.491534,-0.448256,9.869695
59.880000,-0.030157,0.029096,0.068350,0.507552,-0.458639,9.852569
59.885000,-0.030421,0.034343,0.068329,0.545487,-0.480808,9.863153
59.890000,-0.024624,0.032408,0.067486,0.536454,-0.472415,9.911110
59.895000,-0.026805,0.030400,0.068046,0.552222,-0.478770,9.804466
59.900000,-0.026950,0.033976,0.069774,0.479751,-0.529940,9.879876
59.905000,-0.027917,0.031631,0.060031,0.529945,-0.479230,9.848528
59.910000,-0.028681,0.032990,0.058672,0.533518,-0.523820,9.872819
59.915000,-0.022458,0.029135,0.065897,0.494906,-0.493861,9.904374
59.920000,-0.027614,0.030621,0.061958,0.486747,-0.476596,9.886555
59.925000,-0.024343,0.029674,0.063282,0.578283,-0.484745,9.863896
59.930000,-0.026176,0.032733,0.063799,0.503812,-0.461294,9.832955
59.935000,-0.020386,0.033915,0.064770,0.478066,-0.507236,9.887725
59.940000,-0.025432,0.027762,0.070415,0.524529,-0.465308,9.864908
59.945000,-0.023726,0.029001,0.066482,0.421265,-0.560075,9.861066
59.950000,-0.024504,0.032931,0.065015,0.461251,-0.487094,9.917712
59.955000,-0.021638,0.032081,0.071712,0.465506,-0.506808,9.884238
59.960000,-0.023636,0.029317,0.068154,0.442867,-0.580581,9.853935
59.965000,-0.020576,0.026355,0.064041,0.518918,-0.483553,9.867817
59.970000,-0.022734,0.031068,0.069061,0.443630,-0.512460,9.869588
59.975000,-0.022140,0.034079,0.067124,0.450814,-0.500574,9.850810
59.980000,-0.019063,0.030636,0.060709,0.486228,-0.516971,9.841357
59.985000,-0.020293,0.032615,0.069982,0.485081,-0.482094,9.925188
59.990000,-0.020331,0.030674,0.066442,0.487853,-0.489792,9.892831
59.995000,-0.024516,0.032669,0.068213,0.494443,-0.470648,9.880982
