t_valid,t_avail,dt,vx,vy,vz,sx,sy,sz,flow_x,flow_y,raw_flow_x,raw_flow_y,range,m00,m01,m02,m10,m11,m12,m20,m21,m22,n_det,n_trk,n_inl,resid_px,quality,valid
0.075896,0.130820,0.049849,1.181475,1.562649,0.241929,0.004812,0.004763,0.006901,0.522641,0.378430,0.625742,0.372886,3.025989,0.003606,3.574017,-0.011280,-3.980288,-0.001847,0.251824,0.028455,-0.239473,-0.000000,300,287,287.000000,0.319012,0.868301,1
0.125358,0.179895,0.049075,1.177063,1.548897,0.227409,0.005056,0.005010,0.007146,0.520066,0.378534,0.629083,0.374983,3.011378,0.027752,3.572380,0.000664,-3.992661,-0.025570,0.237708,0.022220,-0.216880,0.000000,300,290,290.000000,0.333697,0.869810,1
0.174702,0.229509,0.049614,1.177430,1.541559,0.218541,0.005152,0.005092,0.007238,0.517747,0.377425,0.622920,0.375349,3.014570,0.025838,3.587089,-0.042744,-3.994467,-0.015894,0.277689,0.131955,-0.260306,-0.000000,300,297,297.000000,0.346584,0.883833,1
0.223793,0.278076,0.048567,1.175993,1.517410,0.208878,0.005338,0.005278,0.007502,0.513529,0.378285,0.620522,0.376347,2.998714,0.017296,3.570780,0.070631,-3.971011,-0.010503,0.276981,-0.008451,-0.277531,0.000000,300,293,293.000000,0.351001,0.869538,1
0.274652,0.331227,0.053151,1.184614,1.524568,0.201541,0.005561,0.005504,0.007771,0.510356,0.377941,0.617924,0.376003,3.040240,0.005670,3.609901,0.129148,-4.047460,-0.002644,0.285224,-0.113708,-0.316387,0.000000,300,287,287.000000,0.390538,0.830065,1
0.325408,0.379589,0.048362,1.180461,1.510264,0.192836,0.005445,0.005409,0.007659,0.506890,0.381465,0.613108,0.380592,3.013651,-0.029562,3.588059,0.135914,-3.999642,0.029544,0.232583,-0.121349,-0.201894,0.000000,300,291,291.000000,0.354617,0.861645,1
0.375308,0.431027,0.051438,1.184176,1.497436,0.183186,0.005531,0.005483,0.007813,0.504408,0.380742,0.607872,0.376784,3.016457,0.023760,3.573465,0.162989,-3.998745,-0.022530,0.275289,-0.144060,-0.260291,0.000000,300,294,294.000000,0.383617,0.854282,1
0.425432,0.479838,0.048811,1.168217,1.467581,0.175411,0.005235,0.005183,0.007337,0.498433,0.380109,0.601038,0.380366,2.987587,-0.019437,3.552627,0.177649,-3.960248,0.020148,0.298359,-0.181179,-0.317238,-0.000000,300,294,294.000000,0.347221,0.874561,1
0.475689,0.531540,0.051702,1.175013,1.471158,0.163284,0.005779,0.005732,0.008131,0.495041,0.379581,0.597686,0.377131,3.014725,0.009631,3.553371,0.186464,-4.021547,-0.003390,0.281682,-0.147053,-0.312483,0.000000,300,292,292.000000,0.401573,0.838169,1
0.525396,0.579252,0.047712,1.188131,1.475823,0.157563,0.006057,0.005992,0.008621,0.489706,0.378483,0.589373,0.378101,3.053102,0.022237,3.575105,0.217219,-4.045346,-0.016438,0.330383,-0.199829,-0.381436,0.000000,300,287,287.000000,0.378723,0.836663,1
0.574453,0.629655,0.050403,1.186340,1.471388,0.150534,0.005692,0.005637,0.008030,0.485481,0.375716,0.582918,0.376983,3.072166,-0.010843,3.601455,0.290696,-4.085602,0.011237,0.369525,-0.302090,-0.390135,0.000000,300,295,295.000000,0.377748,0.860540,1
0.625117,0.680578,0.050923,1.184035,1.447688,0.147036,0.005861,0.005838,0.008311,0.480344,0.376902,0.579159,0.374568,3.051625,-0.004250,3.601734,0.318369,-4.034732,0.007515,0.321788,-0.299683,-0.331264,-0.000000,300,292,292.000000,0.395076,0.841922,1
0.675760,0.730942,0.050364,1.175591,1.428221,0.134918,0.005927,0.005904,0.008503,0.475814,0.374814,0.571471,0.372405,3.047114,0.014316,3.571035,0.363649,-4.002593,-0.004971,0.358607,-0.347576,-0.418855,-0.000000,300,292,292.000000,0.394231,0.842408,1
0.726078,0.781214,0.050272,1.193695,1.421688,0.134021,0.005964,0.005899,0.008434,0.467007,0.374499,0.557669,0.372425,3.078076,-0.001674,3.628289,0.330075,-4.054365,0.010279,0.410784,-0.303561,-0.454009,-0.000000,300,297,297.000000,0.393759,0.857108,1
0.775991,0.830768,0.049554,1.179956,1.410115,0.119866,0.006338,0.006288,0.008863,0.465670,0.373802,0.553773,0.373826,3.060746,0.005049,3.606121,0.299523,-4.085315,0.005335,0.356121,-0.252950,-0.399082,-0.000000,300,291,291.000000,0.412788,0.828781,1
0.824977,0.879186,0.048418,1.175671,1.384543,0.114936,0.006373,0.006371,0.009129,0.458567,0.375984,0.547442,0.373070,3.052434,0.028410,3.583057,0.380940,-4.020487,-0.015197,0.336052,-0.329396,-0.389696,-0.000000,300,290,290.000000,0.406345,0.829674,1
0.874480,0.929775,0.050589,1.204180,1.406692,0.113000,0.006859,0.006863,0.009674,0.455407,0.376369,0.539062,0.371836,3.123577,0.077969,3.706272,0.369868,-4.138233,-0.073641,0.311833,-0.312741,-0.292495,0.000000,300,294,294.000000,0.450997,0.814360,1
0.924465,0.979154,0.049379,1.200927,1.368448,0.102198,0.006764,0.006747,0.009704,0.444726,0.375463,0.528026,0.372722,3.108050,0.068003,3.645646,0.365382,-4.092156,-0.057650,0.345414,-0.313265,-0.377077,-0.000000,300,290,290.000000,0.431809,0.814750,1
0.974380,1.029606,0.050452,1.193608,1.356694,0.096085,0.007251,0.007207,0.010476,0.440188,0.375603,0.523932,0.372980,3.107199,0.095165,3.634640,0.302971,-4.088601,-0.083035,0.334584,-0.210992,-0.342230,-0.000000,300,291,291.000000,0.474234,0.791903,1
1.024802,1.079999,0.050393,1.194353,1.338433,0.094522,0.006760,0.006732,0.009750,0.433919,0.374409,0.513381,0.374543,3.112330,0.051741,3.666811,0.343962,-4.069719,-0.046632,0.345255,-0.297102,-0.337635,0.000000,300,293,293.000000,0.442016,0.817036,1
1.075940,1.131881,0.051882,1.191337,1.317773,0.085682,0.007059,0.007073,0.010251,0.426897,0.374508,0.504576,0.371663,3.109466,0.039216,3.641233,0.407263,-4.072885,-0.035406,0.334622,-0.359400,-0.318508,0.000000,300,292,292.000000,0.475167,0.794050,1
1.126297,1.180712,0.048831,1.194939,1.302029,0.079828,0.007533,0.007553,0.010807,0.418551,0.374891,0.496854,0.372981,3.128760,0.061772,3.662605,0.398699,-4.133174,-0.057964,0.315671,-0.379712,-0.328142,-0.000000,300,293,293.000000,0.476128,0.796176,1
1.174618,1.228525,0.047813,1.199851,1.291087,0.078617,0.007593,0.007576,0.010936,0.413062,0.374269,0.484853,0.375015,3.142781,0.074171,3.683366,0.335303,-4.142336,-0.070321,0.315501,-0.285373,-0.297162,0.000000,300,297,297.000000,0.471060,0.810215,1
1.224552,1.280579,0.052054,1.192989,1.265838,0.077158,0.007486,0.007496,0.010826,0.403685,0.370445,0.476338,0.371452,3.150296,0.053667,3.700942,0.384831,-4.136525,-0.049750,0.317335,-0.310811,-0.278743,0.000000,300,292,292.000000,0.500002,0.778665,1
1.275826,1.331073,0.050494,1.201733,1.259263,0.076911,0.007325,0.007386,0.010509,0.400206,0.372339,0.466560,0.372588,3.170500,0.044743,3.760463,0.436017,-4.156701,-0.045115,0.279075,-0.390534,-0.242042,0.000000,300,293,293.000000,0.473878,0.797565,1
1.324593,1.378112,0.047039,1.195503,1.232858,0.072204,0.007450,0.007554,0.010728,0.392222,0.370158,0.458100,0.369463,3.168044,0.066554,3.745815,0.496906,-4.154177,-0.063492,0.281810,-0.439560,-0.263038,-0.000000,300,293,293.000000,0.449222,0.812670,1
1.373423,1.428735,0.050623,1.184838,1.223257,0.065963,0.007473,0.007567,0.010656,0.386326,0.364572,0.446158,0.366115,3.181802,0.039397,3.754329,0.510081,-4.209109,-0.038909,0.315595,-0.438384,-0.267249,0.000000,300,291,291.000000,0.480189,0.788246,1
1.424602,1.480469,0.051734,1.186605,1.198664,0.067616,0.007572,0.007702,0.010854,0.380958,0.368028,0.437242,0.365093,3.175336,0.052089,3.763273,0.518076,-4.175774,-0.054930,0.264160,-0.462248,-0.212893,-0.000000,300,291,291.000000,0.499950,0.776031,1
1.475573,1.530677,0.050208,1.181445,1.169858,0.063364,0.007457,0.007581,0.010711,0.369273,0.364887,0.425666,0.365613,3.183836,0.042483,3.758877,0.532879,-4.186744,-0.049491,0.296932,-0.500275,-0.233835,0.000000,300,292,292.000000,0.476356,0.793317,1
1.525706,1.580735,0.050058,1.189097,1.152071,0.061174,0.006993,0.007056,0.010098,0.363432,0.367905,0.414683,0.369491,3.188008,0.032353,3.750740,0.445254,-4.194789,-0.032132,0.280624,-0.375358,-0.230302,0.000000,300,296,296.000000,0.448249,0.821587,1
1.575046,1.629357,0.048622,1.172762,1.129668,0.064309,0.006970,0.007084,0.010134,0.358687,0.362696,0.401066,0.360639,3.170378,0.028462,3.737589,0.552947,-4.134176,-0.035191,0.336099,-0.500785,-0.261096,0.000000,300,294,294.000000,0.432937,0.825309,1
1.625030,1.680703,0.051346,1.174866,1.106141,0.060076,0.007523,0.007659,0.010755,0.347811,0.361969,0.391969,0.361283,3.195384,0.067468,3.769794,0.544498,-4.236524,-0.066547,0.289020,-0.424031,-0.219417,0.000000,300,295,295.000000,0.492572,0.791334,1
1.675563,1.730424,0.049721,1.170991,1.076918,0.055311,0.006882,0.007014,0.009925,0.338801,0.357044,0.378974,0.359154,3.205516,0.049949,3.754348,0.624843,-4.222174,-0.050021,0.396704,-0.535551,-0.332497,-0.000000,300,297,297.000000,0.432526,0.833980,1
1.725000,1.779576,0.049152,1.177828,1.065672,0.058037,0.006895,0.007088,0.009995,0.333873,0.359998,0.369868,0.359959,3.224489,0.028358,3.789244,0.649310,-4.229934,-0.035584,0.325032,-0.592620,-0.256407,-0.000000,300,295,295.000000,0.427044,0.831666,1
1.774839,1.830102,0.050526,1.157515,1.032017,0.052971,0.007208,0.007348,0.010344,0.324274,0.356240,0.359167,0.359252,3.207295,0.017215,3.745025,0.595886,-4.260335,-0.014818,0.348740,-0.503859,-0.300062,0.000000,300,297,297.000000,0.462107,0.815793,1
1.825515,1.880928,0.050826,1.158869,1.008976,0.058649,0.007314,0.007487,0.010534,0.317047,0.355315,0.346403,0.357225,3.217117,0.051163,3.768784,0.611341,-4.262755,-0.056229,0.316793,-0.513973,-0.231716,-0.000000,300,292,292.000000,0.467463,0.798782,1
1.876116,1.931305,0.050377,1.148986,0.977101,0.056013,0.007140,0.007287,0.010275,0.307571,0.351348,0.333297,0.354757,3.205830,0.050303,3.755275,0.604031,-4.235915,-0.050813,0.347932,-0.526647,-0.294242,-0.000000,300,296,296.000000,0.455799,0.816944,1
1.925033,1.978761,0.047456,1.154267,0.960148,0.057762,0.006819,0.006978,0.009713,0.301479,0.352180,0.320752,0.354849,3.216924,0.034471,3.786406,0.603480,-4.285388,-0.038104,0.301902,-0.489918,-0.216319,-0.000000,300,297,297.000000,0.410995,0.846938,1
1.973743,2.028726,0.049965,1.142340,0.933221,0.055855,0.006668,0.006747,0.009444,0.292553,0.348871,0.307952,0.356466,3.215917,0.023553,3.776994,0.527350,-4.298628,-0.021985,0.344145,-0.410401,-0.266300,0.000000,300,295,295.000000,0.420588,0.835532,1
2.023766,2.078806,0.050080,1.134719,0.906442,0.059624,0.006476,0.006595,0.009166,0.285202,0.348034,0.297330,0.355702,3.219148,-0.004288,3.797840,0.583916,-4.285296,0.008223,0.336840,-0.480866,-0.290265,0.000000,300,294,294.000000,0.408570,0.839811,1
2.074685,2.130563,0.051757,1.145949,0.899834,0.061747,0.006506,0.006673,0.009334,0.278107,0.342980,0.285497,0.352031,3.282453,0.002198,3.841792,0.660779,-4.351345,0.004732,0.354016,-0.560422,-0.327080,-0.000000,300,292,292.000000,0.414081,0.830870,1
2.125377,2.180190,0.049627,1.133408,0.854630,0.063526,0.006248,0.006476,0.008864,0.267030,0.341816,0.274269,0.349781,3.259100,0.004162,3.863654,0.714803,-4.326042,-0.011030,0.292581,-0.621954,-0.216765,0.000000,300,296,296.000000,0.388420,0.857322,1
2.175779,2.231368,0.051178,1.123343,0.828145,0.067830,0.006206,0.006478,0.008928,0.259162,0.337635,0.264832,0.347408,3.259536,-0.006898,3.854044,0.743408,-4.298517,0.000506,0.252755,-0.652417,-0.187671,-0.000000,300,293,293.000000,0.396680,0.843878,1
2.225192,2.279016,0.047648,1.120469,0.800210,0.068111,0.006353,0.006561,0.009012,0.251511,0.339147,0.249953,0.347925,3.243750,-0.002873,3.851718,0.671547,-4.299871,0.004738,0.272050,-0.574349,-0.234448,0.000000,300,294,294.000000,0.380225,0.856216,1
2.274642,2.330267,0.051251,1.107543,0.770962,0.070477,0.005901,0.006131,0.008406,0.243283,0.335453,0.238732,0.347408,3.242165,-0.028068,3.851616,0.715215,-4.275757,0.019485,0.266497,-0.668290,-0.206828,-0.000000,300,294,294.000000,0.380126,0.856272,1
2.325717,2.381167,0.050900,1.121564,0.754875,0.071334,0.006170,0.006411,0.008749,0.235112,0.336958,0.225913,0.346213,3.284472,-0.014968,3.895855,0.719967,-4.358044,0.017565,0.249468,-0.641670,-0.228748,-0.000000,300,299,299.000000,0.393460,0.863056,1
2.375767,2.430367,0.049200,1.108071,0.720246,0.073527,0.005931,0.006167,0.008442,0.226220,0.332708,0.212833,0.343974,3.275265,-0.004929,3.874788,0.722946,-4.344603,0.004470,0.256602,-0.644866,-0.221410,-0.000000,300,295,295.000000,0.364011,0.868282,1
2.424853,2.479339,0.048972,1.099024,0.703444,0.078140,0.006146,0.006420,0.008850,0.221906,0.330175,0.202446,0.344218,3.280312,-0.045373,3.871822,0.741469,-4.320011,0.048345,0.225430,-0.687862,-0.218667,0.000000,300,293,293.000000,0.374147,0.856736,1
2.475324,2.531309,0.051970,1.112850,0.674387,0.083892,0.005952,0.006187,0.008509,0.209733,0.327660,0.188261,0.343816,3.339223,-0.002245,3.967432,0.726333,-4.396415,0.003410,0.245023,-0.654413,-0.221167,0.000000,300,297,297.000000,0.380063,0.865046,1
2.525538,2.579767,0.048458,1.084654,0.628151,0.085624,0.005770,0.006031,0.008213,0.200680,0.326394,0.176771,0.339270,3.267937,0.008482,3.889303,0.750232,-4.312638,-0.013543,0.225147,-0.695928,-0.183188,0.000000,300,295,295.000000,0.350172,0.875927,1
2.575235,2.630704,0.050937,1.094062,0.622046,0.088715,0.005660,0.005944,0.008130,0.195421,0.324024,0.163840,0.337737,3.324457,-0.006422,3.953397,0.783354,-4.361799,-0.010553,0.202780,-0.749321,-0.119762,-0.000000,300,296,296.000000,0.355951,0.875713,1
2.624691,2.678679,0.047975,1.090433,0.579963,0.090645,0.005752,0.006054,0.008268,0.183787,0.321945,0.151063,0.335969,3.338149,-0.011045,3.965129,0.797620,-4.398223,0.001912,0.181969,-0.701069,-0.115665,-0.000000,300,297,297.000000,0.340190,0.887312,1
2.674203,2.729727,0.051048,1.051714,0.541665,0.095836,0.005508,0.005751,0.007856,0.176821,0.316344,0.139375,0.339655,3.273427,-0.009875,3.900747,0.713179,-4.317522,0.003169,0.133060,-0.666370,-0.090266,0.000000,300,296,296.000000,0.353535,0.877047,1
2.724868,2.780008,0.050281,1.061153,0.515392,0.097928,0.005177,0.005436,0.007476,0.168243,0.317321,0.128732,0.337963,3.301141,-0.025403,3.914440,0.746807,-4.337938,0.025870,0.099960,-0.687179,-0.090050,0.000000,300,297,297.000000,0.325442,0.895188,1
2.774792,2.829576,0.049568,1.056877,0.491131,0.102555,0.005212,0.005481,0.007459,0.159977,0.312736,0.114180,0.332700,3.333251,-0.006986,3.957252,0.779932,-4.398902,0.005267,0.132191,-0.731100,-0.113437,-0.000000,300,299,299.000000,0.320650,0.903747,1
2.824762,2.879948,0.050372,1.045009,0.459071,0.102818,0.005036,0.005249,0.007105,0.151150,0.311688,0.102005,0.331914,3.313400,-0.014460,3.941575,0.718279,-4.416256,0.014808,0.148766,-0.640341,-0.128802,-0.000000,300,297,297.000000,0.315540,0.900356,1
2.874974,2.930000,0.050052,1.054572,0.432633,0.109329,0.004841,0.005069,0.006909,0.142253,0.309800,0.090146,0.332926,3.364851,-0.017400,4.007233,0.739114,-4.440615,0.016219,0.057965,-0.696989,-0.046437,-0.000000,300,296,296.000000,0.297029,0.906674,1
2.925300,2.980600,0.050600,1.040291,0.408582,0.111518,0.004853,0.005059,0.006962,0.135575,0.305301,0.075318,0.332658,3.360760,-0.013874,3.990334,0.707530,-4.430963,0.001597,0.102636,-0.657045,-0.033428,0.000000,300,293,293.000000,0.299513,0.896265,1
2.975246,3.029892,0.049292,1.019005,0.370991,0.111863,0.004552,0.004768,0.006530,0.125363,0.301795,0.065072,0.326818,3.342150,-0.028635,3.967200,0.738024,-4.405408,0.020350,0.081535,-0.705044,-0.038139,-0.000000,300,296,296.000000,0.276796,0.916452,1
3.025605,3.081318,0.051426,1.010882,0.335387,0.116140,0.004538,0.004737,0.006494,0.115820,0.300533,0.052028,0.327637,3.333202,-0.010401,3.949313,0.703166,-4.413665,0.007406,0.036228,-0.651812,-0.015735,-0.000000,300,296,296.000000,0.288900,0.910660,1
3.074848,3.128379,0.047061,1.006102,0.312676,0.119337,0.004173,0.004337,0.005952,0.107834,0.298079,0.039632,0.324783,3.346195,-0.015298,3.976603,0.672447,-4.436991,0.001691,0.055884,-0.587050,0.025275,-0.000000,300,299,299.000000,0.243294,0.940969,1
3.124710,3.181041,0.052662,0.985980,0.267711,0.118758,0.003951,0.004106,0.005574,0.095521,0.294027,0.026874,0.324035,3.323310,-0.030822,3.963953,0.673496,-4.436013,0.027008,0.045851,-0.550736,-0.009557,0.000000,300,298,298.000000,0.259189,0.930803,1
3.174521,3.228001,0.046960,0.987838,0.237642,0.124946,0.003618,0.003737,0.005098,0.084909,0.293030,0.015301,0.322633,3.349774,0.007737,3.996600,0.620400,-4.462134,-0.013958,0.027607,-0.549859,0.014807,0.000000,300,298,298.000000,0.209999,0.951378,1
3.224521,3.281041,0.053040,0.984311,0.208515,0.126348,0.003444,0.003552,0.004806,0.077132,0.292551,0.003155,0.319830,3.353542,-0.004341,4.005238,0.608317,-4.501907,0.000110,-0.023289,-0.510397,0.050918,0.000000,300,298,298.000000,0.225662,0.945200,1
3.276058,3.331075,0.050034,0.978549,0.188530,0.128337,0.003493,0.003615,0.004886,0.069188,0.285481,-0.008854,0.315983,3.412767,-0.051498,4.077190,0.653176,-4.568319,0.049865,0.007482,-0.566896,0.008645,-0.000000,300,298,298.000000,0.212119,0.950563,1
3.325299,3.379523,0.048448,0.949591,0.144291,0.127540,0.003068,0.003172,0.004295,0.057530,0.281732,-0.022471,0.314039,3.360177,-0.024287,4.035977,0.637823,-4.472274,0.024569,0.029242,-0.557016,-0.020686,-0.000000,300,299,299.000000,0.183447,0.964218,1
3.374016,3.428508,0.048985,0.946496,0.124794,0.131593,0.003147,0.003243,0.004383,0.051373,0.278496,-0.032617,0.314162,3.388580,-0.034720,4.070484,0.607227,-4.529259,0.033121,0.000656,-0.518316,0.015684,-0.000000,300,298,298.000000,0.188447,0.959267,1
3.423690,3.478872,0.050364,0.927343,0.079928,0.132853,0.002993,0.003074,0.004182,0.037805,0.273079,-0.044948,0.308824,3.377706,-0.030513,4.052371,0.575049,-4.509191,0.031328,0.046158,-0.467908,-0.033026,0.000000,300,297,297.000000,0.184445,0.957428,1
3.473590,3.528307,0.049435,0.915767,0.048243,0.128330,0.002779,0.002869,0.003923,0.027768,0.269484,-0.053877,0.308288,3.386225,-0.022099,4.060484,0.619340,-4.471366,0.017544,0.001208,-0.612524,0.024265,-0.000000,300,295,295.000000,0.167181,0.956597,1
3.522977,3.577646,0.049339,0.908699,0.022571,0.133632,0.002477,0.002550,0.003447,0.020495,0.266768,-0.066656,0.304552,3.385522,-0.030324,4.043285,0.599657,-4.549696,0.031589,0.027453,-0.511204,-0.023169,0.000000,300,298,298.000000,0.149469,0.971626,1
3.573008,3.628369,0.050723,0.885740,-0.010505,0.131557,0.002265,0.002323,0.003162,0.009650,0.262520,-0.079493,0.302067,3.362389,-0.018423,4.022255,0.554260,-4.492652,0.016485,0.002745,-0.519521,0.012317,-0.000000,300,297,297.000000,0.141261,0.970631,1
3.624131,3.679894,0.051525,0.877139,-0.039810,0.134222,0.002098,0.002142,0.002923,0.000787,0.259134,-0.093453,0.300025,3.369914,0.026403,4.033444,0.503232,-4.508669,-0.028574,0.020551,-0.456428,0.000550,-0.000000,300,297,297.000000,0.132627,0.972887,1
3.674884,3.729874,0.049980,0.864432,-0.079629,0.130972,0.002205,0.002251,0.003063,-0.010639,0.254137,-0.102489,0.296887,3.395873,-0.008923,4.065497,0.504672,-4.546925,0.008367,-0.000079,-0.490638,0.005209,-0.000000,300,296,296.000000,0.133946,0.969276,1
3.724719,3.779563,0.049689,0.852554,-0.107716,0.130476,0.002133,0.002175,0.002984,-0.018997,0.249094,-0.111997,0.293936,3.413957,-0.001446,4.074081,0.487438,-4.560805,0.001187,0.013675,-0.468299,-0.009362,-0.000000,300,296,296.000000,0.128173,0.970719,1
3.774559,3.829554,0.049991,0.840137,-0.136713,0.129135,0.001859,0.001890,0.002569,-0.028035,0.246847,-0.124087,0.291496,3.405368,-0.003626,4.057479,0.454977,-4.596090,0.005252,-0.007728,-0.449886,-0.003971,0.000000,300,297,297.000000,0.112829,0.977555,1
3.826046,3.882537,0.052983,0.819619,-0.180248,0.128003,0.001986,0.002009,0.002732,-0.041584,0.240598,-0.134847,0.286638,3.417095,-0.028097,4.081958,0.385059,-4.617304,0.030624,0.004708,-0.384089,-0.027001,0.000000,300,298,298.000000,0.127556,0.977430,1
3.875985,3.929433,0.046896,0.809973,-0.203419,0.128453,0.001748,0.001766,0.002408,-0.048610,0.235334,-0.146114,0.286799,3.440473,-0.010511,4.089198,0.361184,-4.668777,0.016416,-0.015478,-0.324849,-0.037294,-0.000000,300,297,297.000000,0.098551,0.980477,1
3.924755,3.980078,0.050645,0.786394,-0.231595,0.126549,0.001613,0.001626,0.002231,-0.058011,0.230817,-0.157370,0.281791,3.419210,-0.039934,4.070121,0.314945,-4.618291,0.044724,0.012855,-0.264028,-0.054700,-0.000000,300,295,295.000000,0.098473,0.973890,1
3.975132,4.030187,0.050109,0.781411,-0.282132,0.123067,0.001682,0.001697,0.002324,-0.071271,0.228083,-0.167111,0.278085,3.447754,-0.065159,4.090904,0.336147,-4.675559,0.071794,-0.016678,-0.271547,-0.044970,0.000000,300,296,296.000000,0.100937,0.976716,1
4.025812,4.081438,0.051251,0.761348,-0.299247,0.118442,0.001375,0.001381,0.001897,-0.079357,0.225168,-0.180499,0.275787,3.413909,-0.027388,4.072837,0.252264,-4.606049,0.031551,-0.005356,-0.245155,-0.049725,0.000000,300,297,297.000000,0.085337,0.982843,1
4.075837,4.130236,0.048798,0.741408,-0.330310,0.118366,0.001290,0.001295,0.001776,-0.087977,0.216347,-0.194061,0.272999,3.445771,-0.008858,4.080505,0.226437,-4.686438,0.010909,0.013270,-0.234782,-0.046821,-0.000000,300,298,298.000000,0.075648,0.987681,1
4.124871,4.179505,0.049269,0.719461,-0.357716,0.110173,0.001325,0.001335,0.001826,-0.097007,0.214141,-0.200529,0.268554,3.375400,-0.036352,4.026099,0.311200,-4.560025,0.041056,0.015235,-0.310385,-0.066082,-0.000000,300,300,300.000000,0.080383,0.993580,1
4.175005,4.230506,0.051001,0.710786,-0.395667,0.105483,0.001385,0.001393,0.001888,-0.107064,0.209402,-0.211013,0.262996,3.429791,-0.028409,4.088762,0.279543,-4.678050,0.033493,-0.007493,-0.251139,-0.050569,0.000000,300,296,296.000000,0.085019,0.979586,1
4.225774,4.281043,0.050537,0.693709,-0.419339,0.100895,0.001208,0.001214,0.001667,-0.114593,0.204005,-0.220203,0.259293,3.427550,0.014081,4.064717,0.241264,-4.648400,-0.009565,-0.024852,-0.254152,-0.040645,0.000000,300,298,298.000000,0.073786,0.987955,1
4.274586,4.328129,0.047086,0.676318,-0.464576,0.099504,0.001370,0.001376,0.001912,-0.127110,0.197894,-0.227693,0.254977,3.462908,-0.023845,4.091990,0.221763,-4.666979,0.027816,-0.035193,-0.290456,-0.031404,0.000000,300,296,296.000000,0.076932,0.980861,1
4.323662,4.379196,0.051067,0.658928,-0.485905,0.092115,0.001277,0.001280,0.001768,-0.135828,0.192776,-0.236034,0.252012,3.470012,-0.053565,4.098348,0.180702,-4.705866,0.057574,-0.077474,-0.302636,0.019026,0.000000,300,293,293.000000,0.077197,0.970881,1
4.374094,4.428993,0.049797,0.640800,-0.513831,0.086438,0.001324,0.001327,0.001880,-0.144532,0.189187,-0.242369,0.247647,3.437802,-0.049729,4.060250,0.164201,-4.575609,0.053055,-0.087628,-0.278743,0.044242,-0.000000,300,296,296.000000,0.079175,0.980520,1
4.425598,4.482203,0.053210,0.618322,-0.540980,0.082951,0.001219,0.001222,0.001705,-0.153240,0.181942,-0.255634,0.242695,3.457146,-0.045861,4.088061,0.174853,-4.650286,0.050215,-0.077749,-0.274283,0.007459,0.000000,300,298,298.000000,0.077739,0.987366,1
4.476161,4.530119,0.047916,0.608945,-0.577358,0.080091,0.001329,0.001329,0.001869,-0.162656,0.178055,-0.262341,0.237527,3.480799,-0.071903,4.125563,0.071254,-4.654531,0.074207,-0.069214,-0.156816,-0.020278,0.000000,300,298,298.000000,0.075787,0.987661,1
4.524906,4.579693,0.049574,0.586826,-0.611814,0.075824,0.001564,0.001564,0.002172,-0.172707,0.170904,-0.272055,0.232225,3.490550,-0.043350,4.123210,0.023239,-4.728494,0.043554,-0.044611,-0.086711,-0.000702,-0.000000,300,296,296.000000,0.091739,0.978432,1
4.575175,4.630658,0.050965,0.570693,-0.635832,0.070167,0.001609,0.001610,0.002234,-0.179396,0.166599,-0.277606,0.227527,3.487517,-0.018972,4.116545,0.071492,-4.726871,0.019968,-0.071764,-0.114026,0.036122,0.000000,300,297,297.000000,0.097260,0.980723,1
4.625482,4.680306,0.049648,0.548283,-0.666208,0.059841,0.001473,0.001473,0.002028,-0.188534,0.159934,-0.286166,0.223385,3.492946,-0.013793,4.126318,0.005594,-4.762534,0.014601,-0.076854,-0.099517,0.023175,0.000000,300,299,299.000000,0.086877,0.989201,1
4.675875,4.731444,0.051138,0.527560,-0.703353,0.055476,0.001751,0.001751,0.002442,-0.198159,0.154187,-0.292907,0.217829,3.496383,-0.060720,4.118453,0.001130,-4.731714,0.061336,-0.090845,-0.053845,0.091948,0.000000,300,296,296.000000,0.105733,0.975758,1
4.724321,4.777198,0.045754,0.517824,-0.737141,0.046489,0.001593,0.001594,0.002218,-0.204753,0.148624,-0.302458,0.215311,3.552088,-0.039347,4.194957,-0.101160,-4.806064,0.040725,-0.089320,-0.031624,0.086091,-0.000000,300,295,295.000000,0.084582,0.976348,1
4.773983,4.830768,0.053570,0.486878,-0.755586,0.040062,0.001485,0.001486,0.002092,-0.211207,0.139921,-0.308048,0.208413,3.538178,0.000925,4.188631,-0.112184,-4.732883,0.000177,-0.108958,0.010564,0.090320,0.000000,300,296,296.000000,0.092815,0.978239,1
4.825369,4.879971,0.049203,0.471397,-0.788862,0.029664,0.001769,0.001769,0.002479,-0.222303,0.136809,-0.312745,0.204383,3.515195,-0.007117,4.155354,-0.092832,-4.727157,0.008062,-0.120366,-0.020978,0.069906,0.000000,300,297,297.000000,0.102358,0.979735,1
4.874566,4.929161,0.049190,0.444779,-0.805321,0.019411,0.001765,0.001767,0.002468,-0.230735,0.130901,-0.319260,0.198984,3.460266,-0.011308,4.094389,-0.158161,-4.660746,0.015840,-0.153731,-0.002704,0.147378,-0.000000,300,298,298.000000,0.103867,0.982731,1
4.924351,4.979541,0.050380,0.431859,-0.824703,0.015281,0.001672,0.001677,0.002359,-0.233556,0.125060,-0.324216,0.194544,3.509110,-0.025682,4.176629,-0.262597,-4.664179,0.032513,-0.220601,0.151625,0.239788,-0.000000,300,294,294.000000,0.098555,0.970573,1
4.974277,5.029014,0.049473,0.420345,-0.856554,0.010253,0.001704,0.001713,0.002404,-0.242426,0.120617,-0.330940,0.189401,3.517324,-0.025779,4.163312,-0.296493,-4.700828,0.031132,-0.180576,0.199803,0.201495,-0.000000,300,298,298.000000,0.099137,0.983666,1
5.024946,5.080878,0.051864,0.393217,-0.888965,-0.000257,0.001800,0.001808,0.002506,-0.250670,0.111890,-0.336576,0.183772,3.545874,0.019958,4.248248,-0.298229,-4.729296,-0.015280,-0.227544,0.230574,0.242886,0.000000,300,297,297.000000,0.108639,0.978452,1
5.075352,5.129825,0.048947,0.365505,-0.916914,-0.009508,0.001964,0.001979,0.002705,-0.258028,0.103677,-0.341253,0.178386,3.542294,0.023262,4.237420,-0.355637,-4.779556,-0.015715,-0.205857,0.226937,0.224621,0.000000,300,299,299.000000,0.112414,0.984229,1
5.125084,5.180343,0.050518,0.342689,-0.930338,-0.016036,0.002064,0.002084,0.002848,-0.264283,0.097255,-0.348375,0.173173,3.518379,-0.005166,4.211266,-0.385232,-4.739096,0.013400,-0.200463,0.265382,0.228855,0.000000,300,297,297.000000,0.122383,0.975391,1
5.174838,5.229334,0.048991,0.328817,-0.949862,-0.024533,0.002083,0.002106,0.002921,-0.267631,0.092402,-0.350844,0.166886,3.522938,-0.002484,4.203041,-0.416854,-4.699903,0.013153,-0.236722,0.276677,0.264095,-0.000000,300,296,296.000000,0.119281,0.972825,1
5.224552,5.279771,0.050437,0.306874,-0.984583,-0.032612,0.002252,0.002274,0.003153,-0.274285,0.085221,-0.355548,0.161106,3.556535,0.041319,4.248463,-0.403409,-4.747300,-0.035359,-0.242473,0.246069,0.219948,0.000000,300,297,297.000000,0.131716,0.973117,1
5.274695,5.329620,0.049849,0.277156,-0.992621,-0.038494,0.002387,0.002433,0.003400,-0.280103,0.077595,-0.359437,0.155259,3.503612,0.023385,4.173418,-0.522141,-4.625928,-0.010785,-0.250544,0.399589,0.288027,0.000000,300,299,299.000000,0.140489,0.977376,1
5.325214,5.380808,0.051188,0.254924,-1.018867,-0.047825,0.002432,0.002499,0.003482,-0.285431,0.070711,-0.362263,0.150686,3.517419,0.018685,4.208854,-0.608439,-4.616575,-0.014551,-0.231710,0.469599,0.214141,-0.000000,300,297,297.000000,0.145963,0.969348,1
5.375135,5.429463,0.048655,0.251039,-1.054986,-0.054789,0.002915,0.002978,0.004143,-0.290901,0.068511,-0.365831,0.144478,3.561524,0.003976,4.259581,-0.568754,-4.693970,0.001282,-0.269039,0.443231,0.253622,0.000000,300,299,299.000000,0.164630,0.970367,1
5.425230,5.480997,0.051534,0.216315,-1.069462,-0.061566,0.002776,0.002843,0.003976,-0.296386,0.058665,-0.367692,0.138172,3.553661,0.017382,4.233179,-0.591444,-4.670518,-0.013240,-0.279075,0.486837,0.263444,-0.000000,300,298,298.000000,0.166099,0.966664,1
5.474706,5.528415,0.047418,0.208597,-1.108889,-0.065340,0.002819,0.002888,0.004092,-0.301484,0.055331,-0.370845,0.131695,3.607201,-0.006328,4.286997,-0.577463,-4.707313,0.001595,-0.220198,0.495615,0.166507,0.000000,300,299,299.000000,0.153444,0.973740,1
5.524659,5.580903,0.052488,0.183670,-1.127222,-0.081225,0.003134,0.003202,0.004533,-0.305207,0.048190,-0.368545,0.124481,3.614055,-0.000957,4.289650,-0.575531,-4.727579,0.008049,-0.289423,0.467736,0.289117,0.000000,300,296,296.000000,0.187080,0.953302,1
5.575710,5.630516,0.049613,0.162360,-1.145938,-0.082782,0.002942,0.003040,0.004331,-0.310816,0.042828,-0.370518,0.119197,3.601902,-0.018897,4.267444,-0.674381,-4.663098,0.021212,-0.275070,0.580878,0.256231,0.000000,300,297,297.000000,0.166892,0.963173,1
5.624695,5.678874,0.048358,0.142743,-1.157837,-0.088969,0.003169,0.003260,0.004649,-0.314650,0.037710,-0.373471,0.113226,3.592730,-0.024612,4.271020,-0.621012,-4.640418,0.021230,-0.245297,0.588666,0.215557,0.000000,300,299,299.000000,0.176464,0.966568,1
5.674287,5.729700,0.050826,0.118863,-1.186005,-0.091881,0.003288,0.003401,0.004859,-0.319228,0.030170,-0.372332,0.106688,3.606446,-0.033102,4.293112,-0.684438,-4.621622,0.024572,-0.278861,0.675560,0.230945,-0.000000,300,298,298.000000,0.191155,0.958316,1
5.725265,5.780830,0.051130,0.099531,-1.208257,-0.100731,0.003409,0.003531,0.005019,-0.323434,0.024957,-0.371990,0.101012,3.624910,-0.042761,4.310196,-0.713432,-4.655384,0.035976,-0.306164,0.717247,0.273060,0.000000,300,297,297.000000,0.197796,0.952726,1
5.775678,5.830526,0.049696,0.083541,-1.210183,-0.109079,0.003483,0.003598,0.005119,-0.325425,0.020417,-0.373364,0.094354,3.605451,-0.046347,4.282403,-0.702465,-4.639344,0.043106,-0.349750,0.677924,0.322644,-0.000000,300,299,299.000000,0.197729,0.959166,1
5.826187,5.881848,0.051322,0.057514,-1.235195,-0.115240,0.003697,0.003813,0.005421,-0.332387,0.013361,-0.374270,0.086868,3.594052,-0.042440,4.270367,-0.668802,-4.643964,0.040254,-0.300803,0.615960,0.269239,-0.000000,300,299,299.000000,0.217926,0.951479,1
5.874983,5.928118,0.046270,0.033298,-1.250969,-0.122614,0.004028,0.004187,0.005944,-0.334743,0.007364,-0.377453,0.080689,3.618036,-0.036753,4.278460,-0.738296,-4.673989,0.042971,-0.292192,0.679724,0.303449,0.000000,300,298,298.000000,0.212355,0.950472,1
5.924041,5.979964,0.051846,0.028599,-1.262720,-0.127544,0.003991,0.004139,0.005812,-0.336549,0.004798,-0.374062,0.074069,3.617813,-0.024930,4.283900,-0.750211,-4.712670,0.033803,-0.361237,0.646487,0.360996,0.000000,300,298,298.000000,0.235114,0.941299,1
5.974795,6.029626,0.049662,-0.004731,-1.292657,-0.131021,0.004256,0.004425,0.006256,-0.341600,-0.004686,-0.376367,0.067337,3.640639,-0.030690,4.311875,-0.763141,-4.703068,0.040826,-0.344879,0.694380,0.366666,-0.000000,300,297,297.000000,0.238427,0.936748,1
6.024883,6.080141,0.050515,-0.024410,-1.303362,-0.135792,0.004251,0.004420,0.006255,-0.344186,-0.010187,-0.374408,0.061067,3.650845,-0.007504,4.330786,-0.777313,-4.696251,0.015861,-0.373783,0.732087,0.394193,0.000000,300,298,298.000000,0.241601,0.938549,1
6.074793,6.129445,0.049304,-0.046657,-1.315226,-0.142651,0.004467,0.004628,0.006505,-0.348860,-0.015607,-0.376401,0.053619,3.643473,-0.041552,4.316048,-0.734507,-4.734058,0.052781,-0.331710,0.685381,0.368570,-0.000000,300,300,300.000000,0.249655,0.941329,1
6.125478,6.181512,0.052067,-0.063734,-1.333625,-0.150208,0.004569,0.004724,0.006685,-0.350276,-0.020352,-0.371646,0.046879,3.668782,-0.032939,4.335204,-0.726796,-4.761042,0.048866,-0.356387,0.651845,0.405185,-0.000000,300,300,300.000000,0.267498,0.933223,1
6.175525,6.229539,0.048027,-0.079830,-1.334373,-0.154354,0.004828,0.004992,0.007083,-0.352156,-0.025736,-0.373095,0.041123,3.649340,-0.063288,4.288687,-0.748735,-4.733326,0.085588,-0.414513,0.689438,0.494337,-0.000000,300,297,297.000000,0.259955,0.927334,1
6.223862,6.278186,0.048647,-0.100212,-1.362014,-0.150111,0.004675,0.004888,0.006896,-0.355808,-0.030748,-0.370782,0.035613,3.664955,-0.055424,4.339432,-0.842138,-4.701058,0.062884,-0.413297,0.821356,0.436796,-0.000000,300,299,299.000000,0.254740,0.935932,1
6.274688,6.331190,0.053004,-0.119778,-1.384354,-0.159349,0.005012,0.005218,0.007382,-0.358932,-0.034703,-0.369743,0.028152,3.690240,-0.047288,4.361494,-0.790346,-4.758171,0.053204,-0.363263,0.762407,0.379814,-0.000000,300,299,299.000000,0.296416,0.916170,1
6.326197,6.381203,0.050013,-0.136136,-1.376550,-0.165978,0.004822,0.005006,0.007155,-0.359852,-0.041120,-0.367991,0.020740,3.654526,-0.017142,4.308091,-0.781406,-4.682133,0.025314,-0.421372,0.769813,0.454085,0.000000,300,296,296.000000,0.269344,0.919929,1
6.375783,6.430363,0.049160,-0.162542,-1.392555,-0.153376,0.005084,0.005424,0.007612,-0.361997,-0.046397,-0.366532,0.018936,3.673764,-0.083199,4.356647,-0.973431,-4.631826,0.079100,-0.391554,1.067058,0.408933,-0.000000,300,297,297.000000,0.278657,0.918666,1
6.424732,6.479101,0.048738,-0.170526,-1.396425,-0.159674,0.005090,0.005345,0.007579,-0.366527,-0.049538,-0.366259,0.008462,3.652581,-0.074665,4.302524,-0.877038,-4.642648,0.081102,-0.440663,0.956003,0.502645,0.000000,300,299,299.000000,0.278271,0.925037,1
6.474322,6.529543,0.050442,-0.202870,-1.413075,-0.164139,0.004980,0.005255,0.007368,-0.366542,-0.057653,-0.364588,0.003531,3.693932,-0.096608,4.356526,-0.923156,-4.715247,0.089617,-0.428661,1.017845,0.439527,-0.000000,300,298,298.000000,0.278479,0.921844,1
6.525332,6.581122,0.051579,-0.215991,-1.421344,-0.166183,0.005028,0.005286,0.007443,-0.367741,-0.060541,-0.362344,-0.005130,3.695147,-0.076259,4.368073,-0.880914,-4.719086,0.073130,-0.396346,0.945965,0.408796,-0.000000,300,299,299.000000,0.288440,0.920115,1
6.575796,6.630470,0.049348,-0.238390,-1.443469,-0.164145,0.005313,0.005620,0.007865,-0.373346,-0.066990,-0.361496,-0.009670,3.692835,-0.082349,4.365816,-0.932101,-4.711918,0.078341,-0.407014,1.002017,0.417911,0.000000,300,300,300.000000,0.292093,0.921388,1
6.625821,6.681172,0.050702,-0.259963,-1.443979,-0.163900,0.005434,0.005764,0.008010,-0.375245,-0.072772,-0.358356,-0.016725,3.676435,-0.038984,4.371622,-0.933379,-4.683773,0.026292,-0.357721,1.032786,0.340503,0.000000,300,298,298.000000,0.308133,0.907198,1
6.675722,6.730272,0.049100,-0.273511,-1.451166,-0.162659,0.005449,0.005743,0.008114,-0.378010,-0.076715,-0.356104,-0.024743,3.683709,-0.062874,4.360528,-0.901972,-4.671795,0.059418,-0.418464,0.975248,0.434284,-0.000000,300,298,298.000000,0.297558,0.912537,1
6.724405,6.778537,0.048265,-0.290481,-1.469285,-0.170175,0.005579,0.005827,0.008236,-0.377219,-0.080376,-0.355994,-0.031987,3.734651,-0.059793,4.416118,-0.842887,-4.788497,0.058407,-0.406925,0.860091,0.408072,0.000000,300,300,300.000000,0.296692,0.919096,1
6.773191,6.827844,0.049307,-0.304791,-1.463907,-0.158517,0.005712,0.006039,0.008502,-0.380194,-0.084586,-0.352091,-0.036806,3.685690,-0.071469,4.378619,-0.914866,-4.674208,0.057603,-0.387327,0.972117,0.352572,-0.000000,300,299,299.000000,0.314153,0.907139,1
6.823932,6.880020,0.052176,-0.327181,-1.474167,-0.161488,0.006007,0.006296,0.008839,-0.381323,-0.091130,-0.349881,-0.042671,3.694243,-0.058017,4.369744,-0.896894,-4.727445,0.052361,-0.480084,0.931896,0.473573,-0.000000,300,300,300.000000,0.347482,0.892264,1
6.875540,6.931061,0.051041,-0.339933,-1.477459,-0.160213,0.005791,0.006052,0.008529,-0.383818,-0.093323,-0.349776,-0.049531,3.701947,-0.063665,4.383961,-0.847752,-4.736412,0.060063,-0.420127,0.902062,0.428109,-0.000000,300,299,299.000000,0.327734,0.899998,1
6.925149,6.979237,0.048176,-0.368186,-1.494070,-0.160375,0.005693,0.005956,0.008431,-0.385788,-0.100016,-0.345981,-0.055128,3.728718,-0.076870,4.398124,-0.858284,-4.779186,0.078261,-0.418309,0.869223,0.429047,0.000000,300,300,300.000000,0.302455,0.916188,1
6.974996,7.030754,0.051517,-0.377392,-1.491751,-0.159154,0.005911,0.006166,0.008788,-0.383990,-0.102966,-0.343335,-0.061204,3.728694,-0.077595,4.379030,-0.864871,-4.768441,0.082248,-0.492272,0.872033,0.515994,0.000000,300,300,300.000000,0.334194,0.899535,1
7.025334,7.079913,0.049159,-0.394979,-1.500311,-0.158191,0.006155,0.006363,0.008856,-0.386772,-0.107827,-0.342948,-0.068915,3.733040,-0.063080,4.431772,-0.792620,-4.859700,0.063681,-0.457754,0.766785,0.447295,0.000000,300,300,300.000000,0.332759,0.900310,1
7.074595,7.129277,0.049364,-0.413955,-1.502438,-0.150484,0.006519,0.006807,0.009534,-0.389848,-0.113501,-0.338750,-0.074303,3.712818,-0.071635,4.385293,-0.864904,-4.794114,0.081684,-0.458962,0.838662,0.489692,0.000000,300,299,299.000000,0.355008,0.885115,1
7.124219,7.179162,0.049885,-0.423717,-1.488269,-0.152856,0.006082,0.006313,0.008878,-0.389755,-0.118618,-0.334145,-0.081943,3.675024,-0.041317,4.310247,-0.842462,-4.774507,0.058801,-0.518189,0.777748,0.558495,-0.000000,300,296,296.000000,0.334923,0.887152,1
7.175692,7.232222,0.053060,-0.448154,-1.503568,-0.147527,0.006291,0.006542,0.009025,-0.392078,-0.124359,-0.333630,-0.089297,3.699804,-0.064101,4.375788,-0.846872,-4.846579,0.080671,-0.468970,0.774415,0.505512,0.000000,300,298,298.000000,0.368831,0.874385,1
7.225440,7.278657,0.046435,-0.473458,-1.507449,-0.144260,0.006148,0.006358,0.008924,-0.392182,-0.131432,-0.328811,-0.096239,3.711570,-0.069506,4.367104,-0.812748,-4.831603,0.085918,-0.503633,0.748490,0.542715,0.000000,300,299,299.000000,0.314148,0.907142,1
7.274352,7.330048,0.051391,-0.488150,-1.510081,-0.140813,0.006223,0.006433,0.008966,-0.392256,-0.134857,-0.328903,-0.102021,3.722945,-0.055042,4.387877,-0.801303,-4.873674,0.067703,-0.480085,0.733566,0.502553,-0.000000,300,300,300.000000,0.352111,0.889694,1
7.323527,7.377006,0.046958,-0.503396,-1.515215,-0.136258,0.006292,0.006511,0.009094,-0.390553,-0.138372,-0.323675,-0.107715,3.735267,-0.054527,4.394281,-0.802922,-4.886024,0.069001,-0.464820,0.748092,0.503826,-0.000000,300,297,297.000000,0.322933,0.896507,1
7.373787,7.430568,0.053562,-0.512841,-1.501983,-0.128528,0.006116,0.006296,0.008811,-0.394465,-0.141248,-0.323169,-0.113270,3.699809,-0.061741,4.358078,-0.749782,-4.858870,0.073983,-0.459493,0.647135,0.463843,-0.000000,300,298,298.000000,0.362121,0.878177,1
7.424732,7.478895,0.048327,-0.535411,-1.530469,-0.131182,0.006246,0.006405,0.008818,-0.395138,-0.146508,-0.317122,-0.119654,3.747589,-0.047277,4.420874,-0.726037,-4.987980,0.068369,-0.452636,0.613120,0.498883,-0.000000,300,300,300.000000,0.330926,0.901297,1
7.474785,7.530674,0.051779,-0.548091,-1.522930,-0.122588,0.005932,0.006063,0.008526,-0.394735,-0.149253,-0.314641,-0.126312,3.745650,-0.022926,4.396549,-0.696337,-4.934924,0.039880,-0.477313,0.593456,0.505374,-0.000000,300,297,297.000000,0.334574,0.890336,1
7.525925,7.581177,0.050503,-0.566998,-1.514386,-0.111611,0.006451,0.006636,0.009177,-0.395426,-0.155287,-0.311102,-0.131266,3.713808,-0.007739,4.399711,-0.725089,-4.907411,0.020740,-0.409532,0.618930,0.423480,0.000000,300,299,299.000000,0.360567,0.881999,1
7.576242,7.631308,0.050131,-0.585070,-1.504529,-0.110369,0.006331,0.006410,0.009001,-0.392852,-0.159808,-0.307714,-0.139225,3.728388,-0.013402,4.393661,-0.598842,-4.933547,0.023994,-0.481308,0.501247,0.476957,0.000000,300,296,296.000000,0.346681,0.880805,1
7.625001,7.678694,0.047386,-0.613718,-1.514414,-0.103148,0.006332,0.006429,0.009030,-0.392956,-0.165098,-0.307649,-0.144575,3.770819,-0.011673,4.451314,-0.597393,-4.982988,0.022682,-0.424852,0.495018,0.430106,0.000000,300,295,295.000000,0.324689,0.889554,1
7.674905,7.731117,0.052423,-0.616706,-1.504107,-0.097177,0.006439,0.006503,0.009141,-0.392822,-0.168442,-0.301521,-0.149940,3.742105,0.033218,4.415273,-0.610250,-4.940475,-0.019422,-0.531749,0.504705,0.533022,0.000000,300,295,295.000000,0.365543,0.867426,1
7.725156,7.779195,0.048078,-0.641440,-1.515818,-0.092002,0.006137,0.006205,0.008668,-0.394111,-0.173156,-0.300336,-0.155934,3.771700,0.032757,4.469048,-0.571827,-5.001883,-0.011326,-0.458804,0.410947,0.485144,-0.000000,300,299,299.000000,0.320802,0.903667,1
7.774212,7.829230,0.050035,-0.639361,-1.494928,-0.084475,0.005951,0.006003,0.008478,-0.393067,-0.175155,-0.295631,-0.162555,3.727300,0.036043,4.384569,-0.583587,-4.922279,-0.016494,-0.518300,0.465668,0.548527,0.000000,300,297,297.000000,0.325056,0.895392,1
7.824486,7.879742,0.050512,-0.647441,-1.483381,-0.075439,0.005978,0.006025,0.008581,-0.390770,-0.177423,-0.292151,-0.167566,3.725672,0.031927,4.373889,-0.588413,-4.898040,-0.008102,-0.538538,0.452813,0.576807,0.000000,300,296,296.000000,0.328672,0.890473,1
7.874125,7.928508,0.048766,-0.664931,-1.478267,-0.066068,0.005926,0.005990,0.008562,-0.391772,-0.182037,-0.288900,-0.174053,3.717110,0.024274,4.359210,-0.569338,-4.882010,-0.019285,-0.474883,0.490553,0.448664,-0.000000,300,293,293.000000,0.315006,0.888502,1
7.924374,7.980241,0.051733,-0.688852,-1.487560,-0.055567,0.005618,0.005684,0.008130,-0.390580,-0.185711,-0.285106,-0.179865,3.755980,0.018240,4.423922,-0.562998,-4.911007,-0.012446,-0.444616,0.494109,0.434984,-0.000000,300,296,296.000000,0.315767,0.897207,1
7.973740,8.027240,0.046999,-0.699777,-1.474780,-0.046394,0.005714,0.005762,0.008200,-0.390505,-0.189042,-0.282634,-0.184067,3.746287,0.053293,4.432967,-0.533566,-4.909263,-0.050521,-0.461830,0.456019,0.421439,-0.000000,300,296,296.000000,0.292304,0.909000,1
8.023589,8.079939,0.052699,-0.724352,-1.465913,-0.043099,0.005170,0.005194,0.007388,-0.386178,-0.194093,-0.277976,-0.190072,3.763961,0.028096,4.424195,-0.500920,-4.965769,-0.026377,-0.482048,0.459829,0.459525,0.000000,300,297,297.000000,0.295349,0.910570,1
8.075619,8.131298,0.051359,-0.741657,-1.466972,-0.032099,0.005020,0.005060,0.007088,-0.385170,-0.197050,-0.273613,-0.194282,3.783023,0.042221,4.450313,-0.538789,-5.037746,-0.037622,-0.470502,0.475246,0.453201,-0.000000,300,297,297.000000,0.278396,0.918790,1
8.125712,8.180125,0.048827,-0.757356,-1.462448,-0.024155,0.005106,0.005121,0.007263,-0.387140,-0.202543,-0.269459,-0.198723,3.760414,0.008211,4.417523,-0.475193,-4.991082,-0.004364,-0.480026,0.379822,0.424167,0.000000,300,297,297.000000,0.270550,0.922477,1
8.175373,8.230621,0.050496,-0.758570,-1.422951,-0.010948,0.004608,0.004626,0.006560,-0.381991,-0.204057,-0.267542,-0.203771,3.717691,-0.023898,4.396267,-0.436224,-4.906616,0.020503,-0.417061,0.402820,0.360017,0.000000,300,297,297.000000,0.256278,0.928985,1
8.224750,8.278880,0.048259,-0.767172,-1.427848,-0.004129,0.004902,0.004920,0.006843,-0.379797,-0.204012,-0.257546,-0.208643,3.750924,0.014364,4.450672,-0.470269,-5.005360,-0.019449,-0.459482,0.426997,0.381246,0.000000,300,296,296.000000,0.257378,0.925367,1
8.274892,8.330905,0.052025,-0.792351,-1.434479,0.004048,0.004741,0.004750,0.006733,-0.376811,-0.208141,-0.256008,-0.211392,3.794427,0.028422,4.478797,-0.438427,-5.014497,-0.028996,-0.455883,0.408899,0.423583,-0.000000,300,295,295.000000,0.264824,0.918890,1
8.324696,8.378487,0.047582,-0.802189,-1.405322,0.015293,0.004434,0.004442,0.006309,-0.373743,-0.212342,-0.250110,-0.216458,3.760330,0.000043,4.434127,-0.436980,-4.959932,0.000618,-0.459643,0.433903,0.462448,-0.000000,300,296,296.000000,0.228892,0.937547,1
8.374634,8.430780,0.052293,-0.807014,-1.401381,0.026724,0.004647,0.004647,0.006604,-0.372115,-0.213065,-0.247404,-0.219095,3.764413,-0.015330,4.442561,-0.399761,-4.971109,0.015285,-0.449450,0.384160,0.433437,-0.000000,300,296,296.000000,0.263502,0.922607,1
8.424639,8.478497,0.047717,-0.827177,-1.398303,0.033956,0.004675,0.004675,0.006634,-0.370974,-0.217923,-0.243441,-0.224313,3.772640,0.002200,4.474712,-0.352455,-4.977597,-0.001978,-0.402053,0.319340,0.371354,0.000000,300,299,299.000000,0.243246,0.940990,1
8.474639,8.530781,0.052284,-0.844498,-1.394574,0.044730,0.004537,0.004524,0.006362,-0.365677,-0.219389,-0.239588,-0.227507,3.808456,-0.045257,4.526743,-0.310154,-5.062829,0.043431,-0.424045,0.261812,0.343324,-0.000000,300,296,296.000000,0.254760,0.926532,1
8.525668,8.580555,0.049774,-0.847344,-1.364590,0.052416,0.004429,0.004414,0.006208,-0.361503,-0.222752,-0.234408,-0.231407,3.759551,-0.051401,4.454301,-0.241382,-5.016747,0.049527,-0.379669,0.216827,0.316935,0.000000,300,298,298.000000,0.241119,0.938756,1
8.575370,8.630185,0.049630,-0.850450,-1.343513,0.059474,0.004475,0.004458,0.006255,-0.355657,-0.223835,-0.228416,-0.234851,3.752154,-0.012684,4.462244,-0.271297,-4.994422,0.015128,-0.411338,0.222197,0.379750,-0.000000,300,293,293.000000,0.240968,0.923068,1
8.625304,8.680423,0.050238,-0.855499,-1.315021,0.064181,0.003989,0.003960,0.005623,-0.350076,-0.225414,-0.222838,-0.239547,3.737700,-0.029574,4.403659,-0.234540,-4.971365,0.030684,-0.447769,0.221710,0.443698,0.000000,300,297,297.000000,0.219250,0.944593,1
8.675797,8.731170,0.050747,-0.871449,-1.321191,0.073861,0.003941,0.003915,0.005602,-0.347405,-0.227622,-0.218316,-0.243646,3.778569,-0.008063,4.449612,-0.201204,-5.004597,0.006168,-0.417687,0.206902,0.392505,0.000000,300,295,295.000000,0.216104,0.939460,1
8.726135,8.781100,0.049930,-0.870862,-1.286002,0.080372,0.003508,0.003482,0.004980,-0.340312,-0.228557,-0.213772,-0.246943,3.742021,-0.032273,4.404919,-0.189921,-4.962201,0.032703,-0.421309,0.173504,0.397687,-0.000000,300,298,298.000000,0.192003,0.958016,1
8.775697,8.830295,0.049195,-0.887997,-1.279138,0.090213,0.003606,0.003573,0.005093,-0.337197,-0.231326,-0.207835,-0.249918,3.757536,-0.052012,4.446344,-0.179460,-4.974708,0.049518,-0.449932,0.180793,0.400693,-0.000000,300,298,298.000000,0.193367,0.957530,1
8.825084,8.879873,0.049578,-0.889450,-1.259680,0.095481,0.003113,0.003093,0.004479,-0.332571,-0.232377,-0.204868,-0.254668,3.752465,-0.005328,4.440577,-0.152319,-4.912590,0.002975,-0.383100,0.154279,0.329402,0.000000,300,297,297.000000,0.168739,0.962592,1
8.874299,8.928725,0.048852,-0.905480,-1.234856,0.100889,0.002952,0.002934,0.004230,-0.325248,-0.235552,-0.200985,-0.257323,3.754175,-0.009335,4.399641,-0.161955,-4.969486,0.004194,-0.384272,0.199392,0.342371,-0.000000,300,295,295.000000,0.157066,0.959659,1
8.924771,8.980817,0.052092,-0.908062,-1.223127,0.105322,0.002711,0.002698,0.003871,-0.321474,-0.236270,-0.195086,-0.262545,3.760262,0.024182,4.432000,-0.130878,-4.972663,-0.027830,-0.334594,0.165301,0.304629,0.000000,300,296,296.000000,0.154163,0.963762,1
8.976085,9.031354,0.050537,-0.929568,-1.215586,0.109168,0.002703,0.002690,0.003840,-0.317086,-0.240911,-0.191722,-0.266226,3.781019,0.033213,4.458741,-0.080496,-5.021828,-0.035741,-0.321657,0.098614,0.264026,-0.000000,300,296,296.000000,0.148415,0.965402,1
9.025309,9.079264,0.047910,-0.928166,-1.188458,0.113852,0.002591,0.002572,0.003679,-0.310883,-0.240995,-0.185712,-0.268791,3.765518,0.011542,4.444241,0.053751,-4.989684,-0.012888,-0.380291,-0.032957,0.346797,0.000000,300,296,296.000000,0.135078,0.968986,1
9.074936,9.130607,0.051343,-0.934297,-1.160231,0.117864,0.002507,0.002490,0.003539,-0.304443,-0.243077,-0.181258,-0.271538,3.740582,0.001682,4.415781,0.035188,-4.981413,-0.003435,-0.359602,-0.008472,0.310943,0.000000,300,298,298.000000,0.141606,0.973806,1
9.125322,9.180036,0.049429,-0.944178,-1.148581,0.120222,0.002486,0.002467,0.003536,-0.299016,-0.243374,-0.175040,-0.275432,3.778799,0.012821,4.446883,0.078019,-5.007317,-0.012089,-0.385525,-0.088800,0.396440,0.000000,300,296,296.000000,0.133193,0.969468,1
9.174394,9.228752,0.048716,-0.933999,-1.119076,0.122902,0.002429,0.002412,0.003446,-0.295580,-0.245092,-0.168575,-0.275975,3.709154,-0.008057,4.348549,0.115805,-4.945806,0.010149,-0.381995,-0.130870,0.358168,-0.000000,300,293,293.000000,0.130023,0.960430,1
9.225668,9.282583,0.053831,-0.948245,-1.114686,0.134178,0.002434,0.002417,0.003475,-0.288273,-0.243780,-0.164717,-0.277622,3.780932,0.002928,4.424387,0.079204,-5.026149,-0.005497,-0.371384,-0.048166,0.368062,0.000000,300,296,296.000000,0.142042,0.967154,1
9.277003,9.331423,0.048840,-0.954438,-1.087798,0.133693,0.002427,0.002413,0.003480,-0.282481,-0.247030,-0.158769,-0.281152,3.758885,-0.003818,4.384606,0.159246,-4.998959,0.003180,-0.376591,-0.127417,0.326380,0.000000,300,297,297.000000,0.129418,0.973692,1
9.325921,9.380420,0.048997,-0.950298,-1.053224,0.137659,0.002471,0.002450,0.003523,-0.275305,-0.247107,-0.153085,-0.282992,3.733911,-0.014906,4.380321,0.131294,-4.956812,0.011112,-0.413461,-0.070790,0.353863,-0.000000,300,296,296.000000,0.132571,0.969625,1
9.373849,9.427277,0.046857,-0.960399,-1.038509,0.138396,0.002547,0.002535,0.003612,-0.265917,-0.247248,-0.147667,-0.284857,3.791610,-0.004256,4.455147,0.231998,-5.045381,0.004324,-0.402832,-0.212942,0.372734,-0.000000,300,298,298.000000,0.129286,0.977003,1
9.423033,9.478789,0.051512,-0.974617,-1.032126,0.139656,0.002754,0.002746,0.003882,-0.261852,-0.249223,-0.143397,-0.285528,3.804573,0.005512,4.489497,0.268883,-5.072677,-0.007991,-0.386160,-0.207652,0.344683,0.000000,300,297,297.000000,0.153012,0.967352,1
9.474135,9.529481,0.050692,-0.967285,-0.993096,0.141912,0.002629,0.002628,0.003690,-0.253616,-0.249837,-0.139062,-0.288621,3.774987,0.015857,4.468985,0.271441,-5.044820,-0.019469,-0.326083,-0.192835,0.296376,-0.000000,300,300,300.000000,0.145975,0.979136,1
9.525153,9.580825,0.051344,-0.961473,-0.963257,0.141353,0.002716,0.002720,0.003853,-0.247216,-0.250980,-0.133674,-0.288932,3.738487,-0.020036,4.418920,0.298799,-4.963616,0.014061,-0.313761,-0.219348,0.318374,0.000000,300,298,298.000000,0.153771,0.970388,1
9.575491,9.630157,0.049332,-0.966918,-0.947994,0.141980,0.002630,0.002631,0.003714,-0.239370,-0.249397,-0.128434,-0.291493,3.781675,-0.004653,4.433992,0.325402,-5.064868,-0.005231,-0.371692,-0.234081,0.396276,0.000000,300,299,299.000000,0.141375,0.977137,1
9.624777,9.679396,0.049239,-0.965757,-0.917937,0.136658,0.002894,0.002907,0.004082,-0.232500,-0.250512,-0.123985,-0.293513,3.768453,0.044273,4.442895,0.391897,-5.030500,-0.048191,-0.352606,-0.335977,0.347101,0.000000,300,299,299.000000,0.155931,0.973008,1
9.674373,9.729350,0.049954,-0.972474,-0.892349,0.136335,0.002897,0.002917,0.004118,-0.224716,-0.251427,-0.119291,-0.295239,3.787930,0.049954,4.464967,0.427034,-5.029922,-0.051733,-0.337121,-0.377505,0.319607,0.000000,300,299,299.000000,0.157609,0.972509,1
9.723975,9.778600,0.049250,-0.964489,-0.868942,0.136231,0.003034,0.003063,0.004327,-0.218810,-0.249582,-0.115745,-0.296181,3.790201,0.056566,4.467372,0.461271,-5.023153,-0.056207,-0.328077,-0.419946,0.300212,-0.000000,300,299,299.000000,0.162692,0.970967,1
9.774890,9.831181,0.052581,-0.972655,-0.842247,0.131747,0.003478,0.003525,0.004953,-0.211661,-0.252582,-0.109133,-0.296390,3.777291,0.042994,4.459765,0.521250,-5.004572,-0.044311,-0.329506,-0.467918,0.310451,0.000000,300,297,297.000000,0.199106,0.952250,1
9.825535,9.879889,0.048708,-0.966384,-0.811159,0.128767,0.003188,0.003238,0.004503,-0.205021,-0.251866,-0.105025,-0.297814,3.763568,0.046996,4.453859,0.526706,-5.017539,-0.047860,-0.274601,-0.457250,0.251156,-0.000000,300,294,294.000000,0.169178,0.952732,1
9.875747,9.931605,0.051716,-0.968028,-0.784622,0.131115,0.003523,0.003596,0.005015,-0.195593,-0.252003,-0.101016,-0.298572,3.787360,0.025888,4.455230,0.588988,-5.044322,-0.030771,-0.272703,-0.530466,0.281972,-0.000000,300,296,296.000000,0.197937,0.949467,1
9.925855,9.980105,0.048500,-0.962203,-0.757237,0.123662,0.003515,0.003594,0.005033,-0.189122,-0.250267,-0.094784,-0.300532,3.778083,0.048828,4.453843,0.603234,-5.006371,-0.053010,-0.269026,-0.518798,0.264563,0.000000,300,294,294.000000,0.185067,0.947547,1
9.974939,10.029772,0.049667,-0.967840,-0.742926,0.122700,0.003362,0.003434,0.004813,-0.184531,-0.251095,-0.090620,-0.300718,3.796128,0.015184,4.482518,0.583108,-5.016102,-0.020187,-0.245148,-0.550225,0.266715,-0.000000,300,296,296.000000,0.181147,0.955318,1
10.024368,10.078963,0.049191,-0.968648,-0.704873,0.114632,0.003928,0.004031,0.005606,-0.174569,-0.251398,-0.084458,-0.301848,3.795246,0.031661,4.487823,0.642625,-5.020624,-0.035571,-0.247809,-0.612406,0.261597,-0.000000,300,299,299.000000,0.210713,0.954296,1
10.074351,10.129738,0.050775,-0.969708,-0.684205,0.108164,0.003982,0.004117,0.005722,-0.168560,-0.251541,-0.079928,-0.301725,3.799182,0.049489,4.496435,0.714403,-5.002776,-0.060514,-0.222871,-0.658558,0.267989,0.000000,300,298,298.000000,0.220034,0.947462,1
10.124361,10.178984,0.049246,-0.953941,-0.644896,0.105296,0.004065,0.004176,0.005924,-0.160638,-0.248713,-0.074786,-0.302008,3.770458,0.059542,4.431460,0.641583,-4.942642,-0.060350,-0.256160,-0.591154,0.244705,-0.000000,300,295,295.000000,0.218161,0.938659,1
10.174565,10.230145,0.051161,-0.943491,-0.624610,0.098394,0.004184,0.004340,0.006028,-0.153466,-0.246559,-0.069824,-0.301284,3.782262,0.072641,4.471372,0.729811,-4.981525,-0.075899,-0.147119,-0.680215,0.157401,0.000000,300,297,297.000000,0.233902,0.938647,1
10.225392,10.280638,0.050493,-0.947924,-0.585900,0.092375,0.004259,0.004400,0.006148,-0.145017,-0.248563,-0.064152,-0.301071,3.764136,0.027215,4.457739,0.701599,-4.933684,-0.028720,-0.236755,-0.668955,0.236139,0.000000,300,299,299.000000,0.236486,0.943879,1
10.275624,10.330610,0.049972,-0.938372,-0.546758,0.088187,0.004092,0.004242,0.005984,-0.135379,-0.246632,-0.060791,-0.302398,3.761029,0.038474,4.455499,0.709783,-4.890844,-0.036737,-0.152775,-0.666573,0.137313,0.000000,300,299,299.000000,0.225448,0.948460,1
10.325544,10.380477,0.049867,-0.938579,-0.525438,0.076144,0.004106,0.004305,0.005962,-0.129489,-0.246306,-0.055134,-0.301228,3.758948,0.036911,4.472751,0.822372,-4.888480,-0.028037,-0.145329,-0.812549,0.103627,-0.000000,300,299,299.000000,0.225874,0.948286,1
10.374752,10.429028,0.048551,-0.934117,-0.505995,0.069352,0.004263,0.004447,0.006186,-0.124482,-0.243965,-0.051868,-0.301605,3.788821,0.062708,4.533604,0.778882,-4.906886,-0.057939,-0.125961,-0.758190,0.100747,-0.000000,300,300,300.000000,0.227006,0.950994,1
10.423770,10.478513,0.049485,-0.936840,-0.459779,0.063995,0.004284,0.004538,0.006296,-0.112576,-0.243127,-0.047152,-0.299864,3.806046,0.047971,4.524120,0.911813,-4.922124,-0.046752,-0.159233,-0.849536,0.146684,-0.000000,300,299,299.000000,0.230940,0.946202,1
10.473990,10.529467,0.050954,-0.922377,-0.436098,0.055676,0.004537,0.004779,0.006668,-0.108363,-0.239049,-0.042698,-0.298988,3.798783,0.045684,4.516236,0.870763,-4.898874,-0.034900,-0.205062,-0.855205,0.155246,-0.000000,300,297,297.000000,0.251233,0.931223,1
10.524052,10.578638,0.049171,-0.922103,-0.407785,0.045176,0.004362,0.004584,0.006337,-0.101243,-0.238049,-0.038454,-0.298308,3.813230,0.073913,4.555279,0.866518,-4.940487,-0.068410,-0.231831,-0.824712,0.198841,0.000000,300,299,299.000000,0.232874,0.945397,1
10.574600,10.630562,0.051924,-0.907438,-0.368905,0.038746,0.004281,0.004528,0.006331,-0.093834,-0.240022,-0.034624,-0.297375,3.751930,0.060538,4.458114,0.883324,-4.812117,-0.048907,-0.174509,-0.910108,0.128882,0.000000,300,299,299.000000,0.245549,0.939991,1
10.624894,10.679227,0.048665,-0.922059,-0.354462,0.029961,0.004656,0.004897,0.006783,-0.089154,-0.238500,-0.031560,-0.296956,3.820127,0.048219,4.552344,0.859715,-4.954209,-0.042468,-0.138535,-0.825465,0.109452,0.000000,300,298,298.000000,0.245592,0.936828,1
10.674433,10.729639,0.050412,-0.910680,-0.318057,0.020849,0.004821,0.005085,0.006979,-0.081636,-0.238075,-0.026755,-0.296187,3.793758,0.051380,4.541365,0.886287,-4.931394,-0.029815,-0.164231,-0.820797,0.063481,0.000000,300,296,296.000000,0.264285,0.922250,1
10.725276,10.780912,0.051273,-0.900914,-0.304356,0.009897,0.005043,0.005331,0.007195,-0.077779,-0.232592,-0.022901,-0.294241,3.826221,0.038794,4.582801,0.921344,-5.029689,-0.031112,-0.112693,-0.834478,0.074883,-0.000000,300,298,298.000000,0.279903,0.921164,1
10.775050,10.829187,0.048275,-0.909327,-0.261763,0.003921,0.005143,0.005434,0.007348,-0.067453,-0.234468,-0.018894,-0.294062,3.826136,0.043757,4.589460,0.917321,-5.036061,-0.030231,-0.132150,-0.752971,0.061015,0.000000,300,299,299.000000,0.269140,0.929348,1
10.824381,10.879575,0.050388,-0.886985,-0.226450,-0.003606,0.004940,0.005207,0.007104,-0.059638,-0.231125,-0.016405,-0.291581,3.797501,-0.007912,4.571463,0.883681,-4.940571,0.032416,-0.132206,-0.798544,0.018982,0.000000,300,297,297.000000,0.270984,0.922275,1
10.874296,10.929018,0.049443,-0.882182,-0.188691,-0.012262,0.004609,0.004892,0.006671,-0.049685,-0.231772,-0.012713,-0.290316,3.788252,0.035574,4.544667,0.930558,-4.923682,-0.017744,-0.061187,-0.836025,-0.012532,0.000000,300,298,298.000000,0.249249,0.935232,1
10.925147,10.981275,0.052257,-0.872698,-0.157708,-0.021404,0.004873,0.005189,0.007072,-0.041348,-0.226851,-0.008832,-0.287070,3.816033,0.024462,4.589674,0.963563,-4.941967,-0.001207,-0.079065,-0.854648,-0.016321,-0.000000,300,298,298.000000,0.276440,0.922813,1
10.975229,11.029182,0.047907,-0.869492,-0.122393,-0.030963,0.004948,0.005239,0.007174,-0.032211,-0.229038,-0.005478,-0.287027,3.770600,0.029224,4.528449,0.905285,-4.888578,-0.012126,-0.034035,-0.811379,-0.035522,0.000000,300,295,295.000000,0.259125,0.921461,1
11.025131,11.081079,0.051897,-0.860126,-0.094213,-0.039820,0.005068,0.005432,0.007373,-0.025211,-0.223842,-0.001109,-0.282091,3.803852,0.031839,4.541208,1.009469,-4.953069,-0.009211,-0.015019,-0.893908,-0.066244,0.000000,300,294,294.000000,0.284502,0.906617,1
11.075735,11.130390,0.049311,-0.851098,-0.063249,-0.046453,0.005203,0.005531,0.007579,-0.017322,-0.222182,0.002637,-0.280818,3.799012,0.016965,4.521436,0.941657,-4.955571,0.001470,0.000798,-0.821772,-0.068702,-0.000000,300,298,298.000000,0.279762,0.921231,1
11.124847,11.179304,0.048914,-0.854642,-0.025152,-0.056797,0.004804,0.005120,0.006981,-0.008401,-0.224935,0.006660,-0.278656,3.790608,0.033650,4.544371,0.962061,-4.912004,-0.015349,-0.008196,-0.879012,-0.060302,0.000000,300,300,300.000000,0.257671,0.937740,1
11.174904,11.230503,0.051199,-0.841391,-0.001643,-0.065322,0.004574,0.004860,0.006668,-0.002312,-0.222039,0.010421,-0.275498,3.778026,0.016730,4.506470,0.931672,-4.913915,-0.010742,0.005227,-0.821019,-0.022948,0.000000,300,299,299.000000,0.257196,0.934828,1
11.225397,11.280292,0.049789,-0.837876,0.026687,-0.075398,0.004914,0.005249,0.007137,0.002873,-0.219642,0.014857,-0.271727,3.799672,0.026556,4.535291,0.984906,-4.958255,-0.020644,0.014788,-0.852330,-0.028875,-0.000000,300,298,298.000000,0.266688,0.927376,1
11.275175,11.330057,0.049765,-0.830694,0.067940,-0.086502,0.004850,0.005181,0.007124,0.012878,-0.217237,0.018130,-0.269705,3.809174,0.033712,4.524078,0.973807,-4.941725,-0.024247,-0.023369,-0.887063,-0.011285,0.000000,300,297,297.000000,0.262074,0.926374,1
11.324769,11.379480,0.049423,-0.818401,0.095644,-0.092945,0.004916,0.005197,0.007139,0.019957,-0.215472,0.021433,-0.265810,3.778989,0.024048,4.478306,0.902802,-4.954679,-0.017867,0.078352,-0.786219,-0.087650,0.000000,300,299,299.000000,0.266466,0.930591,1
11.375378,11.431276,0.051796,-0.804097,0.136186,-0.101162,0.004946,0.005290,0.007211,0.028506,-0.211060,0.025060,-0.262569,3.794713,0.053140,4.515234,0.994561,-4.953171,-0.048620,0.057791,-0.852743,-0.059663,0.000000,300,297,297.000000,0.278969,0.918518,1
11.425889,11.480502,0.049226,-0.799780,0.167988,-0.110960,0.004659,0.004938,0.006845,0.036071,-0.209010,0.028493,-0.258228,3.801610,0.031638,4.505261,0.923951,-4.939293,-0.027775,0.113187,-0.813361,-0.109551,-0.000000,300,299,299.000000,0.249855,0.938103,1
11.475444,11.530386,0.049884,-0.789672,0.193091,-0.122732,0.004617,0.004906,0.006728,0.041914,-0.206596,0.032934,-0.255470,3.804611,0.060093,4.510079,0.943194,-4.988734,-0.047699,0.050821,-0.777788,-0.083137,-0.000000,300,299,299.000000,0.251055,0.937573,1
11.524973,11.579559,0.049173,-0.773170,0.225630,-0.131216,0.004268,0.004527,0.006158,0.049165,-0.204323,0.036532,-0.251694,3.779249,0.059763,4.498412,0.934982,-4.977174,-0.057973,0.076504,-0.753736,-0.059218,0.000000,300,299,299.000000,0.230208,0.946506,1
11.574859,11.630159,0.050600,-0.763794,0.251851,-0.135855,0.004515,0.004770,0.006534,0.056670,-0.202757,0.041377,-0.249179,3.755012,0.028072,4.464099,0.895092,-4.934222,-0.026386,0.087507,-0.727641,-0.068854,0.000000,300,298,298.000000,0.251704,0.934150,1
11.625585,11.681011,0.050852,-0.763239,0.285171,-0.145123,0.004446,0.004696,0.006403,0.063085,-0.198888,0.044776,-0.244226,3.804448,0.019537,4.523351,0.923425,-5.008898,-0.014142,0.165257,-0.758068,-0.148938,0.000000,300,299,299.000000,0.245807,0.939878,1
11.674077,11.727143,0.046132,-0.754161,0.329209,-0.154160,0.004211,0.004461,0.006070,0.072651,-0.194169,0.049612,-0.240027,3.840075,0.035985,4.590988,0.943895,-5.044078,-0.035399,0.106651,-0.732101,-0.073883,0.000000,300,300,300.000000,0.209922,0.957793,1
11.723424,11.779704,0.052561,-0.745515,0.367207,-0.161876,0.004077,0.004337,0.005953,0.080841,-0.193547,0.053254,-0.238452,3.814008,0.024918,4.556591,0.959250,-4.954431,-0.028866,0.101218,-0.804869,-0.061184,0.000000,300,299,299.000000,0.232771,0.945440,1
11.775365,11.831025,0.051321,-0.735719,0.387202,-0.166523,0.004161,0.004404,0.006055,0.087245,-0.191192,0.059214,-0.233836,3.795398,0.020460,4.527482,0.921813,-4.938578,-0.022341,0.135782,-0.798928,-0.103272,0.000000,300,298,298.000000,0.232543,0.942374,1
11.825797,11.880569,0.049544,-0.722688,0.420052,-0.170111,0.003911,0.004108,0.005627,0.095597,-0.187310,0.063119,-0.230181,3.791456,0.019507,4.510891,0.872511,-4.985391,-0.005375,0.157979,-0.723315,-0.183826,0.000000,300,297,297.000000,0.210731,0.947906,1
11.874642,11.928715,0.048146,-0.720097,0.454252,-0.175162,0.003808,0.004016,0.005485,0.102974,-0.185930,0.067723,-0.226916,3.803496,0.003631,4.536084,0.905831,-4.997210,0.007816,0.148803,-0.722186,-0.156563,-0.000000,300,300,300.000000,0.199808,0.961609,1
11.924236,11.979756,0.051041,-0.705001,0.480351,-0.184079,0.003830,0.004039,0.005531,0.110553,-0.183500,0.073816,-0.222957,3.779328,0.004667,4.509074,0.890811,-4.950471,-0.001039,0.115202,-0.742178,-0.103033,0.000000,300,299,299.000000,0.214238,0.952929,1
11.974381,12.029005,0.049249,-0.694711,0.513088,-0.189607,0.003750,0.003938,0.005452,0.120679,-0.180514,0.081396,-0.219335,3.781205,0.025757,4.506832,0.846925,-4.925345,-0.022701,0.103696,-0.726567,-0.095499,0.000000,300,299,299.000000,0.202349,0.957463,1
12.024699,12.080393,0.051388,-0.692611,0.543649,-0.192427,0.003294,0.003451,0.004673,0.127103,-0.178620,0.084423,-0.215482,3.776289,0.012734,4.511034,0.859675,-5.027277,-0.005279,0.173778,-0.596057,-0.137906,0.000000,300,298,298.000000,0.185077,0.960435,1
12.075411,12.130428,0.050035,-0.679641,0.570068,-0.195272,0.003724,0.003862,0.005232,0.137719,-0.176918,0.092813,-0.211134,3.749374,0.010978,4.472069,0.766820,-5.016965,-0.009496,0.176529,-0.566117,-0.124484,0.000000,300,297,297.000000,0.204817,0.950141,1
12.125446,12.180464,0.050036,-0.662320,0.603622,-0.195686,0.003181,0.003319,0.004516,0.144180,-0.171974,0.095669,-0.208384,3.760789,0.005800,4.470214,0.825797,-5.008564,0.003454,0.188767,-0.618988,-0.171113,-0.000000,300,299,299.000000,0.174912,0.967080,1
12.175151,12.229837,0.049373,-0.658598,0.637483,-0.201748,0.003514,0.003668,0.004996,0.153801,-0.170404,0.102405,-0.204412,3.762245,0.021564,4.469121,0.823452,-5.015456,-0.013229,0.171308,-0.589384,-0.146483,-0.000000,300,297,297.000000,0.190041,0.955492,1
12.225411,12.280986,0.051149,-0.646127,0.674551,-0.206785,0.003535,0.003659,0.004930,0.162660,-0.165997,0.108695,-0.200001,3.789885,0.037321,4.516846,0.766741,-5.100983,-0.040096,0.194382,-0.566823,-0.116945,0.000000,300,300,300.000000,0.197500,0.962458,1
12.275699,12.330411,0.049425,-0.640906,0.705402,-0.207319,0.003504,0.003596,0.004878,0.173609,-0.164441,0.114790,-0.196854,3.760348,0.009893,4.489199,0.665229,-5.060083,-0.007331,0.180362,-0.446454,-0.119085,0.000000,300,300,300.000000,0.190738,0.964896,1
12.325634,12.380857,0.050446,-0.620361,0.728502,-0.207934,0.003432,0.003568,0.004884,0.178611,-0.159902,0.117467,-0.192305,3.729962,0.007948,4.436889,0.783296,-4.957458,-0.008004,0.190241,-0.574842,-0.126039,-0.000000,300,299,299.000000,0.191830,0.961292,1
12.376000,12.431142,0.050285,-0.620356,0.768163,-0.208429,0.003554,0.003644,0.004959,0.190373,-0.160064,0.127072,-0.188449,3.730778,0.020322,4.463269,0.644832,-4.999991,-0.028901,0.170262,-0.459099,-0.057185,0.000000,300,300,300.000000,0.198446,0.962111,1
12.424603,12.478063,0.046921,-0.604372,0.794570,-0.210247,0.003201,0.003292,0.004447,0.195147,-0.154336,0.129032,-0.184220,3.751321,-0.015966,4.497088,0.693438,-5.033742,0.009422,0.191179,-0.507412,-0.091077,-0.000000,300,299,299.000000,0.165469,0.970105,1
12.473435,12.528807,0.050744,-0.596949,0.828719,-0.211100,0.003222,0.003302,0.004518,0.206116,-0.153294,0.138303,-0.178713,3.745195,0.022392,4.481260,0.645132,-4.988964,-0.034023,0.197758,-0.509119,-0.078001,-0.000000,300,297,297.000000,0.179809,0.958994,1
12.524344,12.579880,0.051073,-0.583835,0.844276,-0.207988,0.003151,0.003210,0.004368,0.211809,-0.150974,0.143393,-0.175189,3.715061,-0.009521,4.443761,0.593491,-5.001441,0.007380,0.228921,-0.379702,-0.115045,-0.000000,300,300,300.000000,0.179085,0.968925,1
12.574677,12.629475,0.049595,-0.571729,0.882232,-0.210772,0.003196,0.003236,0.004438,0.224668,-0.146477,0.152139,-0.170477,3.729502,0.003824,4.446046,0.505826,-5.019943,-0.006157,0.219139,-0.324583,-0.105501,-0.000000,300,299,299.000000,0.175481,0.966893,1
12.625238,12.681001,0.051526,-0.566349,0.920313,-0.206766,0.003021,0.003094,0.004205,0.230042,-0.143061,0.154433,-0.166200,3.772488,-0.040914,4.493098,0.671919,-5.078678,0.032224,0.250075,-0.483153,-0.116982,-0.000000,300,297,297.000000,0.169602,0.962319,1
12.675366,12.729731,0.048730,-0.554855,0.954859,-0.208772,0.003156,0.003206,0.004347,0.240850,-0.139106,0.162684,-0.160197,3.777373,0.001294,4.508769,0.555893,-5.116913,-0.009821,0.213941,-0.363576,-0.064688,-0.000000,300,299,299.000000,0.168163,0.969257,1
12.725143,12.780555,0.050824,-0.539838,0.971681,-0.201957,0.003116,0.003152,0.004350,0.248564,-0.136602,0.169001,-0.155902,3.741865,0.010504,4.457736,0.530023,-5.016003,-0.011505,0.289823,-0.328343,-0.153448,-0.000000,300,296,296.000000,0.173353,0.957881,1
12.775492,12.830428,0.049873,-0.520788,0.994683,-0.195033,0.003157,0.003179,0.004372,0.258993,-0.131115,0.175846,-0.150887,3.711692,-0.007947,4.414840,0.489483,-5.000268,0.023197,0.322293,-0.273660,-0.273784,-0.000000,300,299,299.000000,0.174357,0.967262,1
12.825306,12.880184,0.049756,-0.519982,1.030681,-0.191688,0.003015,0.003016,0.004149,0.268935,-0.128530,0.182516,-0.146165,3.729666,0.019257,4.421582,0.410226,-5.055499,-0.005168,0.352670,-0.196979,-0.271441,-0.000000,300,299,299.000000,0.165060,0.970233,1
12.875162,12.930140,0.049956,-0.505619,1.050731,-0.184863,0.003008,0.003013,0.004200,0.274949,-0.125247,0.189761,-0.141683,3.726300,0.001308,4.404654,0.467452,-4.999096,0.012037,0.388432,-0.279510,-0.318536,0.000000,300,297,297.000000,0.164521,0.963910,1
12.923586,12.977031,0.046891,-0.507090,1.100606,-0.181211,0.003152,0.003154,0.004340,0.283293,-0.124238,0.195475,-0.138496,3.783739,-0.006276,4.476624,0.425686,-5.129884,0.019697,0.366165,-0.236933,-0.300927,-0.000000,300,300,300.000000,0.160521,0.974880,1
12.973687,13.030343,0.053312,-0.479998,1.123961,-0.175907,0.003086,0.003089,0.004251,0.290767,-0.118571,0.200204,-0.133425,3.741601,-0.012312,4.435507,0.399814,-5.072272,0.023701,0.326918,-0.192916,-0.238449,0.000000,300,297,297.000000,0.180082,0.958903,1
13.024979,13.079615,0.049272,-0.475129,1.132517,-0.171244,0.003193,0.003198,0.004409,0.296272,-0.118156,0.207748,-0.129761,3.717777,-0.009546,4.431160,0.389382,-5.007404,0.013427,0.307480,-0.225972,-0.194511,0.000000,300,298,298.000000,0.173751,0.964224,1
13.074156,13.128697,0.049082,-0.457503,1.166240,-0.160150,0.003295,0.003284,0.004541,0.309000,-0.113528,0.214484,-0.126216,3.693999,-0.019573,4.411441,0.323928,-4.963552,0.025662,0.340326,-0.184473,-0.241713,0.000000,300,299,299.000000,0.179766,0.965467,1
13.123696,13.178694,0.049997,-0.450208,1.185345,-0.152111,0.003280,0.003256,0.004486,0.314342,-0.112475,0.218291,-0.122104,3.694843,0.018942,4.381416,0.271791,-5.020919,-0.002212,0.374665,-0.065756,-0.280178,0.000000,300,298,298.000000,0.181612,0.961616,1
13.174138,13.229581,0.050887,-0.441636,1.232594,-0.147799,0.003394,0.003374,0.004682,0.323859,-0.109456,0.226935,-0.118509,3.746889,-0.003540,4.459189,0.247537,-5.042091,0.011128,0.335716,-0.111947,-0.239295,0.000000,300,298,298.000000,0.189023,0.959066,1
13.224610,13.279639,0.050058,-0.430629,1.247681,-0.136839,0.003310,0.003295,0.004602,0.330692,-0.108902,0.232511,-0.114067,3.703548,-0.018863,4.364485,0.294554,-5.001180,0.029037,0.337632,-0.123976,-0.241071,-0.000000,300,299,299.000000,0.183668,0.964142,1
13.273919,13.328199,0.048560,-0.426945,1.294405,-0.135146,0.003517,0.003502,0.004852,0.337434,-0.106135,0.239253,-0.110393,3.779134,0.041551,4.475592,0.321515,-5.110585,-0.030992,0.359018,-0.143376,-0.256514,-0.000000,300,300,300.000000,0.185777,0.966638,1
13.324412,13.380625,0.052426,-0.415744,1.305533,-0.117271,0.003804,0.003765,0.005174,0.346369,-0.104171,0.247448,-0.106896,3.728342,-0.019980,4.427061,0.199028,-5.069003,0.032999,0.388185,-0.055242,-0.315510,0.000000,300,298,298.000000,0.218742,0.947975,1
13.375178,13.429731,0.049106,-0.395772,1.326723,-0.110172,0.003878,0.003851,0.005282,0.352823,-0.100842,0.255715,-0.102429,3.717495,0.001356,4.423870,0.200943,-5.051320,0.004820,0.331509,-0.093081,-0.240989,0.000000,300,295,295.000000,0.209090,0.942144,1
13.424215,13.478699,0.048968,-0.382172,1.331382,-0.102002,0.004092,0.004037,0.005636,0.356579,-0.098692,0.263326,-0.098818,3.691697,-0.003483,4.364955,0.132643,-4.979046,0.021918,0.405790,0.029265,-0.362528,0.000000,300,298,298.000000,0.221596,0.946839,1
13.474312,13.529925,0.051226,-0.374212,1.374988,-0.095063,0.004027,0.003994,0.005542,0.366073,-0.095741,0.269941,-0.094212,3.704957,0.023099,4.413028,0.227122,-4.979262,-0.013510,0.364077,-0.115408,-0.316821,0.000000,300,300,300.000000,0.228702,0.950295,1
13.524749,13.579572,0.049647,-0.354832,1.394935,-0.079308,0.004131,0.004075,0.005699,0.373316,-0.091963,0.275856,-0.090276,3.704691,-0.016542,4.398054,0.147503,-4.969143,0.026696,0.413242,-0.051486,-0.366732,-0.000000,300,298,298.000000,0.225896,0.945105,1
13.574670,13.629769,0.050197,-0.354249,1.401011,-0.066161,0.004432,0.004369,0.006079,0.377918,-0.092294,0.282031,-0.086548,3.674525,-0.029347,4.383195,0.086618,-4.929286,0.037577,0.406463,-0.011867,-0.361706,0.000000,300,299,299.000000,0.247567,0.939109,1
13.625171,13.680573,0.050804,-0.345348,1.438975,-0.051612,0.004393,0.004338,0.006055,0.386431,-0.090589,0.289017,-0.082650,3.691447,-0.052322,4.395960,0.040141,-4.950673,0.057956,0.376677,0.016085,-0.297085,-0.000000,300,296,296.000000,0.246469,0.930162,1
13.675151,13.729729,0.049156,-0.335056,1.449261,-0.044960,0.004649,0.004581,0.006439,0.391144,-0.088269,0.294685,-0.077671,3.675496,-0.009046,4.374779,0.051756,-4.903272,0.017397,0.403919,0.021621,-0.353470,-0.000000,300,299,299.000000,0.254213,0.936167,1
13.724333,13.778936,0.049207,-0.324859,1.486019,-0.033778,0.004461,0.004403,0.006227,0.398752,-0.086099,0.302161,-0.073331,3.700545,-0.012661,4.404418,0.038387,-4.915675,0.021743,0.379488,0.046519,-0.305001,-0.000000,300,297,297.000000,0.242108,0.935183,1
13.773584,13.828231,0.049295,-0.306959,1.493663,-0.021497,0.004636,0.004539,0.006473,0.406310,-0.082329,0.307965,-0.070074,3.662330,-0.024280,4.347415,0.014870,-4.845380,0.029770,0.485160,0.024131,-0.433867,0.000000,300,294,294.000000,0.251405,0.921742,1
13.824072,13.879912,0.051681,-0.306424,1.538205,-0.009981,0.004831,0.004763,0.006708,0.412835,-0.081424,0.317775,-0.066400,3.708119,-0.013133,4.424299,0.066122,-4.926272,0.017743,0.400671,-0.022113,-0.359251,0.000000,300,296,296.000000,0.274033,0.917749,1
13.874364,13.928815,0.048903,-0.280203,1.544903,0.001839,0.005041,0.004972,0.006989,0.418866,-0.075429,0.323612,-0.062605,3.667030,-0.023741,4.382572,0.014444,-4.873203,0.029071,0.383814,0.032156,-0.337524,0.000000,300,300,300.000000,0.275649,0.929383,1
13.924870,13.980925,0.052110,-0.277871,1.552158,0.015687,0.005173,0.005086,0.007210,0.421246,-0.075251,0.332625,-0.059612,3.672182,-0.016771,4.368750,-0.050656,-4.865886,0.017843,0.433202,0.055976,-0.406282,-0.000000,300,296,296.000000,0.297973,0.906206,1
13.974540,14.028154,0.047229,-0.273610,1.585121,0.023626,0.005249,0.005168,0.007362,0.431363,-0.074427,0.337026,-0.055908,3.670038,0.028657,4.371917,-0.082778,-4.834585,-0.019336,0.416442,0.153929,-0.404103,0.000000,300,298,298.000000,0.275389,0.923311,1
14.024057,14.079959,0.051805,-0.266317,1.602447,0.037912,0.005053,0.005016,0.007171,0.436848,-0.073149,0.347557,-0.052853,3.665974,0.011259,4.368642,-0.221395,-4.797905,-0.005326,0.332483,0.288361,-0.349931,0.000000,300,298,298.000000,0.292585,0.915003,1
14.074365,14.128771,0.048812,-0.249103,1.603595,0.047531,0.005117,0.005050,0.007136,0.443624,-0.069863,0.353991,-0.049803,3.619632,0.007607,4.326580,-0.165442,-4.779449,0.003218,0.402037,0.237952,-0.363306,-0.000000,300,300,300.000000,0.282487,0.926098,1
14.124410,14.180050,0.051279,-0.243229,1.634905,0.062955,0.005317,0.005275,0.007505,0.445699,-0.067907,0.359746,-0.046366,3.667000,0.030969,4.359124,-0.304058,-4.821049,-0.018890,0.395912,0.372197,-0.350163,0.000000,300,300,300.000000,0.304473,0.915161,1
14.174755,14.229461,0.049411,-0.238337,1.651215,0.075182,0.005017,0.004964,0.007164,0.451612,-0.067301,0.367195,-0.043603,3.660438,0.028200,4.339327,-0.253837,-4.780327,-0.018712,0.401347,0.314471,-0.372338,-0.000000,300,299,299.000000,0.276658,0.925806,1
14.224715,14.279969,0.050508,-0.218643,1.684562,0.084054,0.005333,0.005296,0.007618,0.457095,-0.061545,0.372228,-0.040867,3.679206,0.058997,4.374133,-0.293110,-4.800192,-0.052392,0.372954,0.326909,-0.338806,-0.000000,300,296,296.000000,0.298206,0.906091,1
14.274243,14.328517,0.048548,-0.227947,1.703555,0.100454,0.005277,0.005239,0.007489,0.460683,-0.063285,0.380964,-0.038359,3.700560,0.024178,4.417856,-0.241594,-4.843656,-0.014642,0.345569,0.283838,-0.268668,-0.000000,300,300,300.000000,0.284451,0.925144,1
14.324832,14.381148,0.052631,-0.219885,1.721572,0.112721,0.005750,0.005733,0.008180,0.466130,-0.062107,0.383311,-0.034969,3.686069,0.035589,4.384335,-0.356109,-4.825461,-0.030509,0.359049,0.375088,-0.328270,-0.000000,300,300,300.000000,0.337002,0.898012,1
14.376687,14.432227,0.051079,-0.204808,1.730070,0.122440,0.006010,0.006006,0.008617,0.469078,-0.058232,0.393751,-0.032151,3.671076,0.038884,4.374472,-0.334643,-4.781680,-0.034809,0.297115,0.352032,-0.270451,0.000000,300,298,298.000000,0.343260,0.888629,1
14.426476,14.480726,0.048499,-0.198126,1.739081,0.133362,0.005993,0.005994,0.008623,0.472749,-0.057993,0.398629,-0.029859,3.652742,0.039850,4.354546,-0.398045,-4.733584,-0.035879,0.344096,0.411284,-0.320760,-0.000000,300,297,297.000000,0.325108,0.895364,1
14.474657,14.528588,0.047862,-0.187919,1.717414,0.142164,0.005623,0.005615,0.008078,0.473410,-0.056739,0.404578,-0.027014,3.584568,0.044393,4.260692,-0.395834,-4.657769,-0.039116,0.367600,0.416064,-0.341149,0.000000,300,298,298.000000,0.306685,0.907937,1
14.524669,14.580749,0.052161,-0.183547,1.763780,0.153894,0.005814,0.005823,0.008400,0.479862,-0.054990,0.412989,-0.024266,3.643448,0.037770,4.345822,-0.413089,-4.714751,-0.034007,0.340594,0.383729,-0.279637,-0.000000,300,295,295.000000,0.338982,0.881985,1
14.575174,14.629600,0.048851,-0.180724,1.797474,0.169026,0.006238,0.006274,0.008936,0.482792,-0.052659,0.418687,-0.021917,3.676243,-0.002795,4.407359,-0.412066,-4.789019,0.005187,0.258170,0.318813,-0.167093,0.000000,300,297,297.000000,0.340389,0.887205,1
14.624813,14.680025,0.050425,-0.173319,1.790859,0.177056,0.006118,0.006161,0.008874,0.483171,-0.051837,0.425980,-0.019478,3.647533,0.023829,4.359378,-0.434889,-4.718549,-0.010135,0.266637,0.397287,-0.124406,0.000000,300,297,297.000000,0.347033,0.883588,1
14.675126,14.730226,0.050201,-0.168550,1.805667,0.185481,0.006042,0.006079,0.008788,0.487143,-0.052265,0.434907,-0.017280,3.643606,0.040415,4.364254,-0.471466,-4.672624,-0.020137,0.329992,0.515253,-0.208567,0.000000,300,297,297.000000,0.340306,0.887249,1
14.725335,14.780445,0.050219,-0.153922,1.815788,0.196339,0.006170,0.006224,0.008937,0.490324,-0.047907,0.439781,-0.014028,3.642419,0.019672,4.362631,-0.494434,-4.688960,-0.012484,0.314802,0.484709,-0.254673,0.000000,300,298,298.000000,0.348695,0.885649,1
14.774275,14.828105,0.047660,-0.156625,1.811164,0.204629,0.006050,0.006137,0.008954,0.492379,-0.049157,0.443226,-0.011971,3.609050,0.022052,4.293163,-0.549009,-4.602589,-0.007955,0.308572,0.565640,-0.226766,0.000000,300,298,298.000000,0.327416,0.897157,1
14.824158,14.880211,0.052106,-0.146953,1.791790,0.209071,0.006070,0.006225,0.009033,0.489269,-0.046605,0.445146,-0.008705,3.563135,0.046926,4.247850,-0.628463,-4.524938,-0.029121,0.265082,0.645265,-0.172558,0.000000,300,295,295.000000,0.362728,0.868998,1
14.875177,14.930143,0.049932,-0.143063,1.834932,0.224763,0.006402,0.006593,0.009506,0.492097,-0.044469,0.450305,-0.006825,3.619255,0.021721,4.309611,-0.663139,-4.616233,-0.006968,0.232553,0.655161,-0.148638,0.000000,300,297,297.000000,0.362829,0.874833,1
14.925245,14.980348,0.050205,-0.137707,1.830834,0.227537,0.006545,0.006820,0.009846,0.490500,-0.043377,0.452521,-0.004216,3.604830,0.018113,4.315581,-0.764618,-4.525041,0.005792,0.252690,0.789485,-0.149835,0.000000,300,295,295.000000,0.372734,0.863383,1
14.975010,15.029673,0.049325,-0.127905,1.881444,0.240783,0.006538,0.006790,0.009780,0.495372,-0.041582,0.457610,-0.002373,3.658693,0.012598,4.354933,-0.755422,-4.635237,-0.004926,0.267930,0.747350,-0.227375,0.000000,300,296,296.000000,0.360876,0.872978,1
15.024729,15.079784,0.050111,-0.127365,1.864783,0.249577,0.006608,0.006789,0.009691,0.495035,-0.042399,0.462510,-0.000067,3.613705,0.021119,4.302513,-0.682133,-4.647156,-0.014369,0.307344,0.623262,-0.240745,0.000000,300,297,297.000000,0.374978,0.867958,1
15.074316,15.128847,0.049063,-0.124972,1.879679,0.252661,0.006864,0.007131,0.010160,0.499564,-0.041105,0.465603,0.001039,3.606280,0.023551,4.301274,-0.770799,-4.590182,-0.011277,0.299783,0.765969,-0.240166,0.000000,300,296,296.000000,0.381593,0.861256,1
15.124958,15.181068,0.052221,-0.124454,1.911899,0.261463,0.006932,0.007173,0.010133,0.499931,-0.040977,0.469840,0.003209,3.656180,0.044174,4.360792,-0.743932,-4.705511,-0.040156,0.282760,0.696775,-0.241917,-0.000000,300,297,297.000000,0.405865,0.849985,1
15.175786,15.230504,0.049436,-0.113687,1.893582,0.265478,0.007081,0.007377,0.010419,0.498623,-0.039802,0.473738,0.004707,3.624910,0.046604,4.324064,-0.811167,-4.629175,-0.043461,0.322428,0.788049,-0.297767,0.000000,300,299,299.000000,0.396134,0.861481,1
15.225476,15.280449,0.049945,-0.120525,1.884629,0.273461,0.007051,0.007371,0.010566,0.497763,-0.040923,0.478816,0.005985,3.597637,0.016761,4.272151,-0.816895,-4.558050,-0.016705,0.313285,0.781872,-0.297464,0.000000,300,293,293.000000,0.397485,0.843413,1
15.275680,15.330911,0.050462,-0.102789,1.879063,0.270426,0.007083,0.007422,0.010621,0.497589,-0.036733,0.481646,0.007575,3.572214,0.037329,4.238313,-0.826222,-4.528093,-0.028979,0.303439,0.808889,-0.259921,-0.000000,300,299,299.000000,0.410613,0.852870,1
15.324935,15.378959,0.048048,-0.106759,1.901311,0.276596,0.007335,0.007716,0.010786,0.501372,-0.036040,0.486458,0.008420,3.589967,0.022303,4.289064,-0.849726,-4.595991,-0.033433,0.244883,0.801136,-0.275042,-0.000000,300,296,296.000000,0.402406,0.849161,1
15.373985,15.429011,0.050052,-0.114410,1.920488,0.285580,0.007529,0.007907,0.011190,0.501326,-0.038980,0.489364,0.010045,3.632538,0.048267,4.313748,-0.857266,-4.622275,-0.056399,0.295518,0.846875,-0.325788,-0.000000,300,291,291.000000,0.420442,0.824289,1
15.425067,15.481123,0.052112,-0.107664,1.899730,0.280995,0.007257,0.007752,0.011114,0.503354,-0.036700,0.497773,0.011301,3.582353,0.025222,4.256609,-0.937379,-4.444929,-0.040644,0.276627,0.988671,-0.353439,0.000000,300,294,294.000000,0.430138,0.826991,1
15.475923,15.530722,0.049599,-0.105353,1.927053,0.280499,0.006913,0.007331,0.010371,0.503925,-0.035595,0.499485,0.012593,3.606247,0.065132,4.291726,-0.900697,-4.569119,-0.080714,0.254925,0.840189,-0.296830,-0.000000,300,296,296.000000,0.389447,0.856728,1
15.525434,15.580145,0.049423,-0.106998,1.932600,0.286658,0.007108,0.007490,0.010562,0.508082,-0.035653,0.504884,0.013525,3.605558,0.083835,4.278797,-0.865446,-4.618615,-0.103887,0.265876,0.761370,-0.311429,0.000000,300,296,296.000000,0.398903,0.851218,1
15.575258,15.630371,0.050226,-0.105650,1.928525,0.287347,0.007225,0.007705,0.010832,0.506743,-0.035392,0.507830,0.014378,3.590623,0.038542,4.260452,-0.933479,-4.584999,-0.060573,0.239188,0.804165,-0.283867,0.000000,300,294,294.000000,0.412859,0.837283,1
15.624717,15.679062,0.048691,-0.102519,1.904971,0.288126,0.007488,0.007919,0.010994,0.506961,-0.035109,0.512880,0.014643,3.554213,0.072401,4.233098,-0.889907,-4.583845,-0.095509,0.262663,0.763384,-0.310499,-0.000000,300,294,294.000000,0.418582,0.833893,1
15.674688,15.730314,0.051252,-0.102989,1.917181,0.289413,0.007105,0.007534,0.010766,0.508315,-0.035897,0.518270,0.014671,3.568724,0.049913,4.218983,-0.899818,-4.515476,-0.080976,0.296963,0.801792,-0.382363,0.000000,300,293,293.000000,0.414635,0.833388,1
15.724637,15.778960,0.048646,-0.108268,1.897505,0.287613,0.006919,0.007361,0.010387,0.511547,-0.035527,0.525293,0.016951,3.519794,0.040440,4.164003,-0.892947,-4.509634,-0.060024,0.219472,0.752254,-0.254208,-0.000000,300,297,297.000000,0.392867,0.857630,1
15.775102,15.831243,0.052283,-0.101716,1.917898,0.285009,0.006917,0.007374,0.010231,0.507958,-0.034154,0.523953,0.016283,3.554307,0.064991,4.229722,-0.933394,-4.574170,-0.096627,0.239025,0.781992,-0.312611,0.000000,300,295,295.000000,0.416402,0.838027,1
15.825707,15.880170,0.048927,-0.102074,1.920888,0.288781,0.006948,0.007374,0.010310,0.514128,-0.034454,0.533070,0.018029,3.561806,0.076587,4.239145,-0.899577,-4.545772,-0.088498,0.236978,0.862225,-0.272226,0.000000,300,296,296.000000,0.391290,0.855659,1
15.874790,15.929411,0.049241,-0.104587,1.936930,0.286404,0.006951,0.007351,0.010364,0.516214,-0.035505,0.537430,0.017996,3.568136,0.046185,4.232244,-0.883665,-4.555871,-0.068724,0.269971,0.799142,-0.330375,0.000000,300,295,295.000000,0.391873,0.852430,1
15.924926,15.980441,0.051030,-0.106301,1.918091,0.283099,0.006716,0.007182,0.010009,0.512833,-0.035427,0.538518,0.019047,3.554632,0.049384,4.230631,-0.955353,-4.520508,-0.069331,0.262091,0.903937,-0.319513,0.000000,300,295,295.000000,0.394043,0.851172,1
15.975523,16.030605,0.050164,-0.112984,1.925069,0.276753,0.006788,0.007256,0.010060,0.515514,-0.036513,0.543057,0.019257,3.545376,0.040933,4.231472,-0.944846,-4.535381,-0.053892,0.226118,0.850629,-0.247208,0.000000,300,289,289.000000,0.389247,0.836581,1
16.025421,16.080236,0.049631,-0.112385,1.904429,0.275674,0.006618,0.007021,0.009698,0.515252,-0.036809,0.547790,0.020404,3.514567,0.008184,4.187224,-0.887451,-4.556562,-0.016545,0.206108,0.744126,-0.197858,0.000000,300,293,293.000000,0.381708,0.852462,1
16.075440,16.130643,0.050407,-0.110355,1.904402,0.272932,0.006494,0.006878,0.009539,0.514063,-0.035727,0.549470,0.020413,3.511371,0.026645,4.164433,-0.863881,-4.565364,-0.034167,0.175049,0.727033,-0.169973,-0.000000,300,293,293.000000,0.381278,0.852706,1
16.125115,16.179586,0.048943,-0.116310,1.891773,0.268235,0.006279,0.006676,0.009220,0.510789,-0.037017,0.553060,0.021114,3.497645,-0.012107,4.150459,-0.889528,-4.548035,0.003526,0.177991,0.749265,-0.175783,0.000000,300,294,294.000000,0.359931,0.867602,1
16.175292,16.230998,0.051412,-0.120610,1.885650,0.261318,0.006477,0.006906,0.009520,0.511383,-0.038296,0.554814,0.020206,3.490150,0.009196,4.164148,-0.908822,-4.495653,-0.006690,0.183444,0.839374,-0.155978,0.000000,300,294,294.000000,0.390699,0.850218,1
16.224975,16.278953,0.047955,-0.121826,1.888542,0.254530,0.006207,0.006578,0.009166,0.514524,-0.039560,0.559246,0.019978,3.492444,0.031449,4.162604,-0.874287,-4.488024,-0.046767,0.224232,0.762086,-0.250232,-0.000000,300,292,292.000000,0.347160,0.868645,1
16.274541,16.330128,0.051175,-0.122727,1.889036,0.252182,0.006034,0.006408,0.008953,0.514996,-0.038535,0.562679,0.020167,3.493842,0.032776,4.142596,-0.874312,-4.481602,-0.041430,0.182979,0.845446,-0.209870,0.000000,300,296,296.000000,0.363117,0.871726,1
16.324605,16.379082,0.048954,-0.132996,1.905904,0.242132,0.005875,0.006246,0.008648,0.515126,-0.041660,0.565528,0.019303,3.513475,0.067013,4.186875,-0.896437,-4.513258,-0.075166,0.201288,0.853209,-0.221125,0.000000,300,292,292.000000,0.333863,0.875721,1
16.374742,16.430402,0.051320,-0.131824,1.868928,0.236590,0.005911,0.006237,0.008645,0.511622,-0.041279,0.572779,0.018963,3.482157,0.016234,4.156910,-0.835715,-4.487160,-0.025354,0.188991,0.794784,-0.215286,0.000000,300,293,293.000000,0.356090,0.866761,1
16.425018,16.479633,0.049231,-0.142261,1.864648,0.228189,0.005734,0.006033,0.008285,0.511620,-0.043773,0.574657,0.018238,3.470526,0.060909,4.152979,-0.816376,-4.517137,-0.067825,0.175700,0.725056,-0.179854,0.000000,300,293,293.000000,0.332698,0.879335,1
16.473863,16.528093,0.048460,-0.138701,1.836171,0.216543,0.005324,0.005624,0.007689,0.510327,-0.041846,0.580025,0.017594,3.429838,0.061397,4.102315,-0.819205,-4.468279,-0.063386,0.081106,0.772038,-0.081886,0.000000,300,296,296.000000,0.310139,0.900090,1
16.523961,16.579829,0.051736,-0.146366,1.840920,0.208096,0.005380,0.005628,0.007697,0.513326,-0.043490,0.586398,0.015720,3.439720,0.046291,4.127100,-0.750081,-4.497922,-0.037024,0.077834,0.712259,-0.028890,-0.000000,300,291,291.000000,0.330793,0.874327,1
16.574118,16.628407,0.048578,-0.152342,1.850051,0.202079,0.005197,0.005461,0.007562,0.513203,-0.044659,0.585575,0.014969,3.468428,0.086452,4.150479,-0.779073,-4.493637,-0.077586,0.077753,0.726476,-0.029656,0.000000,300,290,290.000000,0.297068,0.888277,1
16.624116,16.679824,0.051417,-0.164331,1.840837,0.191580,0.005037,0.005291,0.007259,0.512634,-0.047291,0.591144,0.014586,3.472309,0.039342,4.186039,-0.778282,-4.505342,-0.032805,0.029776,0.707944,0.006598,-0.000000,300,294,294.000000,0.306762,0.895711,1
16.674782,16.729740,0.049916,-0.173265,1.824227,0.183283,0.004960,0.005151,0.007112,0.512686,-0.049311,0.593667,0.013398,3.459223,0.024213,4.154751,-0.679058,-4.532612,-0.008390,0.011625,0.545211,0.081122,0.000000,300,285,285.000000,0.289872,0.876363,1
16.725341,16.780942,0.051202,-0.180446,1.833560,0.174940,0.004691,0.004877,0.006764,0.515093,-0.051496,0.595954,0.011023,3.469631,0.037882,4.164632,-0.685987,-4.506024,-0.029392,0.010123,0.672437,0.034003,0.000000,300,293,293.000000,0.284329,0.903616,1
16.775157,16.829373,0.048431,-0.181533,1.834296,0.164946,0.004655,0.004833,0.006680,0.510957,-0.050443,0.597030,0.009519,3.488488,0.020421,4.195814,-0.678311,-4.536389,-0.017298,-0.033376,0.671979,0.049594,0.000000,300,296,296.000000,0.266831,0.921087,1
16.825277,16.881181,0.051808,-0.189922,1.802844,0.153075,0.004195,0.004363,0.006084,0.511832,-0.053892,0.599840,0.007091,3.443220,0.020663,4.118724,-0.678958,-4.465441,-0.012690,-0.016639,0.676788,0.057178,0.000000,300,293,293.000000,0.259306,0.915134,1
16.875215,16.929249,0.048068,-0.188300,1.782752,0.143218,0.004131,0.004296,0.006040,0.508035,-0.053960,0.600284,0.004095,3.434576,0.028440,4.113639,-0.674186,-4.408529,-0.018038,0.009634,0.740060,0.037531,0.000000,300,295,295.000000,0.238227,0.930524,1
16.924920,16.980591,0.051342,-0.207882,1.771162,0.131542,0.004057,0.004215,0.005848,0.508310,-0.058900,0.602105,0.002287,3.437697,0.019096,4.132796,-0.672314,-4.450132,-0.003382,-0.029579,0.710937,0.108753,-0.000000,300,293,293.000000,0.248925,0.919680,1
16.974991,17.029391,0.048800,-0.214834,1.759089,0.125200,0.003785,0.003920,0.005493,0.504444,-0.060292,0.601170,-0.000125,3.447131,-0.007986,4.113674,-0.640418,-4.466884,0.020715,-0.087411,0.691958,0.158934,-0.000000,300,291,291.000000,0.219372,0.925463,1
17.024949,17.080506,0.051115,-0.226255,1.759315,0.110723,0.003591,0.003719,0.005221,0.507391,-0.064077,0.601639,-0.002968,3.441291,0.012955,4.117494,-0.638451,-4.433579,0.000085,-0.074005,0.740356,0.148122,0.000000,300,292,292.000000,0.218752,0.928884,1
17.075141,17.129776,0.049270,-0.235129,1.756321,0.099348,0.003545,0.003674,0.005125,0.502507,-0.066464,0.601120,-0.005766,3.463712,-0.010209,4.139297,-0.654238,-4.497420,0.019760,-0.080862,0.692262,0.133220,0.000000,300,295,295.000000,0.207846,0.942613,1
17.124313,17.178849,0.049073,-0.234217,1.712485,0.090101,0.003354,0.003449,0.004804,0.500159,-0.066932,0.599131,-0.007769,3.411846,0.000241,4.090000,-0.571294,-4.452264,0.009617,-0.085008,0.591333,0.145111,-0.000000,300,295,295.000000,0.198843,0.945932,1
17.173559,17.228268,0.049419,-0.241098,1.711397,0.075089,0.003136,0.003199,0.004504,0.500635,-0.069534,0.600134,-0.010418,3.408135,0.004336,4.074468,-0.480575,-4.453519,0.000958,-0.028876,0.484434,0.066247,-0.000000,300,291,291.000000,0.186142,0.937516,1
17.225020,17.281773,0.053505,-0.251887,1.684669,0.062727,0.002861,0.002923,0.004133,0.493859,-0.072793,0.596682,-0.012918,3.405019,0.015980,4.073534,-0.497164,-4.423884,-0.007422,-0.075752,0.522043,0.135649,0.000000,300,291,291.000000,0.184027,0.938226,1
17.275651,17.329529,0.047756,-0.260067,1.681476,0.046920,0.002769,0.002806,0.003959,0.491204,-0.074834,0.594141,-0.014918,3.422043,-0.041830,4.115534,-0.396162,-4.464627,0.043868,-0.119275,0.368165,0.131986,-0.000000,300,292,292.000000,0.158416,0.949505,1
17.324759,17.379988,0.050459,-0.269118,1.637458,0.041262,0.002723,0.002770,0.003895,0.487731,-0.078807,0.592824,-0.018153,3.354624,0.012282,4.030794,-0.439091,-4.372227,-0.009781,-0.106006,0.473130,0.129450,-0.000000,300,294,294.000000,0.168507,0.952942,1
17.374502,17.429016,0.049028,-0.278840,1.624313,0.029551,0.002699,0.002736,0.003839,0.478142,-0.081349,0.588235,-0.020006,3.391157,-0.027689,4.088989,-0.403402,-4.426572,0.025383,-0.106278,0.418377,0.088977,-0.000000,300,295,295.000000,0.160787,0.958553,1
17.423974,17.478932,0.049916,-0.285151,1.608207,0.013470,0.002578,0.002601,0.003748,0.476297,-0.083419,0.586119,-0.023283,3.372024,-0.076604,4.047933,-0.311572,-4.355317,0.077524,-0.052857,0.272100,0.062455,0.000000,300,288,288.000000,0.155452,0.937349,1
17.475009,17.531086,0.052154,-0.296976,1.570010,0.002478,0.002802,0.002823,0.003992,0.471339,-0.088659,0.582861,-0.026200,3.328125,-0.040034,4.013958,-0.298650,-4.346648,0.042288,-0.132101,0.222507,0.136284,-0.000000,300,290,290.000000,0.179335,0.936546,1
17.525121,17.579156,0.048070,-0.309763,1.577212,-0.009034,0.002839,0.002854,0.003983,0.466279,-0.090966,0.578404,-0.029162,3.385597,-0.033596,4.080957,-0.278110,-4.471560,0.037707,-0.165145,0.208431,0.186338,0.000000,300,294,294.000000,0.165679,0.953818,1
17.574614,17.630072,0.050916,-0.318259,1.559508,-0.018521,0.002543,0.002565,0.003638,0.464045,-0.093131,0.575933,-0.033311,3.370891,-0.028496,4.049731,-0.322495,-4.406380,0.031900,-0.122512,0.220751,0.135212,-0.000000,300,293,293.000000,0.157713,0.952963,1
17.624589,17.679105,0.049033,-0.321531,1.529577,-0.029958,0.002523,0.002533,0.003578,0.458174,-0.094754,0.569991,-0.035777,3.351537,-0.041022,4.045695,-0.240692,-4.383591,0.042916,-0.152863,0.186450,0.156063,0.000000,300,295,295.000000,0.151990,0.961130,1
17.674343,17.729582,0.050477,-0.334351,1.494514,-0.039742,0.002675,0.002687,0.003822,0.450715,-0.100073,0.566799,-0.038979,3.331112,-0.051509,3.983639,-0.258732,-4.366876,0.055722,-0.181938,0.213921,0.213334,-0.000000,300,296,296.000000,0.167095,0.959866,1
17.723566,17.777550,0.047968,-0.346800,1.495564,-0.049430,0.002766,0.002778,0.003888,0.447818,-0.101723,0.562471,-0.042063,3.362374,-0.028117,4.036819,-0.256813,-4.446732,0.031830,-0.185514,0.212323,0.210657,-0.000000,300,294,294.000000,0.162138,0.954897,1
17.774442,17.831333,0.053783,-0.355908,1.470554,-0.059720,0.003141,0.003140,0.004453,0.439121,-0.105244,0.555849,-0.045459,3.367215,-0.042187,4.039273,-0.121827,-4.426202,0.044760,-0.186104,0.068220,0.197336,0.000000,300,291,291.000000,0.205049,0.930862,1
17.825829,17.880324,0.048991,-0.362110,1.442774,-0.070278,0.002957,0.002952,0.004197,0.433626,-0.108217,0.549161,-0.048835,3.349959,-0.019178,4.016914,-0.010170,-4.402833,0.025214,-0.184029,-0.145080,0.126413,0.000000,300,290,290.000000,0.176449,0.937479,1
17.874755,17.929185,0.048861,-0.371550,1.407386,-0.077349,0.003205,0.003200,0.004498,0.428420,-0.111459,0.543494,-0.052456,3.310206,-0.007947,3.965485,-0.060411,-4.391545,0.010361,-0.186022,-0.003776,0.173817,0.000000,300,298,298.000000,0.195659,0.956708,1
17.924813,17.980440,0.051255,-0.375124,1.373389,-0.086774,0.003099,0.003094,0.004309,0.421383,-0.114467,0.536453,-0.056568,3.284850,-0.003622,3.939006,-0.056800,-4.386623,0.006169,-0.191041,-0.018875,0.150445,0.000000,300,294,294.000000,0.198627,0.942804,1
17.975295,18.030149,0.049709,-0.395279,1.363678,-0.095205,0.003401,0.003395,0.004755,0.415197,-0.119518,0.530172,-0.059856,3.316212,0.019564,3.964933,-0.018217,-4.418964,-0.016416,-0.187514,-0.060499,0.166314,0.000000,300,297,297.000000,0.210480,0.948002,1
18.025457,18.080765,0.050616,-0.408231,1.358968,-0.103881,0.003212,0.003204,0.004527,0.409801,-0.122871,0.523130,-0.063504,3.347922,-0.012536,3.988415,-0.017244,-4.448083,0.017397,-0.211586,-0.090541,0.145237,0.000000,300,294,294.000000,0.199352,0.942542,1
18.075664,18.130562,0.049797,-0.413871,1.305853,-0.109934,0.003300,0.003292,0.004586,0.399334,-0.126461,0.514905,-0.067598,3.294366,-0.015424,3.937838,0.007516,-4.410166,0.018135,-0.208577,-0.062087,0.172084,0.000000,300,298,298.000000,0.206180,0.952829,1
18.125938,18.181314,0.050752,-0.429181,1.307224,-0.121074,0.003578,0.003571,0.004945,0.393897,-0.129021,0.507253,-0.071460,3.339591,-0.024151,3.983545,0.047635,-4.500172,0.027055,-0.201615,-0.085561,0.118710,0.000000,300,295,295.000000,0.223683,0.936478,1
18.175378,18.229442,0.048128,-0.431689,1.278453,-0.129881,0.003403,0.003397,0.004708,0.387292,-0.130373,0.498150,-0.074658,3.325963,-0.066755,3.960853,0.034410,-4.484030,0.070598,-0.193345,-0.107414,0.126063,0.000000,300,296,296.000000,0.202947,0.947636,1
18.225582,18.281721,0.052279,-0.440863,1.237144,-0.132369,0.003480,0.003475,0.004769,0.376491,-0.136154,0.489032,-0.079367,3.286674,-0.048942,3.913588,0.096979,-4.464266,0.052415,-0.213108,-0.125230,0.142920,-0.000000,300,298,298.000000,0.228797,0.943921,1
18.275700,18.329679,0.047958,-0.448397,1.211278,-0.138537,0.003700,0.003691,0.005075,0.370601,-0.138950,0.479227,-0.083024,3.279240,-0.026772,3.911898,0.073937,-4.442491,0.027937,-0.232028,-0.075454,0.184118,-0.000000,300,295,295.000000,0.222409,0.936985,1
18.324568,18.379457,0.049778,-0.471963,1.199955,-0.145567,0.003909,0.003907,0.005337,0.361763,-0.144541,0.470096,-0.087184,3.312826,-0.028118,3.972053,0.130673,-4.487655,0.031962,-0.207579,-0.137675,0.118571,-0.000000,300,292,292.000000,0.240382,0.920163,1
18.374771,18.430085,0.050628,-0.478880,1.173782,-0.150683,0.003547,0.003540,0.004875,0.353110,-0.146572,0.458488,-0.091439,3.327371,-0.042069,3.979399,0.132743,-4.488060,0.045558,-0.256911,-0.145706,0.189675,0.000000,300,297,297.000000,0.222417,0.943334,1
18.425085,18.480084,0.049999,-0.479917,1.134877,-0.153561,0.003809,0.003808,0.005241,0.344342,-0.150397,0.448895,-0.095718,3.275021,-0.017742,3.902830,0.254434,-4.421420,0.018593,-0.307835,-0.226647,0.268727,-0.000000,300,298,298.000000,0.239478,0.939456,1
18.474584,18.529085,0.049001,-0.495131,1.103475,-0.159107,0.004293,0.004283,0.005970,0.334206,-0.155969,0.437848,-0.099671,3.285024,-0.044311,3.904747,0.228965,-4.407481,0.046991,-0.329599,-0.204220,0.260922,0.000000,300,298,298.000000,0.263430,0.928874,1
18.524701,18.580318,0.051233,-0.502889,1.071291,-0.163053,0.003969,0.003988,0.005489,0.322995,-0.157744,0.427740,-0.103408,3.284098,-0.023928,3.902441,0.348639,-4.425706,0.024618,-0.306867,-0.332834,0.288717,0.000000,300,298,298.000000,0.255000,0.932685,1
18.575902,18.631485,0.051167,-0.520571,1.054889,-0.164544,0.003710,0.003726,0.005144,0.315629,-0.162765,0.416560,-0.107937,3.295074,-0.025165,3.907101,0.363040,-4.435112,0.031069,-0.336205,-0.371847,0.289557,-0.000000,300,298,298.000000,0.236919,0.940540,1
18.625697,18.679908,0.048423,-0.530060,1.017355,-0.166244,0.003975,0.004012,0.005496,0.302630,-0.166044,0.403824,-0.110733,3.287776,0.017195,3.906357,0.417329,-4.440205,-0.016673,-0.308467,-0.350855,0.263188,-0.000000,300,295,295.000000,0.239881,0.929828,1
18.674724,18.729541,0.049633,-0.546616,0.987849,-0.168787,0.004057,0.004074,0.005561,0.296648,-0.172351,0.394423,-0.115139,3.287133,0.012540,3.889848,0.389986,-4.471653,-0.017897,-0.372288,-0.321129,0.360538,0.000000,300,297,297.000000,0.251075,0.931293,1
18.725395,18.781250,0.051709,-0.549202,0.952486,-0.167827,0.004020,0.004063,0.005608,0.281539,-0.174735,0.381357,-0.118560,3.260780,-0.013335,3.881054,0.448581,-4.365520,0.016263,-0.341365,-0.379453,0.275181,-0.000000,300,298,298.000000,0.262057,0.929501,1
18.775087,18.828925,0.047675,-0.557413,0.917571,-0.168557,0.004527,0.004571,0.006279,0.272917,-0.176821,0.372455,-0.122526,3.252561,0.006132,3.857721,0.446673,-4.384112,-0.011594,-0.351209,-0.359142,0.331951,-0.000000,300,295,295.000000,0.271250,0.915941,1
18.824833,18.880741,0.051816,-0.570625,0.902989,-0.171415,0.004114,0.004137,0.005739,0.266133,-0.180217,0.360054,-0.125734,3.264622,0.012850,3.844317,0.436612,-4.396593,-0.023299,-0.407161,-0.339995,0.406249,-0.000000,300,295,295.000000,0.266004,0.918353,1
18.876226,18.931711,0.050970,-0.566029,0.855148,-0.166164,0.004305,0.004386,0.006039,0.255125,-0.182393,0.348513,-0.130037,3.191676,0.012487,3.790954,0.526920,-4.275991,-0.011867,-0.336937,-0.401944,0.265124,0.000000,300,295,295.000000,0.281147,0.911301,1
18.926183,18.980655,0.048944,-0.587272,0.836618,-0.169675,0.004350,0.004429,0.006103,0.245212,-0.185356,0.334993,-0.134441,3.250515,0.027476,3.860903,0.536115,-4.336798,-0.030062,-0.351214,-0.467656,0.328428,0.000000,300,297,297.000000,0.268591,0.923386,1
18.974842,19.029029,0.048374,-0.594832,0.793176,-0.166996,0.004367,0.004494,0.006200,0.232647,-0.188791,0.323242,-0.138648,3.229266,0.037369,3.824241,0.624328,-4.285524,-0.042892,-0.343144,-0.547801,0.335776,0.000000,300,295,295.000000,0.267437,0.917697,1
19.024211,19.079393,0.050364,-0.605363,0.773428,-0.163336,0.004620,0.004711,0.006458,0.228605,-0.192718,0.311152,-0.142850,3.219605,0.048310,3.809327,0.583391,-4.311740,-0.056127,-0.410038,-0.506600,0.405789,-0.000000,300,298,298.000000,0.295734,0.913445,1
19.075049,19.130705,0.051312,-0.614429,0.744913,-0.161150,0.004574,0.004672,0.006487,0.217844,-0.195140,0.298526,-0.148213,3.234102,0.038578,3.821891,0.588772,-4.291960,-0.051536,-0.400096,-0.494461,0.415192,-0.000000,300,299,299.000000,0.297612,0.915572,1
19.125606,19.180507,0.049802,-0.616554,0.697930,-0.154957,0.004292,0.004386,0.006082,0.206718,-0.199500,0.287714,-0.152015,3.175179,0.039985,3.778657,0.602417,-4.181740,-0.050455,-0.425452,-0.529725,0.435333,0.000000,300,299,299.000000,0.275457,0.926377,1
19.175327,19.230146,0.049639,-0.633434,0.665160,-0.153105,0.004507,0.004629,0.006409,0.195566,-0.203750,0.275582,-0.156830,3.196968,0.033131,3.809104,0.634231,-4.204860,-0.047976,-0.403879,-0.532692,0.422053,-0.000000,300,297,297.000000,0.285837,0.915224,1
19.224600,19.279053,0.048907,-0.656119,0.644992,-0.154075,0.004913,0.005056,0.006987,0.187792,-0.208496,0.263642,-0.161632,3.217604,0.032195,3.819281,0.668735,-4.239251,-0.043156,-0.429197,-0.582069,0.432791,0.000000,300,299,299.000000,0.305496,0.911590,1
19.274506,19.329958,0.050905,-0.658146,0.617290,-0.144283,0.004583,0.004765,0.006648,0.177968,-0.208439,0.251624,-0.167032,3.219285,0.047051,3.821419,0.716518,-4.191841,-0.050596,-0.388415,-0.635373,0.366019,-0.000000,300,297,297.000000,0.296234,0.910132,1
19.324230,19.378502,0.048544,-0.661728,0.577894,-0.141231,0.004416,0.004577,0.006264,0.168267,-0.211605,0.238164,-0.172082,3.181514,0.059170,3.792525,0.710843,-4.191350,-0.071221,-0.412036,-0.614982,0.417151,-0.000000,300,297,297.000000,0.275041,0.920376,1
19.375057,19.431612,0.053110,-0.678425,0.553333,-0.137242,0.004581,0.004765,0.006533,0.158829,-0.214354,0.224872,-0.176854,3.214552,0.054796,3.833136,0.743518,-4.224544,-0.066611,-0.420359,-0.616723,0.408281,-0.000000,300,297,297.000000,0.308781,0.903824,1
19.425356,19.479101,0.047489,-0.694211,0.525947,-0.134860,0.004573,0.004752,0.006488,0.150143,-0.217703,0.214055,-0.181753,3.234376,0.039556,3.850203,0.740793,-4.281640,-0.055659,-0.415925,-0.580052,0.406830,-0.000000,300,297,297.000000,0.274097,0.920820,1
19.474542,19.529983,0.050882,-0.703962,0.491699,-0.124265,0.004289,0.004470,0.006142,0.142614,-0.223601,0.201633,-0.186478,3.190478,0.052945,3.819410,0.744330,-4.159269,-0.051092,-0.403922,-0.672813,0.361975,0.000000,300,293,293.000000,0.277434,0.906865,1
19.525039,19.580095,0.050112,-0.694621,0.452813,-0.116472,0.004155,0.004388,0.006091,0.131038,-0.221620,0.189228,-0.190852,3.156473,0.041098,3.750328,0.793893,-4.086619,-0.042481,-0.361487,-0.702755,0.331230,-0.000000,300,294,294.000000,0.268608,0.914051,1
19.575538,19.630981,0.050886,-0.714389,0.417042,-0.114522,0.004440,0.004652,0.006467,0.121274,-0.226256,0.177075,-0.196460,3.178906,0.057165,3.781566,0.750787,-4.129164,-0.055450,-0.360653,-0.663009,0.317075,-0.000000,300,297,297.000000,0.290952,0.912734,1
19.625917,19.680853,0.049872,-0.717901,0.391652,-0.110016,0.004392,0.004636,0.006358,0.112278,-0.227953,0.161679,-0.198288,3.156570,0.045320,3.747176,0.820462,-4.113016,-0.054734,-0.412829,-0.735436,0.411448,0.000000,300,296,296.000000,0.282542,0.913724,1
19.675922,19.730990,0.050137,-0.739535,0.356211,-0.103962,0.004132,0.004302,0.005933,0.103307,-0.234716,0.149469,-0.204808,3.155592,0.067231,3.772067,0.726743,-4.116837,-0.076681,-0.400106,-0.617868,0.388689,-0.000000,300,298,298.000000,0.268502,0.926536,1
19.725402,19.779813,0.048823,-0.738693,0.323865,-0.094467,0.004358,0.004579,0.006305,0.094176,-0.235791,0.137192,-0.208780,3.126737,0.042099,3.730489,0.752441,-4.076924,-0.050318,-0.332045,-0.648187,0.327118,-0.000000,300,296,296.000000,0.278580,0.915609,1
19.774797,19.829780,0.049967,-0.748032,0.290943,-0.087968,0.004135,0.004305,0.005981,0.085505,-0.239267,0.125296,-0.214113,3.115917,0.044696,3.721781,0.689925,-4.063054,-0.054739,-0.344340,-0.555145,0.332199,0.000000,300,296,296.000000,0.271253,0.919045,1
19.824165,19.878549,0.048769,-0.774872,0.268816,-0.080947,0.004300,0.004548,0.006258,0.076685,-0.242194,0.112358,-0.216277,3.184165,0.031591,3.796653,0.810886,-4.142722,-0.037885,-0.349178,-0.679103,0.325271,-0.000000,300,298,298.000000,0.270291,0.925704,1
19.874025,19.929501,0.050952,-0.768344,0.233985,-0.073795,0.004445,0.004637,0.006428,0.069113,-0.244167,0.100352,-0.221985,3.119841,0.032196,3.739957,0.708820,-4.052264,-0.041215,-0.355051,-0.581934,0.340141,0.000000,300,297,297.000000,0.297258,0.909624,1
19.925097,19.980692,0.051191,-0.781662,0.196811,-0.068690,0.004656,0.004916,0.006836,0.056974,-0.249105,0.085759,-0.225754,3.119992,0.022682,3.726789,0.787594,-4.010339,-0.031729,-0.371960,-0.697307,0.370891,0.000000,300,299,299.000000,0.313397,0.907531,1
19.974778,20.028865,0.048173,-0.789374,0.165885,-0.061177,0.004364,0.004611,0.006374,0.047467,-0.251193,0.071940,-0.229340,3.119421,0.025309,3.745647,0.799691,-4.005960,-0.038009,-0.379079,-0.697740,0.386667,0.000000,300,299,299.000000,0.276340,0.925957,1
20.024968,20.081071,0.052206,0.000000,0.000000,0.000000,0.000000,0.000000,0.000000,0.000000,0.000000,0.000000,0.000000,3.101230,0.000000,0.000000,0.000000,0.000000,0.000000,0.000000,0.000000,0.000000,0.000000,300,13,0.000000,0.000000,0.000000,0
20.075002,20.128933,0.047862,-0.843233,0.118751,-0.054319,0.006400,0.006413,0.009077,0.037385,-0.271989,0.056971,-0.262870,3.097395,0.034559,3.664429,-0.153964,-4.129801,-0.033334,0.022367,0.147888,0.005143,0.000000,300,280,280.000000,0.396972,0.806275,1
20.124942,20.180951,0.052018,-0.859561,0.085663,-0.044885,0.006519,0.006527,0.009171,0.027664,-0.273977,0.044059,-0.267955,3.136795,0.043839,3.708208,-0.145733,-4.209533,-0.041883,0.040503,0.136610,0.007259,-0.000000,300,278,278.000000,0.432220,0.780802,1
20.174917,20.228884,0.047933,-0.856887,0.038847,-0.032314,0.006293,0.006292,0.008960,0.014229,-0.273195,0.026070,-0.267349,3.107356,0.065736,3.681452,0.006723,-4.125596,-0.065452,-0.005383,0.014680,0.016305,0.000000,300,279,279.000000,0.389063,0.807733,1
20.224715,20.280546,0.051662,-0.871289,0.025552,-0.022817,0.005907,0.005905,0.008374,0.009347,-0.279834,0.015618,-0.276285,3.111763,0.043134,3.685479,-0.064723,-4.145697,-0.043325,0.040294,0.034489,-0.007323,0.000000,300,289,289.000000,0.399800,0.830574,1
20.275351,20.330157,0.049611,-0.867799,-0.018467,-0.013175,0.006630,0.006627,0.009352,-0.006329,-0.280572,-0.001508,-0.279469,3.076416,0.040558,3.632282,-0.044125,-4.124805,-0.039567,0.032039,0.068917,-0.009072,-0.000000,300,286,286.000000,0.433651,0.802433,1
20.324644,20.379131,0.048974,-0.878753,-0.048827,-0.010909,0.006336,0.006338,0.009127,-0.015919,-0.287084,-0.016396,-0.285675,3.068222,0.048109,3.600537,-0.104406,-4.074171,-0.046479,0.037029,0.090503,0.022460,0.000000,300,283,283.000000,0.407955,0.808737,1
20.374184,20.429238,0.050107,-0.895574,-0.072261,0.002666,0.005874,0.005879,0.008346,-0.023426,-0.291695,-0.027976,-0.289709,3.077610,0.031337,3.631373,-0.086211,-4.106757,-0.029754,-0.037725,0.146853,0.085622,-0.000000,300,282,282.000000,0.385434,0.818416,1
20.424278,20.479317,0.050079,-0.890795,-0.107930,0.005695,0.006109,0.006128,0.008644,-0.035453,-0.292980,-0.045035,-0.292802,3.042633,0.055780,3.581616,-0.167364,-4.080987,-0.054323,-0.057551,0.211548,0.086022,-0.000000,300,283,283.000000,0.405970,0.809859,1
20.474820,20.530323,0.051006,-0.909006,-0.142507,0.018611,0.005901,0.005902,0.008395,-0.046227,-0.295994,-0.056042,-0.295048,3.062799,0.013878,3.604326,-0.053822,-4.093431,-0.013193,-0.021255,0.105365,0.032744,0.000000,300,285,285.000000,0.398132,0.820019,1
20.525070,20.579816,0.049493,-0.904722,-0.173040,0.034309,0.006568,0.006569,0.009387,-0.056926,-0.295511,-0.072351,-0.298245,3.045931,0.022824,3.595010,-0.049680,-4.047431,-0.022121,-0.078670,0.043938,0.118454,0.000000,300,290,290.000000,0.436142,0.812175,1
20.574962,20.630109,0.050293,-0.917147,-0.197670,0.027967,0.005723,0.005722,0.008186,-0.065681,-0.303267,-0.085513,-0.303684,3.037390,0.038109,3.565852,-0.014007,-4.053638,-0.037763,-0.006686,0.019212,0.065501,0.000000,300,291,291.000000,0.387864,0.843157,1
20.624977,20.679844,0.049735,-0.926195,-0.244130,0.035110,0.006322,0.006325,0.008957,-0.080766,-0.304226,-0.102416,-0.310106,3.052788,0.059653,3.587105,-0.073725,-4.100235,-0.058841,-0.028710,0.044917,0.070652,0.000000,300,282,282.000000,0.415086,0.801845,1
20.675722,20.731601,0.051757,-0.920344,-0.262871,0.035688,0.006063,0.006065,0.008346,-0.088198,-0.304281,-0.113824,-0.314333,3.020306,0.103028,3.587188,-0.070794,-4.108493,-0.102678,-0.011800,0.022179,0.052953,0.000000,300,283,283.000000,0.419391,0.802230,1
20.725831,20.780062,0.048461,-0.932285,-0.296203,0.039482,0.006536,0.006538,0.009177,-0.099086,-0.306370,-0.130291,-0.317628,3.033346,0.049139,3.575177,-0.067466,-4.088346,-0.047754,-0.088167,0.081276,0.158261,0.000000,300,277,277.000000,0.417007,0.786555,1
20.776395,20.832729,0.052667,-0.937132,-0.329687,0.022189,0.005519,0.005522,0.007880,-0.110779,-0.310075,-0.142672,-0.319293,3.018655,0.056130,3.560608,-0.076656,-4.017746,-0.056010,-0.067696,0.052443,0.066847,-0.000000,300,284,284.000000,0.389414,0.822014,1
20.826963,20.881197,0.048468,-0.937831,-0.363304,0.036577,0.006145,0.006148,0.008616,-0.121641,-0.309734,-0.156911,-0.324379,3.000324,0.091688,3.557644,-0.065004,-4.028462,-0.091715,-0.055015,0.099568,0.056404,-0.000000,300,271,271.000000,0.392210,0.782901,1
20.875225,20.929254,0.048057,-0.960734,-0.400404,0.042514,0.005986,0.005991,0.008350,-0.132272,-0.314436,-0.173016,-0.326108,3.044471,0.069607,3.639722,-0.098211,-4.072841,-0.069435,-0.015992,0.110484,0.017095,-0.000000,300,285,285.000000,0.382767,0.828601,1
20.924765,20.980277,0.051023,-0.959239,-0.430617,0.034325,0.005661,0.005665,0.007986,-0.143098,-0.316746,-0.183453,-0.330585,3.007379,0.088976,3.551988,-0.073522,-4.034065,-0.090957,-0.038334,0.059627,-0.040482,0.000000,300,281,281.000000,0.386426,0.814971,1
20.974918,21.029559,0.049282,-0.970235,-0.446072,0.042619,0.005864,0.005865,0.008122,-0.150035,-0.321572,-0.197236,-0.330983,3.000704,0.061376,3.585628,-0.053842,-4.038386,-0.060445,-0.023967,0.130667,0.038704,0.000000,300,288,286.000000,0.390853,0.832779,1
21.025071,21.080583,0.051024,-0.947693,-0.474256,0.066081,0.005847,0.005847,0.008378,-0.160833,-0.319001,-0.209321,-0.332900,2.970080,0.004839,3.524653,-0.051908,-3.919792,-0.004819,-0.003485,0.107094,-0.044809,-0.000000,300,273,272.000000,0.397492,0.785838,1
21.075204,21.129825,0.049242,-0.957668,-0.519785,0.054141,0.005958,0.005957,0.008518,-0.174512,-0.320836,-0.225619,-0.336691,2.957531,0.041441,3.494386,-0.028581,-3.925570,-0.040871,-0.000600,0.090606,-0.047561,0.000000,300,278,277.000000,0.396142,0.800971,1
21.124979,21.180133,0.050308,-0.956307,-0.538166,0.069257,0.005438,0.005436,0.007792,-0.181676,-0.324635,-0.238816,-0.338753,2.947154,0.017312,3.485342,-0.007109,-3.902441,-0.016470,-0.003994,0.067713,-0.039071,0.000000,300,279,277.000000,0.370661,0.817662,1
21.175293,21.230452,0.050319,-0.984631,-0.576243,0.063185,0.005341,0.005340,0.007616,-0.193463,-0.327577,-0.251597,-0.343901,3.008361,0.006032,3.577734,-0.009678,-3.977521,-0.006079,-0.004290,0.011254,-0.017998,0.000000,300,283,282.000000,0.359986,0.835111,1
21.224831,21.279209,0.048757,-0.979675,-0.599292,0.065965,0.005524,0.005524,0.008045,-0.202229,-0.327682,-0.263622,-0.344740,2.967627,-0.031954,3.483026,0.002708,-3.911160,0.032471,-0.025122,0.055871,-0.003746,0.000000,300,268,267.000000,0.355903,0.792899,1
21.274772,21.330335,0.051126,-0.970369,-0.641534,0.062873,0.005238,0.005233,0.007549,-0.216401,-0.330510,-0.275160,-0.349321,2.947651,0.042364,3.478778,-0.028829,-3.891811,-0.041645,0.043194,0.055255,-0.055080,-0.000000,300,275,274.000000,0.360519,0.811228,1
21.325222,21.380108,0.049773,-0.970046,-0.658420,0.069657,0.005480,0.005477,0.008059,-0.222713,-0.330084,-0.288896,-0.350671,2.940553,0.024906,3.459149,0.084492,-3.834248,-0.025794,0.054843,-0.147829,-0.102547,-0.000000,300,271,268.000000,0.363912,0.797693,1
21.374850,21.429592,0.049484,-0.961610,-0.676981,0.059892,0.005280,0.005287,0.007763,-0.232927,-0.330144,-0.300392,-0.350937,2.899892,0.011099,3.426256,0.128546,-3.772731,-0.009984,0.025558,-0.120745,-0.046122,0.000000,300,265,260.000000,0.348383,0.787727,1
21.424526,21.479460,0.049868,-0.968825,-0.710667,0.053926,0.005160,0.005160,0.007592,-0.244098,-0.332116,-0.312236,-0.354342,2.909814,0.009926,3.457326,0.060218,-3.764409,-0.009734,0.000058,-0.086427,-0.031146,0.000000,300,275,274.000000,0.351166,0.816035,1
21.475168,21.530876,0.051416,-0.974039,-0.744147,0.046380,0.004809,0.004809,0.007074,-0.254610,-0.333632,-0.327188,-0.354747,2.916598,0.034636,3.462938,0.057424,-3.777156,-0.033087,0.007932,-0.021177,-0.050013,0.000000,300,266,266.000000,0.331718,0.798772,1
21.525761,21.580645,0.049769,-0.984532,-0.776608,0.058528,0.004779,0.004783,0.006954,-0.264785,-0.333670,-0.341807,-0.359803,2.925321,-0.014746,3.449640,0.084939,-3.842417,0.014625,-0.019321,-0.082334,0.024442,-0.000000,300,274,273.000000,0.322389,0.827344,1
21.574532,21.628419,0.047774,-0.974444,-0.792565,0.046998,0.004655,0.004657,0.006867,-0.274793,-0.336579,-0.348115,-0.361824,2.891516,0.007286,3.420737,0.077780,-3.749498,-0.005639,0.004614,-0.058417,-0.052228,0.000000,300,270,269.000000,0.302626,0.824491,1
21.623943,21.679468,0.051049,-0.976700,-0.826343,0.050836,0.004818,0.004818,0.006979,-0.285594,-0.335610,-0.364331,-0.363229,2.900858,0.017890,3.431697,0.055351,-3.811911,-0.017721,0.011863,-0.038229,-0.001582,0.000000,300,270,269.000000,0.333617,0.809862,1
21.675168,21.730868,0.051400,-0.972039,-0.861600,0.033407,0.004475,0.004483,0.006511,-0.295471,-0.334277,-0.375906,-0.363366,2.899602,0.021488,3.473335,0.115241,-3.758135,-0.022928,-0.033358,-0.061919,0.077273,-0.000000,300,269,269.000000,0.312257,0.817005,1
21.725811,21.780753,0.049885,-0.980801,-0.884006,0.035342,0.004412,0.004406,0.006504,-0.306101,-0.340329,-0.387179,-0.369206,2.887287,0.041719,3.434428,-0.016519,-3.725047,-0.040534,0.052744,0.049432,-0.050297,0.000000,300,265,264.000000,0.296831,0.811806,1
21.775245,21.829737,0.048984,-0.983760,-0.907381,0.032450,0.004234,0.004236,0.006233,-0.314534,-0.340282,-0.396031,-0.370012,2.890880,0.010134,3.446803,-0.105782,-3.724931,-0.007226,0.030309,0.172995,-0.001863,-0.000000,300,267,266.000000,0.280557,0.825058,1
21.824709,21.879681,0.049944,-0.967160,-0.923450,0.027814,0.004007,0.004006,0.005994,-0.323850,-0.336897,-0.405834,-0.371178,2.863047,0.006408,3.405694,0.012210,-3.659695,-0.006112,-0.004870,0.008125,0.010752,-0.000000,300,268,265.000000,0.273032,0.831359,1
21.874675,21.929668,0.049987,-0.979575,-0.957227,0.008888,0.003832,0.003831,0.005621,-0.332416,-0.335567,-0.417588,-0.372421,2.904277,0.030380,3.439893,0.045732,-3.775526,-0.029791,0.019479,-0.049402,-0.062465,0.000000,300,268,266.000000,0.258010,0.837576,1
21.924958,21.980247,0.050579,-0.956812,-0.973259,0.017242,0.003406,0.003401,0.005018,-0.342646,-0.337019,-0.428464,-0.375674,2.840340,0.003387,3.365200,-0.017152,-3.679832,-0.002242,0.061461,0.046149,-0.060171,0.000000,300,271,269.000000,0.238367,0.854767,1
21.975071,22.029896,0.049649,-0.962104,-1.000420,0.004078,0.003711,0.003703,0.005441,-0.352351,-0.337672,-0.438987,-0.377046,2.854414,-0.020365,3.381923,-0.030155,-3.707689,0.025103,0.082016,0.133450,-0.085762,-0.000000,300,275,274.000000,0.255868,0.860342,1
22.024270,22.078644,0.048748,-0.960237,-1.020679,-0.002404,0.003487,0.003476,0.005116,-0.360826,-0.336265,-0.447094,-0.377217,2.843393,0.028417,3.355447,-0.036590,-3.702607,-0.026539,0.102817,0.074898,-0.116850,-0.000000,300,268,266.000000,0.233250,0.847239,1
22.073791,22.128938,0.050294,-0.961816,-1.054384,-0.012518,0.003812,0.003810,0.005557,-0.369932,-0.336053,-0.456760,-0.376110,2.863534,0.044081,3.411378,0.154504,-3.715342,-0.044055,0.114447,-0.136572,-0.095849,0.000000,300,266,265.000000,0.260629,0.830269,1
22.123888,22.178839,0.049901,-0.963174,-1.082049,-0.021950,0.003303,0.003304,0.004901,-0.379483,-0.336760,-0.468945,-0.377500,2.865741,0.032398,3.379930,0.129230,-3.711221,-0.032751,0.069748,-0.102823,-0.037440,0.000000,300,269,269.000000,0.225985,0.853100,1
22.174594,22.230350,0.051511,-0.958275,-1.091036,-0.035020,0.003319,0.003317,0.004921,-0.387274,-0.337502,-0.475293,-0.381583,2.838418,0.021231,3.364874,0.006156,-3.662969,-0.021792,0.014338,-0.027119,0.025270,0.000000,300,266,265.000000,0.235209,0.840185,1
22.224367,22.278384,0.048034,-0.938204,-1.108956,-0.040792,0.003131,0.003122,0.004570,-0.396514,-0.335392,-0.486825,-0.378022,2.809238,0.044276,3.311722,0.068608,-3.680874,-0.040066,0.106274,0.024287,-0.067074,0.000000,300,265,265.000000,0.208445,0.846551,1
22.274449,22.330513,0.052129,-0.931033,-1.135091,-0.052327,0.003130,0.003125,0.004628,-0.405243,-0.330471,-0.495842,-0.377822,2.812150,0.047938,3.304560,0.084551,-3.662555,-0.049192,0.084105,-0.075412,-0.027908,-0.000000,300,267,266.000000,0.226539,0.846555,1
22.324772,22.379030,0.048517,-0.950761,-1.176717,-0.061257,0.003159,0.003155,0.004648,-0.413127,-0.333459,-0.506490,-0.378900,2.842990,0.032416,3.321188,0.081040,-3.735077,-0.032566,0.078411,-0.056246,-0.033857,-0.000000,300,269,268.000000,0.211354,0.858325,1
22.374972,22.430914,0.051884,-0.912895,-1.143450,-0.069830,0.002864,0.002859,0.004166,-0.419979,-0.329907,-0.509119,-0.380118,2.743901,0.035934,3.245777,-0.001627,-3.597106,-0.037535,0.062573,-0.038220,-0.005197,0.000000,300,268,266.000000,0.211637,0.855036,1
22.426470,22.482026,0.051112,-0.911097,-1.191847,-0.090567,0.002978,0.002977,0.004414,-0.429002,-0.329070,-0.519570,-0.380884,2.780912,0.022528,3.248825,0.035559,-3.637626,-0.023240,0.009749,-0.062489,0.000658,-0.000000,300,267,267.000000,0.214564,0.850830,1
22.475211,22.528395,0.046369,-0.915684,-1.218683,-0.088059,0.003095,0.003092,0.004709,-0.435513,-0.325899,-0.523749,-0.378219,2.799544,0.007958,3.277758,-0.055351,-3.590735,-0.007284,0.055434,0.026105,0.034363,0.000000,300,258,258.000000,0.197317,0.827771,1
22.524597,22.580798,0.052403,-0.912932,-1.245268,-0.112522,0.002866,0.002870,0.004388,-0.441913,-0.323031,-0.528570,-0.376144,2.804859,0.022602,3.255186,-0.112349,-3.611258,-0.018694,0.014465,0.128470,0.073841,-0.000000,300,259,259.000000,0.206723,0.827951,1
22.575543,22.630287,0.049489,-0.906916,-1.258335,-0.122158,0.002951,0.002950,0.004481,-0.447972,-0.322215,-0.535474,-0.374359,2.790844,0.005288,3.249064,-0.119921,-3.596563,-0.001214,0.078980,0.173345,-0.041625,-0.000000,300,261,260.000000,0.201997,0.835893,1
22.625349,22.680410,0.050123,-0.897162,-1.278213,-0.125387,0.002638,0.002637,0.004066,-0.457895,-0.320633,-0.541603,-0.371849,2.779338,0.024345,3.235027,-0.031843,-3.552566,-0.022408,0.011976,0.095727,0.032731,-0.000000,300,265,265.000000,0.185753,0.853871,1
22.674031,22.727653,0.047243,-0.884794,-1.287927,-0.141483,0.002866,0.002867,0.004313,-0.461267,-0.319001,-0.547481,-0.372589,2.769180,-0.031709,3.204983,-0.072020,-3.614559,0.032328,0.002223,0.102749,-0.000698,-0.000000,300,263,263.000000,0.190227,0.846051,1
22.723650,22.779648,0.051995,-0.875596,-1.305504,-0.150297,0.002796,0.002796,0.004235,-0.471558,-0.315208,-0.551884,-0.368710,2.771073,0.031358,3.218249,0.007625,-3.591804,-0.031500,-0.055740,0.005958,0.097158,0.000000,300,264,264.000000,0.204585,0.844647,1
22.775160,22.830672,0.051024,-0.871946,-1.318268,-0.165230,0.003188,0.003189,0.004715,-0.475867,-0.313518,-0.554528,-0.369465,2.770319,0.006192,3.232758,-0.011648,-3.634775,-0.006226,-0.045579,0.015011,0.036171,0.000000,300,271,271.000000,0.232017,0.857189,1
22.824503,22.878333,0.047661,-0.838423,-1.302585,-0.174759,0.003240,0.003242,0.004802,-0.484129,-0.309175,-0.561804,-0.365457,2.691038,0.006512,3.155264,0.058807,-3.513060,-0.007491,-0.062254,-0.014484,0.097834,-0.000000,300,275,275.000000,0.228411,0.871214,1
22.874797,22.931261,0.052928,-0.839558,-1.328984,-0.177531,0.003043,0.003045,0.004569,-0.491995,-0.305621,-0.565153,-0.360266,2.707242,-0.008095,3.161870,0.079828,-3.512651,0.005720,0.001780,-0.110453,0.058897,-0.000000,300,267,267.000000,0.233203,0.844095,1
22.925935,22.980608,0.049347,-0.849502,-1.383745,-0.210416,0.003465,0.003468,0.005215,-0.500909,-0.304769,-0.569704,-0.360260,2.773484,0.027242,3.264837,0.082862,-3.567192,-0.029265,-0.075991,-0.041132,0.130627,0.000000,300,262,262.000000,0.239497,0.825957,1
22.974914,23.029220,0.048612,-0.831451,-1.377385,-0.210185,0.003409,0.003410,0.005102,-0.502123,-0.298847,-0.570913,-0.357313,2.738728,0.018008,3.227280,0.039240,-3.533235,-0.018507,-0.023227,-0.052758,0.048806,0.000000,300,262,262.000000,0.235068,0.827602,1
23.025012,23.080804,0.051584,-0.827651,-1.397992,-0.226808,0.003464,0.003464,0.005241,-0.508029,-0.296565,-0.574830,-0.353273,2.746953,0.000158,3.206807,0.044742,-3.546254,-0.000719,0.000192,-0.060572,0.016489,0.000000,300,265,264.000000,0.253549,0.829977,1
23.074613,23.128423,0.047619,-0.809687,-1.399136,-0.239219,0.003583,0.003588,0.005443,-0.517594,-0.292528,-0.581734,-0.348300,2.731547,0.005173,3.207954,0.105432,-3.496736,-0.007703,-0.006297,-0.160009,0.049233,-0.000000,300,268,268.000000,0.245364,0.842605,1
23.124786,23.181150,0.052727,-0.798367,-1.421401,-0.240744,0.003270,0.003274,0.005066,-0.526854,-0.287715,-0.592239,-0.344262,2.726336,0.004622,3.175629,0.114672,-3.469652,-0.006411,0.029002,-0.152656,-0.012633,0.000000,300,270,270.000000,0.249159,0.847394,1
23.175939,23.230728,0.049578,-0.779681,-1.422832,-0.264772,0.003698,0.003702,0.005663,-0.528359,-0.283727,-0.590470,-0.340084,2.716196,-0.005364,3.166132,0.087122,-3.482628,0.003952,-0.025974,-0.155010,0.051280,0.000000,300,273,272.000000,0.267157,0.849377,1
23.225371,23.280013,0.049285,-0.774139,-1.444282,-0.267198,0.003663,0.003670,0.005632,-0.537239,-0.282626,-0.598735,-0.337164,2.710911,0.003104,3.176447,0.113526,-3.447858,-0.004305,-0.040777,-0.213170,0.061365,-0.000000,300,269,269.000000,0.262123,0.839019,1
23.275413,23.330814,0.050801,-0.766312,-1.465440,-0.283817,0.004208,0.004208,0.006602,-0.535129,-0.280203,-0.594243,-0.330681,2.732351,0.021222,3.185791,0.070095,-3.444343,-0.021545,-0.111971,-0.126726,0.174611,0.000000,300,256,256.000000,0.300216,0.782781,1
23.326474,23.382135,0.051321,-0.761197,-1.461076,-0.285587,0.003723,0.003747,0.005780,-0.549640,-0.279431,-0.604629,-0.326189,2.715143,0.004383,3.175726,0.208362,-3.433038,-0.008548,-0.099879,-0.282455,0.171895,-0.000000,300,267,266.000000,0.275309,0.827295,1
23.375720,23.429306,0.047171,-0.724754,-1.439979,-0.309510,0.004504,0.004510,0.007018,-0.541165,-0.269000,-0.598562,-0.322589,2.670007,0.004934,3.130083,0.088178,-3.370624,-0.006605,-0.058534,-0.054128,0.105850,0.000000,300,254,254.000000,0.304347,0.774891,1
23.425569,23.481832,0.052526,-0.717117,-1.467677,-0.300471,0.004223,0.004223,0.006708,-0.549542,-0.270584,-0.601241,-0.319424,2.679586,0.032280,3.138053,0.066644,-3.341095,-0.031542,-0.124118,-0.087350,0.117486,0.000000,300,257,257.000000,0.318225,0.777892,1
23.474875,23.527918,0.046086,-0.696924,-1.460880,-0.318938,0.004280,0.004282,0.006800,-0.547728,-0.266148,-0.598704,-0.312166,2.663334,0.026847,3.113304,0.071601,-3.328516,-0.026555,-0.108160,-0.055025,0.083836,-0.000000,300,266,263.000000,0.288109,0.818708,1
23.523715,23.579512,0.051594,-0.696150,-1.484370,-0.334372,0.004426,0.004426,0.007004,-0.550580,-0.262189,-0.599583,-0.308309,2.694425,0.038604,3.155829,0.062282,-3.369775,-0.040577,-0.113295,0.030551,0.104292,-0.000000,300,259,259.000000,0.327095,0.779892,1
23.574036,23.628560,0.049048,-0.685245,-1.496727,-0.339094,0.004704,0.004731,0.007514,-0.566837,-0.255014,-0.608822,-0.305434,2.675017,-0.011254,3.128306,0.185728,-3.331016,0.012866,-0.097958,-0.166304,0.069718,-0.000000,300,262,262.000000,0.334912,0.785255,1
23.623873,23.679186,0.050626,-0.661185,-1.477183,-0.344388,0.004313,0.004363,0.006657,-0.566130,-0.252610,-0.611603,-0.298740,2.650438,0.001087,3.121026,0.268003,-3.354680,0.004420,-0.107013,-0.244878,0.047627,-0.000000,300,275,275.000000,0.327688,0.827780,1
23.674205,23.729225,0.050039,-0.651383,-1.496679,-0.355933,0.004819,0.004851,0.007284,-0.571533,-0.248878,-0.613003,-0.294007,2.664826,-0.002761,3.144410,0.211866,-3.411166,0.005188,-0.103106,-0.210841,0.072328,-0.000000,300,266,265.000000,0.353371,0.788238,1
23.724145,23.779066,0.049841,-0.637026,-1.511155,-0.358767,0.004749,0.004785,0.007302,-0.576728,-0.240763,-0.619118,-0.288954,2.657920,0.006990,3.135597,0.221476,-3.367835,-0.008874,-0.107125,-0.162121,0.114420,0.000000,300,265,265.000000,0.347710,0.788056,1
23.773597,23.828127,0.049061,-0.622601,-1.504868,-0.379043,0.005340,0.005377,0.007923,-0.576962,-0.236965,-0.613278,-0.281144,2.650713,0.015233,3.144397,0.216602,-3.426116,-0.013445,-0.102516,-0.154580,0.065595,0.000000,300,271,271.000000,0.390346,0.783892,1
23.823913,23.879699,0.051572,-0.620554,-1.531885,-0.388177,0.005094,0.005147,0.007722,-0.586861,-0.231589,-0.626934,-0.274244,2.691184,-0.023141,3.188916,0.259917,-3.429978,0.025813,-0.086566,-0.205187,0.051200,-0.000000,300,261,260.000000,0.377697,0.761385,1
23.874392,23.929086,0.049387,-0.607125,-1.537709,-0.388554,0.005482,0.005520,0.008297,-0.576820,-0.225812,-0.614230,-0.269566,2.687295,-0.004415,3.194946,0.210402,-3.418330,0.005801,-0.034904,-0.135089,0.022616,0.000000,300,265,264.000000,0.392823,0.765248,1
23.924788,23.980491,0.051405,-0.564429,-1.503911,-0.393443,0.005380,0.005416,0.008061,-0.588176,-0.218579,-0.611948,-0.259502,2.613381,-0.010446,3.091446,0.207294,-3.366728,0.009363,-0.087731,-0.106092,0.082966,-0.000000,300,263,263.000000,0.411751,0.749583,1
23.976244,24.031998,0.051507,-0.555430,-1.521758,-0.416874,0.006040,0.006084,0.008755,-0.589786,-0.211430,-0.613598,-0.257151,2.639863,-0.032553,3.145826,0.220958,-3.454553,0.033386,-0.057002,-0.171094,0.045472,0.000000,300,275,273.000000,0.467324,0.752358,1
24.025902,24.079806,0.047808,-0.545360,-1.522123,-0.414020,0.006380,0.006427,0.009371,-0.593279,-0.209599,-0.617459,-0.251800,2.641261,0.038494,3.121323,0.228724,-3.448406,-0.038401,-0.116987,-0.179696,0.101550,0.000000,300,263,262.000000,0.448278,0.729976,1
24.074624,24.129442,0.049636,-0.524799,-1.530951,-0.408446,0.005540,0.005563,0.008042,-0.589930,-0.203638,-0.612942,-0.247761,2.633765,-0.018319,3.125930,0.182288,-3.454844,0.020571,-0.122875,-0.123286,0.066751,-0.000000,300,265,265.000000,0.407561,0.757507,1
24.124452,24.179462,0.050020,-0.510278,-1.535008,-0.422265,0.005784,0.005821,0.008637,-0.596498,-0.188360,-0.614728,-0.235907,2.665122,-0.035330,3.143012,0.203718,-3.456631,0.038109,-0.035307,-0.013968,0.012629,-0.000000,300,255,254.000000,0.415186,0.725021,1
24.174880,24.230298,0.050836,-0.476344,-1.472977,-0.417188,0.005805,0.005810,0.008540,-0.582990,-0.187828,-0.595000,-0.233061,2.565433,0.004058,3.051615,0.075784,-3.326630,-0.004702,-0.084663,-0.003004,0.073170,0.000000,300,272,268.000000,0.451885,0.752920,1
24.224250,24.278202,0.047904,-0.474820,-1.513811,-0.418757,0.006159,0.006212,0.008948,-0.602047,-0.180881,-0.615564,-0.222374,2.612554,-0.032083,3.098592,0.236550,-3.427023,0.033845,-0.060066,-0.209087,0.039435,-0.000000,300,269,269.000000,0.444550,0.748704,1
24.273898,24.329593,0.051391,-0.450277,-1.512180,-0.425542,0.005737,0.005753,0.008587,-0.588589,-0.173966,-0.601133,-0.212745,2.617936,-0.039176,3.078062,0.130812,-3.392065,0.040209,-0.050453,-0.017817,0.029388,0.000000,300,264,263.000000,0.438361,0.738156,1
24.324661,24.379729,0.050136,-0.437002,-1.509682,-0.427491,0.006205,0.006232,0.009056,-0.593024,-0.165987,-0.598658,-0.207845,2.608841,-0.037979,3.090062,0.168818,-3.414620,0.039063,-0.040335,-0.132626,0.025667,0.000000,300,274,273.000000,0.472850,0.746439,1
24.375076,24.430423,0.050694,-0.415471,-1.488392,-0.419226,0.005856,0.005894,0.008536,-0.588980,-0.158524,-0.590604,-0.196542,2.578761,-0.050186,3.075647,0.203504,-3.359086,0.051693,-0.018281,-0.154559,0.006821,0.000000,300,277,276.000000,0.458956,0.762682,1
24.425373,24.480324,0.049901,-0.394372,-1.496019,-0.418576,0.005633,0.005641,0.008296,-0.589095,-0.149265,-0.585684,-0.196612,2.590108,-0.048584,3.068784,0.096270,-3.368128,0.050253,-0.044660,-0.025124,0.003688,0.000000,300,267,267.000000,0.425597,0.753514,1
24.476087,24.531849,0.051525,-0.388455,-1.500695,-0.421826,0.006304,0.006301,0.009173,-0.581268,-0.140218,-0.573084,-0.176916,2.613986,-0.061363,3.105458,0.064821,-3.416376,0.067293,0.035797,0.079515,-0.083894,-0.000000,300,263,263.000000,0.483106,0.710777,1
24.526604,24.581360,0.049511,-0.362349,-1.478245,-0.419418,0.006279,0.006283,0.009057,-0.591689,-0.143966,-0.585545,-0.180707,2.579036,-0.047565,3.057507,0.074865,-3.403711,0.048680,-0.086235,0.024318,-0.000179,-0.000000,300,273,272.000000,0.477046,0.741300,1
24.575125,24.628891,0.047531,-0.346840,-1.498663,-0.430219,0.006926,0.006934,0.010039,-0.583339,-0.131112,-0.568162,-0.166639,2.616824,-0.026444,3.106880,0.085674,-3.435945,0.028481,-0.041887,0.028967,-0.009485,0.000000,300,261,261.000000,0.487756,0.702800,1
24.624337,24.679783,0.050892,-0.316160,-1.467318,-0.415110,0.006262,0.006263,0.008931,-0.584312,-0.128355,-0.566969,-0.162166,2.562013,-0.026823,3.044265,0.051810,-3.400686,0.025737,-0.088980,0.040473,0.073245,-0.000000,300,275,275.000000,0.494933,0.736303,1
24.674779,24.729774,0.049991,-0.306882,-1.471511,-0.427005,0.006187,0.006196,0.008848,-0.583847,-0.114410,-0.567996,-0.149398,2.585342,-0.042294,3.075947,0.104848,-3.422882,0.040996,-0.085405,0.001653,0.081448,-0.000000,300,280,279.000000,0.479501,0.758856,1
24.725101,24.780428,0.050654,-0.275779,-1.455688,-0.416180,0.005789,0.005798,0.008394,-0.585879,-0.104198,-0.561348,-0.141891,2.562998,-0.055112,3.028456,0.108740,-3.380639,0.053931,-0.090618,0.003696,0.076457,-0.000000,300,271,269.000000,0.450203,0.751099,1
24.774669,24.828910,0.048482,-0.264179,-1.433357,-0.395590,0.006273,0.006293,0.009108,-0.577994,-0.105664,-0.553759,-0.139985,2.527729,-0.070769,3.000215,0.145590,-3.316606,0.071088,-0.096838,-0.100905,0.076918,0.000000,300,271,269.000000,0.473455,0.737921,1
24.824948,24.880985,0.052075,-0.248229,-1.447908,-0.407828,0.006734,0.006748,0.009693,-0.576111,-0.094432,-0.547314,-0.124104,2.563258,-0.070095,3.062304,0.112818,-3.363878,0.072460,-0.044939,-0.056629,-0.006282,0.000000,300,268,267.000000,0.536532,0.693654,1
24.876206,24.931426,0.050441,-0.222758,-1.425599,-0.395545,0.006525,0.006526,0.009486,-0.555954,-0.085607,-0.525698,-0.120728,2.545390,-0.056990,3.020700,0.040836,-3.334491,0.055945,-0.080780,0.006533,0.110187,0.000000,300,260,260.000000,0.500315,0.693159,1
24.925186,24.978945,0.047519,-0.204123,-1.421938,-0.396892,0.006486,0.006480,0.009389,-0.551910,-0.084707,-0.519915,-0.110708,2.545055,-0.025974,3.020305,0.008549,-3.342884,0.024899,-0.127966,0.028539,0.109606,0.000000,300,280,279.000000,0.485017,0.755587,1
24.974467,25.029988,0.051043,-0.180494,-1.420195,-0.385855,0.006400,0.006404,0.009035,-0.557096,-0.073193,-0.524184,-0.101585,2.554507,-0.052854,3.051558,0.080503,-3.400307,0.052725,-0.097555,-0.032077,0.073042,-0.000000,300,281,280.000000,0.513394,0.741284,1
25.024873,25.079757,0.049769,-0.164538,-1.412043,-0.383606,0.006728,0.006730,0.009648,-0.548565,-0.061758,-0.513326,-0.088689,2.568326,-0.038296,3.072759,0.036644,-3.373824,0.038791,-0.043767,0.024876,0.019553,-0.000000,300,269,268.000000,0.512274,0.710273,1
25.073649,25.127540,0.047783,-0.147298,-1.385984,-0.383296,0.006701,0.006700,0.009597,-0.539534,-0.054087,-0.497688,-0.083068,2.537359,-0.084278,3.043316,-0.014767,-3.328383,0.083532,-0.068328,0.068944,0.007435,-0.000000,300,274,273.000000,0.500349,0.730463,1
25.124167,25.180794,0.053254,-0.126235,-1.385565,-0.368464,0.006331,0.006330,0.009017,-0.537771,-0.049510,-0.499796,-0.073784,2.545661,-0.095755,3.049362,0.005342,-3.356817,0.095456,-0.087938,0.019654,0.052875,-0.000000,300,279,279.000000,0.530809,0.725566,1
25.174616,25.228437,0.047643,-0.097474,-1.360491,-0.373061,0.006262,0.006264,0.008927,-0.535129,-0.036237,-0.493459,-0.056764,2.529789,-0.102412,3.013005,0.059757,-3.353630,0.102298,-0.095072,0.024675,0.036230,-0.000000,300,278,277.000000,0.470922,0.758464,1
25.223877,25.279316,0.050879,-0.081192,-1.346470,-0.360152,0.006610,0.006618,0.009461,-0.532901,-0.030149,-0.480748,-0.049293,2.509811,-0.078029,3.010601,0.094897,-3.294356,0.077471,-0.084849,-0.071639,0.091062,0.000000,300,280,279.000000,0.537032,0.724411,1
25.274347,25.329378,0.050062,-0.063997,-1.339449,-0.346196,0.006492,0.006492,0.009244,-0.511809,-0.022473,-0.464182,-0.042704,2.528299,-0.058692,3.042542,-0.046520,-3.319451,0.058579,-0.103783,0.064452,0.118381,0.000000,300,276,276.000000,0.512321,0.728729,1
25.324597,25.379816,0.050438,-0.039733,-1.305566,-0.327359,0.006576,0.006573,0.009470,-0.507631,-0.018383,-0.456183,-0.032771,2.498672,-0.064641,2.988890,-0.017464,-3.271713,0.064758,-0.109574,0.015307,0.118972,-0.000000,300,280,280.000000,0.532800,0.726965,1
25.374305,25.428794,0.048978,-0.016351,-1.299450,-0.310236,0.006048,0.006046,0.008513,-0.509242,-0.004741,-0.454056,-0.021895,2.514032,-0.071512,3.031422,-0.008090,-3.324438,0.071436,-0.094397,0.016178,0.115151,0.000000,300,282,281.000000,0.473892,0.767614,1
25.424222,25.479650,0.050856,-0.000442,-1.288709,-0.302082,0.005729,0.005729,0.008300,-0.499161,0.001342,-0.439187,-0.013246,2.525270,-0.035647,3.005561,-0.005444,-3.308074,0.035560,-0.045902,-0.021103,0.025176,0.000000,300,276,275.000000,0.459202,0.759786,1
25.474559,25.529467,0.049817,0.026465,-1.273410,-0.300637,0.005734,0.005735,0.008274,-0.501515,0.013041,-0.436571,0.001619,2.509521,-0.061121,2.988189,0.040237,-3.296670,0.061142,-0.074663,-0.002374,0.050164,-0.000000,300,279,279.000000,0.456246,0.769766,1
25.524508,25.579550,0.050083,0.043123,-1.226474,-0.284215,0.006092,0.006094,0.008625,-0.490295,0.019683,-0.428115,0.007401,2.445438,-0.071389,2.915979,-0.045002,-3.255099,0.071046,-0.072085,0.039003,0.050498,0.000000,300,282,282.000000,0.502833,0.750294,1
25.575334,25.631118,0.051568,0.061567,-1.214871,-0.276407,0.006253,0.006255,0.008988,-0.490000,0.026828,-0.416728,0.018854,2.446972,-0.043057,2.929955,0.039525,-3.208570,0.043471,-0.034042,-0.018233,0.017019,0.000000,300,277,276.000000,0.525431,0.723571,1
25.625500,25.679881,0.048763,0.089850,-1.199005,-0.261666,0.006211,0.006211,0.009017,-0.479905,0.038283,-0.412175,0.031318,2.459740,-0.013408,2.943943,-0.027198,-3.202085,0.013380,-0.056590,0.043668,0.058036,-0.000000,300,276,275.000000,0.490011,0.741869,1
25.674640,25.729398,0.049517,0.108268,-1.195095,-0.250739,0.005581,0.005583,0.008019,-0.476271,0.043763,-0.390149,0.041476,2.471555,-0.039055,2.949811,-0.041428,-3.250083,0.039304,-0.043519,0.064166,0.054837,0.000000,300,282,282.000000,0.450654,0.781322,1
25.724130,25.778861,0.049463,0.129895,-1.184324,-0.242073,0.005429,0.005428,0.007774,-0.469484,0.053634,-0.389769,0.055633,2.494086,-0.029988,2.986735,0.027891,-3.277262,0.030355,-0.005518,-0.001396,0.015008,0.000000,300,285,284.000000,0.435305,0.798661,1
25.774242,25.829622,0.050761,0.150740,-1.146552,-0.222757,0.005922,0.005926,0.008597,-0.466655,0.062279,-0.374946,0.062800,2.439805,-0.058766,2.905335,0.065569,-3.192043,0.058361,-0.039420,-0.058657,0.055624,0.000000,300,280,279.000000,0.493890,0.750312,1
25.825631,25.881639,0.052017,0.171591,-1.121966,-0.210813,0.005367,0.005368,0.007746,-0.456926,0.070182,-0.368103,0.073086,2.440850,-0.066449,2.929158,0.034583,-3.183435,0.066460,-0.041769,-0.074540,0.031502,0.000000,300,281,281.000000,0.460116,0.773014,1
25.875864,25.930089,0.048450,0.190951,-1.098252,-0.202066,0.005798,0.005796,0.008316,-0.448675,0.079273,-0.356311,0.085789,2.438797,-0.044037,2.928808,0.001029,-3.192952,0.044212,-0.004097,0.007692,-0.020117,-0.000000,300,282,282.000000,0.464058,0.773440,1
25.925596,25.981102,0.051013,0.211643,-1.086743,-0.195297,0.005578,0.005581,0.007952,-0.445313,0.086229,-0.349681,0.092180,2.433969,-0.037507,2.924599,0.050609,-3.200083,0.037893,-0.064304,-0.096080,0.058595,-0.000000,300,281,281.000000,0.470345,0.766990,1
25.975656,26.030211,0.049109,0.230674,-1.045102,-0.173815,0.005078,0.005081,0.007311,-0.431727,0.095112,-0.334533,0.105167,2.393609,-0.019486,2.863687,0.059792,-3.137671,0.018730,-0.054044,-0.078406,0.085545,-0.000000,300,284,283.000000,0.420611,0.804364,1
26.024565,26.078918,0.048707,0.257466,-1.044534,-0.167397,0.005891,0.005897,0.008325,-0.428916,0.105182,-0.322813,0.115041,2.432138,-0.056049,2.930755,0.078807,-3.210999,0.054696,-0.055858,-0.083441,0.097966,-0.000000,300,277,277.000000,0.471236,0.755553,1
26.073732,26.128547,0.049629,0.275633,-1.016805,-0.160947,0.005159,0.005159,0.007412,-0.414974,0.115595,-0.311969,0.125507,2.429339,-0.039542,2.922011,0.050921,-3.173634,0.039361,-0.000481,-0.029087,0.030327,-0.000000,300,283,281.000000,0.423814,0.799694,1
26.123812,26.179078,0.050531,0.295671,-0.994919,-0.143550,0.004863,0.004858,0.007056,-0.402216,0.123503,-0.297025,0.132543,2.435221,-0.050550,2.926999,-0.017597,-3.158637,0.051549,0.028411,0.041274,0.004295,0.000000,300,284,283.000000,0.406965,0.812157,1
26.175273,26.231468,0.052390,0.312200,-0.962655,-0.123087,0.004594,0.004591,0.006586,-0.397584,0.131428,-0.289124,0.143707,2.392897,-0.026084,2.868194,0.026328,-3.140879,0.027758,0.021118,0.033255,-0.012391,-0.000000,300,279,279.000000,0.402855,0.800143,1
26.225624,26.279779,0.048311,0.333491,-0.937015,-0.112437,0.004746,0.004745,0.006760,-0.390969,0.139543,-0.275150,0.152561,2.385837,-0.037246,2.870339,0.025003,-3.137164,0.038481,-0.007822,0.044273,0.006855,0.000000,300,283,282.000000,0.387192,0.820349,1
26.274583,26.329387,0.049608,0.355626,-0.917871,-0.114560,0.005161,0.005161,0.007341,-0.380491,0.147207,-0.263550,0.163831,2.396674,-0.043470,2.873104,-0.018441,-3.164182,0.043023,-0.063163,0.094102,0.059097,0.000000,300,283,283.000000,0.431271,0.795394,1
26.324538,26.379689,0.050302,0.377129,-0.893653,-0.091819,0.004286,0.004285,0.006115,-0.373071,0.156226,-0.256739,0.173186,2.398531,-0.004767,2.865201,-0.017841,-3.169553,0.005964,-0.019322,0.089985,0.056192,-0.000000,300,282,281.000000,0.361539,0.831336,1
26.374771,26.429853,0.050164,0.406701,-0.865153,-0.083545,0.004845,0.004845,0.006864,-0.357639,0.167023,-0.243127,0.182397,2.387238,-0.013370,2.868245,-0.003954,-3.155293,0.013276,-0.053589,0.067179,0.054174,0.000000,300,287,287.000000,0.413909,0.816742,1
26.424833,26.479814,0.049961,0.421045,-0.833746,-0.080723,0.004465,0.004466,0.006410,-0.348777,0.177408,-0.237701,0.190169,2.359489,-0.007907,2.818958,-0.048545,-3.102353,0.008860,-0.019900,0.138239,0.010591,0.000000,300,285,285.000000,0.382994,0.828475,1
26.475440,26.531067,0.051253,0.438668,-0.818923,-0.066831,0.004402,0.004409,0.006238,-0.341559,0.184534,-0.218694,0.201017,2.365633,-0.006680,2.818376,-0.099382,-3.146224,0.007243,-0.052227,0.201286,0.067912,-0.000000,300,291,291.000000,0.390424,0.841699,1
26.525762,26.580457,0.049390,0.462749,-0.799593,-0.051964,0.004174,0.004174,0.005862,-0.332373,0.192927,-0.212083,0.209016,2.396711,-0.028513,2.853330,-0.008439,-3.215221,0.029033,-0.032593,0.064384,0.064859,-0.000000,300,288,288.000000,0.350305,0.855071,1
26.574897,26.629336,0.048879,0.483963,-0.769661,-0.044865,0.004055,0.004057,0.005625,-0.319097,0.202773,-0.195796,0.217865,2.397399,-0.022108,2.859516,-0.071106,-3.238469,0.021998,-0.093045,0.122089,0.120203,0.000000,300,290,290.000000,0.337772,0.867674,1
26.624009,26.678683,0.049347,0.497256,-0.737237,-0.040470,0.004410,0.004419,0.006105,-0.306660,0.209975,-0.176654,0.227333,2.370794,-0.012741,2.815922,-0.115531,-3.221230,0.015102,-0.013153,0.145312,0.052105,-0.000000,300,290,289.000000,0.374437,0.847802,1
26.673290,26.727896,0.049213,0.521757,-0.711300,-0.034275,0.004124,0.004132,0.005769,-0.297034,0.221293,-0.173303,0.235972,2.365216,0.003938,2.812023,-0.106571,-3.185241,-0.002580,-0.055334,0.147293,0.087521,0.000000,300,283,283.000000,0.346469,0.842231,1
26.724336,26.780775,0.052879,0.538893,-0.690869,-0.027288,0.003860,0.003862,0.005434,-0.286640,0.227405,-0.163984,0.245596,2.374588,0.012458,2.833847,-0.052222,-3.171533,-0.011978,-0.065487,0.121792,0.107928,-0.000000,300,279,279.000000,0.344570,0.831301,1
26.775478,26.830181,0.049406,0.553013,-0.645423,-0.019397,0.003793,0.003807,0.005364,-0.273013,0.236613,-0.144982,0.254565,2.338881,0.045128,2.778791,-0.146653,-3.123864,-0.040948,-0.012552,0.218248,0.060931,-0.000000,300,283,283.000000,0.323374,0.854027,1
26.825753,26.881325,0.051144,0.570362,-0.619716,-0.006243,0.003700,0.003717,0.005245,-0.265043,0.244858,-0.135192,0.263039,2.339419,0.031051,2.789378,-0.166044,-3.104346,-0.031652,-0.088729,0.280020,0.106846,0.000000,300,280,280.000000,0.324739,0.844298,1
26.875003,26.928680,0.047355,0.590669,-0.597988,-0.001760,0.003238,0.003247,0.004606,-0.254163,0.254010,-0.126476,0.274004,2.334877,-0.015569,2.758726,-0.137573,-3.117646,0.015654,-0.103284,0.227451,0.139525,-0.000000,300,280,280.000000,0.263575,0.872705,1
26.924812,26.980944,0.052264,0.625593,-0.573508,-0.001161,0.003322,0.003329,0.004836,-0.240633,0.262952,-0.111267,0.280114,2.385318,0.035189,2.805687,-0.120240,-3.145335,-0.034862,-0.107251,0.184444,0.144306,0.000000,300,276,276.000000,0.290070,0.848598,1
26.975153,27.029362,0.048418,0.638977,-0.543458,0.008023,0.003248,0.003248,0.004649,-0.231847,0.272374,-0.099069,0.294108,2.355399,-0.009638,2.792318,-0.082576,-3.122405,0.008155,-0.127715,0.153385,0.152068,-0.000000,300,275,275.000000,0.265421,0.856339,1
27.026091,27.082821,0.053459,0.684019,-0.607001,-0.034792,0.133272,0.130920,0.180878,-0.271187,0.288625,-0.147441,0.345328,2.326477,-0.225536,2.755507,0.179483,-3.198586,0.209085,0.317391,-0.173283,-0.091463,0.000000,300,22,22.000000,3.367217,0.000872,1
27.075997,27.129174,0.046353,0.668885,-0.480115,0.023498,0.002199,0.002175,0.003007,-0.203657,0.282643,-0.063437,0.308549,2.360395,-0.006625,2.797995,-0.044080,-3.219427,0.007394,0.206589,0.047186,-0.183518,-0.000000,300,296,296.000000,0.176316,0.956919,1
27.124491,27.179807,0.050633,0.672359,-0.437525,0.025051,0.002134,0.002106,0.002885,-0.189961,0.290842,-0.049908,0.316676,2.301748,0.007958,2.736813,-0.008591,-3.155209,-0.009618,0.224564,-0.005755,-0.210737,-0.000000,300,297,297.000000,0.191608,0.954941,1
27.175332,27.230857,0.051050,0.697725,-0.418887,0.029147,0.002191,0.002161,0.003023,-0.178796,0.297238,-0.039849,0.327126,2.338263,0.013886,2.760445,0.045489,-3.173041,-0.010539,0.233109,-0.014821,-0.214275,-0.000000,300,295,295.000000,0.194411,0.947521,1
27.226102,27.281347,0.050490,0.717959,-0.384071,0.033416,0.002070,0.002041,0.002831,-0.164703,0.305054,-0.027551,0.336494,2.334938,0.004064,2.761946,0.042350,-3.182550,-0.003012,0.237028,-0.031617,-0.222325,-0.000000,300,294,294.000000,0.181540,0.948733,1
27.275481,27.329614,0.048267,0.721890,-0.348783,0.031878,0.002022,0.002003,0.002779,-0.152511,0.313924,-0.018083,0.345876,2.285842,0.000169,2.711081,0.080486,-3.111266,0.000947,0.189363,-0.054891,-0.144926,-0.000000,300,294,294.000000,0.173864,0.951245,1
27.324550,27.379485,0.049871,0.750417,-0.326440,0.034759,0.002138,0.002116,0.002932,-0.139392,0.319848,-0.004245,0.354683,2.330714,-0.002408,2.757491,0.106434,-3.179255,0.004546,0.216935,-0.071717,-0.176680,-0.000000,300,296,296.000000,0.186594,0.953469,1
27.374210,27.428935,0.049450,0.755763,-0.290740,0.036161,0.002193,0.002165,0.003014,-0.126619,0.326655,0.007987,0.363557,2.286438,-0.008407,2.709989,0.100129,-3.104536,0.009995,0.231479,-0.074410,-0.195440,0.000000,300,297,297.000000,0.193340,0.954327,1
27.424331,27.479726,0.050791,0.794717,-0.270671,0.035383,0.002365,0.002345,0.003198,-0.114743,0.335362,0.020481,0.373639,2.352083,-0.030205,2.792592,0.136200,-3.234029,0.031476,0.210108,-0.106495,-0.175327,-0.000000,300,292,292.000000,0.207048,0.933323,1
27.475806,27.531886,0.052160,0.803629,-0.228043,0.035004,0.002346,0.002330,0.003196,-0.097431,0.343114,0.032178,0.382384,2.326827,-0.027889,2.745953,0.165430,-3.197597,0.032451,0.212598,-0.113594,-0.194478,0.000000,300,292,292.000000,0.213144,0.931036,1
27.526419,27.580952,0.049066,0.809533,-0.194909,0.033917,0.002248,0.002235,0.003082,-0.084224,0.351546,0.044046,0.391629,2.284328,-0.005416,2.691571,0.176792,-3.132891,0.009751,0.198906,-0.117721,-0.171744,0.000000,300,292,292.000000,0.195782,0.937402,1
27.575444,27.629936,0.048984,0.826004,-0.168302,0.031920,0.002425,0.002420,0.003335,-0.071599,0.356370,0.055072,0.401500,2.300090,-0.007538,2.708821,0.216837,-3.150489,0.014488,0.193046,-0.141112,-0.181892,0.000000,300,295,295.000000,0.210656,0.941551,1
27.624198,27.678459,0.048523,0.834721,-0.135450,0.032284,0.002512,0.002506,0.003470,-0.057239,0.363338,0.065540,0.408165,2.282905,0.005734,2.679472,0.204827,-3.124745,0.000446,0.187059,-0.139755,-0.180625,0.000000,300,291,291.000000,0.216372,0.926619,1
27.674650,27.730841,0.052382,0.857875,-0.104145,0.028943,0.002359,0.002348,0.003269,-0.044311,0.370878,0.078397,0.418590,2.296422,0.003560,2.686688,0.186775,-3.142826,0.005620,0.196523,-0.101226,-0.196476,0.000000,300,290,290.000000,0.217516,0.922997,1
27.726121,27.781401,0.050560,0.876839,-0.072098,0.026199,0.002658,0.002649,0.003637,-0.030274,0.378497,0.089826,0.427380,2.301421,0.008639,2.704764,0.180200,-3.172956,0.001122,0.179036,-0.079558,-0.175776,0.000000,300,294,294.000000,0.238088,0.927428,1
27.776009,27.830617,0.049216,0.903853,-0.046467,0.022440,0.002794,0.002795,0.003829,-0.018317,0.385138,0.100838,0.436081,2.333408,0.001985,2.760379,0.185978,-3.206553,0.004966,0.126474,-0.066707,-0.100505,-0.000000,300,294,294.000000,0.241177,0.926130,1
27.825608,27.880599,0.049982,0.905200,-0.006824,0.018175,0.002785,0.002795,0.003797,-0.001894,0.393636,0.112787,0.445141,2.287429,0.000292,2.708116,0.255848,-3.153914,0.010346,0.159824,-0.122598,-0.145653,0.000000,300,292,292.000000,0.247575,0.917120,1
27.874936,27.929273,0.048674,0.910198,0.019921,0.012933,0.002899,0.002905,0.003972,0.009850,0.396447,0.122741,0.453384,2.278663,0.001875,2.696488,0.241666,-3.127311,0.006621,0.166774,-0.131390,-0.147971,0.000000,300,292,292.000000,0.251778,0.915310,1
27.924793,27.980313,0.051040,0.932517,0.043974,0.009424,0.003015,0.003045,0.004152,0.021104,0.403506,0.131996,0.461988,2.297070,-0.006663,2.717656,0.310723,-3.146638,0.013637,0.150398,-0.199984,-0.130534,0.000000,300,289,289.000000,0.271315,0.897283,1
27.975183,28.030053,0.049740,0.948382,0.090196,0.003455,0.003154,0.003194,0.004300,0.040299,0.407074,0.143812,0.468877,2.316826,-0.017324,2.749607,0.329923,-3.193821,0.026604,0.137256,-0.202087,-0.129867,-0.000000,300,298,298.000000,0.278787,0.921697,1
28.025436,28.080818,0.050765,0.948092,0.117548,-0.002373,0.003549,0.003608,0.004910,0.051751,0.410620,0.154536,0.476566,2.290002,-0.018873,2.704084,0.370609,-3.132997,0.030906,0.161420,-0.244174,-0.163646,0.000000,300,289,289.000000,0.318330,0.874697,1
28.075418,28.130018,0.049200,0.966649,0.150140,-0.011338,0.003488,0.003534,0.004764,0.065935,0.417454,0.163628,0.483955,2.296184,-0.016078,2.722550,0.348142,-3.166001,0.032153,0.163483,-0.178197,-0.165288,0.000000,300,292,292.000000,0.303995,0.890994,1
28.124814,28.179611,0.049593,0.971317,0.179786,-0.013178,0.003469,0.003536,0.004792,0.078740,0.424170,0.174082,0.490178,2.271016,-0.002586,2.686710,0.383704,-3.110998,0.021545,0.157131,-0.225700,-0.184051,-0.000000,300,291,291.000000,0.307706,0.886101,1
28.174199,28.228787,0.049176,0.982285,0.206895,-0.022805,0.003739,0.003816,0.005197,0.089940,0.428453,0.181911,0.496946,2.277899,-0.001400,2.687346,0.375541,-3.116792,0.014437,0.123774,-0.234833,-0.137743,-0.000000,300,287,287.000000,0.326375,0.864572,1
28.224201,28.279616,0.050829,0.973060,0.234273,-0.025916,0.003711,0.003827,0.005324,0.103105,0.433589,0.191358,0.504311,2.231910,0.010568,2.622427,0.430936,-2.995888,0.000354,0.127719,-0.303528,-0.131746,0.000000,300,285,285.000000,0.340184,0.851464,1
28.275133,28.330650,0.051034,1.023332,0.279690,-0.036645,0.004107,0.004224,0.005827,0.116394,0.440769,0.199939,0.511897,2.309597,0.007152,2.714878,0.435381,-3.117534,0.009186,0.140499,-0.308886,-0.171823,0.000000,300,285,285.000000,0.365186,0.838215,1
28.325334,28.380018,0.049368,1.021193,0.301834,-0.043705,0.004013,0.004175,0.005719,0.126845,0.444233,0.208398,0.519400,2.287143,-0.000808,2.700986,0.487899,-3.076272,0.015398,0.109959,-0.347872,-0.132444,0.000000,300,290,290.000000,0.352224,0.859977,1
28.374720,28.429421,0.049403,0.999044,0.328576,-0.052165,0.004068,0.004229,0.005841,0.141033,0.449527,0.216693,0.524583,2.215333,0.010896,2.596639,0.474839,-2.975850,-0.003424,0.132879,-0.371105,-0.127787,-0.000000,300,286,286.000000,0.365586,0.840939,1
28.423789,28.478157,0.048736,1.028041,0.366097,-0.055729,0.004403,0.004605,0.006267,0.154464,0.450950,0.224217,0.531267,2.263858,0.015617,2.698549,0.503743,-3.024862,-0.018508,0.077588,-0.398985,-0.038065,-0.000000,300,294,294.000000,0.388816,0.851302,1
28.474656,28.531154,0.052997,1.032982,0.388456,-0.066292,0.004286,0.004471,0.006117,0.164850,0.460379,0.231274,0.537814,2.232695,0.014217,2.662722,0.485832,-2.971919,-0.012393,0.093831,-0.388846,-0.073503,-0.000000,300,289,289.000000,0.413336,0.822767,1
28.524835,28.578516,0.047362,1.060934,0.432392,-0.077735,0.004564,0.004796,0.006551,0.178467,0.464633,0.236137,0.543467,2.275172,0.003776,2.712094,0.534212,-3.025101,0.004602,0.103823,-0.395069,-0.099440,0.000000,300,287,287.000000,0.384465,0.833469,1
28.574922,28.631328,0.052812,1.049252,0.454495,-0.084030,0.004420,0.004636,0.006337,0.191504,0.467053,0.244303,0.550068,2.232441,-0.014007,2.669363,0.502192,-2.967736,0.018465,0.049030,-0.368385,-0.042465,0.000000,300,290,290.000000,0.426512,0.817884,1
28.626091,28.680854,0.049526,1.083363,0.486585,-0.093292,0.004683,0.004908,0.006723,0.202960,0.473251,0.251345,0.556089,2.275839,-0.027958,2.727201,0.503833,-3.011129,0.032073,0.032093,-0.389616,-0.032072,-0.000000,300,285,285.000000,0.412347,0.811945,1
28.675183,28.729513,0.048659,1.060384,0.508601,-0.103021,0.004561,0.004868,0.006682,0.212360,0.474125,0.257512,0.560880,2.226066,-0.037039,2.660355,0.581371,-2.909057,0.046608,0.076539,-0.472964,-0.089584,-0.000000,300,291,291.000000,0.406733,0.832310,1
28.723937,28.778362,0.048849,1.098911,0.553957,-0.112797,0.004785,0.005104,0.007028,0.225617,0.477984,0.267271,0.565176,2.285057,-0.026047,2.730949,0.582167,-2.980149,0.022771,0.023873,-0.490457,0.000624,0.000000,300,290,290.000000,0.417610,0.823117,1
28.774729,28.831097,0.052735,1.112116,0.586182,-0.121439,0.004685,0.005028,0.006983,0.237804,0.484489,0.273131,0.570397,2.282407,-0.029131,2.720762,0.600235,-2.948329,0.020279,0.018023,-0.533543,0.023193,0.000000,300,283,283.000000,0.436652,0.792274,1
28.826422,28.881747,0.050650,1.102612,0.603427,-0.128750,0.004888,0.005245,0.007282,0.249581,0.489054,0.282854,0.573334,2.252948,-0.014809,2.708613,0.590378,-2.884522,0.008953,-0.006546,-0.541770,0.032475,0.000000,300,289,289.000000,0.448134,0.802227,1
28.876248,28.930749,0.049002,1.105395,0.640173,-0.138020,0.004938,0.005290,0.007306,0.263038,0.489855,0.291230,0.577753,2.246207,-0.023572,2.696220,0.585110,-2.898017,0.020650,-0.001623,-0.522233,0.018036,-0.000000,300,294,294.000000,0.443061,0.819190,1
28.925764,28.980780,0.050031,1.112832,0.662059,-0.146853,0.004729,0.005109,0.007069,0.271563,0.493928,0.298897,0.580794,2.247630,-0.026160,2.704658,0.616819,-2.877554,0.023405,0.000918,-0.537278,0.015688,0.000000,300,293,293.000000,0.432175,0.822959,1
28.975127,29.029474,0.048694,1.116529,0.692351,-0.151485,0.004772,0.005175,0.007121,0.281653,0.497935,0.305290,0.583542,2.236791,-0.027362,2.705375,0.629046,-2.855445,0.028252,-0.023532,-0.547133,0.023814,-0.000000,300,290,290.000000,0.424542,0.819045,1
29.024746,29.080017,0.050543,1.133943,0.723059,-0.161122,0.004878,0.005324,0.007395,0.294141,0.501365,0.313363,0.586269,2.258487,-0.018298,2.722824,0.652823,-2.849163,0.014682,-0.008259,-0.608101,0.023629,-0.000000,300,287,287.000000,0.443670,0.799325,1
29.074820,29.129622,0.049605,1.161842,0.766010,-0.173943,0.005328,0.005801,0.007966,0.303009,0.504977,0.322769,0.588158,2.291897,-0.012464,2.771181,0.660273,-2.918894,0.020784,-0.031177,-0.586423,0.004402,0.000000,300,290,290.000000,0.471315,0.790964,1
29.125017,29.180411,0.050789,1.148489,0.781020,-0.176665,0.005304,0.005759,0.008132,0.316816,0.506371,0.331974,0.590561,2.252588,0.010351,2.693018,0.623558,-2.841018,-0.010192,-0.099548,-0.581256,0.095613,0.000000,300,278,278.000000,0.478267,0.754161,1
29.175594,29.230777,0.050366,1.146385,0.806358,-0.181093,0.005350,0.005825,0.008099,0.331132,0.511393,0.340688,0.593403,2.228705,0.018876,2.663736,0.634725,-2.835155,-0.023512,-0.090267,-0.600016,0.104343,0.000000,300,291,291.000000,0.494849,0.779194,1
29.225957,29.281138,0.050361,1.140142,0.820206,-0.188276,0.005108,0.005547,0.007710,0.337549,0.517641,0.343654,0.597128,2.201598,0.012087,2.642905,0.618483,-2.803378,-0.018152,-0.081359,-0.557196,0.099842,-0.000000,300,293,293.000000,0.479939,0.793818,1
29.276142,29.331147,0.050009,1.152897,0.854998,-0.198637,0.005501,0.005986,0.008324,0.348320,0.516933,0.352228,0.600461,2.218972,0.025504,2.641730,0.629293,-2.843319,-0.026584,-0.061836,-0.565698,0.064449,-0.000000,300,289,289.000000,0.505807,0.767082,1
29.325526,29.379904,0.048757,1.165450,0.885076,-0.205823,0.005454,0.005873,0.008216,0.360594,0.522555,0.362362,0.601543,2.223986,0.022021,2.652271,0.592569,-2.847619,-0.024155,-0.106200,-0.542085,0.109421,0.000000,300,290,290.000000,0.488337,0.780531,1
29.374409,29.428913,0.049009,1.182551,0.918202,-0.212781,0.005622,0.006070,0.008533,0.372519,0.525027,0.368636,0.604626,2.244270,0.032580,2.680130,0.603374,-2.845570,-0.025801,-0.085034,-0.591273,0.059116,-0.000000,300,290,290.000000,0.501611,0.772336,1
29.424373,29.479833,0.050920,1.167455,0.929471,-0.217932,0.005567,0.006012,0.008456,0.380213,0.528407,0.374383,0.606404,2.208146,0.041925,2.625713,0.593939,-2.813185,-0.039392,-0.081811,-0.571522,0.071191,-0.000000,300,288,288.000000,0.522706,0.753993,1
29.473997,29.528161,0.048328,1.180223,0.970750,-0.224209,0.005602,0.006041,0.008505,0.394616,0.527943,0.382292,0.608015,2.230270,0.053554,2.654781,0.595304,-2.837624,-0.048178,-0.103043,-0.576118,0.081190,0.000000,300,285,285.000000,0.491507,0.765155,1
29.524634,29.581107,0.052946,1.195894,0.994671,-0.237240,0.005684,0.006108,0.008672,0.403513,0.533599,0.389707,0.609784,2.242606,0.038688,2.656574,0.581573,-2.857481,-0.043401,-0.111045,-0.552678,0.126184,0.000000,300,284,284.000000,0.542288,0.731539,1
29.575776,29.630445,0.049338,1.189721,1.009656,-0.239299,0.005568,0.005985,0.008632,0.415682,0.536771,0.397969,0.611106,2.214881,0.048540,2.596474,0.572133,-2.802798,-0.054075,-0.151995,-0.596831,0.177827,0.000000,300,285,285.000000,0.501294,0.759213,1
29.626029,29.681613,0.051168,1.190743,1.023209,-0.242898,0.005570,0.005943,0.008569,0.424642,0.533845,0.401782,0.611674,2.202124,0.052551,2.578655,0.552335,-2.799101,-0.064429,-0.197178,-0.566282,0.248248,0.000000,300,289,289.000000,0.525221,0.755048,1
29.674819,29.728024,0.046411,1.203986,1.067210,-0.248759,0.005451,0.005784,0.008265,0.440642,0.539760,0.411929,0.613986,2.220901,0.054111,2.629436,0.531008,-2.830762,-0.069362,-0.160621,-0.527165,0.223606,-0.000000,300,294,294.000000,0.467461,0.804255,1
29.723996,29.779968,0.051944,1.219723,1.094079,-0.253306,0.005476,0.005785,0.008238,0.449196,0.540100,0.417446,0.615054,2.236576,0.060893,2.645030,0.523265,-2.874410,-0.077851,-0.180986,-0.482856,0.243354,0.000000,300,296,296.000000,0.523073,0.774703,1
29.774232,29.828496,0.048528,1.225190,1.121149,-0.263774,0.005636,0.005924,0.008406,0.462627,0.541616,0.429790,0.616304,2.244825,0.055596,2.659208,0.501982,-2.894885,-0.071492,-0.169782,-0.478527,0.235270,-0.000000,300,297,297.000000,0.502319,0.790530,1
29.824473,29.880451,0.051955,1.196706,1.117908,-0.263274,0.005562,0.005888,0.008421,0.470814,0.543851,0.434735,0.619855,2.187231,0.047221,2.576400,0.511950,-2.802634,-0.058163,-0.150187,-0.523392,0.199177,0.000000,300,286,286.000000,0.534910,0.741243,1
29.875402,29.930352,0.049901,1.215366,1.155121,-0.267713,0.005442,0.005736,0.008162,0.481080,0.544970,0.440925,0.620596,2.210911,0.045312,2.603760,0.501519,-2.851853,-0.051583,-0.151352,-0.514616,0.181641,0.000000,300,289,289.000000,0.499963,0.770689,1
29.924493,29.978634,0.048282,1.196363,1.153611,-0.270230,0.005363,0.005610,0.007986,0.492824,0.547772,0.452034,0.624622,2.170182,0.050535,2.559921,0.451214,-2.816517,-0.055571,-0.110257,-0.452533,0.134654,0.000000,300,292,292.000000,0.488921,0.785552,1
29.974099,30.029563,0.050929,1.228895,1.208931,-0.275057,0.005242,0.005481,0.007902,0.503792,0.546853,0.457211,0.622259,2.225893,0.043341,2.618643,0.459314,-2.865012,-0.043969,-0.139295,-0.479023,0.146173,-0.000000,300,287,287.000000,0.486803,0.773391,1
30.025587,30.081611,0.052048,1.232214,1.232176,-0.279381,0.005182,0.005448,0.007804,0.511725,0.551460,0.464345,0.623510,2.224358,0.027817,2.621383,0.482833,-2.860927,-0.032290,-0.109871,-0.504668,0.133187,-0.000000,300,293,293.000000,0.497691,0.782776,1
30.076596,30.131581,0.049970,1.238435,1.251471,-0.281412,0.005329,0.005525,0.007853,0.526986,0.555190,0.475429,0.626898,2.223569,0.028335,2.623370,0.415667,-2.904361,-0.028601,-0.091698,-0.428742,0.094432,0.000000,300,293,293.000000,0.491775,0.786466,1
30.125020,30.178460,0.046879,1.201946,1.239775,-0.272698,0.005163,0.005411,0.007583,0.532422,0.557881,0.479177,0.625495,2.165600,0.032465,2.575041,0.463108,-2.813551,-0.035460,-0.081168,-0.490783,0.097038,0.000000,300,289,289.000000,0.455903,0.797562,1
30.174840,30.231220,0.052760,1.205869,1.260287,-0.276688,0.005054,0.005248,0.007379,0.546188,0.559886,0.488482,0.628614,2.164603,0.014197,2.585639,0.415711,-2.811721,-0.014627,-0.083964,-0.451143,0.089098,0.000000,300,290,290.000000,0.503347,0.771261,1
30.225614,30.280009,0.048789,1.218661,1.290699,-0.282624,0.005117,0.005306,0.007419,0.551926,0.552071,0.494065,0.623157,2.194144,0.012681,2.606989,0.422952,-2.875912,-0.014219,-0.132082,-0.451244,0.145553,-0.000000,300,285,285.000000,0.460327,0.783892,1
30.274156,30.328303,0.048294,1.213698,1.308628,-0.277412,0.005167,0.005316,0.007415,0.566734,0.552805,0.506509,0.624765,2.183087,0.013976,2.603320,0.371290,-2.881032,-0.015860,-0.094148,-0.373692,0.105512,0.000000,300,284,284.000000,0.462068,0.780108,1
30.324079,30.379856,0.051553,1.223919,1.329228,-0.280384,0.004969,0.005084,0.007131,0.575711,0.554403,0.514879,0.621205,2.188674,0.014754,2.607760,0.339044,-2.895861,-0.015439,-0.127447,-0.297922,0.122476,0.000000,300,287,287.000000,0.475237,0.780411,1
30.375328,30.430800,0.050944,1.214288,1.335604,-0.273293,0.004947,0.005083,0.007108,0.585628,0.557551,0.518059,0.621366,2.170940,0.017041,2.592259,0.363752,-2.857777,-0.015696,-0.118238,-0.372035,0.111765,-0.000000,300,287,287.000000,0.471482,0.782681,1
30.426175,30.481551,0.050751,1.222961,1.365714,-0.278812,0.004811,0.004941,0.006923,0.595064,0.556906,0.524228,0.618013,2.184455,-0.008138,2.608980,0.365542,-2.874670,0.010686,-0.134166,-0.349757,0.115309,0.000000,300,288,288.000000,0.454505,0.795641,1
30.476247,30.530942,0.049391,1.202172,1.352844,-0.266457,0.004631,0.004714,0.006711,0.606094,0.560476,0.537516,0.618663,2.137233,-0.001454,2.543268,0.284730,-2.813075,0.000189,-0.099843,-0.245894,0.102533,-0.000000,300,286,286.000000,0.434171,0.802129,1
30.526156,30.581369,0.050427,1.223843,1.391996,-0.270063,0.004860,0.004917,0.006995,0.616604,0.554690,0.543553,0.612065,2.180444,-0.000612,2.598002,0.255143,-2.870064,-0.001085,-0.154952,-0.252401,0.168322,0.000000,300,287,287.000000,0.455907,0.792040,1
30.575166,30.628962,0.047593,1.210551,1.390672,-0.263908,0.004614,0.004664,0.006702,0.626326,0.555696,0.547709,0.607766,2.155943,-0.005616,2.576632,0.251483,-2.809840,0.002181,-0.173675,-0.240538,0.197745,-0.000000,300,286,286.000000,0.411949,0.815022,1
30.623891,30.678821,0.049859,1.242488,1.443552,-0.271566,0.004742,0.004778,0.006819,0.638921,0.556090,0.554445,0.607406,2.210206,-0.023117,2.641399,0.216915,-2.900661,0.020552,-0.151700,-0.226108,0.182145,0.000000,300,288,288.000000,0.434700,0.807426,1
30.674207,30.729593,0.050772,1.197552,1.404468,-0.257436,0.004587,0.004608,0.006429,0.642878,0.552517,0.557824,0.603618,2.133785,-0.032152,2.557528,0.191986,-2.852194,0.029281,-0.173641,-0.153379,0.180691,0.000000,300,287,287.000000,0.442293,0.800141,1
30.725146,30.780699,0.051106,1.218156,1.443970,-0.256180,0.004625,0.004627,0.006503,0.654637,0.552773,0.559386,0.603017,2.175609,-0.039145,2.606090,0.132165,-2.903074,0.038100,-0.174432,-0.084510,0.146771,-0.000000,300,283,283.000000,0.437215,0.791947,1
30.775749,30.830800,0.050101,1.214819,1.455264,-0.248101,0.004465,0.004476,0.006353,0.660331,0.553413,0.566554,0.603058,2.174682,-0.013787,2.601338,0.161470,-2.878239,0.010597,-0.169394,-0.118725,0.180751,0.000000,300,287,287.000000,0.416956,0.814981,1
30.825399,30.879999,0.049199,1.210067,1.458890,-0.238952,0.004381,0.004374,0.006170,0.666463,0.546542,0.565127,0.595078,2.166649,-0.013432,2.571762,0.155173,-2.898416,0.012272,-0.226083,-0.152566,0.239327,-0.000000,300,288,288.000000,0.402475,0.826172,1
30.875087,30.930175,0.050176,1.216048,1.483461,-0.241521,0.004324,0.004306,0.006024,0.672714,0.541797,0.571548,0.591342,2.181426,-0.049112,2.594684,0.107341,-2.938464,0.048017,-0.229059,-0.092546,0.226626,0.000000,300,283,283.000000,0.398955,0.813804,1
30.924956,30.979736,0.049561,1.207646,1.487809,-0.232800,0.004348,0.004335,0.006098,0.676313,0.543840,0.572677,0.587623,2.170853,-0.040527,2.570976,0.134457,-2.919040,0.040906,-0.228690,-0.141786,0.232314,0.000000,300,282,282.000000,0.397382,0.811806,1
30.975251,31.030766,0.051030,1.220455,1.510363,-0.224563,0.004361,0.004344,0.006099,0.677699,0.538661,0.572421,0.585107,2.199542,-0.021168,2.614110,0.170557,-2.946002,0.022861,-0.270634,-0.187746,0.271042,-0.000000,300,290,290.000000,0.409437,0.827881,1
31.024613,31.078459,0.047693,1.207770,1.517187,-0.209725,0.004568,0.004538,0.006416,0.687891,0.537766,0.575074,0.581617,2.187162,-0.014151,2.598217,0.116625,-2.922596,0.016337,-0.264340,-0.139001,0.264460,-0.000000,300,289,289.000000,0.402567,0.828988,1
31.074164,31.129869,0.051410,1.195580,1.518392,-0.202079,0.004345,0.004293,0.006132,0.688944,0.531356,0.577903,0.578608,2.178175,-0.009535,2.587932,0.097460,-2.892028,0.008690,-0.307896,-0.090457,0.308257,0.000000,300,293,293.000000,0.415421,0.832925,1
31.125028,31.180186,0.050317,1.202278,1.537841,-0.198439,0.004614,0.004564,0.006518,0.692453,0.531033,0.575760,0.574938,2.195647,-0.012979,2.621378,0.129277,-2.900842,0.017970,-0.312083,-0.156817,0.283131,-0.000000,300,288,288.000000,0.424525,0.813407,1
31.175306,31.230425,0.050239,1.214776,1.560532,-0.187643,0.004723,0.004663,0.006593,0.695636,0.531264,0.578742,0.570441,2.229910,0.003020,2.652070,0.081560,-2.983703,-0.001743,-0.316174,-0.083888,0.288866,-0.000000,300,288,288.000000,0.427342,0.811756,1
31.224618,31.278810,0.048385,1.194021,1.543835,-0.171438,0.004754,0.004687,0.006708,0.700137,0.530904,0.584321,0.565179,2.192588,0.009318,2.596094,0.060894,-2.919806,-0.007873,-0.317109,-0.068810,0.299800,0.000000,300,284,284.000000,0.418033,0.805844,1
31.273613,31.328416,0.049606,1.187134,1.543353,-0.159656,0.004825,0.004740,0.006750,0.702384,0.525297,0.582300,0.560504,2.191225,0.033068,2.605187,0.043179,-2.918850,-0.032306,-0.346365,-0.046659,0.331576,0.000000,300,290,290.000000,0.438375,0.810844,1
31.323391,31.378367,0.049951,1.170549,1.537597,-0.147244,0.005072,0.005004,0.007196,0.708447,0.527859,0.587575,0.557143,2.165656,0.058978,2.574780,0.001334,-2.866589,-0.058887,-0.299793,-0.001987,0.273914,-0.000000,300,289,289.000000,0.470863,0.788511,1
31.374508,31.430649,0.052282,1.168132,1.553387,-0.138943,0.005194,0.005137,0.007392,0.710471,0.525392,0.590162,0.555266,2.176371,0.038072,2.590690,0.035030,-2.877503,-0.033321,-0.278348,-0.072423,0.226936,0.000000,300,284,284.000000,0.498992,0.757944,1
31.425426,31.480202,0.049553,1.157624,1.546546,-0.133290,0.005073,0.004998,0.007257,0.709090,0.522697,0.591143,0.550576,2.170466,0.012109,2.587437,-0.021737,-2.849670,-0.013014,-0.310834,0.024467,0.253223,0.000000,300,291,291.000000,0.467127,0.796252,1
31.475350,31.530497,0.050295,1.173309,1.574959,-0.124069,0.005267,0.005188,0.007570,0.712365,0.519829,0.595683,0.544672,2.207225,0.003700,2.610585,-0.117909,-2.897828,-0.010250,-0.340407,0.150872,0.298978,0.000000,300,287,287.000000,0.479163,0.778033,1
31.525637,31.580777,0.050280,1.142297,1.541288,-0.108133,0.005219,0.005135,0.007441,0.710894,0.519022,0.597401,0.540776,2.158922,0.005345,2.551549,-0.071824,-2.854658,-0.008364,-0.331090,0.088334,0.304953,0.000000,300,293,293.000000,0.490682,0.787146,1
31.575800,31.630824,0.050047,1.121522,1.526816,-0.103180,0.005309,0.005230,0.007517,0.711477,0.513444,0.595656,0.535298,2.139102,-0.030258,2.530017,-0.115322,-2.839384,0.028979,-0.334898,0.118389,0.318748,-0.000000,300,288,288.000000,0.496843,0.769939,1
31.626409,31.681993,0.051169,1.127472,1.548411,-0.093147,0.005309,0.005240,0.007579,0.712709,0.511471,0.596559,0.532207,2.162668,-0.024055,2.558631,-0.134237,-2.857699,0.024217,-0.329082,0.115941,0.293654,-0.000000,300,285,285.000000,0.500271,0.759835,1
31.675626,31.729258,0.047265,1.117353,1.540261,-0.085977,0.005372,0.005275,0.007775,0.709998,0.510033,0.598420,0.529264,2.154489,-0.028125,2.539408,-0.079181,-2.819288,0.031886,-0.342790,0.051671,0.343401,0.000000,300,285,285.000000,0.468177,0.779206,1
31.724481,31.779704,0.050446,1.108537,1.540623,-0.069220,0.005589,0.005491,0.008110,0.707752,0.505637,0.596620,0.524797,2.159094,-0.021721,2.525455,-0.123567,-2.837419,0.026001,-0.353510,0.092782,0.352691,-0.000000,300,282,282.000000,0.515242,0.742805,1
31.775084,31.830463,0.050759,1.118339,1.560201,-0.058596,0.005700,0.005609,0.008171,0.708978,0.506448,0.597127,0.523269,2.180022,-0.005909,2.566140,-0.070044,-2.887526,0.012307,-0.330375,0.007519,0.279249,-0.000000,300,290,290.000000,0.533153,0.752708,1
31.825239,31.880015,0.049552,1.118999,1.559412,-0.045815,0.005704,0.005629,0.008220,0.709463,0.505789,0.601048,0.520441,2.184856,0.012019,2.553310,-0.108464,-2.901318,-0.007899,-0.317171,0.063712,0.289922,-0.000000,300,291,291.000000,0.521308,0.762721,1
31.875102,31.930189,0.050174,1.097754,1.539090,-0.032493,0.006046,0.005978,0.008830,0.706576,0.502232,0.601578,0.519884,2.162238,0.010565,2.524489,-0.102373,-2.851801,-0.007384,-0.293554,0.060929,0.262143,-0.000000,300,282,282.000000,0.557707,0.716990,1
31.924473,31.978756,0.048567,1.106328,1.561218,-0.024551,0.006201,0.006145,0.009029,0.706264,0.500303,0.603132,0.514042,2.195336,-0.013659,2.565994,-0.090988,-2.901461,0.017700,-0.271880,0.043544,0.253703,-0.000000,300,287,287.000000,0.551702,0.733429,1
31.974522,32.030288,0.051532,1.082521,1.541860,-0.012753,0.005973,0.005918,0.008638,0.703105,0.493375,0.598950,0.508272,2.176970,0.007621,2.541122,-0.153129,-2.888230,-0.000702,-0.304159,0.093629,0.303769,0.000000,300,291,291.000000,0.570536,0.731793,1
32.025606,32.080924,0.050636,1.077071,1.523471,-0.002903,0.006210,0.006175,0.009015,0.699543,0.494740,0.599405,0.504102,2.160736,-0.000910,2.534981,-0.165104,-2.852938,0.001951,-0.278693,0.134118,0.249403,-0.000000,300,293,293.000000,0.590745,0.724004,1
32.075119,32.129315,0.048391,1.064387,1.523423,0.007472,0.006223,0.006202,0.008975,0.693686,0.487600,0.592791,0.497782,2.173143,-0.005251,2.546220,-0.229677,-2.878377,0.010302,-0.310613,0.186344,0.309240,0.000000,300,291,291.000000,0.558774,0.739200,1
32.124232,32.179148,0.049833,1.058218,1.514734,0.015341,0.006068,0.006042,0.008777,0.693518,0.487844,0.591341,0.494505,2.166638,-0.027425,2.535486,-0.210817,-2.867124,0.029523,-0.302776,0.186596,0.295295,0.000000,300,293,293.000000,0.565165,0.740229,1
32.174316,32.229483,0.050335,1.063544,1.527923,0.022347,0.006985,0.006994,0.010142,0.689068,0.483128,0.594466,0.490227,2.197226,-0.002162,2.592485,-0.235896,-2.886768,0.002314,-0.273207,0.208674,0.248868,-0.000000,300,289,289.000000,0.645697,0.679876,1
32.224672,32.279861,0.050378,1.060001,1.531862,0.036295,0.006751,0.006744,0.009862,0.685846,0.478378,0.591644,0.486174,2.206549,-0.005814,2.584543,-0.219242,-2.905746,0.009240,-0.280669,0.167056,0.260238,0.000000,300,291,291.000000,0.623657,0.698370,1
32.275261,32.330662,0.050801,1.064163,1.524929,0.046114,0.007336,0.007355,0.010826,0.679969,0.479321,0.588879,0.480383,2.217812,0.007304,2.598550,-0.247985,-2.899083,-0.002973,-0.272956,0.198025,0.266765,-0.000000,300,287,287.000000,0.675614,0.656847,1
32.324781,32.378900,0.048238,1.040698,1.507672,0.051462,0.006835,0.006898,0.010153,0.678519,0.472549,0.585722,0.475047,2.197675,-0.011646,2.575234,-0.306657,-2.855844,0.014011,-0.280297,0.280289,0.277438,-0.000000,300,282,282.000000,0.597235,0.692863,1
32.374819,32.430737,0.051837,1.037066,1.508029,0.059253,0.006626,0.006737,0.009981,0.670522,0.468636,0.582713,0.469630,2.215175,-0.000639,2.598982,-0.350408,-2.844557,-0.002585,-0.273491,0.362292,0.260689,0.000000,300,284,284.000000,0.619867,0.683891,1
32.425861,32.480985,0.050248,1.032235,1.482098,0.069429,0.006432,0.006488,0.009500,0.664001,0.468958,0.578870,0.466605,2.200127,-0.032058,2.576982,-0.294969,-2.873436,0.039331,-0.270775,0.251014,0.292127,-0.000000,300,290,290.000000,0.593777,0.714688,1
32.476113,32.531241,0.050256,1.017203,1.476633,0.073208,0.006878,0.006989,0.010081,0.656936,0.461598,0.574635,0.456978,2.208574,-0.034024,2.606557,-0.366701,-2.872633,0.036655,-0.296661,0.353014,0.303298,0.000000,300,293,293.000000,0.634308,0.696452,1
32.526954,32.582666,0.051425,1.015179,1.465422,0.076396,0.006870,0.007074,0.010347,0.648443,0.458406,0.572075,0.451380,2.212135,-0.034047,2.616738,-0.415497,-2.826731,0.034382,-0.255097,0.401193,0.249820,-0.000000,300,293,293.000000,0.649620,0.686823,1
32.576684,32.630701,0.048035,0.989179,1.435818,0.080025,0.006692,0.006922,0.009955,0.641044,0.453450,0.564530,0.443887,2.190117,-0.039090,2.595216,-0.456042,-2.804096,0.045071,-0.287803,0.462210,0.319746,-0.000000,300,293,293.000000,0.595049,0.721275,1
32.625720,32.680738,0.050037,0.993395,1.426319,0.092746,0.006818,0.006950,0.010142,0.635935,0.454383,0.564290,0.442721,2.200621,-0.057861,2.587759,-0.388987,-2.830314,0.063668,-0.306088,0.404197,0.348951,0.000000,300,290,290.000000,0.623994,0.695759,1
32.675380,32.730021,0.049283,0.997771,1.439863,0.102672,0.007069,0.007287,0.010497,0.629442,0.448939,0.560900,0.434061,2.229360,-0.037662,2.614119,-0.437448,-2.893210,0.048749,-0.273313,0.414714,0.318213,-0.000000,300,287,287.000000,0.628299,0.685901,1
32.725905,32.781790,0.051769,0.964138,1.393821,0.108693,0.007113,0.007340,0.010580,0.622135,0.443731,0.555778,0.427357,2.183982,-0.016035,2.568628,-0.450222,-2.817356,0.017359,-0.300195,0.448824,0.305842,0.000000,300,288,288.000000,0.676656,0.658498,1
32.775566,32.829343,0.047553,0.979307,1.405769,0.113120,0.007154,0.007421,0.010675,0.610179,0.440589,0.550014,0.421279,2.234111,-0.026667,2.632737,-0.492721,-2.861252,0.026757,-0.319188,0.510641,0.329386,-0.000000,300,287,287.000000,0.609018,0.697837,1
32.824388,32.879434,0.050091,0.968832,1.374878,0.120785,0.007044,0.007313,0.010478,0.604408,0.440700,0.547242,0.416680,2.206629,-0.030604,2.606689,-0.461701,-2.846588,0.035625,-0.254569,0.446319,0.271749,-0.000000,300,291,291.000000,0.648406,0.682892,1
32.874340,32.929245,0.049811,0.980784,1.395332,0.128149,0.006892,0.007113,0.010280,0.603226,0.437919,0.545413,0.416630,2.251334,-0.015774,2.641309,-0.443338,-2.915106,0.023093,-0.269897,0.415058,0.293033,0.000000,300,289,289.000000,0.615520,0.698642,1
32.924881,32.980517,0.051272,0.954887,1.356461,0.125299,0.007039,0.007374,0.010606,0.589850,0.431397,0.537947,0.408836,2.219957,-0.002333,2.622163,-0.507983,-2.834649,0.004389,-0.264780,0.505299,0.272630,-0.000000,300,290,290.000000,0.657334,0.675005,1
32.974507,33.028496,0.047979,0.952352,1.343816,0.130440,0.007001,0.007348,0.010438,0.582223,0.427439,0.534859,0.402826,2.228687,-0.003840,2.633307,-0.516374,-2.879139,0.011404,-0.248773,0.467299,0.262526,0.000000,300,288,288.000000,0.608412,0.700645,1
33.024197,33.079899,0.051403,0.942130,1.321790,0.136473,0.007188,0.007547,0.010804,0.575434,0.424986,0.530313,0.398237,2.218120,-0.001088,2.620855,-0.502896,-2.849947,0.000055,-0.223112,0.480012,0.210679,-0.000000,300,291,291.000000,0.677286,0.664968,1
33.074242,33.128585,0.048686,0.952768,1.327077,0.138603,0.007110,0.007505,0.010674,0.564973,0.421155,0.525928,0.391499,2.256030,0.011952,2.673947,-0.538691,-2.894916,-0.010520,-0.229799,0.499105,0.222585,0.000000,300,292,292.000000,0.624751,0.700082,1
33.123340,33.178094,0.049509,0.940592,1.315742,0.142270,0.007132,0.007606,0.010920,0.556011,0.415930,0.518877,0.387685,2.265202,-0.019810,2.658080,-0.584061,-2.878857,0.018484,-0.250843,0.592391,0.248567,-0.000000,300,285,285.000000,0.625717,0.682706,1
33.174651,33.231208,0.053114,0.934027,1.288213,0.146760,0.007330,0.007752,0.010957,0.548853,0.414189,0.515039,0.382947,2.254760,0.007203,2.655969,-0.545835,-2.917808,-0.004182,-0.218460,0.513656,0.221008,-0.000000,300,290,290.000000,0.701323,0.647963,1
33.225544,33.279881,0.048673,0.910009,1.248364,0.147360,0.006889,0.007313,0.010484,0.538062,0.413018,0.509129,0.378137,2.209016,0.002232,2.583679,-0.546139,-2.838462,0.011488,-0.225821,0.513967,0.270959,-0.000000,300,284,284.000000,0.609413,0.690300,1
33.274676,33.329471,0.049590,0.923624,1.244119,0.152434,0.006673,0.007135,0.010004,0.527137,0.408683,0.503875,0.370914,2.249493,0.010725,2.642891,-0.584893,-2.927703,-0.004628,-0.188964,0.509546,0.194509,0.000000,300,291,291.000000,0.599679,0.713437,1
33.324421,33.379371,0.049900,0.910005,1.219965,0.153071,0.006724,0.007048,0.009920,0.522744,0.404831,0.501428,0.369213,2.234755,0.018347,2.641508,-0.491626,-2.923006,-0.020934,-0.173551,0.430292,0.146378,0.000000,300,289,289.000000,0.610531,0.701755,1
33.374493,33.429614,0.050243,0.897821,1.199514,0.149293,0.006509,0.006867,0.009628,0.516309,0.403086,0.494344,0.366155,2.218045,0.009500,2.633039,-0.517656,-2.881195,-0.014309,-0.166380,0.478733,0.137023,0.000000,300,292,292.000000,0.602823,0.713904,1
33.424640,33.479667,0.050053,0.895588,1.171467,0.146771,0.006554,0.007001,0.009907,0.503003,0.399428,0.487332,0.361043,2.226796,0.005357,2.641820,-0.566763,-2.846008,-0.005610,-0.172852,0.542130,0.166517,-0.000000,300,289,289.000000,0.598927,0.709004,1
33.474928,33.530189,0.050522,0.905924,1.171644,0.153333,0.006190,0.006595,0.009316,0.492601,0.399085,0.484472,0.358856,2.259563,-0.006766,2.664839,-0.559829,-2.912816,0.007891,-0.142940,0.539605,0.144124,-0.000000,300,290,290.000000,0.564540,0.733042,1
33.525312,33.580436,0.050247,0.888394,1.143350,0.144206,0.006605,0.007023,0.009770,0.482582,0.393928,0.475343,0.352578,2.252451,-0.009067,2.684162,-0.570713,-2.914458,0.013066,-0.200413,0.513276,0.201059,0.000000,300,289,289.000000,0.598184,0.709469,1
33.575100,33.629763,0.049327,0.887109,1.114358,0.146217,0.006206,0.006592,0.009154,0.473784,0.396602,0.468880,0.350181,2.242694,-0.036313,2.670665,-0.561238,-2.910220,0.046500,-0.184468,0.503440,0.211331,0.000000,300,290,290.000000,0.555654,0.738618,1
33.625028,33.680293,0.050530,0.892647,1.108684,0.150776,0.006337,0.006671,0.009202,0.463188,0.394397,0.462857,0.347027,2.276065,-0.055534,2.709732,-0.540451,-2.989554,0.069391,-0.213032,0.449677,0.244008,0.000000,300,291,291.000000,0.572889,0.730311,1
33.675043,33.729792,0.049499,0.878705,1.081599,0.151195,0.006135,0.006491,0.008979,0.452715,0.387751,0.456144,0.341323,2.266436,-0.032523,2.681979,-0.562644,-2.973262,0.048872,-0.223130,0.479480,0.263394,0.000000,300,287,287.000000,0.541347,0.739849,1
33.725654,33.781516,0.051724,0.876352,1.054118,0.143884,0.005846,0.006179,0.008596,0.445759,0.387496,0.451511,0.342426,2.263161,-0.012818,2.693393,-0.547172,-2.935488,0.025643,-0.199064,0.512499,0.242665,-0.000000,300,292,292.000000,0.545375,0.750199,1
33.775789,33.830062,0.048546,0.859623,1.011594,0.138986,0.005900,0.006299,0.008713,0.431348,0.386344,0.444878,0.336867,2.223745,-0.026663,2.647760,-0.580742,-2.873565,0.035478,-0.192507,0.560501,0.221295,-0.000000,300,295,295.000000,0.528522,0.768628,1
33.825013,33.879964,0.049902,0.868466,1.008314,0.141041,0.005574,0.005964,0.008362,0.421055,0.382110,0.435607,0.333968,2.271990,-0.042572,2.709029,-0.591117,-2.900028,0.047679,-0.180612,0.575423,0.196776,0.000000,300,289,289.000000,0.497641,0.772120,1
33.874782,33.929600,0.049636,0.860628,0.982786,0.135428,0.005624,0.005959,0.008424,0.412828,0.379049,0.432810,0.332025,2.262389,-0.038758,2.698992,-0.536200,-2.888447,0.037665,-0.138676,0.546127,0.135705,0.000000,300,293,293.000000,0.506049,0.777548,1
33.924726,33.979851,0.050251,0.849949,0.945189,0.130545,0.005633,0.006005,0.008379,0.399902,0.377550,0.423351,0.326348,2.242820,-0.041022,2.693925,-0.569704,-2.852540,0.038657,-0.170666,0.595445,0.166807,-0.000000,300,295,295.000000,0.518561,0.774946,1
33.974886,34.029922,0.050071,0.854309,0.937347,0.129347,0.005463,0.005816,0.008213,0.395203,0.375153,0.417794,0.324285,2.271651,-0.052069,2.725610,-0.561795,-2.869422,0.049413,-0.153877,0.597681,0.149774,-0.000000,300,288,288.000000,0.489283,0.774570,1
34.024425,34.078929,0.049007,0.839017,0.893088,0.122480,0.005415,0.005782,0.008133,0.383529,0.374338,0.410138,0.319688,2.226111,-0.049333,2.658371,-0.560514,-2.830660,0.049150,-0.129863,0.587719,0.133008,0.000000,300,287,287.000000,0.483958,0.775121,1
34.073904,34.128878,0.049949,0.849321,0.888839,0.121017,0.005297,0.005661,0.008122,0.373454,0.373366,0.400623,0.318024,2.274405,-0.056944,2.706957,-0.583689,-2.849201,0.055212,-0.217504,0.613973,0.219443,0.000000,300,286,286.000000,0.469178,0.781339,1
34.124947,34.181016,0.052138,0.837651,0.850796,0.118359,0.004895,0.005237,0.007447,0.359067,0.370832,0.392608,0.313084,2.255026,-0.027965,2.684674,-0.584060,-2.844296,0.031627,-0.201841,0.598374,0.219703,0.000000,300,293,293.000000,0.462463,0.804588,1
34.175503,34.229991,0.048975,0.840687,0.827809,0.115393,0.004718,0.004990,0.007096,0.348628,0.371057,0.386317,0.314546,2.263169,-0.047372,2.700269,-0.545848,-2.873505,0.052898,-0.221914,0.538415,0.242488,-0.000000,300,293,293.000000,0.416669,0.832188,1
34.224524,34.279057,0.049066,0.836427,0.806216,0.113153,0.004833,0.005081,0.007167,0.341154,0.369269,0.380797,0.312093,2.262294,-0.034548,2.710431,-0.519743,-2.892852,0.042392,-0.210237,0.504941,0.239815,0.000000,300,294,294.000000,0.428992,0.827679,1
34.275071,34.331086,0.052029,0.827717,0.774415,0.110487,0.004278,0.004559,0.006416,0.325855,0.365387,0.371900,0.306494,2.258893,-0.057684,2.693740,-0.572764,-2.883128,0.065264,-0.193373,0.551849,0.218034,0.000000,300,294,294.000000,0.403682,0.842678,1
34.326065,34.381043,0.049957,0.834150,0.749025,0.105352,0.004398,0.004654,0.006498,0.312477,0.366332,0.363850,0.305629,2.281785,-0.032459,2.734024,-0.560195,-2.931421,0.035810,-0.218633,0.522019,0.220792,-0.000000,300,294,294.000000,0.393877,0.848383,1
34.374252,34.427462,0.046419,0.816300,0.715857,0.106707,0.004305,0.004585,0.006358,0.300653,0.361989,0.355713,0.303176,2.257395,-0.049411,2.701026,-0.580925,-2.907997,0.050941,-0.202667,0.543837,0.198866,0.000000,300,292,292.000000,0.361210,0.860997,1
34.423547,34.479631,0.052169,0.831848,0.701754,0.104158,0.004281,0.004459,0.006260,0.291621,0.361608,0.349243,0.302795,2.297072,-0.045314,2.729113,-0.490465,-3.001613,0.060489,-0.225718,0.402421,0.265246,-0.000000,300,288,288.000000,0.393492,0.831287,1
34.474659,34.529687,0.050056,0.802650,0.649142,0.098339,0.003997,0.004144,0.005697,0.281365,0.361183,0.340442,0.301799,2.218689,-0.052465,2.648676,-0.449233,-2.952908,0.064635,-0.191934,0.337664,0.216792,0.000000,300,294,294.000000,0.369558,0.862241,1
34.524999,34.580310,0.050623,0.805595,0.627838,0.097678,0.003913,0.004080,0.005621,0.267598,0.358667,0.332920,0.297410,2.237022,-0.052671,2.665425,-0.482905,-2.965010,0.063676,-0.199621,0.374138,0.216902,0.000000,300,288,288.000000,0.359014,0.850392,1
34.576262,34.632214,0.051904,0.803071,0.600833,0.091483,0.004271,0.004435,0.006103,0.256561,0.355768,0.325613,0.295299,2.244483,-0.049408,2.675461,-0.464167,-2.990731,0.063400,-0.202536,0.320452,0.222968,-0.000000,300,293,293.000000,0.403861,0.839707,1
34.627051,34.681888,0.049674,0.813711,0.585021,0.089409,0.003862,0.003977,0.005468,0.247205,0.357068,0.318237,0.295501,2.271561,-0.034379,2.702406,-0.425343,-3.038018,0.046977,-0.212561,0.331240,0.243875,0.000000,300,293,293.000000,0.345201,0.872675,1
34.676219,34.730549,0.048661,0.806741,0.551139,0.086064,0.003451,0.003553,0.004912,0.235392,0.357522,0.309218,0.293518,2.247088,-0.055031,2.678643,-0.416237,-2.993835,0.068674,-0.206106,0.299123,0.235838,-0.000000,300,294,294.000000,0.306045,0.896071,1
34.724917,34.779284,0.048735,0.822623,0.540944,0.082903,0.003663,0.003752,0.005243,0.228544,0.356470,0.301043,0.296319,2.297709,-0.059413,2.741626,-0.372624,-3.044809,0.065907,-0.160394,0.277674,0.172311,-0.000000,300,291,291.000000,0.317311,0.881268,1
34.774350,34.829416,0.050132,0.807957,0.494990,0.078299,0.003345,0.003430,0.004767,0.210720,0.355230,0.292634,0.292588,2.261345,-0.059756,2.698091,-0.374948,-3.008041,0.062131,-0.150296,0.288234,0.141425,0.000000,300,297,297.000000,0.306072,0.905201,1
34.824444,34.879473,0.050057,0.817246,0.476915,0.077375,0.003359,0.003440,0.004784,0.199554,0.353105,0.284326,0.292041,2.299515,-0.046718,2.734571,-0.372065,-3.067233,0.049266,-0.157577,0.287126,0.148764,-0.000000,300,294,294.000000,0.300219,0.898974,1
34.875003,34.930533,0.051060,0.812216,0.447176,0.076909,0.002989,0.003061,0.004269,0.187865,0.352170,0.275426,0.290846,2.297808,-0.060669,2.720126,-0.364513,-3.075099,0.059829,-0.123545,0.268976,0.098975,-0.000000,300,293,293.000000,0.272543,0.909136,1
34.925405,34.980277,0.049744,0.799770,0.409871,0.071014,0.003094,0.003153,0.004388,0.175191,0.352033,0.265491,0.290305,2.257521,-0.040500,2.669943,-0.325922,-3.037826,0.045933,-0.150296,0.223477,0.156404,0.000000,300,291,291.000000,0.278596,0.900135,1
34.976040,35.031803,0.051526,0.814815,0.384484,0.069541,0.003048,0.003096,0.004264,0.161349,0.352593,0.256313,0.288669,2.302634,-0.036053,2.737318,-0.307965,-3.117015,0.042687,-0.143583,0.184359,0.155622,0.000000,300,294,294.000000,0.280230,0.908645,1
35.025975,35.080147,0.048344,0.812049,0.352884,0.067321,0.003239,0.003269,0.004499,0.149683,0.353251,0.246194,0.292684,2.298322,-0.050203,2.733044,-0.240678,-3.122958,0.051361,-0.134929,0.143210,0.111593,-0.000000,300,295,295.000000,0.280484,0.911616,1
35.074404,35.128660,0.048513,0.815392,0.326912,0.065081,0.002979,0.003003,0.004137,0.137337,0.351707,0.235759,0.291999,2.314299,-0.031857,2.753514,-0.216977,-3.144117,0.031019,-0.107541,0.119246,0.072677,0.000000,300,297,297.000000,0.258152,0.928146,1
35.124381,35.180103,0.051443,0.805903,0.292543,0.063005,0.002836,0.002851,0.003943,0.124676,0.349635,0.224539,0.291757,2.311914,-0.035886,2.752802,-0.194509,-3.129351,0.034928,-0.148434,0.137664,0.108286,0.000000,300,294,294.000000,0.259242,0.918286,1
35.176317,35.232531,0.052428,0.815436,0.265650,0.062932,0.002692,0.002712,0.003724,0.110727,0.349321,0.214742,0.290150,2.332465,-0.038731,2.771349,-0.217588,-3.180751,0.037042,-0.116875,0.125981,0.070619,-0.000000,300,294,294.000000,0.248829,0.922860,1
35.225604,35.278676,0.046145,0.794655,0.230483,0.061034,0.002499,0.002513,0.003486,0.098726,0.349402,0.204291,0.290783,2.280707,-0.028586,2.716122,-0.180073,-3.078674,0.025363,-0.079935,0.160013,0.035783,0.000000,300,299,299.000000,0.209771,0.954658,1
35.273573,35.328469,0.049793,0.799521,0.203164,0.058363,0.002376,0.002383,0.003313,0.086455,0.349197,0.193674,0.290244,2.293684,0.006221,2.724349,-0.141441,-3.106754,-0.006825,-0.103053,0.070697,0.066712,0.000000,300,294,294.000000,0.212139,0.937796,1
35.324709,35.380950,0.052481,0.800253,0.175023,0.061063,0.002422,0.002431,0.003352,0.073209,0.347798,0.182520,0.287412,2.304903,-0.002174,2.739671,-0.143968,-3.136894,0.001314,-0.076720,0.087061,0.052394,-0.000000,300,297,297.000000,0.228076,0.941048,1
35.375826,35.430702,0.049752,0.806149,0.138751,0.059874,0.002210,0.002215,0.003091,0.059073,0.347296,0.170166,0.287186,2.321667,-0.000924,2.739356,-0.109395,-3.153377,-0.000854,-0.052745,0.051392,0.013541,-0.000000,300,298,298.000000,0.196206,0.956511,1
35.425989,35.481275,0.050573,0.817052,0.115434,0.062668,0.002021,0.002022,0.002793,0.050049,0.349181,0.160703,0.287822,2.344110,-0.002799,2.773160,-0.056546,-3.203675,0.001740,-0.035386,0.001104,0.005808,-0.000000,300,296,296.000000,0.180070,0.955679,1
35.475763,35.530251,0.048976,0.798642,0.085774,0.063228,0.001976,0.001977,0.002721,0.035534,0.345570,0.147231,0.285471,2.314951,-0.000759,2.749722,-0.053161,-3.162335,-0.000111,-0.037478,-0.007391,0.013868,0.000000,300,298,298.000000,0.173207,0.964401,1
35.525869,35.581487,0.051236,0.805348,0.047048,0.064381,0.001918,0.001918,0.002668,0.021016,0.344856,0.137305,0.283690,2.340632,0.008088,2.774858,-0.044091,-3.173949,-0.009188,0.005624,0.031345,-0.047991,-0.000000,300,298,298.000000,0.173866,0.964187,1
35.576349,35.631210,0.049723,0.795072,0.016318,0.063665,0.001718,0.001718,0.002396,0.007493,0.345188,0.123441,0.282578,2.309180,0.034005,2.724627,-0.035993,-3.140288,-0.035048,-0.027147,-0.000040,-0.016879,0.000000,300,298,298.000000,0.153241,0.970542,1
35.625576,35.679942,0.048732,0.795779,-0.014560,0.067093,0.001660,0.001660,0.002295,-0.005315,0.343737,0.113557,0.281099,2.321767,0.031877,2.752561,-0.042287,-3.164198,-0.032244,0.006976,0.057764,-0.047993,-0.000000,300,296,296.000000,0.143827,0.966670,1
35.674213,35.728483,0.048541,0.806631,-0.045478,0.070673,0.001470,0.001469,0.002032,-0.017730,0.343154,0.101087,0.280417,2.358171,0.026898,2.799261,-0.013686,-3.209203,-0.026631,-0.006526,0.037983,-0.024617,0.000000,300,297,297.000000,0.125099,0.974746,1
35.724055,35.779627,0.051144,0.791974,-0.076834,0.070711,0.001252,0.001252,0.001738,-0.031174,0.342770,0.087541,0.279223,2.311193,0.023527,2.742511,-0.050215,-3.138322,-0.023634,-0.005102,0.054587,-0.003767,0.000000,300,297,297.000000,0.114540,0.977180,1
35.774825,35.830023,0.050396,0.790423,-0.106442,0.076306,0.001190,0.001190,0.001659,-0.043980,0.341178,0.074157,0.278805,2.319424,0.029962,2.754840,-0.037919,-3.135877,-0.029885,-0.030971,0.060651,0.024292,0.000000,300,298,298.000000,0.107077,0.982073,1
35.824843,35.879662,0.049639,0.801845,-0.133778,0.080758,0.001158,0.001158,0.001595,-0.056094,0.343196,0.063085,0.279230,2.340212,0.030575,2.793266,-0.020562,-3.178434,-0.030508,-0.026364,0.055603,-0.006243,0.000000,300,299,299.000000,0.101896,0.986425,1
35.875005,35.930348,0.050686,0.790318,-0.165818,0.084648,0.001016,0.001016,0.001402,-0.069356,0.340795,0.049050,0.276911,2.330180,0.035418,2.772413,-0.040655,-3.170302,-0.035664,-0.039528,0.071457,0.017510,0.000000,300,296,296.000000,0.091251,0.978519,1
35.925134,35.979919,0.049571,0.789986,-0.195682,0.089659,0.000998,0.000997,0.001371,-0.081657,0.337347,0.038782,0.276943,2.341220,0.046817,2.799047,-0.008692,-3.180699,-0.045612,0.005818,0.060844,-0.016162,-0.000000,300,299,299.000000,0.087605,0.989076,1
35.975093,36.030267,0.050348,0.800354,-0.224631,0.093261,0.000837,0.000837,0.001153,-0.093001,0.338941,0.024636,0.277378,2.363155,0.037478,2.830451,-0.029929,-3.200596,-0.037057,-0.028900,0.091640,0.018673,-0.000000,300,300,300.000000,0.074135,0.994534,1
36.024877,36.079486,0.049219,0.786802,-0.252823,0.100064,0.000796,0.000796,0.001101,-0.106063,0.335221,0.010884,0.275070,2.349023,0.042866,2.813793,-0.004549,-3.171427,-0.042209,-0.013021,0.045504,0.019568,-0.000000,300,299,299.000000,0.069222,0.991914,1
36.073853,36.128219,0.048733,0.789874,-0.281179,0.105210,0.000884,0.000883,0.001227,-0.116958,0.333971,-0.000724,0.274117,2.362552,0.025265,2.824985,-0.006986,-3.184116,-0.023447,0.032821,0.059031,-0.034920,0.000000,300,298,298.000000,0.075490,0.987705,1
36.124068,36.179918,0.051699,0.782129,-0.310089,0.109593,0.000872,0.000871,0.001220,-0.130269,0.334474,-0.014995,0.274540,2.327816,0.034165,2.773315,0.007626,-3.129580,-0.032701,0.025234,0.037682,-0.025154,-0.000000,300,298,298.000000,0.080163,0.986991,1
36.175320,36.230723,0.050805,0.797660,-0.339771,0.117545,0.001036,0.001034,0.001440,-0.140024,0.334037,-0.026257,0.274549,2.370960,0.054085,2.832997,0.053920,-3.193360,-0.051202,0.050049,0.021227,-0.037392,-0.000000,300,295,295.000000,0.091328,0.975199,1
36.225603,36.280482,0.049759,0.780759,-0.364656,0.123503,0.001062,0.001062,0.001480,-0.151727,0.330308,-0.040919,0.274977,2.346455,0.043658,2.806609,0.038367,-3.153985,-0.041927,0.018344,0.026068,-0.009437,0.000000,300,296,296.000000,0.092939,0.978217,1
36.275225,36.329967,0.049485,0.786597,-0.398113,0.133465,0.001172,0.001171,0.001630,-0.163902,0.329136,-0.053985,0.274698,2.374840,0.048112,2.833855,0.040074,-3.202522,-0.046083,0.016633,0.042313,0.000162,0.000000,300,300,300.000000,0.101402,0.989822,1
36.325308,36.380648,0.050681,0.791238,-0.431346,0.140270,0.001307,0.001306,0.001809,-0.174933,0.326641,-0.067340,0.272383,2.400690,0.054030,2.871678,0.081297,-3.240876,-0.050449,0.057380,0.001287,-0.054047,0.000000,300,299,299.000000,0.114290,0.983816,1
36.375681,36.430715,0.050067,0.789503,-0.468507,0.149178,0.001450,0.001452,0.002020,-0.186619,0.325055,-0.080494,0.275225,2.405958,0.053906,2.870008,0.127337,-3.245495,-0.051320,0.039981,-0.029001,-0.019345,0.000000,300,293,293.000000,0.123826,0.961918,1
36.425905,36.481094,0.050379,0.789111,-0.491676,0.158776,0.001436,0.001437,0.002024,-0.197998,0.321888,-0.096452,0.275865,2.408676,0.064316,2.861653,0.124172,-3.228580,-0.059628,0.058091,-0.023123,-0.061075,-0.000000,300,296,296.000000,0.123806,0.971772,1
36.474330,36.527566,0.046472,0.778164,-0.512225,0.163649,0.001599,0.001600,0.002221,-0.209175,0.322421,-0.109341,0.275028,2.381215,0.049784,2.840780,0.127193,-3.213590,-0.045105,0.055695,-0.057051,-0.084999,0.000000,300,299,299.000000,0.129255,0.980289,1
36.523404,36.579243,0.051677,0.795180,-0.549872,0.176603,0.001680,0.001679,0.002331,-0.220084,0.322472,-0.123362,0.273710,2.422224,0.076430,2.890536,0.091520,-3.270506,-0.072116,0.060036,-0.004559,-0.069668,0.000000,300,299,299.000000,0.148457,0.975174,1
36.574355,36.629467,0.050224,0.776249,-0.562484,0.179315,0.001909,0.001910,0.002648,-0.228628,0.319254,-0.134856,0.273722,2.371694,0.050576,2.835461,0.142518,-3.197302,-0.045587,0.078154,-0.065518,-0.091942,0.000000,300,299,299.000000,0.167307,0.969528,1
36.624563,36.679660,0.050193,0.770478,-0.589533,0.188246,0.002011,0.002018,0.002806,-0.236806,0.316610,-0.148976,0.275288,2.380899,0.054888,2.838884,0.182234,-3.204415,-0.051078,0.063834,-0.123950,-0.077206,-0.000000,300,297,297.000000,0.174979,0.960589,1
36.674334,36.729007,0.049347,0.781523,-0.622718,0.196141,0.002120,0.002136,0.002949,-0.245704,0.318751,-0.157783,0.278188,2.395938,0.037749,2.868456,0.241078,-3.222605,-0.033508,0.063590,-0.168690,-0.071638,-0.000000,300,297,297.000000,0.180164,0.958876,1
36.724288,36.779569,0.050562,0.766992,-0.636589,0.203941,0.002255,0.002267,0.003146,-0.253517,0.312749,-0.169811,0.276157,2.380567,0.032121,2.845290,0.226918,-3.197183,-0.025937,0.093058,-0.149549,-0.109159,-0.000000,300,297,297.000000,0.197426,0.952861,1
36.774242,36.828915,0.049346,0.772372,-0.672353,0.213018,0.002515,0.002533,0.003517,-0.265260,0.311084,-0.180065,0.278597,2.407787,0.025353,2.871544,0.253439,-3.229750,-0.019740,0.093268,-0.205698,-0.119610,0.000000,300,298,298.000000,0.212785,0.950306,1
36.825114,36.881312,0.052397,0.771470,-0.694978,0.220978,0.002533,0.002557,0.003563,-0.273994,0.312538,-0.189804,0.276128,2.399455,0.025489,2.861897,0.279515,-3.203732,-0.022151,0.099115,-0.246047,-0.109917,-0.000000,300,298,298.000000,0.228305,0.944123,1
36.876040,36.930768,0.049456,0.780811,-0.733527,0.238141,0.002701,0.002736,0.003805,-0.278560,0.308260,-0.197047,0.277960,2.454383,0.044752,2.922959,0.322889,-3.280332,-0.039699,0.103499,-0.259831,-0.111931,0.000000,300,295,295.000000,0.223435,0.936577,1
36.925037,36.979306,0.048538,0.773930,-0.758047,0.240635,0.002975,0.003006,0.004147,-0.291945,0.309109,-0.211389,0.280394,2.446480,-0.007234,2.926679,0.287169,-3.283283,0.012719,0.084956,-0.231699,-0.105621,0.000000,300,298,298.000000,0.243841,0.937586,1
36.974659,37.030012,0.050706,0.756126,-0.761976,0.245447,0.003002,0.003053,0.004229,-0.296751,0.307164,-0.215389,0.279442,2.386488,0.027808,2.843373,0.344792,-3.187055,-0.026291,0.096725,-0.317594,-0.095656,-0.000000,300,298,298.000000,0.263288,0.928939,1
37.024040,37.078069,0.048057,0.787480,-0.816681,0.264305,0.003264,0.003326,0.004595,-0.304571,0.309218,-0.225407,0.281159,2.483466,0.019143,2.955000,0.366188,-3.322580,-0.017478,0.069466,-0.342512,-0.073030,-0.000000,300,297,297.000000,0.260627,0.927030,1
37.074130,37.130191,0.052122,0.779381,-0.830710,0.274741,0.003348,0.003403,0.004751,-0.312562,0.303799,-0.235570,0.279955,2.470523,0.036550,2.942632,0.357754,-3.274936,-0.032652,0.116107,-0.344444,-0.136850,-0.000000,300,296,296.000000,0.290363,0.909948,1
37.124782,37.179373,0.049182,0.768062,-0.849035,0.282009,0.003546,0.003610,0.005037,-0.319878,0.302979,-0.249223,0.282330,2.452630,0.047815,2.927909,0.350334,-3.248900,-0.048025,0.067703,-0.339349,-0.062547,0.000000,300,298,298.000000,0.293886,0.914361,1
37.173741,37.228109,0.048736,0.772708,-0.878295,0.296500,0.003608,0.003655,0.005123,-0.327603,0.299580,-0.260047,0.279989,2.480507,0.056021,2.945174,0.320733,-3.299402,-0.055935,0.105884,-0.301726,-0.097305,0.000000,300,295,295.000000,0.291075,0.906528,1
37.224294,37.280480,0.052371,0.757402,-0.883220,0.298056,0.003704,0.003789,0.005277,-0.331199,0.301460,-0.265205,0.281951,2.432181,0.042989,2.898027,0.385877,-3.227268,-0.045402,0.064766,-0.343182,-0.036858,0.000000,300,297,297.000000,0.329130,0.893238,1
37.274715,37.328951,0.048471,0.775273,-0.927827,0.313702,0.003955,0.004047,0.005593,-0.336732,0.299230,-0.274315,0.280737,2.500095,0.041058,2.991484,0.409092,-3.318959,-0.038217,0.090982,-0.358973,-0.091073,-0.000000,300,298,298.000000,0.316671,0.902800,1
37.324176,37.379401,0.050450,0.767335,-0.938347,0.321002,0.003925,0.003991,0.005556,-0.345752,0.300081,-0.283112,0.282748,2.478095,0.028585,2.953296,0.344386,-3.304330,-0.027196,0.066971,-0.274249,-0.053144,-0.000000,300,297,297.000000,0.329722,0.892924,1
37.374657,37.429912,0.050511,0.763301,-0.959624,0.324614,0.004253,0.004338,0.005970,-0.351032,0.295746,-0.289871,0.278634,2.475903,0.013252,2.974701,0.389620,-3.291301,-0.011283,0.112178,-0.341437,-0.104631,0.000000,300,297,297.000000,0.357358,0.877889,1
37.424819,37.479725,0.049813,0.765394,-0.980441,0.335102,0.004247,0.004343,0.006059,-0.356508,0.295130,-0.299482,0.279821,2.488508,0.012498,2.978370,0.401358,-3.280658,-0.014482,0.100408,-0.361313,-0.073101,-0.000000,300,297,297.000000,0.350353,0.881766,1
37.475179,37.530633,0.050908,0.757043,-1.001029,0.339983,0.004171,0.004281,0.006000,-0.364592,0.295645,-0.307766,0.281480,2.472957,0.019847,2.947322,0.415579,-3.253550,-0.020779,0.073279,-0.384820,-0.058604,0.000000,300,298,298.000000,0.354862,0.882236,1
37.525856,37.581078,0.050445,0.758058,-1.027198,0.354575,0.004432,0.004549,0.006371,-0.370131,0.292163,-0.317058,0.281993,2.502064,0.030138,2.966859,0.422183,-3.304004,-0.032484,0.077224,-0.413927,-0.060828,0.000000,300,299,299.000000,0.369859,0.876733,1
37.575129,37.629180,0.048102,0.774271,-1.072729,0.371373,0.004739,0.004860,0.006718,-0.376852,0.291597,-0.322763,0.283187,2.560543,0.036636,3.044703,0.431409,-3.413715,-0.037095,0.078942,-0.377660,-0.060152,-0.000000,300,299,299.000000,0.368477,0.877521,1
37.624572,37.679963,0.050783,0.756558,-1.050797,0.372671,0.004676,0.004781,0.006644,-0.380013,0.289153,-0.335495,0.279422,2.499257,0.052310,2.981552,0.398594,-3.311238,-0.053491,0.085064,-0.379744,-0.071273,0.000000,300,297,297.000000,0.391809,0.858247,1
37.674617,37.729271,0.049308,0.754814,-1.081092,0.377229,0.004835,0.005008,0.006949,-0.380983,0.285401,-0.334168,0.279364,2.520199,0.040866,2.993902,0.498103,-3.319536,-0.043814,0.102579,-0.491217,-0.085551,-0.000000,300,294,294.000000,0.387772,0.851902,1
37.724863,37.780455,0.051184,0.757518,-1.107554,0.385477,0.005069,0.005244,0.007237,-0.386906,0.284476,-0.343164,0.278225,2.539939,0.040115,3.039915,0.495382,-3.342461,-0.040161,0.100587,-0.470129,-0.092677,-0.000000,300,294,294.000000,0.418843,0.833738,1
37.774754,37.829053,0.048598,0.750095,-1.117742,0.389511,0.005057,0.005224,0.007301,-0.391326,0.281049,-0.350067,0.276632,2.529465,0.027695,3.003391,0.479109,-3.319008,-0.034310,0.105696,-0.492345,-0.075074,0.000000,300,295,295.000000,0.398944,0.848318,1
37.824664,37.880275,0.051222,0.748728,-1.137738,0.397921,0.005195,0.005365,0.007489,-0.396350,0.277672,-0.356002,0.277186,2.536972,0.034681,3.018116,0.488170,-3.323387,-0.039108,0.128144,-0.498066,-0.108751,-0.000000,300,296,296.000000,0.430841,0.832192,1
37.875141,37.930008,0.049733,0.747384,-1.166275,0.402143,0.005255,0.005432,0.007552,-0.403311,0.282422,-0.368976,0.276739,2.549300,0.016375,3.024490,0.489302,-3.357321,-0.015087,0.102777,-0.495711,-0.111488,0.000000,300,293,293.000000,0.419570,0.830471,1
37.924583,37.979158,0.049150,0.751400,-1.182185,0.410466,0.005257,0.005420,0.007611,-0.407413,0.278257,-0.375697,0.273731,2.563731,0.031119,3.042485,0.485910,-3.351129,-0.027526,0.146129,-0.487832,-0.165860,0.000000,300,297,297.000000,0.414253,0.844994,1
37.974452,38.029745,0.050587,0.752528,-1.200228,0.412844,0.005346,0.005553,0.007766,-0.406120,0.280012,-0.382038,0.277430,2.578002,0.005430,3.071122,0.529015,-3.347454,-0.001862,0.127597,-0.554196,-0.153438,-0.000000,300,293,293.000000,0.428817,0.824968,1
38.023799,38.077854,0.048109,0.000000,0.000000,0.000000,0.000000,0.000000,0.000000,0.000000,0.000000,0.000000,0.000000,2.546646,0.000000,0.000000,0.000000,0.000000,0.000000,0.000000,0.000000,0.000000,0.000000,300,0,0.000000,0.000000,0.000000,0
38.074804,38.131755,0.053901,0.579366,-0.897163,0.266437,0.070087,0.069841,0.095077,-0.337707,0.217737,-0.302377,0.212969,2.544026,0.029225,2.989155,0.019248,-3.533058,-0.039200,0.108108,-0.174378,-0.064025,-0.000000,300,123,123.000000,3.938443,0.020362,1
38.126672,38.181588,0.049833,0.491528,-1.044920,0.303536,0.067645,0.067311,0.100822,-0.371826,0.182806,-0.356233,0.185888,2.551649,0.101320,3.000231,0.032726,-3.297107,-0.093820,0.122912,0.066403,-0.183917,-0.000000,300,123,123.000000,3.498382,0.025395,1
38.176129,38.230670,0.049082,0.677056,-1.092614,0.356261,0.059085,0.057961,0.088221,-0.403360,0.247680,-0.381522,0.230090,2.578411,-0.018522,2.972348,0.073641,-3.364728,0.013332,0.293285,-0.096402,-0.217677,0.000000,300,135,128.000000,2.993021,0.038561,1
38.226454,38.282237,0.051567,0.585438,-1.062066,0.285402,0.064277,0.064310,0.090914,-0.398158,0.212239,-0.385147,0.210914,2.556159,0.002506,3.060400,-0.058476,-3.390403,-0.003085,-0.057833,0.028567,0.028496,0.000000,300,127,126.000000,3.493285,0.026933,1
38.276444,38.330651,0.048414,0.506736,-1.083233,0.181516,0.062640,0.062542,0.089381,-0.404511,0.188144,-0.383566,0.182790,2.590083,0.112111,3.082527,0.021887,-3.423877,-0.114204,0.053804,-0.080390,-0.083658,-0.000000,300,128,126.000000,3.149140,0.032829,1
38.326167,38.381684,0.051033,0.631819,-1.152224,0.333840,0.052082,0.052121,0.075513,-0.426821,0.249412,-0.419413,0.257217,2.584078,0.002497,3.007245,0.069766,-3.449575,-0.003428,-0.061388,-0.082581,0.097961,-0.000000,300,124,119.000000,2.692823,0.039741,1
38.375722,38.429761,0.048077,0.642885,-1.061099,0.333893,0.069537,0.069676,0.101863,-0.381914,0.230372,-0.379744,0.241371,2.583892,0.015254,3.057753,0.121587,-3.364519,-0.015818,-0.001476,-0.285968,-0.052149,0.000000,300,135,135.000000,3.606578,0.028913,1
38.424341,38.478922,0.049161,0.638421,-1.065009,0.236341,0.052510,0.054378,0.077738,-0.369591,0.247859,-0.369582,0.254011,2.584910,-0.042175,3.091456,0.514104,-3.338455,0.033802,0.158444,-0.366728,-0.056590,0.000000,300,133,130.000000,2.713184,0.045952,1
38.474818,38.530714,0.051792,0.621593,-0.969322,0.141540,0.070946,0.074115,0.113548,-0.343936,0.252230,-0.341280,0.261504,2.597926,0.041100,3.026560,0.494900,-3.234943,-0.055704,0.015941,-0.540513,0.054644,-0.000000,300,117,117.000000,3.668700,0.021038,1
38.525122,38.579530,0.048816,0.538449,-1.189202,0.198261,0.064484,0.064110,0.088000,-0.444573,0.206402,-0.462188,0.197981,2.596644,-0.036088,3.150351,0.049260,-3.478079,0.027756,0.160401,-0.152445,-0.161912,0.000000,300,133,131.000000,3.309611,0.032390,1
38.574674,38.629818,0.050288,0.529487,-1.013998,0.218357,0.080213,0.080685,0.108222,-0.379678,0.188832,-0.379229,0.210637,2.584790,-0.080823,3.085063,0.214566,-3.571836,0.080814,0.002565,-0.119181,0.020913,0.000000,300,121,121.000000,4.118368,0.018115,1
38.624612,38.679405,0.049587,0.432033,-1.062321,0.221890,0.083012,0.082129,0.122865,-0.388994,0.142981,-0.410100,0.163336,2.608312,-0.006835,3.071541,0.027089,-3.369770,-0.002132,0.207686,-0.117386,-0.203259,-0.000000,300,126,126.000000,4.205824,0.018877,1
38.674500,38.729595,0.050190,0.409432,-0.957985,0.164800,0.094019,0.094180,0.129820,-0.344864,0.147174,-0.372175,0.157645,2.622626,-0.076228,3.082770,0.231687,-3.571850,0.072241,0.153363,-0.320907,-0.186547,-0.000000,300,118,118.000000,4.663874,0.013600,1
38.724117,38.778638,0.049043,0.576640,-1.152554,0.177286,0.069157,0.070139,0.107078,-0.425141,0.213702,-0.454858,0.236023,2.665619,-0.077222,3.065498,0.292289,-3.419966,0.070395,-0.075603,-0.444822,0.151230,0.000000,300,116,113.000000,3.245788,0.025252,1
38.775236,38.831833,0.053195,0.456402,-0.985507,0.054696,0.081716,0.081859,0.117076,-0.386311,0.188057,-0.410114,0.188936,2.577851,-0.107979,3.079440,0.107620,-3.387023,0.104075,-0.034535,-0.238119,0.109299,0.000000,300,100,97.000000,3.985684,0.012766,1
38.825800,38.879767,0.047934,0.566097,-1.217437,0.397662,0.081587,0.081941,0.115453,-0.455844,0.200400,-0.477507,0.213652,2.655957,0.013910,3.121236,0.197130,-3.568987,-0.015554,0.040952,-0.260140,-0.047873,0.000000,300,103,101.000000,3.547376,0.017019,1
38.874858,38.929948,0.050181,0.534442,-1.049247,0.250758,0.077845,0.077821,0.116588,-0.371078,0.209334,-0.403386,0.221193,2.656776,-0.052887,3.094180,0.008724,-3.462953,0.050801,-0.004432,-0.126815,0.023073,0.000000,300,114,112.000000,3.733309,0.018995,1
38.925277,38.980605,0.050657,0.493343,-0.993596,0.129824,0.119510,0.119538,0.171142,-0.387513,0.170935,-0.424626,0.196717,2.671259,-0.007865,3.143797,0.099562,-3.559394,0.011229,0.041197,-0.037359,-0.074465,0.000000,300,102,102.000000,5.486819,0.007433,1
38.974912,39.029219,0.048614,0.487367,-1.116548,0.243414,0.080572,0.080163,0.120956,-0.409464,0.172457,-0.457967,0.198010,2.667517,-0.013159,3.208763,0.084244,-3.367777,0.013167,0.147606,-0.023303,-0.004917,0.000000,300,116,116.000000,3.772041,0.019636,1
39.025081,39.080942,0.051723,0.400034,-1.078656,0.171023,0.073031,0.074400,0.109938,-0.386107,0.139621,-0.416796,0.151654,2.667749,-0.071651,3.159617,0.380697,-3.397578,0.060416,0.111389,-0.443226,-0.059167,0.000000,300,129,128.000000,3.828713,0.023433,1
39.075236,39.129530,0.048588,0.575988,-1.066485,0.142477,0.085865,0.085520,0.120424,-0.423853,0.214833,-0.452444,0.240551,2.590058,0.011485,3.102451,0.035972,-3.445933,-0.011873,0.119422,-0.033693,-0.080736,0.000000,300,119,119.000000,4.199391,0.016887,1
39.125172,39.180814,0.051284,0.394874,-1.128599,0.102759,0.066245,0.066190,0.091451,-0.428286,0.145390,-0.476820,0.171680,2.670053,0.029423,3.124530,0.008042,-3.678200,-0.030336,0.029226,-0.025163,0.104963,0.000000,300,120,117.000000,3.300307,0.026236,1
39.175576,39.230337,0.049523,0.547989,-1.214073,0.199189,0.071957,0.071516,0.100408,-0.450594,0.192870,-0.494864,0.212603,2.648330,-0.006451,3.140144,0.174539,-3.567188,0.008748,0.222876,-0.076494,-0.104454,-0.000000,300,123,122.000000,3.529893,0.024774,1
39.224826,39.279315,0.048978,0.457728,-1.180073,0.351247,0.078340,0.078273,0.115507,-0.433490,0.152690,-0.476557,0.176262,2.692373,-0.164231,3.156881,0.156248,-3.522018,0.164721,0.123665,-0.099024,-0.068497,0.000000,300,120,120.000000,3.729755,0.021461,1
39.275486,39.331658,0.052343,0.352241,-0.953946,-0.195038,0.119558,0.119243,0.176045,-0.349604,0.148225,-0.416260,0.177225,2.708754,0.052634,3.187838,-0.062061,-3.521757,-0.046445,0.097100,0.219848,-0.200999,0.000000,300,112,112.000000,5.849180,0.007916,1
39.326255,39.380851,0.049193,0.435397,-1.088583,-0.013812,0.080750,0.081894,0.117079,-0.401158,0.163027,-0.464037,0.199641,2.699730,0.013871,3.134582,0.338128,-3.610543,-0.022538,0.074185,-0.310493,0.005167,0.000000,300,96,94.000000,3.416133,0.015827,1
39.375778,39.430706,0.049855,0.332333,-0.958486,0.276500,0.113245,0.114086,0.158068,-0.318342,0.092965,-0.381697,0.133844,2.686560,0.079628,3.257628,0.278782,-3.559813,-0.098945,0.099992,-0.253634,0.099691,0.000000,300,119,119.000000,5.485211,0.010123,1
39.425421,39.480136,0.049430,0.450795,-1.282222,0.262284,0.069102,0.069114,0.100074,-0.467694,0.168667,-0.527850,0.186036,2.696476,-0.086473,3.214267,0.100058,-3.526695,0.081940,0.044179,-0.080812,0.096096,0.000000,300,110,104.000000,3.096406,0.024011,1
39.475920,39.531704,0.051568,0.509902,-1.162702,0.353803,0.078680,0.078189,0.115766,-0.425697,0.157895,-0.486375,0.193873,2.690322,-0.026898,3.212035,0.149570,-3.472990,0.025444,0.202893,-0.042474,0.004340,0.000000,300,108,107.000000,3.708099,0.017410,1
39.525560,39.579416,0.047712,0.416269,-1.129162,0.041378,0.092334,0.091536,0.140844,-0.429554,0.146144,-0.493102,0.186433,2.706801,-0.000374,3.125605,0.091576,-3.497208,0.006787,0.200053,0.001083,-0.136593,0.000000,300,100,98.000000,3.828244,0.013911,1
39.574948,39.630479,0.051063,0.384352,-1.160232,0.137150,0.095356,0.095441,0.132264,-0.402356,0.137081,-0.470541,0.183874,2.721491,0.024098,3.236452,-0.082865,-3.682602,-0.021636,-0.051632,0.031516,0.131469,-0.000000,300,94,93.000000,4.140950,0.010705,1
39.625389,39.680299,0.049820,0.436960,-0.963074,0.389420,0.104732,0.106216,0.154036,-0.386279,0.151140,-0.470914,0.180498,2.714956,-0.043254,3.206407,0.311851,-3.547091,0.037620,-0.044217,-0.238800,0.094627,-0.000000,300,106,106.000000,4.748790,0.010602,1
39.675852,39.731405,0.051106,0.372250,-1.085481,0.188204,0.083195,0.080984,0.121354,-0.401070,0.131052,-0.468125,0.172134,2.657208,-0.034857,3.133876,-0.090214,-3.445752,0.031433,0.376889,0.038416,-0.232655,0.000000,300,108,105.000000,3.825486,0.016118,1
39.725189,39.778974,0.047569,0.335600,-1.141316,0.157789,0.125747,0.125970,0.178370,-0.418203,0.111763,-0.483505,0.136827,2.723390,-0.073023,3.195776,-0.175534,-3.646044,0.077195,0.083158,0.324440,-0.131391,0.000000,300,86,86.000000,4.876695,0.006632,1
39.774436,39.829897,0.050923,0.334864,-1.044582,0.327526,0.103262,0.103228,0.142073,-0.381166,0.109817,-0.447349,0.148493,2.758941,-0.072969,3.253012,0.095706,-3.777482,0.067421,0.058614,-0.182555,0.002759,-0.000000,300,97,97.000000,4.498546,0.009846,1
39.825422,39.880946,0.051049,0.371797,-1.032761,-0.048596,0.090926,0.089984,0.128913,-0.379105,0.146118,-0.456536,0.181342,2.724052,-0.007766,3.211819,0.149940,-3.629117,0.026384,0.263997,0.028289,-0.228999,0.000000,300,120,120.000000,4.419595,0.015585,1
39.875363,39.929781,0.048835,0.427686,-1.241426,0.139100,0.090827,0.090251,0.131517,-0.446531,0.158239,-0.518665,0.204551,2.746473,-0.121502,3.241908,-0.019214,-3.606458,0.119568,0.164140,-0.007890,-0.138436,0.000000,300,112,111.000000,4.057512,0.015820,1
39.924702,39.979623,0.049842,0.393620,-1.242541,0.312562,0.074762,0.073823,0.110264,-0.436599,0.116307,-0.519695,0.165346,2.752233,-0.054917,3.273007,0.116864,-3.535175,0.052886,0.267076,-0.090145,-0.146743,-0.000000,300,116,112.000000,3.388816,0.023126,1
39.975262,40.030900,0.051277,0.399862,-1.058235,0.082056,0.092053,0.092012,0.131774,-0.368137,0.134487,-0.454468,0.184182,2.780007,-0.025584,3.307250,0.154588,-3.661073,0.026183,0.115023,-0.136904,-0.106927,-0.000000,300,109,109.000000,4.239021,0.013918,1
40.024932,40.078964,0.048064,0.312509,-1.150291,-0.021502,0.069263,0.068737,0.101410,-0.421829,0.117129,-0.496982,0.159015,2.760084,-0.012576,3.239890,0.040290,-3.620867,0.014744,0.185358,0.009946,-0.040405,0.000000,300,138,135.000000,3.337092,0.034113,1
40.074417,40.129870,0.050906,0.353043,-1.195391,0.124900,0.074474,0.074165,0.108344,-0.429769,0.133986,-0.510911,0.148433,2.785852,-0.114160,3.322366,0.051748,-3.611580,0.110710,0.131526,-0.109682,-0.149029,-0.000000,300,97,91.000000,3.101592,0.018471,1
40.124573,40.179277,0.049407,0.310002,-1.197624,0.163307,0.077363,0.075132,0.114759,-0.433477,0.101254,-0.520949,0.148114,2.776986,-0.043541,3.216595,0.037400,-3.570356,0.048806,0.397925,-0.013623,-0.504071,-0.000000,300,106,104.000000,3.270955,0.020940,1
40.174875,40.230474,0.051197,0.283294,-1.000594,0.239921,0.119726,0.118641,0.170089,-0.354157,0.103114,-0.435323,0.126491,2.795252,0.021809,3.274631,0.140082,-3.736799,-0.008470,0.249192,-0.009301,-0.236028,-0.000000,300,89,89.000000,4.907268,0.007018,1
40.225133,40.279791,0.049317,0.351062,-1.081909,0.054100,0.076247,0.075353,0.104485,-0.367741,0.127625,-0.460019,0.186991,2.780072,0.071658,3.312444,0.045907,-3.755596,-0.058448,0.263051,0.072384,-0.256352,0.000000,300,125,121.000000,3.528033,0.024995,1
40.276094,40.332398,0.052607,0.330600,-1.203732,0.109603,0.091070,0.090084,0.130646,-0.449936,0.119161,-0.520248,0.163014,2.780571,-0.027647,3.321807,-0.101853,-3.629186,0.026836,0.252088,0.062967,-0.158897,-0.000000,300,109,108.000000,4.244909,0.013754,1
40.326080,40.379762,0.047364,0.356344,-1.320071,-0.009819,0.072964,0.071742,0.106110,-0.478698,0.116919,-0.559083,0.172011,2.805958,-0.001382,3.299746,-0.077923,-3.641631,0.014755,0.310192,0.195232,-0.370899,0.000000,300,126,119.000000,3.167813,0.030195,1
40.375546,40.431330,0.051568,0.298475,-1.138060,0.344981,0.074698,0.074116,0.109480,-0.426130,0.088591,-0.502058,0.138695,2.759899,-0.072436,3.269161,-0.106540,-3.558553,0.064809,0.207774,0.085297,-0.353955,0.000000,300,116,116.000000,3.573798,0.021712,1
40.425101,40.478872,0.047542,0.263631,-1.189932,0.007864,0.075335,0.075240,0.104641,-0.433910,0.089064,-0.500937,0.134442,2.809911,-0.102000,3.360681,0.029133,-3.777350,0.103801,0.055599,0.054762,0.074792,0.000000,300,113,112.000000,3.233040,0.024557,1
40.474399,40.529926,0.051054,0.159122,-1.193336,-0.029676,0.082361,0.080843,0.117577,-0.439063,0.064276,-0.512793,0.109600,2.803109,-0.011492,3.329342,0.071675,-3.656368,0.044028,0.332002,0.153819,-0.402623,0.000000,300,111,104.000000,3.601298,0.018364,1
40.525228,40.580531,0.050605,0.352656,-1.168108,0.181296,0.067994,0.067956,0.095844,-0.414118,0.121657,-0.496171,0.174236,2.816135,-0.046566,3.390565,-0.074315,-3.716766,0.054374,0.050221,0.198124,0.078698,0.000000,300,109,101.000000,2.943312,0.025317,1
40.575423,40.630315,0.049784,0.120305,-1.103670,-0.210899,0.088105,0.088220,0.129733,-0.399576,0.044450,-0.483889,0.102014,2.850980,-0.053449,3.349146,0.240365,-3.710183,0.049869,0.169072,-0.266054,-0.150018,0.000000,300,108,107.000000,3.794913,0.016674,1
40.625471,40.680626,0.050311,0.209738,-1.248325,-0.004138,0.063207,0.062859,0.086948,-0.455936,0.081153,-0.538160,0.131000,2.795564,-0.069851,3.317419,-0.046047,-3.793633,0.068429,0.167705,0.029719,-0.176857,0.000000,300,123,116.000000,2.923409,0.033213,1
40.676268,40.731909,0.051283,0.322996,-1.134826,0.022134,0.068371,0.067959,0.098391,-0.403977,0.123210,-0.490946,0.177611,2.840703,-0.060466,3.373912,-0.064725,-3.724731,0.067759,0.175971,0.137728,-0.110780,0.000000,300,126,123.000000,3.263767,0.029557,1
40.725561,40.779212,0.047303,0.221706,-1.024963,0.057813,0.076149,0.075215,0.108819,-0.383562,0.073825,-0.456698,0.130009,2.821142,-0.046790,3.340445,-0.051014,-3.709887,0.042661,0.262437,0.013028,-0.258135,0.000000,300,132,131.000000,3.463127,0.029574,1
40.773701,40.828190,0.048978,0.109424,-1.069037,0.092638,0.066075,0.065349,0.099783,-0.391059,0.031087,-0.471436,0.088545,2.835714,-0.004745,3.336302,-0.000030,-3.608655,-0.004922,0.227595,-0.098717,-0.255550,-0.000000,300,132,130.000000,3.088602,0.036181,1
40.824745,40.881301,0.053111,0.143527,-1.096224,0.100440,0.064090,0.063669,0.093512,-0.389336,0.046833,-0.491002,0.095552,2.853911,-0.029318,3.361859,-0.112124,-3.738727,0.027144,0.200304,0.031302,-0.075221,0.000000,300,112,103.000000,2.881248,0.027560,1
40.875696,40.930091,0.048790,0.153563,-1.085426,0.031020,0.076740,0.076364,0.114018,-0.375786,0.050416,-0.459841,0.105895,2.893856,-0.058578,3.436524,-0.135090,-3.701400,0.060393,0.185316,0.160233,-0.190230,-0.000000,300,111,111.000000,3.247563,0.023712,1
40.924912,40.979733,0.049642,0.230812,-1.188836,0.014783,0.074487,0.073976,0.108595,-0.415057,0.079792,-0.485241,0.130959,2.853460,-0.185994,3.381974,-0.208842,-3.718778,0.156853,0.259887,-0.082306,-0.226033,0.000000,300,118,117.000000,3.321631,0.025496,1
40.975068,41.030402,0.050669,0.188389,-1.058419,-0.115764,0.074103,0.074211,0.106884,-0.379567,0.067603,-0.455865,0.115722,2.874962,-0.003331,3.442423,-0.130784,-3.746765,0.006603,0.024349,0.173661,0.023192,-0.000000,300,130,130.000000,3.571314,0.027305,1
41.025766,41.081130,0.050728,0.157111,-1.192135,-0.036866,0.055747,0.055523,0.078858,-0.425577,0.063605,-0.494539,0.122427,2.870498,-0.071781,3.443842,0.085567,-3.787316,0.063746,0.150691,-0.132894,0.007868,0.000000,300,143,138.000000,2.763924,0.050760,1
41.075863,41.130596,0.049466,0.177872,-1.144903,0.161244,0.066664,0.066411,0.096825,-0.402446,0.064233,-0.474899,0.120753,2.856358,-0.081519,3.393965,0.103540,-3.709355,0.072144,0.149792,-0.264116,-0.200997,0.000000,300,123,120.000000,3.019478,0.032420,1
41.125011,41.179427,0.048831,0.127535,-0.986079,-0.009269,0.070930,0.070837,0.096879,-0.350672,0.046131,-0.405708,0.112857,2.863583,0.032018,3.577511,0.043985,-3.747470,-0.030163,0.065701,0.057643,0.080907,0.000000,300,134,130.000000,3.304729,0.032472,1
41.174773,41.230119,0.050692,0.132760,-1.107771,-0.032649,0.057737,0.057712,0.083200,-0.381975,0.052611,-0.463901,0.119392,2.906310,0.002654,3.435515,0.002270,-3.835297,-0.002340,0.009080,0.012788,-0.019264,-0.000000,300,143,140.000000,2.858491,0.048511,1
41.225199,41.280279,0.050160,0.126298,-1.085293,-0.004205,0.067802,0.067897,0.099300,-0.382652,0.044224,-0.453924,0.105772,2.891452,-0.061007,3.444622,-0.104753,-3.745936,0.060873,-0.053033,0.114965,0.049621,-0.000000,300,118,112.000000,2.987465,0.029591,1
41.275302,41.330325,0.050046,0.149172,-1.154258,-0.013116,0.059095,0.059112,0.087133,-0.398480,0.058777,-0.465449,0.116587,2.923466,0.033323,3.513437,-0.130107,-3.730912,-0.032257,0.071260,0.169261,-0.083812,0.000000,300,134,126.000000,2.720216,0.044669,1
41.325339,41.380353,0.050028,0.032774,-1.100590,-0.096562,0.055249,0.055906,0.082236,-0.370655,0.010378,-0.454013,0.065436,2.912578,0.004636,3.469216,-0.318722,-3.732334,0.005188,0.049959,0.301048,0.045352,0.000000,300,147,141.000000,2.700933,0.055527,1
41.374416,41.428480,0.048127,-0.057950,-1.065990,0.001133,0.065223,0.065144,0.097479,-0.365761,-0.019417,-0.423539,0.032939,2.940087,-0.086278,3.446989,-0.105878,-3.797542,0.092033,0.093429,0.230441,-0.102342,0.000000,300,141,138.000000,3.002096,0.043186,1
41.424155,41.479830,0.051350,0.038061,-1.043495,0.105847,0.068208,0.067965,0.100397,-0.357335,0.015628,-0.417811,0.068676,2.957538,0.040757,3.465549,-0.137352,-3.842953,-0.033653,0.168091,0.301626,-0.275974,0.000000,300,131,127.000000,3.184104,0.033192,1
41.474277,41.528724,0.048894,0.033560,-1.064670,-0.026913,0.064075,0.064060,0.091802,-0.369530,0.009168,-0.427791,0.078232,2.885560,0.077321,3.469998,-0.022166,-3.764319,-0.077572,-0.000725,0.047221,-0.087604,0.000000,300,140,140.000000,3.082209,0.041481,1
41.524525,41.580326,0.051602,-0.015861,-0.988846,-0.132165,0.058922,0.059145,0.087411,-0.337947,-0.004208,-0.400396,0.050765,2.898201,0.035363,3.408433,-0.170836,-3.770837,-0.031759,-0.038473,0.073019,0.106219,0.000000,300,146,142.000000,3.000266,0.046064,1
41.574665,41.629004,0.048678,0.002100,-1.067029,-0.052412,0.054950,0.054808,0.078559,-0.363358,0.011631,-0.411096,0.061248,2.948913,0.011374,3.543653,0.003591,-3.847478,-0.009496,0.098198,0.032784,-0.139294,-0.000000,300,159,157.000000,2.720664,0.063080,1
41.624206,41.679408,0.050404,-0.076657,-0.910404,0.038376,0.062324,0.062437,0.084929,-0.313625,-0.022948,-0.377090,0.038326,2.904298,0.022219,3.536907,-0.184443,-3.900013,-0.024259,0.082560,0.061862,-0.026588,-0.000000,300,150,150.000000,3.173193,0.045171,1
41.674678,41.729947,0.050539,-0.086426,-1.045821,-0.067466,0.060039,0.060105,0.087462,-0.369170,-0.023815,-0.410843,0.036130,2.940094,-0.047526,3.499370,-0.254715,-3.817786,0.036929,0.186446,0.128419,-0.191527,-0.000000,300,146,143.000000,2.941561,0.048064,1
41.724319,41.778691,0.048744,-0.070552,-0.980104,0.004675,0.056529,0.056492,0.084819,-0.328946,-0.025425,-0.378277,0.045297,2.983926,-0.079603,3.545564,0.041534,-3.803795,0.077975,0.032874,-0.111324,-0.055165,0.000000,300,149,145.000000,2.666379,0.059203,1
41.775551,41.832410,0.053719,-0.052303,-0.921184,-0.205105,0.056561,0.056758,0.083178,-0.307033,-0.009212,-0.357573,0.063965,2.973370,0.063795,3.496805,0.172781,-3.886521,-0.058545,-0.085107,-0.155275,-0.008793,-0.000000,300,131,126.000000,2.752490,0.042770,1
41.825625,41.878839,0.046429,-0.155745,-1.012167,-0.032414,0.055663,0.055480,0.079155,-0.352821,-0.050040,-0.397678,0.021721,2.995471,0.074256,3.577047,-0.030263,-3.950616,-0.077981,0.123252,-0.048122,-0.043190,0.000000,300,155,152.000000,2.544206,0.069138,1
41.874342,41.929846,0.051007,-0.194557,-0.855103,-0.026307,0.059080,0.058784,0.085424,-0.291916,-0.062519,-0.339581,0.004189,2.991635,0.027992,3.534088,0.050472,-3.922863,-0.031561,0.162740,-0.104835,-0.180320,-0.000000,300,147,147.000000,2.915567,0.050545,1
41.925970,41.982093,0.052247,-0.101139,-0.970808,-0.071274,0.045152,0.045023,0.064980,-0.321220,-0.025046,-0.357884,0.030977,2.987285,0.111980,3.536407,-0.061457,-3.930561,-0.116981,0.118379,-0.014349,-0.153779,-0.000000,300,161,159.000000,2.381957,0.080415,1
41.976505,42.030917,0.048824,-0.173207,-0.878755,-0.063774,0.057489,0.057493,0.084266,-0.292161,-0.061096,-0.336204,0.006136,2.975982,0.072604,3.531888,0.050755,-3.866677,-0.072092,-0.006278,0.034964,0.050121,0.000000,300,155,155.000000,2.817484,0.057804,1
42.025131,42.079344,0.048427,-0.145745,-0.935568,-0.166522,0.046802,0.046882,0.066475,-0.309948,-0.042975,-0.335867,0.016863,3.002662,0.037563,3.574997,-0.149155,-3.982263,-0.032071,0.033263,0.106368,0.101183,-0.000000,300,172,170.000000,2.360156,0.087261,1
42.074831,42.130317,0.050973,-0.316014,-0.850441,0.077750,0.046415,0.046412,0.066339,-0.280613,-0.104702,-0.314751,-0.036132,3.014136,0.049053,3.608242,0.007317,-3.955662,-0.049047,-0.074777,0.002189,0.040137,0.000000,300,174,172.000000,2.470477,0.081653,1
42.125431,42.180545,0.050228,-0.184542,-0.839889,-0.037103,0.047426,0.047555,0.067004,-0.279091,-0.057728,-0.302663,0.002442,3.005486,0.007138,3.567545,-0.160815,-4.014605,-0.004338,-0.084954,0.045424,0.112205,-0.000000,300,160,159.000000,2.398273,0.078992,1
42.175431,42.230317,0.049772,-0.280452,-0.958743,-0.044702,0.050803,0.051148,0.074282,-0.313925,-0.096004,-0.343508,-0.035490,3.032878,0.004062,3.624604,-0.268261,-3.917612,-0.001655,0.065476,0.256914,-0.033385,0.000000,300,152,152.000000,2.463078,0.071697,1
42.225223,42.280130,0.049813,-0.196365,-0.753449,-0.031555,0.054109,0.054083,0.077850,-0.252052,-0.075167,-0.267865,-0.010719,3.029443,-0.015783,3.662818,0.047294,-3.915806,0.012593,0.031135,-0.161642,-0.022965,0.000000,300,177,177.000000,2.838755,0.065132,1
42.275253,42.330376,0.050246,-0.399770,-0.821950,-0.035780,0.050476,0.050453,0.072619,-0.269701,-0.131731,-0.287782,-0.059112,3.054829,0.059149,3.634979,-0.021846,-4.010264,-0.057383,-0.117504,-0.065678,0.093984,0.000000,300,162,162.000000,2.534844,0.072723,1
42.325154,42.379932,0.049556,-0.305028,-0.757675,0.018154,0.053832,0.054195,0.075732,-0.252078,-0.101628,-0.267839,-0.037098,3.011739,0.073990,3.588427,0.267712,-4.010271,-0.069807,0.047955,-0.285464,-0.101507,0.000000,300,165,165.000000,2.727829,0.065158,1
42.374908,42.429883,0.049951,-0.380112,-0.834650,0.128833,0.048193,0.047895,0.071030,-0.280783,-0.125414,-0.286299,-0.058705,3.043994,0.031760,3.536839,0.076611,-3.985784,-0.032182,0.191709,-0.108431,-0.275330,0.000000,300,176,176.000000,2.500662,0.080883,1
42.425561,42.481238,0.051355,-0.363452,-0.743838,0.018785,0.050609,0.050681,0.073796,-0.245069,-0.114968,-0.256499,-0.060896,3.046445,0.028003,3.606718,-0.111799,-3.977074,-0.028500,-0.048890,0.161939,0.034858,0.000000,300,177,176.000000,2.716318,0.070419,1
42.475825,42.530411,0.049173,-0.390255,-0.827182,0.017120,0.048990,0.048990,0.073757,-0.276839,-0.127733,-0.279334,-0.059947,3.075305,0.069343,3.622850,0.017272,-3.943824,-0.070398,-0.029458,-0.151436,0.057720,0.000000,300,166,166.000000,2.422098,0.080584,1
42.526138,42.581865,0.051454,-0.436150,-0.757907,0.036950,0.046698,0.046705,0.065331,-0.244403,-0.146661,-0.230301,-0.087228,3.080677,0.029329,3.709424,0.037873,-4.086287,-0.029706,-0.045011,-0.013284,0.078857,-0.000000,300,178,178.000000,2.497432,0.081984,1
42.575504,42.629143,0.047278,-0.443691,-0.804297,-0.054052,0.050493,0.050485,0.072284,-0.256022,-0.150166,-0.244573,-0.088032,3.106367,-0.080107,3.726442,0.046425,-4.062165,0.080323,0.009270,-0.006985,0.026647,0.000000,300,166,166.000000,2.375403,0.083302,1
42.623495,42.677847,0.048704,-0.500449,-0.695060,0.112277,0.049047,0.048971,0.067527,-0.222890,-0.160759,-0.208232,-0.096208,3.089174,-0.052917,3.790649,0.002037,-4.071409,0.051642,0.074613,-0.034034,-0.098362,0.000000,300,176,176.000000,2.458290,0.083296,1
42.673139,42.728431,0.050584,-0.498433,-0.636649,-0.112106,0.048940,0.048600,0.068503,-0.211472,-0.159430,-0.196025,-0.103517,3.089781,0.093621,3.674746,-0.080784,-4.116153,-0.091377,0.221719,0.109666,-0.233011,0.000000,300,179,179.000000,2.553104,0.079361,1
42.723755,42.779080,0.050649,-0.490944,-0.709757,0.091864,0.047663,0.047638,0.069581,-0.229019,-0.158288,-0.202651,-0.098148,3.132636,0.090292,3.723462,-0.037137,-4.072744,-0.091192,-0.129535,0.020770,0.018624,-0.000000,300,176,175.000000,2.444987,0.084074,1
42.774676,42.830272,0.051192,-0.546872,-0.668806,0.068770,0.059570,0.059603,0.082463,-0.213993,-0.177462,-0.193985,-0.113817,3.144765,0.028109,3.791666,0.075703,-4.198552,-0.027393,-0.057300,-0.094225,0.029366,0.000000,300,154,153.000000,2.878714,0.055274,1
42.825012,42.879752,0.049480,-0.590216,-0.568417,0.068991,0.046296,0.046295,0.064442,-0.189204,-0.188360,-0.155265,-0.124068,3.097558,0.081325,3.672275,-0.020611,-4.181348,-0.082788,-0.025959,-0.086089,-0.069379,0.000000,300,171,171.000000,2.320795,0.089256,1
42.874766,42.929779,0.050027,-0.536480,-0.641109,-0.023520,0.057005,0.056991,0.081349,-0.205559,-0.170861,-0.183604,-0.115994,3.168938,0.053149,3.787643,0.017579,-4.165898,-0.054104,-0.102957,0.042132,0.095392,-0.000000,300,177,177.000000,2.872633,0.063770,1
42.925028,42.980278,0.050499,-0.600466,-0.585446,0.103865,0.050155,0.049792,0.069191,-0.187171,-0.187999,-0.148624,-0.132094,3.121441,0.036257,3.732635,-0.017582,-4.189050,-0.029345,0.222539,0.094628,-0.189625,0.000000,300,167,167.000000,2.498277,0.076873,1
42.975011,43.029744,0.049466,-0.720893,-0.555522,0.138508,0.057118,0.057216,0.082416,-0.185345,-0.223495,-0.137755,-0.162872,3.168254,0.053547,3.781721,0.137029,-4.138021,-0.053477,-0.096066,-0.092191,0.079381,0.000000,300,175,175.000000,2.830684,0.064723,1
43.025796,43.081848,0.052104,-0.671755,-0.572187,0.102046,0.049640,0.049607,0.072074,-0.181328,-0.212857,-0.132412,-0.144389,3.146632,0.077521,3.746844,-0.005053,-4.096589,-0.076775,-0.128517,-0.023504,0.149824,-0.000000,300,162,162.000000,2.509225,0.074011,1
43.075926,43.130004,0.048156,-0.660194,-0.437286,0.021500,0.059887,0.059946,0.087543,-0.135749,-0.208168,-0.102047,-0.137946,3.192478,0.009256,3.829227,0.118540,-4.111454,-0.014799,-0.117753,0.009911,0.193593,0.000000,300,175,175.000000,2.866662,0.063284,1
43.124734,43.179464,0.049460,-0.644949,-0.502134,0.217869,0.056260,0.056277,0.080230,-0.152023,-0.195264,-0.108776,-0.141777,3.168830,0.055480,3.787650,0.058650,-4.168419,-0.057016,-0.072373,-0.014338,0.138463,0.000000,300,168,168.000000,2.731485,0.066186,1
43.174682,43.229900,0.050436,-0.770980,-0.538247,0.028939,0.058030,0.058027,0.084888,-0.173929,-0.240541,-0.126720,-0.184601,3.175528,0.071164,3.756302,0.099786,-4.138036,-0.068960,0.052344,-0.024773,-0.045549,0.000000,300,163,163.000000,2.820990,0.060654,1
43.225102,43.280304,0.050404,-0.751588,-0.479647,0.121302,0.048392,0.048181,0.068020,-0.153635,-0.235114,-0.094650,-0.184870,3.144188,0.001875,3.796015,0.055508,-4.133578,0.002500,0.166009,0.020604,-0.117627,0.000000,300,184,184.000000,2.513707,0.083803,1
43.274917,43.329529,0.049225,-0.696512,-0.494060,0.009232,0.061412,0.061280,0.087682,-0.164717,-0.219642,-0.104906,-0.169291,3.140379,-0.007136,3.772303,0.080172,-4.102619,0.007376,0.114828,-0.059062,-0.080805,0.000000,300,158,158.000000,2.895816,0.056113,1
43.324545,43.379561,0.050032,-0.796950,-0.370844,0.064850,0.050335,0.050538,0.071375,-0.112882,-0.255944,-0.049150,-0.201801,3.177219,0.001039,3.825904,0.204063,-4.163984,0.001396,-0.016400,-0.264192,-0.031403,-0.000000,300,175,175.000000,2.516252,0.079565,1
43.374583,43.429605,0.050044,-0.814413,-0.481881,0.164660,0.047443,0.047344,0.066449,-0.149312,-0.258170,-0.085279,-0.210079,3.192402,0.006022,3.796091,0.052705,-4.273592,-0.003081,0.106351,0.033328,-0.029274,0.000000,300,189,189.000000,2.448065,0.090090,1
43.424962,43.480319,0.050714,-0.797723,-0.438549,0.070012,0.041053,0.041236,0.059030,-0.137231,-0.246101,-0.067794,-0.196529,3.173231,-0.062548,3.807715,0.251732,-4.116738,0.070156,0.091705,-0.311214,-0.221089,0.000000,300,188,188.000000,2.154613,0.111065,1
43.474263,43.528207,0.047888,-0.807111,-0.290236,0.237320,0.056562,0.056537,0.081338,-0.109060,-0.258549,-0.035426,-0.215482,3.146817,0.011658,3.693920,-0.035917,-4.177404,-0.009895,-0.124432,0.012918,0.231177,0.000000,300,174,174.000000,2.723419,0.068908,1
43.524277,43.580348,0.052141,-0.860990,-0.338584,0.034587,0.051247,0.051286,0.071504,-0.109986,-0.267312,-0.032525,-0.217746,3.194020,0.069651,3.836321,0.100465,-4.250092,-0.071075,-0.095681,-0.124776,0.151988,-0.000000,300,163,163.000000,2.562865,0.071791,1
43.575584,43.630819,0.050471,-0.899582,-0.337390,0.186229,0.047851,0.047771,0.069291,-0.107413,-0.276795,-0.021308,-0.223778,3.176054,-0.019999,3.786764,0.188125,-4.118469,0.026027,0.176790,-0.174539,-0.262182,-0.000000,300,164,163.000000,2.317456,0.085811,1
43.625799,43.680778,0.049959,-0.806924,-0.315444,0.112592,0.055619,0.055781,0.081676,-0.103850,-0.249999,-0.018818,-0.200611,3.198960,0.030778,3.811455,0.167989,-4.139331,-0.036829,-0.029030,-0.002180,0.164963,0.000000,300,154,154.000000,2.586887,0.066736,1
43.676317,43.731856,0.051078,-0.907453,-0.307841,0.161126,0.055382,0.055359,0.079505,-0.094707,-0.288468,-0.010573,-0.239734,3.238351,0.027949,3.854783,-0.044298,-4.251082,-0.027782,0.028232,0.055035,-0.034972,0.000000,300,175,175.000000,2.771714,0.067186,1
43.726098,43.780340,0.048484,-0.959653,-0.204359,0.080503,0.056268,0.056305,0.082158,-0.065141,-0.297846,0.024796,-0.253863,3.217806,0.000302,3.825775,0.181730,-4.175659,-0.001920,0.113403,-0.149251,-0.055541,0.000000,300,166,166.000000,2.614392,0.070623,1
43.775836,43.831333,0.050993,-0.983666,-0.305561,0.190592,0.057493,0.057371,0.086387,-0.093969,-0.315421,-0.002805,-0.268287,3.184484,0.040304,3.778349,0.101642,-4.063774,-0.042736,0.121431,-0.038188,0.061783,-0.000000,300,169,169.000000,2.862972,0.061254,1
43.824423,43.877513,0.046180,-0.950907,-0.240312,0.217156,0.061307,0.061265,0.088348,-0.066300,-0.287287,0.034476,-0.247974,3.254379,0.054461,3.856108,0.105238,-4.275552,-0.058969,0.084256,-0.156783,-0.010619,0.000000,300,172,172.000000,2.733388,0.067679,1
43.873922,43.930332,0.052819,-1.078535,-0.278973,0.234123,0.048838,0.048601,0.068072,-0.085181,-0.340270,0.020729,-0.297271,3.216762,-0.029082,3.746032,0.093491,-4.382082,0.025586,0.195881,-0.143855,-0.208068,-0.000000,300,165,163.000000,2.443198,0.078918,1
43.924723,43.979115,0.048783,-0.918508,-0.166512,0.202736,0.056151,0.056068,0.084076,-0.049253,-0.282835,0.046471,-0.239643,3.222685,-0.071438,3.768884,0.013344,-4.171338,0.072487,0.068060,0.020139,-0.024978,-0.000000,300,169,168.000000,2.640111,0.070680,1
43.974231,44.029346,0.050231,-1.064369,-0.155024,0.180473,0.048915,0.048928,0.072750,-0.041302,-0.325383,0.052987,-0.288058,3.256686,-0.038175,3.811217,0.105246,-4.227323,0.033843,-0.142556,-0.117277,0.287175,0.000000,300,166,165.000000,2.323823,0.086456,1
44.023786,44.078225,0.048879,-1.122968,-0.170631,0.203626,0.050769,0.051100,0.071897,-0.060124,-0.348384,0.048559,-0.303321,3.241263,0.046315,3.829035,-0.262148,-4.326833,-0.048863,-0.034043,0.294148,0.000597,0.000000,300,161,161.000000,2.331421,0.083391,1
44.074487,44.130748,0.052523,-1.089324,-0.213756,0.092442,0.047405,0.047450,0.069036,-0.069542,-0.346114,0.039890,-0.296561,3.202432,0.001164,3.738308,0.174958,-4.234612,0.006516,0.095740,-0.054652,-0.136092,0.000000,300,161,159.000000,2.347703,0.082416,1
44.125486,44.180224,0.049476,-1.085515,-0.173092,0.299803,0.056873,0.056857,0.082745,-0.058233,-0.336036,0.041297,-0.295971,3.261785,0.069654,3.843354,-0.047957,-4.275759,-0.065901,0.022527,0.244438,-0.064439,-0.000000,300,167,167.000000,2.674181,0.068292,1
44.174684,44.229144,0.048920,-1.132451,-0.178326,0.044566,0.057716,0.057778,0.084622,-0.046546,-0.344994,0.058282,-0.319214,3.258391,0.181259,3.878584,0.152901,-4.215340,-0.189357,-0.162794,0.002529,0.220712,0.000000,300,160,159.000000,2.618956,0.067863,1
44.223915,44.278686,0.049542,-1.185484,-0.091789,0.211369,0.057466,0.057770,0.083639,-0.014025,-0.356065,0.096506,-0.321912,3.268314,0.019768,3.884681,0.234275,-4.258578,-0.023251,-0.086380,-0.169735,0.124955,0.000000,300,176,175.000000,2.765228,0.067850,1
44.274632,44.330578,0.051892,-1.218194,-0.001505,0.289035,0.048488,0.048513,0.070691,-0.009927,-0.380234,0.106558,-0.351391,3.273240,-0.098518,3.807587,-0.249192,-4.316171,0.096255,0.188379,0.271172,-0.239135,-0.000000,300,172,171.000000,2.398857,0.084881,1
44.325265,44.379951,0.049373,-1.180804,-0.078260,0.158043,0.055194,0.055296,0.077570,-0.011500,-0.363028,0.109773,-0.318488,3.276634,0.019906,3.850631,0.172233,-4.421116,-0.021389,0.047986,-0.148621,-0.006327,-0.000000,300,160,160.000000,2.522564,0.072431,1
44.374986,44.430022,0.050071,-1.117405,-0.038599,0.118069,0.061626,0.061653,0.088516,-0.009211,-0.335836,0.106518,-0.306221,3.246318,-0.031109,3.855712,-0.071598,-4.269586,0.033377,-0.073719,0.069449,0.175875,0.000000,300,156,156.000000,2.849103,0.057034,1
44.425085,44.480148,0.050126,-1.177214,-0.034457,0.085322,0.065511,0.065530,0.095772,-0.001185,-0.356159,0.108999,-0.320491,3.291561,-0.073663,3.883473,-0.072205,-4.301396,0.071338,-0.001643,-0.049417,-0.022888,-0.000000,300,138,137.000000,2.801880,0.047470,1
44.475290,44.530432,0.050284,-1.163034,0.001206,0.208433,0.060541,0.060551,0.085938,0.006353,-0.344683,0.119794,-0.302810,3.297613,-0.066006,3.913051,0.066578,-4.376725,0.067253,0.001367,-0.072957,-0.068021,-0.000000,300,135,134.000000,2.564102,0.053072,1
44.525134,44.579836,0.049404,-1.164619,0.089250,0.187647,0.058456,0.058861,0.084916,0.022602,-0.352361,0.129443,-0.323296,3.290485,-0.087245,3.842448,-0.280132,-4.356728,0.083720,-0.133900,0.280421,0.092574,-0.000000,300,160,158.000000,2.645885,0.066661,1
44.574795,44.629754,0.049918,-1.174209,0.060730,0.261984,0.053256,0.053274,0.081659,0.019212,-0.351288,0.138270,-0.322744,3.315718,-0.027385,3.861773,0.067909,-4.241336,0.027155,-0.088952,0.004470,0.058644,0.000000,300,148,147.000000,2.332654,0.075058,1
44.625077,44.680400,0.050646,-1.162683,0.009837,0.116942,0.064923,0.065131,0.093466,0.010343,-0.349857,0.125603,-0.331482,3.297438,-0.052266,3.869948,-0.202773,-4.364929,0.044884,-0.135755,0.366441,0.084914,0.000000,300,156,153.000000,2.958135,0.053330,1
44.676433,44.732466,0.052066,-1.354399,0.039621,0.175307,0.065626,0.066078,0.093948,0.014677,-0.394294,0.136867,-0.376722,3.347357,-0.061606,3.948206,-0.315638,-4.421009,0.058994,-0.204855,0.426509,0.231556,-0.000000,300,161,161.000000,3.101688,0.050531,1
44.726437,44.780407,0.047941,-1.287912,0.053254,0.169352,0.052258,0.052047,0.078053,0.024136,-0.384211,0.138156,-0.368551,3.303597,0.025063,3.833206,0.032743,-4.309279,-0.022021,0.151363,0.033230,-0.052476,0.000000,300,168,167.000000,2.342265,0.086337,1
44.775322,44.830237,0.049830,-1.287200,0.178350,0.196910,0.055809,0.055805,0.088823,0.052446,-0.388748,0.159138,-0.366702,3.315700,-0.014316,3.795628,0.029378,-4.205017,0.012354,-0.011018,-0.106907,0.129511,-0.000000,300,133,129.000000,2.285866,0.061246,1
44.824059,44.877880,0.047643,-1.287581,0.130916,0.328361,0.065324,0.065348,0.095321,0.040655,-0.384490,0.157713,-0.368636,3.326627,-0.008038,3.877255,0.116177,-4.398548,0.003268,-0.148154,0.003318,0.183772,0.000000,300,141,139.000000,2.644727,0.054479,1
44.873893,44.929906,0.052026,-1.323873,0.180136,0.352294,0.045111,0.045077,0.066522,0.058267,-0.401771,0.172977,-0.384083,3.293888,-0.124474,3.868152,-0.009544,-4.294145,0.123350,0.037578,-0.040706,0.035798,0.000000,300,137,129.000000,1.940745,0.082395,1
44.925031,44.980155,0.050249,-1.358150,0.226238,0.292908,0.056656,0.056693,0.085132,0.057728,-0.403295,0.177248,-0.380608,3.355518,-0.029160,3.929469,-0.080873,-4.325508,0.028942,-0.062467,0.171348,0.067342,0.000000,300,150,143.000000,2.434948,0.068793,1
44.974958,45.029761,0.049606,-1.228826,0.137067,0.181207,0.064909,0.065071,0.096214,0.031045,-0.361259,0.146794,-0.350684,3.353786,0.058671,3.951239,-0.231215,-4.341466,-0.052290,-0.217045,0.119902,0.229172,-0.000000,300,151,149.000000,2.804918,0.056383,1
45.024777,45.079793,0.050032,0.000000,0.000000,0.000000,0.000000,0.000000,0.000000,0.000000,0.000000,0.000000,0.000000,3.354678,0.000000,0.000000,0.000000,0.000000,0.000000,0.000000,0.000000,0.000000,0.000000,300,0,0.000000,0.000000,0.000000,0
45.074991,45.130190,0.050397,-1.545200,0.250681,0.293269,0.004274,0.004234,0.006043,0.083097,-0.440695,0.178652,-0.439810,3.379531,-0.031707,3.994538,0.121386,-4.471783,0.026462,-0.398826,-0.096333,0.472861,0.000000,300,296,296.000000,0.260336,0.924040,1
45.124637,45.179084,0.048894,-1.530355,0.265757,0.285021,0.004301,0.004256,0.005994,0.090308,-0.442182,0.187099,-0.445737,3.331706,-0.023021,3.945345,0.153168,-4.445984,0.014302,-0.426035,-0.102879,0.492233,0.000000,300,297,297.000000,0.257802,0.928303,1
45.174526,45.229967,0.050883,-1.554895,0.279246,0.288091,0.004859,0.004829,0.006811,0.093738,-0.449769,0.188919,-0.453568,3.352577,-0.032011,3.985408,0.122266,-4.458349,0.023746,-0.345632,-0.050706,0.399226,0.000000,300,291,291.000000,0.299637,0.890086,1
45.225285,45.280604,0.050637,-1.574653,0.293315,0.289561,0.004904,0.004876,0.006915,0.097975,-0.451930,0.193158,-0.458804,3.380998,-0.022094,4.005335,0.168054,-4.489582,0.017856,-0.354907,-0.131331,0.373552,-0.000000,300,290,290.000000,0.297741,0.887950,1
45.274938,45.329271,0.048667,-1.576387,0.309233,0.285304,0.004798,0.004777,0.006736,0.103645,-0.459732,0.197384,-0.463947,3.351992,-0.010538,3.983751,0.172993,-4.460241,0.004970,-0.331698,-0.110276,0.337459,-0.000000,300,294,294.000000,0.284678,0.906533,1
45.324522,45.379772,0.050501,-1.616624,0.336553,0.283154,0.004859,0.004858,0.006872,0.111005,-0.463493,0.203832,-0.469737,3.399680,0.013951,4.034511,0.267055,-4.503111,-0.018597,-0.322061,-0.234734,0.348284,0.000000,300,294,294.000000,0.295126,0.901482,1
45.374842,45.429912,0.050140,-1.619572,0.339433,0.278055,0.005014,0.005012,0.006982,0.111840,-0.466973,0.205178,-0.473524,3.380047,0.009649,4.048013,0.268934,-4.491008,-0.013322,-0.325636,-0.256399,0.358951,0.000000,300,296,296.000000,0.305129,0.902629,1
45.425658,45.481404,0.051492,-1.619012,0.351375,0.271931,0.005477,0.005485,0.007723,0.116928,-0.468806,0.208527,-0.479598,3.375348,0.010206,4.003503,0.287311,-4.485000,-0.013001,-0.306874,-0.272018,0.326037,0.000000,300,294,294.000000,0.341840,0.877464,1
45.474674,45.527944,0.046540,-1.636704,0.365560,0.276763,0.005834,0.005896,0.008274,0.123806,-0.474686,0.214274,-0.485519,3.388431,-0.029587,4.031927,0.389473,-4.485856,0.029442,-0.222874,-0.353002,0.207948,0.000000,300,290,290.000000,0.326657,0.873464,1
45.524399,45.580854,0.052910,-1.669252,0.386312,0.275356,0.005991,0.006054,0.008577,0.128022,-0.478217,0.217291,-0.488940,3.429255,-0.051832,4.069597,0.405307,-4.510360,0.046182,-0.257441,-0.377361,0.290943,0.000000,300,292,292.000000,0.377638,0.851851,1
45.574782,45.628709,0.047855,-1.666229,0.392545,0.270302,0.006264,0.006322,0.008854,0.130709,-0.477597,0.218710,-0.491431,3.395758,-0.087727,4.052742,0.394043,-4.491724,0.085727,-0.269296,-0.337964,0.255321,0.000000,300,295,295.000000,0.362374,0.869195,1
45.624724,45.680738,0.052029,-1.691667,0.409565,0.270708,0.006402,0.006463,0.009161,0.133914,-0.484769,0.219445,-0.497399,3.422989,-0.068406,4.071920,0.386242,-4.499603,0.066768,-0.251649,-0.342589,0.243376,0.000000,300,295,295.000000,0.399727,0.847861,1
45.675209,45.729680,0.048942,-1.701049,0.415832,0.261575,0.006695,0.006759,0.009486,0.135895,-0.480817,0.223676,-0.499993,3.450111,-0.068500,4.091884,0.413366,-4.577470,0.060340,-0.291089,-0.339871,0.316328,-0.000000,300,298,298.000000,0.391568,0.861277,1
45.725757,45.781834,0.052154,-1.711425,0.438343,0.257486,0.007055,0.007142,0.010141,0.141301,-0.487932,0.222231,-0.504766,3.435491,-0.059555,4.057888,0.440394,-4.524027,0.051856,-0.279110,-0.395450,0.315789,-0.000000,300,289,289.000000,0.434978,0.810065,1
45.775438,45.829042,0.047208,-1.712822,0.445441,0.248721,0.006683,0.006765,0.009708,0.145478,-0.484522,0.227624,-0.506045,3.434229,-0.033500,4.047348,0.458490,-4.490123,0.020168,-0.319254,-0.400363,0.384975,-0.000000,300,297,297.000000,0.377485,0.866525,1
45.824261,45.879481,0.050439,-1.717337,0.452515,0.247673,0.007105,0.007152,0.010201,0.144649,-0.493636,0.223234,-0.516182,3.408912,-0.087411,4.020149,0.360836,-4.498012,0.078512,-0.284634,-0.304943,0.332357,-0.000000,300,291,291.000000,0.428309,0.819638,1
45.874633,45.929784,0.050303,-1.746303,0.468202,0.243912,0.007339,0.007446,0.010679,0.149080,-0.494167,0.226049,-0.517766,3.464117,-0.047761,4.078355,0.476975,-4.532101,0.039735,-0.296606,-0.431142,0.331202,0.000000,300,292,292.000000,0.434694,0.818643,1
45.925482,45.981180,0.051396,-1.736499,0.460877,0.229895,0.007515,0.007690,0.010905,0.150648,-0.493788,0.229793,-0.517188,3.442621,-0.034875,4.048329,0.595260,-4.503307,0.037684,-0.350245,-0.612740,0.342819,-0.000000,300,295,295.000000,0.458784,0.812348,1
45.974912,46.028643,0.047463,-1.751078,0.481766,0.222037,0.007644,0.007782,0.011167,0.153397,-0.498099,0.229585,-0.520823,3.448412,-0.032661,4.037415,0.534037,-4.511032,0.027274,-0.336761,-0.521369,0.364745,0.000000,300,294,294.000000,0.429756,0.827220,1
46.024957,46.081270,0.052627,-1.771284,0.495491,0.218362,0.007841,0.008012,0.011587,0.156127,-0.500412,0.229726,-0.526712,3.484102,-0.005093,4.065283,0.557408,-4.540829,0.001186,-0.306945,-0.542204,0.324357,0.000000,300,292,292.000000,0.482851,0.789310,1
46.075256,46.129242,0.047972,-1.748947,0.499644,0.205831,0.008080,0.008270,0.011822,0.159308,-0.498033,0.231418,-0.526045,3.444574,0.000783,4.011669,0.614567,-4.506517,-0.009583,-0.387993,-0.624556,0.442806,0.000000,300,295,295.000000,0.459077,0.812167,1
46.124437,46.179632,0.050390,-1.762858,0.501015,0.200912,0.008164,0.008394,0.012027,0.160333,-0.501975,0.231706,-0.527567,3.450697,0.010325,4.029714,0.654906,-4.479393,-0.019661,-0.390170,-0.671843,0.448159,0.000000,300,294,294.000000,0.485426,0.793112,1
46.174883,46.230133,0.050501,-1.786624,0.519228,0.199392,0.008282,0.008480,0.012347,0.162567,-0.505441,0.229224,-0.531753,3.482035,-0.014799,4.040005,0.604762,-4.518072,-0.006107,-0.368370,-0.571417,0.471189,-0.000000,300,289,289.000000,0.485512,0.779572,1
46.225528,46.280923,0.050790,-1.791740,0.519940,0.191835,0.008385,0.008585,0.012377,0.161120,-0.504500,0.228426,-0.533480,3.492454,-0.000022,4.083062,0.624444,-4.523025,-0.006156,-0.394959,-0.641760,0.439080,-0.000000,300,295,295.000000,0.497274,0.788381,1
46.275245,46.329568,0.048645,-1.781265,0.531869,0.180764,0.008230,0.008450,0.012174,0.165185,-0.503668,0.227098,-0.532176,3.471972,0.024394,4.062331,0.661147,-4.489786,-0.032163,-0.422708,-0.637648,0.450258,0.000000,300,297,297.000000,0.470870,0.810334,1
46.325455,46.381342,0.051774,-1.815226,0.536387,0.173745,0.008644,0.008827,0.012503,0.163575,-0.509864,0.224199,-0.536025,3.507036,0.034032,4.115438,0.641015,-4.581054,-0.038338,-0.449283,-0.663545,0.486878,-0.000000,300,297,297.000000,0.520615,0.778890,1
46.375242,46.429142,0.047800,-1.810574,0.547967,0.159308,0.008707,0.008910,0.012623,0.165795,-0.513193,0.225567,-0.539381,3.495699,0.045111,4.083987,0.651651,-4.582585,-0.064875,-0.436492,-0.625826,0.527197,0.000000,300,292,292.000000,0.481940,0.789873,1
46.424972,46.480803,0.051661,-1.808667,0.548043,0.160553,0.009239,0.009483,0.013478,0.166686,-0.509441,0.222346,-0.537188,3.495098,0.035566,4.087835,0.677977,-4.567388,-0.045514,-0.440656,-0.632098,0.465506,-0.000000,300,291,291.000000,0.551639,0.743691,1
46.475154,46.529504,0.048701,-1.813616,0.559608,0.148480,0.009136,0.009370,0.013338,0.168266,-0.510407,0.220901,-0.539635,3.516856,0.044777,4.093373,0.695382,-4.592962,-0.058850,-0.477116,-0.683839,0.541201,0.000000,300,293,293.000000,0.511510,0.774123,1
46.525216,46.580929,0.051425,-1.826405,0.566325,0.148623,0.008989,0.009266,0.013283,0.169717,-0.510766,0.218817,-0.539617,3.522013,-0.000295,4.107538,0.718350,-4.554854,-0.013703,-0.451065,-0.722296,0.521900,-0.000000,300,292,292.000000,0.530581,0.759517,1
46.575798,46.630666,0.049737,-1.819998,0.565251,0.137040,0.009009,0.009230,0.013237,0.169129,-0.511890,0.215759,-0.544682,3.512102,0.041749,4.094634,0.669270,-4.579400,-0.055610,-0.455605,-0.599185,0.485869,-0.000000,300,294,294.000000,0.517420,0.773040,1
46.625577,46.680488,0.049822,-1.865920,0.584563,0.134201,0.009387,0.009615,0.013874,0.169922,-0.515530,0.213048,-0.550206,3.585253,0.027357,4.186833,0.663083,-4.636867,-0.043564,-0.438442,-0.649857,0.518324,0.000000,300,294,294.000000,0.529901,0.765150,1
46.674722,46.728955,0.048467,-1.834563,0.569618,0.132307,0.009378,0.009763,0.014126,0.169757,-0.515542,0.210830,-0.548047,3.526095,0.008385,4.136445,0.735416,-4.502944,0.001412,-0.335713,-0.767078,0.301040,0.000000,300,291,291.000000,0.523791,0.761168,1
46.724595,46.780235,0.051280,-1.874727,0.581300,0.121216,0.009767,0.010085,0.014416,0.169163,-0.518271,0.207176,-0.550201,3.584582,0.027251,4.198255,0.709648,-4.644808,-0.022837,-0.386124,-0.718053,0.367806,-0.000000,300,290,290.000000,0.565551,0.732408,1
46.774449,46.828663,0.048428,-1.866628,0.585494,0.116704,0.009684,0.010060,0.014281,0.170638,-0.518281,0.205963,-0.552453,3.579068,0.027174,4.197136,0.741853,-4.656825,-0.022339,-0.339377,-0.692625,0.296848,0.000000,300,292,292.000000,0.533533,0.757660,1
46.824644,46.880626,0.051963,-1.839416,0.581095,0.103795,0.009436,0.009867,0.013817,0.170911,-0.516162,0.202653,-0.551602,3.533845,0.073181,4.161574,0.789227,-4.602781,-0.063362,-0.329862,-0.759779,0.275453,-0.000000,300,294,294.000000,0.567111,0.741517,1
46.875603,46.930580,0.049954,-1.850911,0.590726,0.097803,0.009627,0.009900,0.014034,0.172387,-0.514515,0.199402,-0.551646,3.546770,0.039804,4.174620,0.672241,-4.637027,-0.035971,-0.385574,-0.593220,0.325904,-0.000000,300,295,295.000000,0.553608,0.752657,1
46.925755,46.980930,0.050350,-1.853649,0.599279,0.095177,0.009640,0.009970,0.013905,0.174233,-0.515606,0.196872,-0.552604,3.553732,0.033343,4.191472,0.724804,-4.683830,-0.040356,-0.372229,-0.593518,0.348246,-0.000000,300,293,293.000000,0.556304,0.745846,1
46.976439,47.031948,0.051018,-1.831907,0.595367,0.086171,0.009564,0.009911,0.013890,0.174274,-0.515940,0.193175,-0.551712,3.508583,0.043258,4.131117,0.723279,-4.609690,-0.041735,-0.351398,-0.617294,0.299847,0.000000,300,295,295.000000,0.568755,0.742989,1
47.026827,47.081707,0.049759,-1.852104,0.586312,0.080515,0.009417,0.009828,0.013852,0.170372,-0.515470,0.189801,-0.551481,3.551464,0.047933,4.176917,0.773963,-4.628104,-0.042691,-0.332396,-0.687624,0.276838,-0.000000,300,294,294.000000,0.539231,0.759237,1
47.076504,47.131300,0.049593,-1.848483,0.598154,0.072778,0.009298,0.009664,0.013549,0.172388,-0.515012,0.187083,-0.554940,3.556494,0.079616,4.192941,0.751613,-4.654216,-0.093899,-0.346149,-0.631504,0.366410,0.000000,300,295,295.000000,0.530527,0.767355,1
47.125275,47.179250,0.047950,-1.852759,0.593493,0.066352,0.009449,0.009913,0.013756,0.169921,-0.514273,0.183689,-0.551663,3.571456,0.076470,4.209993,0.841892,-4.692136,-0.092479,-0.372406,-0.659547,0.370492,-0.000000,300,295,295.000000,0.518421,0.775035,1
47.174970,47.230689,0.051439,-1.853378,0.588580,0.059889,0.009685,0.010163,0.014146,0.169044,-0.512845,0.180047,-0.556131,3.571529,0.082603,4.232429,0.823839,-4.631842,-0.087609,-0.321882,-0.786873,0.331382,-0.000000,300,293,293.000000,0.569468,0.737500,1
47.225032,47.279376,0.048687,-1.867172,0.596711,0.066208,0.009176,0.009557,0.013321,0.169235,-0.511317,0.175202,-0.556629,3.598821,0.013050,4.280386,0.784125,-4.676239,-0.017069,-0.356394,-0.708390,0.345245,0.000000,300,294,294.000000,0.506919,0.779654,1
47.274437,47.329499,0.050123,-1.836431,0.583937,0.059216,0.010025,0.010347,0.014356,0.168254,-0.511482,0.171735,-0.556470,3.536392,0.005944,4.217778,0.691934,-4.631535,-0.001343,-0.332668,-0.635325,0.286027,0.000000,300,295,295.000000,0.581841,0.734632,1
47.324821,47.380142,0.050643,-1.843897,0.583917,0.057442,0.009495,0.009958,0.013861,0.167223,-0.510052,0.167526,-0.554059,3.565327,-0.005748,4.248990,0.815043,-4.622386,0.016805,-0.310716,-0.722641,0.232791,-0.000000,300,291,291.000000,0.549023,0.745336,1
47.374659,47.429176,0.049034,-1.858862,0.584672,0.056622,0.010331,0.010808,0.014830,0.165700,-0.509693,0.161653,-0.554245,3.593535,-0.036706,4.289403,0.797215,-4.723274,0.048488,-0.256810,-0.667911,0.170157,0.000000,300,296,296.000000,0.580071,0.738257,1
47.424113,47.479051,0.049875,-1.869505,0.586362,0.048697,0.009546,0.009953,0.013688,0.165060,-0.510829,0.157500,-0.554252,3.601353,-0.017121,4.282607,0.767264,-4.757693,0.022084,-0.248963,-0.609991,0.184885,0.000000,300,291,291.000000,0.539550,0.751289,1
47.473303,47.527555,0.048504,-1.875209,0.584074,0.040962,0.009554,0.009870,0.013739,0.163295,-0.511813,0.154591,-0.557692,3.614150,0.011194,4.313051,0.672880,-4.736619,-0.013602,-0.215306,-0.562326,0.201084,0.000000,300,294,294.000000,0.526488,0.767310,1
47.523550,47.579546,0.051991,-1.856335,0.582755,0.043373,0.009522,0.009884,0.013899,0.163654,-0.509015,0.148826,-0.554935,3.601566,-0.014527,4.285127,0.715293,-4.676140,0.014129,-0.249657,-0.625418,0.226572,0.000000,300,293,293.000000,0.562809,0.741723,1
47.574413,47.629280,0.049734,-1.851022,0.567571,0.039677,0.008981,0.009339,0.013021,0.159348,-0.508023,0.144265,-0.555361,3.598816,-0.018956,4.313108,0.733508,-4.661582,0.022351,-0.239447,-0.668361,0.205963,0.000000,300,294,294.000000,0.509227,0.778202,1
47.625102,47.680925,0.051645,-1.848851,0.566261,0.031605,0.008948,0.009307,0.013013,0.159944,-0.509584,0.140287,-0.554579,3.583905,0.011510,4.286258,0.724722,-4.654707,-0.007527,-0.216902,-0.605059,0.169645,-0.000000,300,295,295.000000,0.530289,0.767506,1
47.674844,47.728763,0.047838,-1.884188,0.575052,0.031013,0.008710,0.009039,0.012624,0.159489,-0.511255,0.135009,-0.556130,3.652480,-0.003828,4.369028,0.705563,-4.753619,0.004429,-0.146379,-0.595555,0.128239,0.000000,300,292,292.000000,0.467490,0.798766,1
47.724392,47.780021,0.051258,-1.842801,0.562984,0.025274,0.008567,0.008840,0.012423,0.158196,-0.505632,0.130550,-0.554561,3.598066,-0.000579,4.302456,0.657939,-4.677577,-0.007996,-0.235524,-0.531739,0.246835,-0.000000,300,294,294.000000,0.500822,0.783484,1
47.774297,47.828573,0.048552,-1.852403,0.559896,0.022683,0.008595,0.008851,0.012400,0.156636,-0.506468,0.125632,-0.555683,3.619577,-0.025776,4.329059,0.626177,-4.720851,0.021747,-0.157875,-0.537507,0.165889,-0.000000,300,294,294.000000,0.473988,0.800219,1
47.823818,47.879062,0.050489,-1.855469,0.559222,0.020753,0.008487,0.008758,0.012287,0.155767,-0.503855,0.121132,-0.554773,3.637999,-0.008463,4.363211,0.642876,-4.720720,0.007126,-0.109775,-0.569317,0.110498,-0.000000,300,291,291.000000,0.482105,0.787066,1
47.874845,47.930627,0.051565,-1.836620,0.552463,0.013992,0.008472,0.008718,0.012197,0.155436,-0.505337,0.115858,-0.553818,3.600527,-0.005267,4.311275,0.615304,-4.689943,0.002015,-0.150160,-0.578098,0.163133,0.000000,300,294,294.000000,0.498877,0.784704,1
47.924658,47.978690,0.048063,-1.827399,0.533807,0.010375,0.008126,0.008455,0.011697,0.149468,-0.500998,0.111214,-0.552552,3.624748,-0.039869,4.342118,0.725595,-4.723879,0.030909,-0.096332,-0.684164,0.138445,0.000000,300,293,293.000000,0.442567,0.816703,1
47.973537,48.028383,0.049693,-1.819298,0.531762,0.007170,0.008076,0.008292,0.011616,0.150072,-0.502178,0.105414,-0.552581,3.597923,-0.040443,4.265361,0.582889,-4.738665,0.037748,-0.081542,-0.523796,0.094984,-0.000000,300,291,291.000000,0.456631,0.802640,1
48.024755,48.081126,0.052743,-1.803401,0.515922,0.004419,0.007971,0.008222,0.011534,0.146086,-0.498889,0.098911,-0.550190,3.586237,-0.044749,4.256152,0.626998,-4.697600,0.042706,-0.056088,-0.578312,0.067302,0.000000,300,292,292.000000,0.480754,0.790605,1
48.075965,48.130804,0.049678,-1.802598,0.516789,0.000959,0.007312,0.007536,0.010628,0.144706,-0.496102,0.092785,-0.548476,3.611415,-0.034560,4.255464,0.620336,-4.744808,0.033571,-0.031868,-0.571813,0.039046,-0.000000,300,292,292.000000,0.412475,0.831812,1
48.124976,48.179148,0.048344,-1.811404,0.506446,-0.003982,0.007358,0.007507,0.010653,0.141423,-0.496421,0.088048,-0.549344,3.623175,-0.032957,4.277868,0.506345,-4.762694,0.029927,-0.045485,-0.464641,0.067543,0.000000,300,298,298.000000,0.406742,0.852325,1
48.174390,48.229631,0.050483,-1.788682,0.496207,-0.003421,0.007272,0.007405,0.010496,0.138601,-0.491159,0.081088,-0.546907,3.614182,-0.042240,4.250698,0.481532,-4.777603,0.037708,-0.041912,-0.445208,0.076537,0.000000,300,296,296.000000,0.419432,0.839057,1
48.224922,48.280213,0.050582,-1.775367,0.483319,-0.005010,0.006731,0.006863,0.009841,0.135527,-0.489582,0.076096,-0.544867,3.603096,-0.072989,4.218137,0.493225,-4.736351,0.066140,-0.006168,-0.473668,0.057940,-0.000000,300,294,294.000000,0.388772,0.851327,1
48.275442,48.330672,0.050459,-1.800257,0.486557,-0.011920,0.006931,0.007079,0.009903,0.133792,-0.488650,0.067765,-0.542390,3.664809,-0.028155,4.320280,0.532100,-4.868618,0.023704,-0.040081,-0.504892,0.071244,0.000000,300,297,297.000000,0.394726,0.856543,1
48.325322,48.379973,0.049301,-1.774011,0.472127,-0.014530,0.006320,0.006438,0.009081,0.130338,-0.484083,0.063469,-0.541118,3.651144,-0.010293,4.275376,0.499430,-4.857018,0.005823,0.031837,-0.480861,0.003884,-0.000000,300,292,292.000000,0.349826,0.867206,1
48.374911,48.429850,0.049877,-1.751302,0.458129,-0.013476,0.005966,0.006060,0.008507,0.127464,-0.483458,0.058461,-0.539155,3.612589,-0.022623,4.260579,0.454373,-4.802903,0.021876,-0.006705,-0.437771,0.014228,0.000000,300,297,297.000000,0.340626,0.887076,1
48.425005,48.480159,0.050309,-1.753567,0.457947,-0.021516,0.006098,0.006189,0.008683,0.126693,-0.482749,0.051988,-0.535411,3.629215,0.028654,4.252416,0.441678,-4.859715,-0.028257,-0.023226,-0.410477,0.021858,0.000000,300,294,294.000000,0.347858,0.874215,1
48.474451,48.528742,0.048583,-1.753217,0.448480,-0.022558,0.006060,0.006123,0.008614,0.124067,-0.482692,0.046734,-0.533591,3.633037,-0.011422,4.280519,0.368800,-4.846559,0.010690,-0.058406,-0.337978,0.064920,-0.000000,300,298,298.000000,0.335734,0.892709,1
48.524909,48.581076,0.052334,-1.730334,0.428406,-0.019806,0.005647,0.005703,0.008053,0.117862,-0.473750,0.041667,-0.527154,3.646176,-0.049244,4.291447,0.363423,-4.856403,0.051360,-0.012533,-0.331054,-0.005361,0.000000,300,295,295.000000,0.334055,0.884616,1
48.575823,48.630570,0.049494,-1.738884,0.419458,-0.025969,0.005799,0.005869,0.008267,0.114932,-0.472238,0.036686,-0.523899,3.681775,-0.019350,4.300257,0.404549,-4.936516,0.016842,-0.031003,-0.387406,0.054638,-0.000000,300,290,290.000000,0.318579,0.877597,1
48.626001,48.681431,0.050861,-1.710168,0.404598,-0.028170,0.005031,0.005081,0.006988,0.111396,-0.468507,0.030811,-0.519162,3.650290,-0.007493,4.311585,0.376065,-4.946283,0.003940,-0.014000,-0.321163,0.053739,-0.000000,300,298,298.000000,0.290379,0.916089,1
48.675467,48.729504,0.048073,-1.678969,0.389170,-0.029968,0.005116,0.005166,0.007097,0.108560,-0.463633,0.025780,-0.513235,3.607916,-0.001206,4.282779,0.367263,-4.868378,-0.005250,0.000825,-0.367845,0.062520,0.000000,300,297,297.000000,0.281912,0.917113,1
48.724772,48.780039,0.050535,-1.694426,0.377207,-0.032085,0.004789,0.004819,0.006758,0.103616,-0.460178,0.022389,-0.510161,3.680698,-0.039493,4.330857,0.312543,-4.932922,0.036850,0.056477,-0.351960,-0.038771,0.000000,300,295,295.000000,0.270799,0.916150,1
48.775787,48.831534,0.051495,-1.657685,0.367059,-0.033278,0.004184,0.004213,0.005887,0.101717,-0.456522,0.016728,-0.504192,3.628910,0.015860,4.277788,0.332865,-4.866928,-0.018407,0.084216,-0.352241,-0.064257,0.000000,300,292,292.000000,0.243137,0.919006,1
48.824977,48.878419,0.046885,-1.656776,0.351789,-0.032258,0.004162,0.004186,0.005778,0.097392,-0.453296,0.009990,-0.498441,3.654778,-0.036916,4.315085,0.305803,-4.949580,0.036361,0.065796,-0.285945,-0.051632,-0.000000,300,298,298.000000,0.220998,0.947078,1
48.873844,48.929269,0.050850,-1.641703,0.344144,-0.035503,0.003842,0.003851,0.005314,0.094916,-0.449675,0.006224,-0.493318,3.659701,0.018584,4.328239,0.206934,-4.960697,-0.021348,0.046619,-0.240119,-0.013218,0.000000,300,295,295.000000,0.219898,0.937977,1
48.924594,48.979918,0.050649,-1.632369,0.328418,-0.036615,0.003716,0.003724,0.005126,0.089921,-0.445895,0.000282,-0.487684,3.677346,0.012367,4.364997,0.226910,-4.973398,-0.011294,0.105404,-0.251830,-0.139859,0.000000,300,294,294.000000,0.210288,0.938498,1
48.975085,49.030251,0.050333,-1.613227,0.309775,-0.037458,0.002963,0.002965,0.004106,0.085348,-0.442589,-0.005088,-0.482245,3.657864,0.022466,4.332063,0.190464,-4.941506,-0.022007,0.112454,-0.177580,-0.110277,0.000000,300,294,294.000000,0.167444,0.953273,1
49.025664,49.081077,0.050826,-1.609672,0.297139,-0.042613,0.003093,0.003086,0.004291,0.081541,-0.438254,-0.009860,-0.476734,3.680118,0.012222,4.379827,0.052169,-4.943460,-0.013045,0.139847,-0.063080,-0.121456,-0.000000,300,297,297.000000,0.176224,0.960182,1
49.075124,49.129171,0.048094,-1.570446,0.282189,-0.039411,0.002579,0.002575,0.003610,0.078076,-0.429826,-0.015255,-0.472058,3.661163,0.047881,4.341485,0.110275,-4.900100,-0.045237,0.131990,-0.072696,-0.157771,-0.000000,300,296,296.000000,0.139535,0.967823,1
49.124667,49.180162,0.050991,-1.559109,0.267328,-0.042236,0.002720,0.002715,0.003822,0.074942,-0.428249,-0.019668,-0.465573,3.646534,0.031260,4.322289,0.028489,-4.871077,-0.030219,0.105055,-0.006159,-0.116777,-0.000000,300,296,296.000000,0.156775,0.962998,1
49.175832,49.231502,0.051340,-1.554861,0.253047,-0.044180,0.002614,0.002606,0.003661,0.069665,-0.423174,-0.025320,-0.459489,3.686010,0.040499,4.373040,0.018830,-4.925774,-0.038444,0.158373,0.015143,-0.184844,0.000000,300,295,295.000000,0.149621,0.961802,1
49.225866,49.280231,0.048729,-1.530595,0.227216,-0.046416,0.002374,0.002368,0.003311,0.062636,-0.415144,-0.029932,-0.455070,3.687090,0.030217,4.400619,0.097092,-4.916549,-0.028871,0.156480,-0.084408,-0.180586,0.000000,300,298,298.000000,0.129595,0.976926,1
49.273941,49.327651,0.047420,-1.522948,0.211788,-0.046626,0.002511,0.002504,0.003517,0.058786,-0.412913,-0.033444,-0.448952,3.689934,0.023818,4.379509,-0.037542,-4.929126,-0.025587,0.147147,0.010782,-0.180471,-0.000000,300,295,295.000000,0.132643,0.966331,1
49.324025,49.380399,0.052748,-1.499997,0.193359,-0.051442,0.002494,0.002491,0.003470,0.053648,-0.406802,-0.039467,-0.442155,3.674311,0.022928,4.365655,0.093861,-4.930508,-0.023133,0.110008,-0.126347,-0.157367,0.000000,300,297,297.000000,0.147809,0.968834,1
49.375203,49.430006,0.049607,-1.493299,0.184329,-0.054456,0.002299,0.002289,0.003188,0.050945,-0.400072,-0.043877,-0.436471,3.703304,0.016299,4.411695,-0.060424,-4.962879,-0.015831,0.200003,0.069893,-0.210460,0.000000,300,294,294.000000,0.126171,0.964644,1
49.424617,49.479228,0.049222,-1.477433,0.168385,-0.053243,0.002208,0.002202,0.003076,0.046110,-0.393721,-0.047598,-0.429508,3.732223,0.034359,4.446073,-0.017085,-4.989256,-0.035655,0.138342,-0.003436,-0.195163,-0.000000,300,297,297.000000,0.120139,0.975914,1
49.475399,49.531570,0.052342,-1.430697,0.146417,-0.055121,0.002292,0.002290,0.003194,0.042345,-0.390966,-0.051302,-0.422232,3.631710,0.013794,4.322178,-0.141778,-4.864204,-0.015210,0.120409,0.107581,-0.115556,0.000000,300,297,297.000000,0.136309,0.971941,1
49.526665,49.581760,0.050190,-1.418354,0.124979,-0.061259,0.002606,0.002601,0.003606,0.036095,-0.380011,-0.056148,-0.416321,3.690117,0.014615,4.417368,-0.137831,-4.938034,-0.017902,0.166198,0.092402,-0.182956,0.000000,300,297,297.000000,0.146113,0.969306,1
49.576485,49.631210,0.049450,-1.416276,0.118713,-0.061865,0.002738,0.002730,0.003809,0.033760,-0.375046,-0.061159,-0.406531,3.731274,0.044663,4.453287,-0.150191,-4.982940,-0.051099,0.202020,0.064195,-0.217609,0.000000,300,295,295.000000,0.148931,0.961996,1
49.625645,49.680080,0.048870,-1.376931,0.091359,-0.062907,0.002835,0.002832,0.003916,0.027495,-0.368715,-0.066154,-0.399327,3.693803,0.032693,4.394858,-0.193396,-4.975121,-0.036435,0.179981,0.151956,-0.202165,0.000000,300,298,298.000000,0.154813,0.970083,1
49.674365,49.728649,0.048569,-1.362587,0.069497,-0.063049,0.002770,0.002778,0.003846,0.021992,-0.363401,-0.069752,-0.392602,3.704205,0.061861,4.427734,-0.297527,-4.951769,-0.062316,0.161959,0.284108,-0.158065,-0.000000,300,296,296.000000,0.149494,0.965098,1
49.724389,49.780128,0.051479,-1.355570,0.064355,-0.066292,0.002901,0.002910,0.004040,0.020624,-0.357676,-0.074668,-0.384693,3.731344,0.036529,4.431274,-0.308668,-5.002624,-0.035961,0.177867,0.305592,-0.168727,-0.000000,300,298,298.000000,0.165238,0.966933,1
49.775124,49.830120,0.049992,-1.313724,0.044753,-0.066226,0.002706,0.002716,0.003793,0.015835,-0.350743,-0.079640,-0.378542,3.689381,0.051765,4.374472,-0.338614,-4.926039,-0.052517,0.197104,0.326324,-0.196324,0.000000,300,296,296.000000,0.150717,0.964752,1
49.824669,49.879219,0.049099,-1.296204,0.020099,-0.067013,0.002837,0.002856,0.003935,0.009934,-0.346448,-0.084741,-0.371547,3.697258,0.051938,4.387571,-0.372175,-4.979479,-0.051198,0.157822,0.360699,-0.144055,0.000000,300,298,298.000000,0.155617,0.969847,1
49.874449,49.929680,0.050461,-1.284718,0.000530,-0.069892,0.002847,0.002870,0.003943,0.005309,-0.339178,-0.088926,-0.364313,3.740405,0.072369,4.450127,-0.398772,-5.035967,-0.068673,0.158399,0.366928,-0.107089,-0.000000,300,298,298.000000,0.158667,0.968940,1
49.925198,49.980715,0.051035,-1.266886,-0.019662,-0.074697,0.002898,0.002916,0.004023,0.000594,-0.333129,-0.094096,-0.356980,3.751744,0.013614,4.461699,-0.403040,-5.039188,-0.016665,0.217820,0.328062,-0.196395,-0.000000,300,299,299.000000,0.162802,0.970933,1
49.974609,50.028504,0.047789,-1.244505,-0.041002,-0.080909,0.003158,0.003181,0.004401,-0.004509,-0.326319,-0.096204,-0.348566,3.748473,0.041921,4.476269,-0.438010,-4.998363,-0.041578,0.243454,0.377664,-0.200087,0.000000,300,297,297.000000,0.165534,0.963596,1
50.024078,50.079651,0.051147,-1.229853,-0.066961,-0.080580,0.003092,0.003115,0.004291,-0.011398,-0.321585,-0.100431,-0.342081,3.758287,0.009176,4.490855,-0.422129,-5.026358,-0.008639,0.211575,0.374722,-0.177417,0.000000,300,297,297.000000,0.173220,0.961160,1
50.074679,50.129707,0.050056,-1.190943,-0.078643,-0.081942,0.003182,0.003220,0.004402,-0.014235,-0.314304,-0.103423,-0.331883,3.724209,0.101257,4.486930,-0.527880,-4.944656,-0.097383,0.272736,0.511344,-0.235297,-0.000000,300,297,297.000000,0.175595,0.960388,1
50.124771,50.179835,0.050128,-1.167540,-0.102242,-0.087530,0.003322,0.003366,0.004654,-0.020706,-0.306415,-0.107490,-0.323882,3.741263,0.046518,4.471527,-0.537447,-4.960497,-0.048099,0.261045,0.483764,-0.240978,0.000000,300,299,299.000000,0.183444,0.964219,1
50.173748,50.227661,0.047826,-1.133649,-0.120910,-0.090489,0.003237,0.003255,0.004518,-0.025497,-0.299920,-0.112458,-0.315928,3.708038,0.043571,4.413391,-0.445599,-4.945704,-0.056301,0.299994,0.331319,-0.316166,-0.000000,300,294,294.000000,0.170336,0.952368,1
50.223664,50.279667,0.052006,-1.127584,-0.138654,-0.092488,0.003503,0.003520,0.004922,-0.030447,-0.293552,-0.114220,-0.306703,3.757455,0.029274,4.484456,-0.457122,-4.968209,-0.029073,0.321363,0.401918,-0.274865,-0.000000,300,297,297.000000,0.198568,0.952446,1
50.274511,50.329355,0.049688,-1.100240,-0.160043,-0.098484,0.003383,0.003420,0.004735,-0.035215,-0.287940,-0.117271,-0.299573,3.741704,0.049567,4.465234,-0.502620,-4.978492,-0.054214,0.265033,0.400581,-0.235670,0.000000,300,299,299.000000,0.185160,0.963629,1
50.324891,50.380428,0.051073,-1.081493,-0.182428,-0.096754,0.003244,0.003292,0.004602,-0.040997,-0.281325,-0.119558,-0.290800,3.761409,0.081853,4.485284,-0.547054,-4.958239,-0.084327,0.249246,0.453829,-0.215261,0.000000,300,298,298.000000,0.181304,0.961720,1
50.374735,50.429043,0.048615,-1.071955,-0.192952,-0.102267,0.003396,0.003436,0.004746,-0.043581,-0.276913,-0.122506,-0.284764,3.787258,0.081776,4.518755,-0.526478,-5.048216,-0.089615,0.267916,0.394318,-0.244503,0.000000,300,297,297.000000,0.179037,0.959252,1
50.425387,50.481732,0.052689,-1.031318,-0.222275,-0.099812,0.003168,0.003212,0.004484,-0.051024,-0.267944,-0.123597,-0.275389,3.757392,0.091772,4.465531,-0.586969,-4.963109,-0.104249,0.333726,0.471169,-0.337891,-0.000000,300,297,297.000000,0.181791,0.958329,1
50.476070,50.530407,0.048675,-1.006396,-0.242890,-0.102345,0.003333,0.003386,0.004702,-0.056096,-0.261459,-0.127195,-0.268049,3.761558,0.082827,4.452127,-0.603113,-4.996531,-0.094689,0.314243,0.519933,-0.337995,0.000000,300,300,300.000000,0.177587,0.969427,1
50.525018,50.579629,0.049222,-0.994325,-0.255795,-0.104658,0.003428,0.003457,0.004836,-0.058798,-0.257012,-0.129795,-0.260061,3.771680,0.059921,4.447016,-0.560756,-5.020332,-0.072359,0.391981,0.437022,-0.378110,0.000000,300,300,300.000000,0.183434,0.967447,1
50.575361,50.631094,0.051465,-0.959477,-0.285866,-0.107407,0.003372,0.003416,0.004702,-0.065266,-0.247448,-0.131888,-0.251254,3.771824,0.059293,4.462281,-0.643179,-5.048629,-0.071051,0.421461,0.510051,-0.392828,-0.000000,300,300,300.000000,0.188327,0.965748,1
50.625301,50.679508,0.048414,-0.936886,-0.307300,-0.109564,0.003391,0.003445,0.004808,-0.071662,-0.241252,-0.133836,-0.242358,3.760557,0.103656,4.455054,-0.644396,-4.971582,-0.112809,0.385110,0.518721,-0.353665,-0.000000,300,300,300.000000,0.179032,0.968943,1
50.674357,50.729206,0.049698,-0.920101,-0.332019,-0.116517,0.003651,0.003744,0.005093,-0.076021,-0.236667,-0.135718,-0.233886,3.761592,0.075269,4.495842,-0.720559,-5.009876,-0.081928,0.328935,0.594702,-0.297512,0.000000,300,300,300.000000,0.198549,0.962074,1
50.724755,50.780304,0.051098,-0.899934,-0.339938,-0.119717,0.003503,0.003563,0.004875,-0.077901,-0.230701,-0.138529,-0.226228,3.776543,0.087161,4.485426,-0.654996,-5.065542,-0.090912,0.365797,0.505173,-0.292317,-0.000000,300,299,299.000000,0.194364,0.960386,1
50.775289,50.830273,0.049969,-0.866694,-0.362852,-0.125593,0.003452,0.003504,0.004823,-0.085504,-0.223192,-0.140539,-0.220077,3.746677,0.067133,4.442451,-0.603081,-5.024459,-0.077282,0.331136,0.427503,-0.283229,-0.000000,300,299,299.000000,0.189102,0.962257,1
50.824886,50.879499,0.049226,-0.853969,-0.395931,-0.129454,0.003288,0.003351,0.004612,-0.091355,-0.215944,-0.142872,-0.212048,3.795333,0.039517,4.491473,-0.669872,-5.081629,-0.048161,0.358733,0.491999,-0.299172,-0.000000,300,296,296.000000,0.174067,0.957650,1
50.876114,50.932730,0.053231,-0.811474,-0.410375,-0.130268,0.003151,0.003212,0.004437,-0.095018,-0.207237,-0.144716,-0.203379,3.765344,0.083835,4.442897,-0.683213,-5.034349,-0.095344,0.382232,0.507632,-0.334583,-0.000000,300,299,299.000000,0.182447,0.964559,1
50.926362,50.979994,0.047264,-0.802168,-0.433578,-0.133864,0.003020,0.003094,0.004278,-0.100806,-0.203872,-0.145380,-0.197619,3.783219,0.043177,4.475553,-0.735921,-5.033260,-0.046529,0.385896,0.551288,-0.293766,0.000000,300,297,297.000000,0.153984,0.967070,1
50.974449,51.028904,0.048910,-0.770012,-0.453874,-0.136703,0.003196,0.003289,0.004532,-0.106127,-0.198845,-0.146256,-0.190515,3.733378,0.073257,4.432835,-0.717125,-4.968156,-0.064216,0.268461,0.536607,-0.141227,-0.000000,300,300,300.000000,0.172751,0.971022,1
51.023567,51.078230,0.049326,-0.756070,-0.470956,-0.140077,0.003301,0.003390,0.004674,-0.109781,-0.192193,-0.148379,-0.181509,3.782217,0.053155,4.449632,-0.758730,-5.054978,-0.060054,0.380434,0.582099,-0.314620,0.000000,300,298,298.000000,0.176012,0.963484,1
51.074820,51.131409,0.053179,-0.727098,-0.488900,-0.146614,0.003101,0.003193,0.004404,-0.113814,-0.185859,-0.149844,-0.174658,3.766786,0.058972,4.452657,-0.730127,-5.023176,-0.060847,0.279649,0.539852,-0.203411,-0.000000,300,298,298.000000,0.179987,0.962164,1
51.125737,51.180065,0.048656,-0.711209,-0.523579,-0.150985,0.003323,0.003450,0.004736,-0.119995,-0.179124,-0.150468,-0.163522,3.821180,0.047965,4.534852,-0.820410,-5.074323,-0.033673,0.288636,0.622352,-0.140319,-0.000000,300,300,300.000000,0.174485,0.970455,1
51.174899,51.229733,0.049668,-0.689803,-0.538912,-0.155429,0.003197,0.003297,0.004593,-0.125691,-0.173852,-0.151009,-0.156996,3.794367,0.024821,4.491311,-0.753952,-5.005881,-0.021892,0.306327,0.581953,-0.210298,-0.000000,300,298,298.000000,0.171808,0.964853,1
51.224492,51.279251,0.049518,-0.658933,-0.545681,-0.154747,0.003131,0.003257,0.004555,-0.127610,-0.165548,-0.151839,-0.148642,3.776699,0.043687,4.465474,-0.839813,-4.933006,-0.030007,0.344013,0.710319,-0.221743,-0.000000,300,299,299.000000,0.168418,0.969176,1
51.274726,51.330200,0.050949,-0.639176,-0.572044,-0.154244,0.002942,0.003045,0.004276,-0.135882,-0.160551,-0.153120,-0.141745,3.766169,0.027817,4.457099,-0.811623,-4.901314,-0.005749,0.371338,0.740418,-0.231973,0.000000,300,297,297.000000,0.162415,0.964556,1
51.324552,51.378904,0.048704,-0.623066,-0.598064,-0.158903,0.002938,0.003047,0.004251,-0.140269,-0.155981,-0.153771,-0.135480,3.776789,0.010648,4.473914,-0.806656,-4.952037,-0.003554,0.323895,0.647812,-0.217059,0.000000,300,299,299.000000,0.155638,0.973095,1
51.374341,51.429777,0.050873,-0.589526,-0.619649,-0.163464,0.003011,0.003132,0.004364,-0.146863,-0.146850,-0.156088,-0.128200,3.780819,0.041712,4.476352,-0.826632,-4.934423,-0.017223,0.302333,0.781802,-0.171222,0.000000,300,299,299.000000,0.166582,0.969756,1
51.425103,51.480430,0.050653,-0.581707,-0.634780,-0.165332,0.002990,0.003107,0.004346,-0.148139,-0.142301,-0.157502,-0.121233,3.822622,0.021610,4.539256,-0.852716,-4.973806,-0.000465,0.371871,0.730137,-0.216436,0.000000,300,300,300.000000,0.162585,0.974247,1
51.475800,51.531171,0.050741,-0.547169,-0.652369,-0.164175,0.002887,0.002987,0.004180,-0.156333,-0.136938,-0.160712,-0.115677,3.781055,0.057940,4.484788,-0.788156,-4.933226,-0.043603,0.322311,0.700206,-0.211984,-0.000000,300,299,299.000000,0.159128,0.972053,1
51.525521,51.579871,0.048700,-0.533800,-0.683763,-0.168356,0.002821,0.002953,0.004203,-0.159764,-0.132196,-0.162311,-0.109355,3.831809,0.044847,4.518177,-0.874324,-4.924544,-0.026946,0.310703,0.801595,-0.202248,0.000000,300,299,299.000000,0.147312,0.975498,1
51.574228,51.628585,0.048714,-0.507709,-0.709254,-0.169246,0.003011,0.003129,0.004465,-0.168447,-0.124370,-0.165302,-0.101659,3.820558,0.022552,4.509524,-0.834703,-4.911220,-0.008657,0.354932,0.766446,-0.258219,0.000000,300,300,300.000000,0.157591,0.975767,1
51.624109,51.679632,0.051047,-0.488629,-0.720601,-0.168438,0.002964,0.003078,0.004345,-0.173216,-0.121240,-0.168568,-0.095377,3.792868,0.049984,4.495053,-0.812064,-4.908199,-0.036862,0.320008,0.726168,-0.219580,-0.000000,300,300,300.000000,0.164139,0.973765,1
51.674190,51.728748,0.049116,-0.453216,-0.753466,-0.171957,0.003077,0.003184,0.004514,-0.181356,-0.111688,-0.170873,-0.087712,3.787160,0.019816,4.473220,-0.778649,-4.906643,-0.003784,0.313753,0.725004,-0.210717,0.000000,300,299,299.000000,0.163934,0.970583,1
51.724064,51.779380,0.050632,-0.440806,-0.770933,-0.173784,0.003359,0.003471,0.004915,-0.185004,-0.106499,-0.173552,-0.079779,3.820211,0.023297,4.524777,-0.782374,-4.946113,-0.003590,0.333991,0.721242,-0.207758,-0.000000,300,300,300.000000,0.183036,0.967584,1
51.774870,51.830359,0.050979,-0.418218,-0.788402,-0.176785,0.003365,0.003452,0.004857,-0.188894,-0.100372,-0.175026,-0.073627,3.833761,0.056787,4.535431,-0.732716,-5.027542,-0.056122,0.359514,0.580694,-0.271071,-0.000000,300,300,300.000000,0.183799,0.967322,1
51.824002,51.877644,0.047285,-0.397370,-0.803575,-0.172516,0.003526,0.003617,0.005084,-0.196057,-0.096428,-0.176805,-0.066603,3.748429,0.022286,4.446282,-0.717608,-4.911220,-0.016282,0.351374,0.567386,-0.235988,0.000000,300,300,300.000000,0.182663,0.967712,1
51.875202,51.932760,0.055116,-0.377496,-0.833262,-0.174852,0.003500,0.003623,0.005072,-0.200463,-0.090198,-0.178470,-0.058580,3.787944,0.008040,4.487313,-0.803648,-4.950333,0.007141,0.343017,0.683599,-0.212753,-0.000000,300,299,299.000000,0.208919,0.954984,1
51.926767,51.980775,0.048015,-0.347403,-0.838497,-0.175857,0.003513,0.003639,0.005075,-0.203297,-0.084165,-0.178358,-0.054060,3.783234,0.018600,4.498093,-0.788943,-4.947231,-0.000483,0.298105,0.667342,-0.157578,-0.000000,300,300,300.000000,0.183681,0.967362,1
53.225717,54.530658,2.549883,0.000000,0.000000,0.000000,0.000000,0.000000,0.000000,0.000000,0.000000,0.000000,0.000000,3.762495,0.000000,0.000000,0.000000,0.000000,0.000000,0.000000,0.000000,0.000000,0.000000,300,12,0.000000,0.000000,0.000000,0
54.526557,54.582456,0.051798,0.539472,-1.509389,0.086035,0.002522,0.002562,0.003582,-0.397107,0.144646,-0.299782,0.209605,3.723522,0.032048,4.456682,0.478974,-4.893665,-0.031619,0.037412,-0.479428,-0.040833,0.000000,300,297,297.000000,0.145033,0.969605,1
54.575465,54.628475,0.046019,0.552622,-1.517347,0.092601,0.002793,0.002848,0.003997,-0.396271,0.147711,-0.303699,0.212358,3.737745,0.038433,4.456135,0.525892,-4.906150,-0.031030,0.004220,-0.500006,-0.054167,0.000000,300,296,296.000000,0.141935,0.967182,1
54.624415,54.680354,0.051879,0.547278,-1.517461,0.093981,0.002910,0.002978,0.004160,-0.395922,0.146130,-0.303062,0.212083,3.742391,0.023134,4.468626,0.570039,-4.901680,-0.025102,-0.050282,-0.601649,0.063216,0.000000,300,294,294.000000,0.165982,0.953725,1
54.675306,54.730257,0.049903,0.565298,-1.524682,0.099728,0.003042,0.003108,0.004365,-0.397438,0.150823,-0.306854,0.214659,3.748430,0.066913,4.492878,0.546147,-4.881950,-0.069920,-0.061465,-0.563804,0.082472,-0.000000,300,298,298.000000,0.167772,0.966139,1
54.724125,54.777992,0.047735,0.578399,-1.515691,0.105664,0.003012,0.003083,0.004319,-0.393306,0.154744,-0.308918,0.217519,3.745702,0.047400,4.472760,0.572158,-4.900214,-0.054431,-0.074161,-0.571462,0.120162,0.000000,300,299,299.000000,0.159283,0.972006,1
54.774053,54.830114,0.052122,0.590114,-1.518305,0.114011,0.003114,0.003201,0.004480,-0.392100,0.156061,-0.309775,0.215004,3.755360,0.067458,4.473950,0.622672,-4.909967,-0.067648,-0.040626,-0.629590,0.041666,-0.000000,300,297,297.000000,0.178754,0.959346,1
54.824867,54.879621,0.049507,0.596318,-1.512875,0.115205,0.003551,0.003649,0.005057,-0.392683,0.159726,-0.311170,0.219749,3.727869,0.062231,4.462880,0.621564,-4.898952,-0.068329,-0.079366,-0.568383,0.113432,0.000000,300,297,297.000000,0.195021,0.953727,1
54.875298,54.930975,0.051354,0.589070,-1.493687,0.117569,0.003585,0.003708,0.005160,-0.391034,0.159257,-0.311441,0.219440,3.694268,0.060923,4.429266,0.681896,-4.801074,-0.058401,-0.124163,-0.680380,0.110333,-0.000000,300,299,299.000000,0.206719,0.955822,1
54.925332,54.979689,0.048714,0.600443,-1.493380,0.118572,0.003760,0.003910,0.005449,-0.387695,0.161351,-0.311837,0.220749,3.723150,0.015854,4.472742,0.734543,-4.801808,-0.013064,-0.092370,-0.755741,0.079447,0.000000,300,296,296.000000,0.203109,0.947576,1
54.974671,55.029653,0.049964,0.621349,-1.521764,0.127167,0.003960,0.004118,0.005745,-0.386801,0.164074,-0.311960,0.221398,3.790800,0.034666,4.517783,0.750563,-4.922611,-0.026611,-0.137672,-0.755361,0.097549,0.000000,300,298,298.000000,0.216100,0.949015,1
55.025393,55.081132,0.051479,0.615758,-1.479327,0.128098,0.003901,0.004060,0.005580,-0.385642,0.165873,-0.314266,0.221078,3.688322,0.037311,4.418662,0.747156,-4.835186,-0.038604,-0.093016,-0.671666,0.095054,0.000000,300,300,300.000000,0.226273,0.951294,1
55.075493,55.129853,0.048721,0.630915,-1.487385,0.129310,0.004239,0.004413,0.006020,-0.383292,0.168819,-0.312676,0.222999,3.719245,0.017283,4.453944,0.761802,-4.901371,-0.010171,-0.141710,-0.695813,0.099047,0.000000,300,296,296.000000,0.229167,0.937435,1
55.124645,55.179437,0.049584,0.632487,-1.499279,0.133678,0.004397,0.004552,0.006292,-0.385164,0.169140,-0.315033,0.224471,3.740443,0.038727,4.466830,0.715432,-4.897915,-0.033126,-0.199170,-0.704166,0.167539,-0.000000,300,296,296.000000,0.240272,0.932815,1
55.173795,55.228153,0.048716,0.641928,-1.485361,0.133917,0.004371,0.004537,0.006262,-0.381555,0.172079,-0.314612,0.224337,3.737563,0.015063,4.439444,0.745391,-4.919724,-0.012977,-0.227820,-0.693823,0.205058,0.000000,300,294,294.000000,0.233925,0.929156,1
55.224395,55.280638,0.052485,0.638114,-1.466757,0.135106,0.004441,0.004591,0.006399,-0.379079,0.171884,-0.317374,0.226449,3.720131,0.010662,4.436036,0.707674,-4.852177,-0.001308,-0.254459,-0.683437,0.198280,-0.000000,300,295,295.000000,0.257441,0.922213,1
55.274371,55.328104,0.047466,0.645571,-1.477132,0.134580,0.004442,0.004664,0.006494,-0.377298,0.173170,-0.316150,0.223940,3.738938,0.015534,4.433621,0.833270,-4.861709,-0.011107,-0.205446,-0.775124,0.174734,0.000000,300,296,296.000000,0.232425,0.936098,1
55.323875,55.379646,0.051542,0.660294,-1.469391,0.137408,0.004484,0.004662,0.006537,-0.375792,0.175858,-0.318343,0.224177,3.744312,0.043980,4.458841,0.747419,-4.855923,-0.032089,-0.198863,-0.708617,0.131563,0.000000,300,297,297.000000,0.254846,0.929624,1
55.374634,55.429623,0.049977,0.665050,-1.466060,0.140759,0.004527,0.004689,0.006610,-0.372855,0.176661,-0.318123,0.223955,3.764774,0.056522,4.450766,0.726010,-4.905582,-0.051651,-0.256931,-0.674079,0.216870,-0.000000,300,299,299.000000,0.248584,0.938663,1
55.425298,55.480973,0.051350,0.657931,-1.437668,0.137109,0.004478,0.004662,0.006561,-0.370191,0.177004,-0.318245,0.224005,3.719630,0.045877,4.408435,0.764415,-4.818346,-0.036084,-0.254269,-0.748571,0.202380,0.000000,300,300,300.000000,0.256127,0.938438,1
55.474997,55.529021,0.048048,0.662887,-1.426497,0.137717,0.004877,0.005078,0.007084,-0.368306,0.179607,-0.320516,0.224898,3.694277,0.022063,4.374964,0.758358,-4.828053,-0.010759,-0.224756,-0.716099,0.159950,0.000000,300,298,298.000000,0.262176,0.929447,1
55.525165,55.581310,0.052289,0.671438,-1.424358,0.133877,0.004634,0.004836,0.006772,-0.366531,0.180252,-0.321471,0.223827,3.710118,0.042535,4.393933,0.774864,-4.829961,-0.041615,-0.216212,-0.715117,0.198991,-0.000000,300,297,297.000000,0.269575,0.922930,1
55.575095,55.628879,0.047569,0.677118,-1.412560,0.132778,0.005005,0.005215,0.007332,-0.363471,0.182495,-0.322107,0.224479,3.710044,0.029693,4.403612,0.754172,-4.815087,-0.011195,-0.190663,-0.698850,0.089346,-0.000000,300,297,297.000000,0.265021,0.925029,1
55.625221,55.681563,0.052684,0.674664,-1.391335,0.127785,0.004929,0.005169,0.007297,-0.358735,0.183054,-0.318876,0.222651,3.704255,-0.004449,4.376163,0.826459,-4.759740,0.010196,-0.291054,-0.862088,0.275687,-0.000000,300,297,297.000000,0.288610,0.913878,1
55.675585,55.729608,0.048045,0.677445,-1.369749,0.129041,0.005028,0.005285,0.007394,-0.356058,0.184027,-0.319745,0.221979,3.679195,-0.015342,4.352747,0.826899,-4.771980,0.022278,-0.219082,-0.777918,0.178206,0.000000,300,297,297.000000,0.270951,0.922291,1
55.725668,55.781728,0.052120,0.677110,-1.385310,0.124966,0.004852,0.005068,0.007160,-0.356281,0.182879,-0.320312,0.220525,3.713645,0.009727,4.384011,0.794325,-4.817188,-0.016009,-0.281140,-0.685871,0.278948,0.000000,300,293,293.000000,0.278553,0.906342,1
55.776029,55.830330,0.048602,0.688433,-1.371990,0.120165,0.005092,0.005351,0.007594,-0.354026,0.186500,-0.319299,0.219927,3.702859,-0.015504,4.368913,0.833566,-4.780366,0.024494,-0.277893,-0.706733,0.203279,-0.000000,300,292,292.000000,0.272919,0.905861,1
55.825051,55.879772,0.049442,0.697867,-1.365970,0.120641,0.005133,0.005314,0.007515,-0.353046,0.188214,-0.321129,0.224459,3.712102,-0.022474,4.393426,0.710995,-4.825914,0.021656,-0.255842,-0.638557,0.239146,0.000000,300,297,297.000000,0.281823,0.917155,1
55.875246,55.930719,0.050947,0.702907,-1.351194,0.115441,0.005410,0.005591,0.007814,-0.349625,0.190356,-0.320975,0.222895,3.717647,-0.014219,4.398041,0.724788,-4.887778,0.006832,-0.322279,-0.584617,0.307509,-0.000000,300,299,299.000000,0.305941,0.911363,1
55.925122,55.979524,0.048805,0.684111,-1.312500,0.104636,0.005046,0.005271,0.007335,-0.345699,0.189099,-0.320785,0.221060,3.636765,-0.010573,4.323535,0.790565,-4.739091,0.013896,-0.283344,-0.696730,0.240364,-0.000000,300,299,299.000000,0.279785,0.924312,1
55.974146,56.028767,0.049243,0.705528,-1.320561,0.105048,0.005449,0.005681,0.007913,-0.342973,0.192299,-0.319508,0.220984,3.688478,-0.015526,4.367479,0.792869,-4.823965,0.014411,-0.313275,-0.690571,0.284495,0.000000,300,297,297.000000,0.299286,0.908614,1
56.024956,56.081144,0.052377,0.701557,-1.301254,0.099352,0.004990,0.005221,0.007287,-0.337401,0.190339,-0.323637,0.218282,3.696372,0.017517,4.382919,0.801911,-4.809033,-0.009724,-0.241091,-0.741773,0.190840,0.000000,300,296,296.000000,0.291129,0.909575,1
56.076152,56.131159,0.050015,0.718034,-1.292085,0.098242,0.005337,0.005627,0.007826,-0.333543,0.193699,-0.320180,0.216798,3.717467,-0.001457,4.385164,0.877572,-4.851570,0.003194,-0.274118,-0.773766,0.240249,-0.000000,300,292,292.000000,0.293299,0.896235,1
56.125781,56.180403,0.049244,0.714536,-1.272920,0.086132,0.005291,0.005569,0.007638,-0.330934,0.193975,-0.319343,0.215582,3.694888,0.003904,4.389005,0.872643,-4.850811,0.007184,-0.285221,-0.757223,0.207161,-0.000000,300,296,296.000000,0.289918,0.910165,1
56.175120,56.229837,0.049434,0.713897,-1.243248,0.078937,0.005280,0.005563,0.007774,-0.326527,0.195147,-0.319818,0.217541,3.668869,-0.036840,4.338210,0.856151,-4.760756,0.047584,-0.268305,-0.778576,0.202483,0.000000,300,296,296.000000,0.292606,0.908852,1
56.224778,56.279719,0.049882,0.706316,-1.239929,0.072960,0.005213,0.005497,0.007811,-0.323794,0.193678,-0.316913,0.216471,3.687787,-0.027001,4.334635,0.874224,-4.737597,0.029554,-0.342328,-0.812537,0.310929,-0.000000,300,295,295.000000,0.288601,0.907728,1
56.274952,56.330184,0.050465,0.716095,-1.227161,0.068022,0.005060,0.005313,0.007531,-0.320604,0.196201,-0.316186,0.216900,3.689743,-0.042418,4.337523,0.847125,-4.755518,0.048918,-0.346905,-0.811679,0.306169,-0.000000,300,294,294.000000,0.282761,0.907446,1
56.324914,56.379644,0.049460,0.720123,-1.206383,0.057446,0.005140,0.005441,0.007765,-0.316531,0.197482,-0.317226,0.215007,3.682773,-0.054046,4.321908,0.889674,-4.706314,0.060333,-0.323681,-0.862543,0.289312,0.000000,300,297,297.000000,0.283721,0.916245,1
56.374480,56.429316,0.049672,0.728133,-1.198744,0.053911,0.005083,0.005325,0.007527,-0.313420,0.198947,-0.319646,0.216953,3.703591,-0.017669,4.371525,0.814455,-4.781549,0.026073,-0.283724,-0.775890,0.234442,0.000000,300,294,294.000000,0.279309,0.909079,1
56.424342,56.479368,0.050052,0.726077,-1.170142,0.043722,0.005074,0.005344,0.007535,-0.309090,0.200207,-0.316799,0.214469,3.675722,-0.041621,4.338395,0.872410,-4.725856,0.041400,-0.352673,-0.830031,0.338904,0.000000,300,292,292.000000,0.281212,0.902003,1
56.474523,56.529678,0.050310,0.723851,-1.143724,0.032891,0.004746,0.005059,0.007083,-0.304076,0.199712,-0.316516,0.212431,3.669442,-0.012245,4.345028,0.941982,-4.702505,0.020957,-0.302266,-0.882476,0.252393,-0.000000,300,294,294.000000,0.266363,0.915076,1
56.524453,56.579227,0.049549,0.727747,-1.140882,0.022947,0.005454,0.005719,0.007995,-0.302128,0.199471,-0.313742,0.215769,3.697785,-0.001802,4.378451,0.864997,-4.786487,-0.010272,-0.390129,-0.774218,0.406047,-0.000000,300,295,295.000000,0.298508,0.902880,1
56.574934,56.630642,0.051415,0.726197,-1.106397,0.019186,0.005063,0.005310,0.007473,-0.296200,0.200828,-0.313469,0.214006,3.659703,0.008297,4.297942,0.857880,-4.734116,-0.031325,-0.397691,-0.801349,0.473016,-0.000000,300,291,291.000000,0.288325,0.895551,1
56.625342,56.680042,0.049400,0.730998,-1.090484,0.014963,0.004727,0.004933,0.006868,-0.294320,0.202820,-0.311076,0.212336,3.653019,0.035738,4.286935,0.839696,-4.789251,-0.069288,-0.428624,-0.715902,0.518764,0.000000,300,296,296.000000,0.260934,0.923770,1
56.675533,56.731024,0.050982,0.713282,-1.060065,0.006135,0.004818,0.004994,0.006974,-0.290990,0.200382,-0.309504,0.213350,3.600637,0.053274,4.214999,0.789484,-4.740524,-0.096385,-0.455145,-0.632375,0.571141,0.000000,300,292,292.000000,0.276050,0.904414,1
56.725689,56.780353,0.049329,0.725575,-1.042198,-0.002676,0.004702,0.004875,0.006838,-0.283439,0.201771,-0.309235,0.213216,3.647929,0.052666,4.291534,0.774809,-4.768800,-0.084525,-0.410898,-0.657783,0.506384,-0.000000,300,295,295.000000,0.259375,0.921349,1
56.774823,56.829293,0.048940,0.743227,-1.039771,-0.009373,0.004651,0.004825,0.006799,-0.281421,0.203965,-0.308603,0.213433,3.671294,0.046929,4.308913,0.776608,-4.799135,-0.085541,-0.397992,-0.627378,0.513656,0.000000,300,295,295.000000,0.253104,0.924132,1
56.825273,56.881253,0.051960,0.731409,-0.994015,-0.019763,0.004608,0.004818,0.006655,-0.273875,0.203216,-0.306451,0.212023,3.622663,0.084984,4.274800,0.838123,-4.759939,-0.108848,-0.390579,-0.711200,0.442150,-0.000000,300,299,299.000000,0.271765,0.928119,1
56.875537,56.929821,0.048568,0.745455,-0.997855,-0.029392,0.004560,0.004682,0.006523,-0.273154,0.205265,-0.306183,0.217468,3.654910,0.083282,4.312161,0.672363,-4.828686,-0.106600,-0.364265,-0.568691,0.442563,-0.000000,300,296,296.000000,0.248293,0.929371,1
56.925514,56.981206,0.051385,0.737859,-0.967968,-0.039038,0.004345,0.004454,0.006176,-0.267352,0.204019,-0.301809,0.215312,3.612745,0.113025,4.253337,0.685737,-4.791313,-0.141934,-0.426318,-0.577425,0.519186,-0.000000,300,294,294.000000,0.251485,0.921707,1
56.975723,57.030239,0.049033,0.747425,-0.946543,-0.043991,0.004553,0.004709,0.006521,-0.260602,0.205987,-0.299613,0.215242,3.639083,0.098036,4.283231,0.741569,-4.819264,-0.120744,-0.365316,-0.628903,0.428846,0.000000,300,296,296.000000,0.251365,0.928030,1
57.025686,57.081134,0.050895,0.748427,-0.929912,-0.050724,0.004152,0.004249,0.005929,-0.255286,0.204466,-0.295666,0.216023,3.652287,0.056404,4.277559,0.667368,-4.851322,-0.089693,-0.417455,-0.547318,0.533536,-0.000000,300,294,294.000000,0.235605,0.928461,1
57.075034,57.128933,0.047799,0.743966,-0.898439,-0.060192,0.004377,0.004484,0.006293,-0.249949,0.204481,-0.294503,0.214601,3.631723,0.067579,4.245283,0.668837,-4.807328,-0.095290,-0.409848,-0.572267,0.508358,0.000000,300,296,296.000000,0.235433,0.934849,1
57.124054,57.179176,0.050243,0.734097,-0.870147,-0.068831,0.003751,0.003818,0.005355,-0.244085,0.203262,-0.290457,0.217983,3.605950,0.079255,4.221064,0.599154,-4.785046,-0.103618,-0.408623,-0.530236,0.513997,-0.000000,300,295,295.000000,0.213248,0.940562,1
57.174436,57.229696,0.050520,0.745245,-0.848321,-0.075737,0.004288,0.004385,0.006061,-0.239342,0.204798,-0.286588,0.214349,3.607046,0.043066,4.220726,0.692144,-4.817591,-0.069750,-0.477738,-0.594298,0.556328,0.000000,300,297,297.000000,0.244908,0.933980,1
57.225379,57.281061,0.051365,0.738739,-0.817092,-0.084973,0.003684,0.003738,0.005216,-0.232173,0.204541,-0.282965,0.215376,3.585509,0.060331,4.198569,0.591266,-4.777965,-0.085267,-0.451807,-0.512476,0.549481,0.000000,300,296,296.000000,0.215156,0.943012,1
57.275707,57.330353,0.049292,0.742539,-0.796289,-0.095109,0.003863,0.003933,0.005441,-0.225535,0.203645,-0.280076,0.214185,3.601562,0.030348,4.223903,0.619320,-4.820661,-0.058383,-0.430153,-0.521641,0.533227,-0.000000,300,298,298.000000,0.216621,0.948811,1
57.326231,57.382109,0.051756,0.746078,-0.775737,-0.105128,0.003787,0.003842,0.005315,-0.220965,0.205005,-0.274386,0.215304,3.583661,0.061547,4.213226,0.605450,-4.783746,-0.083910,-0.472877,-0.544484,0.562663,-0.000000,300,292,292.000000,0.221234,0.927917,1
57.375146,57.428184,0.046075,0.750634,-0.748905,-0.107812,0.003736,0.003760,0.005194,-0.212444,0.206762,-0.271412,0.218340,3.581648,0.053113,4.220359,0.498291,-4.811890,-0.069951,-0.451582,-0.434410,0.521127,-0.000000,300,297,297.000000,0.196327,0.953257,1
57.423981,57.479778,0.051594,0.749221,-0.728886,-0.115313,0.003682,0.003711,0.005146,-0.207423,0.207154,-0.267858,0.218179,3.573979,-0.009616,4.199259,0.474525,-4.811652,-0.002968,-0.402372,-0.392047,0.435907,-0.000000,300,297,297.000000,0.217763,0.945179,1
57.474117,57.528456,0.048678,0.747012,-0.692249,-0.124751,0.003233,0.003252,0.004493,-0.197048,0.205229,-0.262786,0.218769,3.582964,0.015743,4.233427,0.453659,-4.821810,-0.023718,-0.406352,-0.378660,0.410423,-0.000000,300,295,295.000000,0.179327,0.952697,1
57.523609,57.578763,0.050307,0.756229,-0.677299,-0.136777,0.003201,0.003236,0.004481,-0.192637,0.206438,-0.258456,0.216611,3.598395,0.035714,4.261106,0.519441,-4.804128,-0.035118,-0.402540,-0.490073,0.378479,-0.000000,300,298,298.000000,0.183678,0.960914,1
57.574399,57.630035,0.051272,0.740769,-0.637682,-0.139492,0.003225,0.003257,0.004558,-0.185555,0.206079,-0.253529,0.217884,3.521780,0.023869,4.158979,0.477881,-4.675321,-0.025929,-0.375713,-0.481578,0.393414,-0.000000,300,289,289.000000,0.189927,0.929794,1
57.624848,57.679662,0.049627,0.754585,-0.624978,-0.150611,0.003131,0.003162,0.004424,-0.179013,0.206590,-0.248169,0.219002,3.580659,0.011552,4.223255,0.468033,-4.767906,-0.013635,-0.351985,-0.448806,0.355517,0.000000,300,295,295.000000,0.177584,0.953271,1
57.674889,57.730116,0.050454,0.756053,-0.590757,-0.154428,0.002898,0.002922,0.004093,-0.170351,0.208915,-0.241052,0.220101,3.553134,0.025591,4.184148,0.444205,-4.733649,-0.028460,-0.358233,-0.450773,0.385738,0.000000,300,299,299.000000,0.169514,0.968828,1
57.724809,57.779501,0.049385,0.747554,-0.567172,-0.157760,0.002714,0.002718,0.003776,-0.163322,0.205419,-0.234732,0.220526,3.545168,-0.003191,4.184787,0.341024,-4.777536,-0.000411,-0.361425,-0.277099,0.340487,-0.000000,300,297,297.000000,0.155176,0.966722,1
57.774168,57.828834,0.049333,0.752597,-0.535656,-0.164337,0.002852,0.002863,0.003956,-0.154208,0.206118,-0.230110,0.218285,3.565439,-0.024933,4.218240,0.380930,-4.807160,0.025268,-0.355518,-0.338051,0.317996,0.000000,300,298,298.000000,0.162331,0.967830,1
57.824138,57.879442,0.050608,0.754151,-0.502197,-0.171028,0.002835,0.002849,0.003945,-0.147209,0.209363,-0.222726,0.219789,3.529689,0.043500,4.172517,0.399454,-4.737243,-0.038071,-0.361039,-0.450590,0.352885,-0.000000,300,297,297.000000,0.166858,0.963183,1
57.875036,57.930629,0.051187,0.754131,-0.464131,-0.174997,0.002548,0.002558,0.003569,-0.137393,0.209402,-0.215046,0.216974,3.503861,0.015747,4.144633,0.380611,-4.681892,-0.011030,-0.352139,-0.404399,0.327596,0.000000,300,297,297.000000,0.152802,0.967412,1
57.925360,57.980091,0.049462,0.754626,-0.449330,-0.179366,0.002640,0.002646,0.003684,-0.132980,0.209961,-0.208572,0.219849,3.492206,0.047516,4.127967,0.345630,-4.679258,-0.044941,-0.345907,-0.386446,0.354831,-0.000000,300,298,298.000000,0.153804,0.970378,1
57.975395,58.030699,0.050608,0.771524,-0.421977,-0.185277,0.002725,0.002713,0.003838,-0.120910,0.209417,-0.197768,0.219086,3.548807,0.002457,4.186881,0.254990,-4.720208,0.004589,-0.392458,-0.328954,0.393743,0.000000,300,296,296.000000,0.158939,0.962356,1
58.025396,58.080092,0.049393,0.771880,-0.394803,-0.191406,0.002518,0.002511,0.003518,-0.113518,0.209577,-0.192129,0.219129,3.546141,0.026242,4.207346,0.259063,-4.728669,-0.021561,-0.373462,-0.308875,0.371589,0.000000,300,297,297.000000,0.143881,0.969921,1
58.074306,58.128521,0.048429,0.766898,-0.358960,-0.193553,0.002500,0.002492,0.003466,-0.103146,0.211964,-0.184839,0.221337,3.506203,0.040578,4.166881,0.199950,-4.702067,-0.035691,-0.328796,-0.273536,0.345695,0.000000,300,295,295.000000,0.141462,0.964041,1
58.123138,58.177756,0.049235,0.761628,-0.331290,-0.197234,0.002309,0.002295,0.003206,-0.094332,0.210309,-0.175719,0.221293,3.489912,0.021799,4.158896,0.100688,-4.664948,-0.015391,-0.342618,-0.175904,0.339101,0.000000,300,297,297.000000,0.133805,0.972587,1
58.174096,58.230436,0.052680,0.767915,-0.301341,-0.199465,0.002398,0.002381,0.003301,-0.085469,0.210673,-0.169350,0.219205,3.514852,0.003645,4.170256,0.158937,-4.735590,0.004182,-0.392907,-0.244492,0.404395,-0.000000,300,297,297.000000,0.147310,0.968973,1
58.225971,58.281505,0.051069,0.761742,-0.278845,-0.199745,0.002270,0.002254,0.003156,-0.079092,0.210626,-0.158734,0.218022,3.494046,0.045213,4.162705,0.109617,-4.661465,-0.041317,-0.366999,-0.152986,0.368211,-0.000000,300,295,295.000000,0.135643,0.965568,1
58.274187,58.326869,0.045364,0.763979,-0.245569,-0.204739,0.002359,0.002340,0.003230,-0.067846,0.210804,-0.150122,0.219818,3.487699,0.038044,4.158770,0.098010,-4.700053,-0.027703,-0.382805,-0.212007,0.401932,0.000000,300,300,300.000000,0.126442,0.984264,1
58.323560,58.380250,0.053381,0.773874,-0.213925,-0.202722,0.002356,0.002341,0.003241,-0.055582,0.213210,-0.142228,0.220125,3.505711,-0.005042,4.180721,0.022963,-4.715635,0.013922,-0.339532,-0.133340,0.375543,-0.000000,300,297,297.000000,0.147441,0.968937,1
58.375476,58.430702,0.050452,0.771557,-0.175993,-0.205866,0.002239,0.002219,0.003116,-0.045103,0.211832,-0.131406,0.217573,3.506784,-0.006919,4.167478,0.004591,-4.687688,0.018676,-0.380134,-0.129028,0.348131,0.000000,300,296,296.000000,0.131849,0.969807,1
58.425192,58.479682,0.048980,0.757732,-0.149866,-0.202777,0.002265,0.002248,0.003145,-0.036315,0.212473,-0.122652,0.219821,3.449336,-0.004303,4.118278,-0.053982,-4.601841,0.013808,-0.357304,-0.048922,0.378807,-0.000000,300,297,297.000000,0.132013,0.973042,1
58.475198,58.530713,0.051031,0.762675,-0.115240,-0.202004,0.002144,0.002129,0.003004,-0.025405,0.213806,-0.113700,0.216633,3.439726,-0.024274,4.109583,-0.086136,-4.557636,0.032224,-0.354241,-0.002344,0.359203,-0.000000,300,298,298.000000,0.130791,0.976627,1
58.525886,58.581058,0.050345,0.782431,-0.097672,-0.201241,0.002239,0.002219,0.003128,-0.019460,0.214606,-0.104208,0.218198,3.489114,-0.029549,4.140231,-0.116074,-4.653106,0.038750,-0.402244,0.024936,0.402236,-0.000000,300,297,297.000000,0.132292,0.972972,1
58.575532,58.630006,0.048948,0.770630,-0.057438,-0.199861,0.002240,0.002225,0.003114,-0.005689,0.213078,-0.094776,0.219330,3.475470,-0.015599,4.135089,-0.185761,-4.643411,0.025100,-0.392780,0.097219,0.407156,-0.000000,300,296,296.000000,0.129037,0.970507,1
58.624894,58.679782,0.049776,0.773625,-0.015688,-0.197179,0.002255,0.002230,0.003156,0.003676,0.213485,-0.084009,0.216796,3.462948,-0.033742,4.104293,-0.134600,-4.606678,0.044866,-0.443730,0.042678,0.461026,-0.000000,300,298,298.000000,0.132600,0.976170,1
58.674793,58.729803,0.050021,0.773709,0.005423,-0.192527,0.002458,0.002435,0.003460,0.011739,0.215403,-0.071421,0.216942,3.439980,-0.041180,4.076898,-0.207519,-4.552352,0.051034,-0.441698,0.147960,0.492624,-0.000000,300,298,298.000000,0.146163,0.972556,1
58.724519,58.779236,0.049433,0.773257,0.036406,-0.190176,0.002430,0.002411,0.003419,0.021430,0.215978,-0.063025,0.217379,3.456129,-0.036154,4.084310,-0.194471,-4.597003,0.050860,-0.415105,0.079695,0.460977,0.000000,300,298,298.000000,0.142403,0.973590,1
58.774242,58.829248,0.050012,0.780749,0.057452,-0.185308,0.002651,0.002641,0.003729,0.028199,0.217122,-0.054484,0.218387,3.470930,-0.040810,4.094999,-0.253634,-4.628753,0.048825,-0.379506,0.203566,0.424141,0.000000,300,299,299.000000,0.157086,0.972665,1
58.824249,58.879250,0.050002,0.760568,0.099723,-0.181649,0.002683,0.002677,0.003801,0.041281,0.214729,-0.042191,0.217558,3.409436,-0.048457,4.034107,-0.281266,-4.517883,0.056349,-0.369502,0.207832,0.381749,0.000000,300,299,299.000000,0.161831,0.971231,1
58.874741,58.930231,0.050981,0.775688,0.128134,-0.177336,0.002847,0.002848,0.004006,0.049841,0.218968,-0.030889,0.219492,3.430299,-0.008943,4.067884,-0.318300,-4.564324,0.014621,-0.358421,0.247566,0.351075,-0.000000,300,298,298.000000,0.173878,0.964183,1
58.924935,58.979639,0.049408,0.772962,0.160983,-0.172025,0.002822,0.002834,0.004037,0.059918,0.218107,-0.022685,0.219145,3.419510,-0.019861,4.028900,-0.366106,-4.524190,0.024073,-0.344198,0.302709,0.332593,-0.000000,300,296,296.000000,0.167112,0.959861,1
58.975139,59.030639,0.051000,0.769135,0.195594,-0.165394,0.002778,0.002787,0.003960,0.070555,0.220254,-0.010669,0.218798,3.379817,-0.029246,3.983204,-0.371474,-4.475790,0.041551,-0.371855,0.283159,0.407292,-0.000000,300,299,299.000000,0.172354,0.967914,1
59.025806,59.080973,0.050334,0.771288,0.218536,-0.159658,0.003263,0.003294,0.004633,0.077875,0.219754,-0.000733,0.221301,3.404626,-0.018974,4.027280,-0.437490,-4.512813,0.023379,-0.337363,0.387983,0.339128,0.000000,300,300,300.000000,0.199077,0.961879,1
59.075170,59.129368,0.048395,0.771476,0.249927,-0.154823,0.002875,0.002895,0.004059,0.086418,0.219796,0.011539,0.220505,3.392060,-0.013544,4.010583,-0.410589,-4.515808,0.021366,-0.345029,0.347779,0.364520,-0.000000,300,298,298.000000,0.168657,0.965859,1
59.124566,59.179763,0.050395,0.769382,0.277069,-0.144925,0.003212,0.003249,0.004584,0.095039,0.222290,0.021465,0.220965,3.369053,-0.011439,3.971933,-0.461026,-4.457413,0.016960,-0.334909,0.435421,0.359432,0.000000,300,300,300.000000,0.198243,0.962186,1
59.173013,59.226264,0.046501,0.777458,0.310854,-0.142555,0.003718,0.003774,0.005330,0.103328,0.221276,0.032043,0.222054,3.435970,-0.013630,4.062388,-0.511548,-4.512827,0.018073,-0.346573,0.513935,0.377800,0.000000,300,299,299.000000,0.207219,0.955632,1
59.223071,59.279878,0.053614,0.785431,0.341580,-0.135397,0.003593,0.003652,0.005128,0.113099,0.225334,0.039980,0.222406,3.413644,-0.013031,4.036908,-0.509084,-4.511074,0.018362,-0.314603,0.464371,0.327105,-0.000000,300,299,299.000000,0.232740,0.945453,1
59.273998,59.328117,0.048239,0.775442,0.363377,-0.124761,0.003821,0.003895,0.005438,0.119783,0.224477,0.051370,0.223482,3.388003,-0.022019,4.006878,-0.530006,-4.492191,0.033704,-0.294026,0.460168,0.336569,-0.000000,300,300,300.000000,0.224951,0.951834,1
59.323562,59.379007,0.050890,0.782679,0.399223,-0.117160,0.003373,0.003471,0.004853,0.131053,0.227518,0.062156,0.224040,3.369527,-0.005337,3.995621,-0.604224,-4.421628,0.007035,-0.259887,0.584989,0.262675,0.000000,300,299,299.000000,0.210580,0.954347,1
59.374194,59.429380,0.050373,0.787215,0.434571,-0.111828,0.003673,0.003766,0.005268,0.139208,0.226179,0.074555,0.225150,3.402125,-0.016451,4.040011,-0.580153,-4.467082,0.015067,-0.268920,0.570103,0.257009,-0.000000,300,300,300.000000,0.225133,0.951760,1
59.424437,59.479495,0.050115,0.781876,0.463779,-0.103252,0.004248,0.004346,0.006017,0.147336,0.228543,0.085101,0.224403,3.367300,-0.022051,4.005711,-0.555849,-4.454758,0.021525,-0.261797,0.555008,0.258293,-0.000000,300,300,300.000000,0.261783,0.935865,1
59.474835,59.530176,0.050681,0.792630,0.503782,-0.096860,0.003882,0.004005,0.005576,0.157498,0.230791,0.096527,0.225658,3.399195,-0.010050,4.056783,-0.617094,-4.442333,0.011166,-0.188338,0.619541,0.195031,0.000000,300,300,300.000000,0.240165,0.945466,1
59.524309,59.578442,0.048266,0.794688,0.521640,-0.086810,0.004262,0.004420,0.006122,0.162571,0.232761,0.106926,0.226949,3.368266,-0.003777,4.010085,-0.658748,-4.413335,0.003610,-0.190780,0.659209,0.190029,-0.000000,300,299,299.000000,0.253006,0.936706,1
59.575044,59.631646,0.053204,0.793810,0.548069,-0.077936,0.004344,0.004501,0.006231,0.168356,0.229943,0.119595,0.226176,3.375026,-0.016249,4.040118,-0.673989,-4.406971,0.014245,-0.267666,0.630568,0.243604,-0.000000,300,298,298.000000,0.282526,0.919905,1
59.626478,59.681310,0.049664,0.794461,0.580355,-0.068845,0.004278,0.004440,0.006129,0.178261,0.232090,0.128457,0.227727,3.366021,-0.039671,4.046531,-0.665355,-4.386015,0.037131,-0.175886,0.641026,0.158434,-0.000000,300,298,298.000000,0.261120,0.929927,1
59.675769,59.730228,0.048918,0.804183,0.612079,-0.060595,0.004300,0.004443,0.006133,0.186420,0.234896,0.140268,0.226589,3.359481,-0.013239,4.038998,-0.625371,-4.389771,0.009137,-0.176667,0.614184,0.152365,0.000000,300,299,299.000000,0.259489,0.933790,1
59.725296,59.780365,0.050137,0.799769,0.642123,-0.051927,0.004317,0.004470,0.006198,0.195519,0.234199,0.151281,0.227194,3.346905,-0.035668,4.007942,-0.644790,-4.368117,0.030850,-0.198466,0.623701,0.168601,-0.000000,300,298,298.000000,0.267357,0.927067,1
59.774505,59.828644,0.048279,0.800750,0.661208,-0.044024,0.004275,0.004472,0.006157,0.202124,0.236625,0.163187,0.227504,3.326276,-0.039844,4.005979,-0.726520,-4.299152,0.035816,-0.208142,0.748007,0.194376,0.000000,300,299,299.000000,0.256925,0.934950,1
59.824534,59.880425,0.051781,0.798979,0.693246,-0.034254,0.004566,0.004771,0.006548,0.211357,0.235217,0.176326,0.228106,3.323996,-0.037872,3.991825,-0.720687,-4.322158,0.032342,-0.209568,0.736772,0.187626,0.000000,300,299,299.000000,0.294484,0.917132,1
59.874305,59.928185,0.047760,0.814563,0.720651,-0.026431,0.004767,0.004944,0.006786,0.217396,0.238915,0.186991,0.228172,3.342820,-0.010689,4.026420,-0.665468,-4.369917,0.014543,-0.211274,0.619453,0.219484,0.000000,300,294,294.000000,0.279628,0.908929,1
